{"metadata": {"analyzer": "thoth-solver", "analyzer_version": "1.4.1", "arguments": {"python": {"exclude_packages": null, "index": "https://pypi.org/simple", "no_pretty": false, "no_transitive": true, "output": "http://result-api/api/v1/solver-result", "requirements": "wheel==0.2", "virtualenv": "/home/solver/venv"}, "thoth-solver": {"verbose": false}}, "datetime": "2019-12-26T16:41:51.927770", "distribution": {"codename": "", "id": "fedora", "like": "", "version": "31", "version_parts": {"build_number": "", "major": "31", "minor": ""}}, "document_id": "solver-fedora-31-py37-04de0d5c", "duration": 6, "hostname": "solver-fedora-31-py37-04de0d5c-cfdbb", "os_release": {"id": "fedora", "name": "Fedora", "platform_id": "platform:f31", "redhat_bugzilla_product": "Fedora", "redhat_bugzilla_product_version": "31", "redhat_support_product": "Fedora", "redhat_support_product_version": "31", "variant_id": "container", "version": "31 (Container Image)", "version_id": "31"}, "python": {"api_version": 1013, "implementation_name": "cpython", "major": 3, "micro": 5, "minor": 7, "releaselevel": "final", "serial": 0}, "thoth_deployment_name": "thoth-psi-stage", "timestamp": 1577378511}, "result": {"environment": {"implementation_name": "cpython", "implementation_version": "3.7.5", "os_name": "posix", "platform_machine": "x86_64", "platform_python_implementation": "CPython", "platform_release": "3.10.0-957.21.2.el7.x86_64", "platform_system": "Linux", "platform_version": "#1 SMP Tue May 28 09:26:43 UTC 2019", "python_full_version": "3.7.5", "python_version": "3.7", "sys_platform": "linux"}, "environment_packages": [{"package_name": "pipdeptree", "package_version": "0.13.2"}], "errors": [], "tree": [{"dependencies": [{"extra": [], "extras": [], "marker": null, "marker_evaluated": null, "marker_evaluation_error": null, "marker_evaluation_result": true, "normalized_package_name": "distribute", "package_name": "distribute", "resolved_versions": [{"index": "https://pypi.org/simple", "versions": ["0.6", "0.6.1", "0.6.10", "0.6.11", "0.6.12", "0.6.13", "0.6.14", "0.6.15", "0.6.16", "0.6.17", "0.6.18", "0.6.19", "0.6.2", "0.6.20", "0.6.21", "0.6.24", "0.6.25", "0.6.26", "0.6.27", "0.6.28", "0.6.29", "0.6.3", "0.6.30", "0.6.31", "0.6.32", "0.6.33", "0.6.34", "0.6.35", "0.6.36", "0.6.37", "0.6.38", "0.6.39", "0.6.4", "0.6.40", "0.6.41", "0.6.42", "0.6.43", "0.6.44", "0.6.45", "0.6.46", "0.6.47", "0.6.48", "0.6.49", "0.6.5", "0.6.6", "0.6.7", "0.6.8", "0.6.9", "0.7.3"]}], "specifier": null}, {"extra": [], "extras": [], "marker": null, "marker_evaluated": null, "marker_evaluation_error": null, "marker_evaluation_result": true, "normalized_package_name": "verlib", "package_name": "verlib", "resolved_versions": [{"index": "https://pypi.org/simple", "versions": ["0.1"]}], "specifier": null}, {"extra": [], "extras": [], "marker": null, "marker_evaluated": null, "marker_evaluation_error": null, "marker_evaluation_result": true, "normalized_package_name": "markerlib", "package_name": "markerlib", "resolved_versions": [{"index": "https://pypi.org/simple", "versions": ["0.1", "0.2", "0.3", "0.4", "0.5", "0.5.1", "0.5.2", "0.6.0"]}], "specifier": null}], "importlib_metadata": {"entry_points": [{"group": "distutils.commands", "name": "bdist_wheel", "value": "wheel.bdist_wheel:bdist_wheel"}], "files": [{"hash": null, "path": "CHANGES.txt", "size": null}, {"hash": null, "path": "MANIFEST.in", "size": null}, {"hash": null, "path": "README.txt", "size": null}, {"hash": null, "path": "entry_points.txt", "size": null}, {"hash": null, "path": "pip-delete-this-directory.txt", "size": null}, {"hash": null, "path": "setup.cfg", "size": null}, {"hash": null, "path": "setup.py", "size": null}, {"hash": null, "path": "wheel/__init__.py", "size": null}, {"hash": null, "path": "wheel/bdist_wheel.py", "size": null}, {"hash": null, "path": "wheel/decorator.py", "size": null}, {"hash": null, "path": "wheel/install.py", "size": null}, {"hash": null, "path": "wheel/markers.py", "size": null}, {"hash": null, "path": "wheel/test.py", "size": null}, {"hash": null, "path": "wheel.egg-info/PKG-INFO", "size": null}, {"hash": null, "path": "wheel.egg-info/SOURCES.txt", "size": null}, {"hash": null, "path": "wheel.egg-info/dependency_links.txt", "size": null}, {"hash": null, "path": "wheel.egg-info/entry_points.txt", "size": null}, {"hash": null, "path": "wheel.egg-info/not-zip-safe", "size": null}, {"hash": null, "path": "wheel.egg-info/requires.txt", "size": null}, {"hash": null, "path": "wheel.egg-info/top_level.txt", "size": null}], "metadata": {"Author": "Daniel Holth", "Author-email": "dholth@fastmail.fm", "Classifier": ["Development Status :: 2 - Pre-Alpha", "Intended Audience :: Developers", "Programming Language :: Python", "Programming Language :: Python :: 2", "Programming Language :: Python :: 2.7"], "Description": "\n        wheel\n        =====\n        \n        A binary package format for Python.\n        \n        Can be installed with a patched version of pip from\n        https://github.com/dholth/pip\n        \n        Requires a patched distribute from https://bitbucket.org/dholth/distribute\n        \n        \n        0.1\n        ===\n        - Initial version\n        ", "Home-page": "http://bitbucket.org/dholth/wheel/", "Keywords": "wheel packaging", "License": "MIT", "Metadata-Version": "1.1", "Name": "wheel", "Platform": ["UNKNOWN"], "Summary": "A built-package format for Python.", "Version": "0.2"}, "requires": ["distribute", "verlib", "markerlib"], "version": "0.2"}, "index_url": "https://pypi.org/simple", "package_name": "wheel", "package_version": "0.2", "package_version_requested": "0.2", "sha256": ["82026a421ca379affefa9a0cb85807047e7184574a92f406670b2dcc3384da36"]}], "unparsed": [], "unresolved": []}}