{"metadata": {"analyzer": "thoth-solver", "analyzer_version": "1.4.1", "arguments": {"python": {"exclude_packages": null, "index": "https://pypi.org/simple", "no_pretty": false, "no_transitive": true, "output": "http://result-api/api/v1/solver-result", "requirements": "xattr==0.7.7", "virtualenv": "/home/solver/venv"}, "thoth-solver": {"verbose": false}}, "datetime": "2019-12-26T16:30:50.076342", "distribution": {"codename": "", "id": "fedora", "like": "", "version": "31", "version_parts": {"build_number": "", "major": "31", "minor": ""}}, "document_id": "solver-fedora-31-py37-00cb7d41", "duration": 5, "hostname": "solver-fedora-31-py37-00cb7d41-wqprg", "os_release": {"id": "fedora", "name": "Fedora", "platform_id": "platform:f31", "redhat_bugzilla_product": "Fedora", "redhat_bugzilla_product_version": "31", "redhat_support_product": "Fedora", "redhat_support_product_version": "31", "variant_id": "container", "version": "31 (Container Image)", "version_id": "31"}, "python": {"api_version": 1013, "implementation_name": "cpython", "major": 3, "micro": 5, "minor": 7, "releaselevel": "final", "serial": 0}, "thoth_deployment_name": "thoth-psi-stage", "timestamp": 1577377850}, "result": {"environment": {"implementation_name": "cpython", "implementation_version": "3.7.5", "os_name": "posix", "platform_machine": "x86_64", "platform_python_implementation": "CPython", "platform_release": "3.10.0-957.21.2.el7.x86_64", "platform_system": "Linux", "platform_version": "#1 SMP Tue May 28 09:26:43 UTC 2019", "python_full_version": "3.7.5", "python_version": "3.7", "sys_platform": "linux"}, "environment_packages": [{"package_name": "pipdeptree", "package_version": "0.13.2"}], "errors": [{"details": {"command": "/home/solver/venv/bin/python3 -m pip install --force-reinstall --no-cache-dir --no-deps xattr==0.7.7 --index-url \"https://pypi.org/simple\"  --trusted-host pypi.org", "message": "Command exited with non-zero status code (1):     ERROR: Command errored out with exit status 1:\n     command: /home/solver/venv/bin/python3 -c 'import sys, setuptools, tokenize; sys.argv[0] = '\"'\"'/tmp/pip-install-x7gd4535/xattr/setup.py'\"'\"'; __file__='\"'\"'/tmp/pip-install-x7gd4535/xattr/setup.py'\"'\"';f=getattr(tokenize, '\"'\"'open'\"'\"', open)(__file__);code=f.read().replace('\"'\"'\\r\\n'\"'\"', '\"'\"'\\n'\"'\"');f.close();exec(compile(code, __file__, '\"'\"'exec'\"'\"'))' egg_info --egg-base /tmp/pip-install-x7gd4535/xattr/pip-egg-info\n         cwd: /tmp/pip-install-x7gd4535/xattr/\n    Complete output (102 lines):\n    WARNING: The directory '/.cache/pip/http' or its parent directory is not owned by the current user and the cache has been disabled. Please check the permissions and owner of that directory. If executing pip with sudo, you may want sudo's -H flag.\n    WARNING: The directory '/.cache/pip/http' or its parent directory is not owned by the current user and the cache has been disabled. Please check the permissions and owner of that directory. If executing pip with sudo, you may want sudo's -H flag.\n    Warning: 'classifiers' should be a list, got type 'filter'\n    running egg_info\n    creating /tmp/pip-install-x7gd4535/xattr/pip-egg-info/xattr.egg-info\n    writing /tmp/pip-install-x7gd4535/xattr/pip-egg-info/xattr.egg-info/PKG-INFO\n    writing dependency_links to /tmp/pip-install-x7gd4535/xattr/pip-egg-info/xattr.egg-info/dependency_links.txt\n    writing entry points to /tmp/pip-install-x7gd4535/xattr/pip-egg-info/xattr.egg-info/entry_points.txt\n    writing requirements to /tmp/pip-install-x7gd4535/xattr/pip-egg-info/xattr.egg-info/requires.txt\n    writing top-level names to /tmp/pip-install-x7gd4535/xattr/pip-egg-info/xattr.egg-info/top_level.txt\n    writing manifest file '/tmp/pip-install-x7gd4535/xattr/pip-egg-info/xattr.egg-info/SOURCES.txt'\n    Traceback (most recent call last):\n      File \"/usr/lib64/python3.7/distutils/unixccompiler.py\", line 127, in _compile\n        extra_postargs)\n      File \"/usr/lib64/python3.7/distutils/ccompiler.py\", line 910, in spawn\n        spawn(cmd, dry_run=self.dry_run)\n      File \"/usr/lib64/python3.7/distutils/spawn.py\", line 36, in spawn\n        _spawn_posix(cmd, search_path, dry_run=dry_run)\n      File \"/usr/lib64/python3.7/distutils/spawn.py\", line 159, in _spawn_posix\n        % (cmd, exit_status))\n    distutils.errors.DistutilsExecError: command 'gcc' failed with exit status 1\n    \n    During handling of the above exception, another exception occurred:\n    \n    Traceback (most recent call last):\n      File \"/tmp/pip-install-x7gd4535/xattr/.eggs/cffi-1.13.2-py3.7-linux-x86_64.egg/cffi/ffiplatform.py\", line 51, in _build\n        dist.run_command('build_ext')\n      File \"/usr/lib64/python3.7/distutils/dist.py\", line 985, in run_command\n        cmd_obj.run()\n      File \"/home/solver/venv/lib/python3.7/site-packages/setuptools/command/build_ext.py\", line 84, in run\n        _build_ext.run(self)\n      File \"/usr/lib64/python3.7/distutils/command/build_ext.py\", line 340, in run\n        self.build_extensions()\n      File \"/usr/lib64/python3.7/distutils/command/build_ext.py\", line 449, in build_extensions\n        self._build_extensions_serial()\n      File \"/usr/lib64/python3.7/distutils/command/build_ext.py\", line 474, in _build_extensions_serial\n        self.build_extension(ext)\n      File \"/home/solver/venv/lib/python3.7/site-packages/setuptools/command/build_ext.py\", line 205, in build_extension\n        _build_ext.build_extension(self, ext)\n      File \"/usr/lib64/python3.7/distutils/command/build_ext.py\", line 534, in build_extension\n        depends=ext.depends)\n      File \"/usr/lib64/python3.7/distutils/ccompiler.py\", line 574, in compile\n        self._compile(obj, src, ext, cc_args, extra_postargs, pp_opts)\n      File \"/usr/lib64/python3.7/distutils/unixccompiler.py\", line 129, in _compile\n        raise CompileError(msg)\n    distutils.errors.CompileError: command 'gcc' failed with exit status 1\n    \n    During handling of the above exception, another exception occurred:\n    \n    Traceback (most recent call last):\n      File \"<string>\", line 1, in <module>\n      File \"/tmp/pip-install-x7gd4535/xattr/setup.py\", line 67, in <module>\n        cmdclass={'build': cffi_build},\n      File \"/home/solver/venv/lib/python3.7/site-packages/setuptools/__init__.py\", line 145, in setup\n        return distutils.core.setup(**attrs)\n      File \"/usr/lib64/python3.7/distutils/core.py\", line 148, in setup\n        dist.run_commands()\n      File \"/usr/lib64/python3.7/distutils/dist.py\", line 966, in run_commands\n        self.run_command(cmd)\n      File \"/usr/lib64/python3.7/distutils/dist.py\", line 985, in run_command\n        cmd_obj.run()\n      File \"/home/solver/venv/lib/python3.7/site-packages/setuptools/command/egg_info.py\", line 296, in run\n        self.find_sources()\n      File \"/home/solver/venv/lib/python3.7/site-packages/setuptools/command/egg_info.py\", line 303, in find_sources\n        mm.run()\n      File \"/home/solver/venv/lib/python3.7/site-packages/setuptools/command/egg_info.py\", line 534, in run\n        self.add_defaults()\n      File \"/home/solver/venv/lib/python3.7/site-packages/setuptools/command/egg_info.py\", line 570, in add_defaults\n        sdist.add_defaults(self)\n      File \"/usr/lib64/python3.7/distutils/command/sdist.py\", line 226, in add_defaults\n        self._add_defaults_python()\n      File \"/home/solver/venv/lib/python3.7/site-packages/setuptools/command/sdist.py\", line 127, in _add_defaults_python\n        build_py = self.get_finalized_command('build_py')\n      File \"/usr/lib64/python3.7/distutils/cmd.py\", line 299, in get_finalized_command\n        cmd_obj.ensure_finalized()\n      File \"/usr/lib64/python3.7/distutils/cmd.py\", line 107, in ensure_finalized\n        self.finalize_options()\n      File \"/home/solver/venv/lib/python3.7/site-packages/setuptools/command/build_py.py\", line 34, in finalize_options\n        orig.build_py.finalize_options(self)\n      File \"/usr/lib64/python3.7/distutils/command/build_py.py\", line 45, in finalize_options\n        ('force', 'force'))\n      File \"/usr/lib64/python3.7/distutils/cmd.py\", line 287, in set_undefined_options\n        src_cmd_obj.ensure_finalized()\n      File \"/usr/lib64/python3.7/distutils/cmd.py\", line 107, in ensure_finalized\n        self.finalize_options()\n      File \"/tmp/pip-install-x7gd4535/xattr/setup.py\", line 15, in finalize_options\n        from xattr.lib import ffi\n      File \"/tmp/pip-install-x7gd4535/xattr/xattr/__init__.py\", line 12, in <module>\n        from .lib import (XATTR_NOFOLLOW, XATTR_CREATE, XATTR_REPLACE,\n      File \"/tmp/pip-install-x7gd4535/xattr/xattr/lib.py\", line 598, in <module>\n        \"\"\", ext_package='xattr')\n      File \"/tmp/pip-install-x7gd4535/xattr/.eggs/cffi-1.13.2-py3.7-linux-x86_64.egg/cffi/api.py\", line 464, in verify\n        lib = self.verifier.load_library()\n      File \"/tmp/pip-install-x7gd4535/xattr/.eggs/cffi-1.13.2-py3.7-linux-x86_64.egg/cffi/verifier.py\", line 104, in load_library\n        self._compile_module()\n      File \"/tmp/pip-install-x7gd4535/xattr/.eggs/cffi-1.13.2-py3.7-linux-x86_64.egg/cffi/verifier.py\", line 201, in _compile_module\n        outputfilename = ffiplatform.compile(tmpdir, self.get_extension())\n      File \"/tmp/pip-install-x7gd4535/xattr/.eggs/cffi-1.13.2-py3.7-linux-x86_64.egg/cffi/ffiplatform.py\", line 22, in compile\n        outputfilename = _build(tmpdir, ext, compiler_verbose, debug)\n      File \"/tmp/pip-install-x7gd4535/xattr/.eggs/cffi-1.13.2-py3.7-linux-x86_64.egg/cffi/ffiplatform.py\", line 58, in _build\n        raise VerificationError('%s: %s' % (e.__class__.__name__, e))\n    cffi.VerificationError: CompileError: command 'gcc' failed with exit status 1\n    ----------------------------------------\nERROR: Command errored out with exit status 1: python setup.py egg_info Check the logs for full command output.\n", "return_code": 1, "stderr": "    ERROR: Command errored out with exit status 1:\n     command: /home/solver/venv/bin/python3 -c 'import sys, setuptools, tokenize; sys.argv[0] = '\"'\"'/tmp/pip-install-x7gd4535/xattr/setup.py'\"'\"'; __file__='\"'\"'/tmp/pip-install-x7gd4535/xattr/setup.py'\"'\"';f=getattr(tokenize, '\"'\"'open'\"'\"', open)(__file__);code=f.read().replace('\"'\"'\\r\\n'\"'\"', '\"'\"'\\n'\"'\"');f.close();exec(compile(code, __file__, '\"'\"'exec'\"'\"'))' egg_info --egg-base /tmp/pip-install-x7gd4535/xattr/pip-egg-info\n         cwd: /tmp/pip-install-x7gd4535/xattr/\n    Complete output (102 lines):\n    WARNING: The directory '/.cache/pip/http' or its parent directory is not owned by the current user and the cache has been disabled. Please check the permissions and owner of that directory. If executing pip with sudo, you may want sudo's -H flag.\n    WARNING: The directory '/.cache/pip/http' or its parent directory is not owned by the current user and the cache has been disabled. Please check the permissions and owner of that directory. If executing pip with sudo, you may want sudo's -H flag.\n    Warning: 'classifiers' should be a list, got type 'filter'\n    running egg_info\n    creating /tmp/pip-install-x7gd4535/xattr/pip-egg-info/xattr.egg-info\n    writing /tmp/pip-install-x7gd4535/xattr/pip-egg-info/xattr.egg-info/PKG-INFO\n    writing dependency_links to /tmp/pip-install-x7gd4535/xattr/pip-egg-info/xattr.egg-info/dependency_links.txt\n    writing entry points to /tmp/pip-install-x7gd4535/xattr/pip-egg-info/xattr.egg-info/entry_points.txt\n    writing requirements to /tmp/pip-install-x7gd4535/xattr/pip-egg-info/xattr.egg-info/requires.txt\n    writing top-level names to /tmp/pip-install-x7gd4535/xattr/pip-egg-info/xattr.egg-info/top_level.txt\n    writing manifest file '/tmp/pip-install-x7gd4535/xattr/pip-egg-info/xattr.egg-info/SOURCES.txt'\n    Traceback (most recent call last):\n      File \"/usr/lib64/python3.7/distutils/unixccompiler.py\", line 127, in _compile\n        extra_postargs)\n      File \"/usr/lib64/python3.7/distutils/ccompiler.py\", line 910, in spawn\n        spawn(cmd, dry_run=self.dry_run)\n      File \"/usr/lib64/python3.7/distutils/spawn.py\", line 36, in spawn\n        _spawn_posix(cmd, search_path, dry_run=dry_run)\n      File \"/usr/lib64/python3.7/distutils/spawn.py\", line 159, in _spawn_posix\n        % (cmd, exit_status))\n    distutils.errors.DistutilsExecError: command 'gcc' failed with exit status 1\n    \n    During handling of the above exception, another exception occurred:\n    \n    Traceback (most recent call last):\n      File \"/tmp/pip-install-x7gd4535/xattr/.eggs/cffi-1.13.2-py3.7-linux-x86_64.egg/cffi/ffiplatform.py\", line 51, in _build\n        dist.run_command('build_ext')\n      File \"/usr/lib64/python3.7/distutils/dist.py\", line 985, in run_command\n        cmd_obj.run()\n      File \"/home/solver/venv/lib/python3.7/site-packages/setuptools/command/build_ext.py\", line 84, in run\n        _build_ext.run(self)\n      File \"/usr/lib64/python3.7/distutils/command/build_ext.py\", line 340, in run\n        self.build_extensions()\n      File \"/usr/lib64/python3.7/distutils/command/build_ext.py\", line 449, in build_extensions\n        self._build_extensions_serial()\n      File \"/usr/lib64/python3.7/distutils/command/build_ext.py\", line 474, in _build_extensions_serial\n        self.build_extension(ext)\n      File \"/home/solver/venv/lib/python3.7/site-packages/setuptools/command/build_ext.py\", line 205, in build_extension\n        _build_ext.build_extension(self, ext)\n      File \"/usr/lib64/python3.7/distutils/command/build_ext.py\", line 534, in build_extension\n        depends=ext.depends)\n      File \"/usr/lib64/python3.7/distutils/ccompiler.py\", line 574, in compile\n        self._compile(obj, src, ext, cc_args, extra_postargs, pp_opts)\n      File \"/usr/lib64/python3.7/distutils/unixccompiler.py\", line 129, in _compile\n        raise CompileError(msg)\n    distutils.errors.CompileError: command 'gcc' failed with exit status 1\n    \n    During handling of the above exception, another exception occurred:\n    \n    Traceback (most recent call last):\n      File \"<string>\", line 1, in <module>\n      File \"/tmp/pip-install-x7gd4535/xattr/setup.py\", line 67, in <module>\n        cmdclass={'build': cffi_build},\n      File \"/home/solver/venv/lib/python3.7/site-packages/setuptools/__init__.py\", line 145, in setup\n        return distutils.core.setup(**attrs)\n      File \"/usr/lib64/python3.7/distutils/core.py\", line 148, in setup\n        dist.run_commands()\n      File \"/usr/lib64/python3.7/distutils/dist.py\", line 966, in run_commands\n        self.run_command(cmd)\n      File \"/usr/lib64/python3.7/distutils/dist.py\", line 985, in run_command\n        cmd_obj.run()\n      File \"/home/solver/venv/lib/python3.7/site-packages/setuptools/command/egg_info.py\", line 296, in run\n        self.find_sources()\n      File \"/home/solver/venv/lib/python3.7/site-packages/setuptools/command/egg_info.py\", line 303, in find_sources\n        mm.run()\n      File \"/home/solver/venv/lib/python3.7/site-packages/setuptools/command/egg_info.py\", line 534, in run\n        self.add_defaults()\n      File \"/home/solver/venv/lib/python3.7/site-packages/setuptools/command/egg_info.py\", line 570, in add_defaults\n        sdist.add_defaults(self)\n      File \"/usr/lib64/python3.7/distutils/command/sdist.py\", line 226, in add_defaults\n        self._add_defaults_python()\n      File \"/home/solver/venv/lib/python3.7/site-packages/setuptools/command/sdist.py\", line 127, in _add_defaults_python\n        build_py = self.get_finalized_command('build_py')\n      File \"/usr/lib64/python3.7/distutils/cmd.py\", line 299, in get_finalized_command\n        cmd_obj.ensure_finalized()\n      File \"/usr/lib64/python3.7/distutils/cmd.py\", line 107, in ensure_finalized\n        self.finalize_options()\n      File \"/home/solver/venv/lib/python3.7/site-packages/setuptools/command/build_py.py\", line 34, in finalize_options\n        orig.build_py.finalize_options(self)\n      File \"/usr/lib64/python3.7/distutils/command/build_py.py\", line 45, in finalize_options\n        ('force', 'force'))\n      File \"/usr/lib64/python3.7/distutils/cmd.py\", line 287, in set_undefined_options\n        src_cmd_obj.ensure_finalized()\n      File \"/usr/lib64/python3.7/distutils/cmd.py\", line 107, in ensure_finalized\n        self.finalize_options()\n      File \"/tmp/pip-install-x7gd4535/xattr/setup.py\", line 15, in finalize_options\n        from xattr.lib import ffi\n      File \"/tmp/pip-install-x7gd4535/xattr/xattr/__init__.py\", line 12, in <module>\n        from .lib import (XATTR_NOFOLLOW, XATTR_CREATE, XATTR_REPLACE,\n      File \"/tmp/pip-install-x7gd4535/xattr/xattr/lib.py\", line 598, in <module>\n        \"\"\", ext_package='xattr')\n      File \"/tmp/pip-install-x7gd4535/xattr/.eggs/cffi-1.13.2-py3.7-linux-x86_64.egg/cffi/api.py\", line 464, in verify\n        lib = self.verifier.load_library()\n      File \"/tmp/pip-install-x7gd4535/xattr/.eggs/cffi-1.13.2-py3.7-linux-x86_64.egg/cffi/verifier.py\", line 104, in load_library\n        self._compile_module()\n      File \"/tmp/pip-install-x7gd4535/xattr/.eggs/cffi-1.13.2-py3.7-linux-x86_64.egg/cffi/verifier.py\", line 201, in _compile_module\n        outputfilename = ffiplatform.compile(tmpdir, self.get_extension())\n      File \"/tmp/pip-install-x7gd4535/xattr/.eggs/cffi-1.13.2-py3.7-linux-x86_64.egg/cffi/ffiplatform.py\", line 22, in compile\n        outputfilename = _build(tmpdir, ext, compiler_verbose, debug)\n      File \"/tmp/pip-install-x7gd4535/xattr/.eggs/cffi-1.13.2-py3.7-linux-x86_64.egg/cffi/ffiplatform.py\", line 58, in _build\n        raise VerificationError('%s: %s' % (e.__class__.__name__, e))\n    cffi.VerificationError: CompileError: command 'gcc' failed with exit status 1\n    ----------------------------------------\nERROR: Command errored out with exit status 1: python setup.py egg_info Check the logs for full command output.\n", "stdout": "Collecting xattr==0.7.7\n  Downloading https://files.pythonhosted.org/packages/15/90/6f2fe2acf288fdf961d0b416c4e7885d1d9843dc6d6e1baabf77ee5966c8/xattr-0.7.7.tar.gz\n", "timeout": 60}, "index_url": "https://pypi.org/simple", "is_provided_package": true, "is_provided_package_version": true, "package_name": "xattr", "package_version": "0.7.7", "type": "command_error"}], "tree": [], "unparsed": [], "unresolved": []}}