{"metadata": {"analyzer": "thoth-solver", "analyzer_version": "1.4.1", "arguments": {"python": {"exclude_packages": null, "index": "https://pypi.org/simple", "no_pretty": false, "no_transitive": true, "output": "http://result-api/api/v1/solver-result", "requirements": "django-environ==0.3.0", "virtualenv": "/home/solver/venv"}, "thoth-solver": {"verbose": false}}, "datetime": "2019-12-27T16:32:37.033678", "distribution": {"codename": "", "id": "fedora", "like": "", "version": "31", "version_parts": {"build_number": "", "major": "31", "minor": ""}}, "document_id": "solver-fedora-31-py37-00ed05c3", "duration": 3, "hostname": "solver-fedora-31-py37-00ed05c3-g566z", "os_release": {"id": "fedora", "name": "Fedora", "platform_id": "platform:f31", "redhat_bugzilla_product": "Fedora", "redhat_bugzilla_product_version": "31", "redhat_support_product": "Fedora", "redhat_support_product_version": "31", "variant_id": "container", "version": "31 (Container Image)", "version_id": "31"}, "python": {"api_version": 1013, "implementation_name": "cpython", "major": 3, "micro": 5, "minor": 7, "releaselevel": "final", "serial": 0}, "thoth_deployment_name": "thoth-psi-stage", "timestamp": 1577464357}, "result": {"environment": {"implementation_name": "cpython", "implementation_version": "3.7.5", "os_name": "posix", "platform_machine": "x86_64", "platform_python_implementation": "CPython", "platform_release": "3.10.0-957.21.2.el7.x86_64", "platform_system": "Linux", "platform_version": "#1 SMP Tue May 28 09:26:43 UTC 2019", "python_full_version": "3.7.5", "python_version": "3.7", "sys_platform": "linux"}, "environment_packages": [{"package_name": "pipdeptree", "package_version": "0.13.2"}], "errors": [], "tree": [{"dependencies": [], "importlib_metadata": {"entry_points": [], "files": [{"hash": {"mode": "sha256", "value": "zuuue4knoyJ-UwPPXg8fezS7VCrXJQrAP7zeNuwvFQg"}, "path": "django_environ-0.3.0.dist-info/INSTALLER", "size": 4}, {"hash": {"mode": "sha256", "value": "URNiM_pGvtgJrj231yZPeMDihqjnwYcgI2IZMLGOvrs"}, "path": "django_environ-0.3.0.dist-info/LICENSE.txt", "size": 1059}, {"hash": {"mode": "sha256", "value": "aq31JUKjglAlOs9d4czkwbEAfHGZIKRNVRwdR0TvpMc"}, "path": "django_environ-0.3.0.dist-info/METADATA", "size": 10777}, {"hash": null, "path": "django_environ-0.3.0.dist-info/RECORD", "size": null}, {"hash": {"mode": "sha256", "value": "wYBY2EO50FhAcckpWmO3c3Zwk2MALACx6lPAl6gVKnE"}, "path": "django_environ-0.3.0.dist-info/WHEEL", "size": 93}, {"hash": {"mode": "sha256", "value": "vLrvR0rjlfzn--WLv_InBUvf9Lhd-VZIisjM2eBC9QE"}, "path": "django_environ-0.3.0.dist-info/top_level.txt", "size": 8}, {"hash": {"mode": "sha256", "value": "uvd9iws_k5Ars4RO4SbhQvKYqvyzBd0SZ48HSCNMa0Q"}, "path": "environ/__init__.py", "size": 23}, {"hash": null, "path": "environ/__pycache__/__init__.cpython-37.pyc", "size": null}, {"hash": null, "path": "environ/__pycache__/environ.cpython-37.pyc", "size": null}, {"hash": null, "path": "environ/__pycache__/test.cpython-37.pyc", "size": null}, {"hash": {"mode": "sha256", "value": "iGKMsiQAYs9L_uuL4nrAeiuY35bl1ZAhm4i1xN3KrEQ"}, "path": "environ/environ.py", "size": 22117}, {"hash": {"mode": "sha256", "value": "o3J6rIRM_c4f5ho1WuiaEImdLsDxeV2ccL9pIcYGJhc"}, "path": "environ/test.py", "size": 20084}], "metadata": {"Metadata-Version": "2.1", "Name": "django-environ", "Summary": "", "Version": "0.3.0"}, "requires": null, "version": "0.3.0"}, "index_url": "https://pypi.org/simple", "package_name": "django-environ", "package_version": "0.3.0", "package_version_requested": "0.3.0", "sha256": ["b37c7651a72454c2dd47e323ad8d6229b6aab9050c58580a3b4989d87c95d09d"]}], "unparsed": [], "unresolved": []}}