{"metadata": {"analyzer": "thoth-solver", "analyzer_version": "1.4.1", "arguments": {"python": {"exclude_packages": null, "index": "https://pypi.org/simple", "no_pretty": false, "no_transitive": true, "output": "http://result-api/api/v1/solver-result", "requirements": "cython==0.9.8.1.1", "virtualenv": "/home/solver/venv"}, "thoth-solver": {"verbose": false}}, "datetime": "2019-12-24T17:15:55.883038", "distribution": {"codename": "", "id": "fedora", "like": "", "version": "31", "version_parts": {"build_number": "", "major": "31", "minor": ""}}, "document_id": "solver-fedora-31-py37-056b411d", "duration": 5, "hostname": "solver-fedora-31-py37-056b411d-jlh55", "os_release": {"id": "fedora", "name": "Fedora", "platform_id": "platform:f31", "redhat_bugzilla_product": "Fedora", "redhat_bugzilla_product_version": "31", "redhat_support_product": "Fedora", "redhat_support_product_version": "31", "variant_id": "container", "version": "31 (Container Image)", "version_id": "31"}, "python": {"api_version": 1013, "implementation_name": "cpython", "major": 3, "micro": 5, "minor": 7, "releaselevel": "final", "serial": 0}, "thoth_deployment_name": "thoth-psi-stage", "timestamp": 1577207755}, "result": {"environment": {"implementation_name": "cpython", "implementation_version": "3.7.5", "os_name": "posix", "platform_machine": "x86_64", "platform_python_implementation": "CPython", "platform_release": "3.10.0-957.21.2.el7.x86_64", "platform_system": "Linux", "platform_version": "#1 SMP Tue May 28 09:26:43 UTC 2019", "python_full_version": "3.7.5", "python_version": "3.7", "sys_platform": "linux"}, "environment_packages": [{"package_name": "pipdeptree", "package_version": "0.13.2"}], "errors": [], "tree": [{"dependencies": [], "importlib_metadata": {"entry_points": [], "files": [{"hash": {"mode": "sha256", "value": "DCOwGeTD_7hu1UiFDUz5FpV-jQAvKtVXis6OhfwaggQ"}, "path": "../../../bin/cython", "size": 109}, {"hash": {"mode": "sha256", "value": "7bUiIY6xCc3bwdlO7U7htTk1TBJT4Pp6RtY8_Ay_bzA"}, "path": "Cython-0.9.8.1.1.dist-info/COPYING.txt", "size": 433}, {"hash": {"mode": "sha256", "value": "zuuue4knoyJ-UwPPXg8fezS7VCrXJQrAP7zeNuwvFQg"}, "path": "Cython-0.9.8.1.1.dist-info/INSTALLER", "size": 4}, {"hash": {"mode": "sha256", "value": "Q-IlWOfovZeGM2biam1jDr-x_FYfigJpxGtDodjlcvo"}, "path": "Cython-0.9.8.1.1.dist-info/LICENSE.txt", "size": 2438}, {"hash": {"mode": "sha256", "value": "zGMj1gz053hutFRDC1gyQ6QsX4gSeBGQ3uqaZfa7u78"}, "path": "Cython-0.9.8.1.1.dist-info/METADATA", "size": 1547}, {"hash": null, "path": "Cython-0.9.8.1.1.dist-info/RECORD", "size": null}, {"hash": {"mode": "sha256", "value": "wYBY2EO50FhAcckpWmO3c3Zwk2MALACx6lPAl6gVKnE"}, "path": "Cython-0.9.8.1.1.dist-info/WHEEL", "size": 93}, {"hash": {"mode": "sha256", "value": "I8ytlUs8n3caD7VyM6iHGCCYJujdn3hcBXodrQOaTxs"}, "path": "Cython-0.9.8.1.1.dist-info/top_level.txt", "size": 46}, {"hash": {"mode": "sha256", "value": "srr84jBjJcl03Z21tMi3yiB_L4dTQYxBML0E-vQ67X4"}, "path": "Cython/CodeWriter.py", "size": 9082}, {"hash": {"mode": "sha256", "value": "bFwclkFy-DAd2vDdSWpmnCKa4RudwEvvVvbQbFUWkXY"}, "path": "Cython/Compiler/Annotate.py", "size": 6314}, {"hash": {"mode": "sha256", "value": "7VcvFmC-UdPGcffV5RsuNMteLkwJ-DTogCaf0Ssn2lI"}, "path": "Cython/Compiler/Buffer.py", "size": 27351}, {"hash": {"mode": "sha256", "value": "kkopm4Dz8KSxCbuty0m4Iicz685hnnDsgXDZ0QSe_Cs"}, "path": "Cython/Compiler/Builtin.py", "size": 6709}, {"hash": {"mode": "sha256", "value": "HLjhZQdxxfmKX5HkHZ5sOlz-Kmvdl7tayutEKZGT6Wc"}, "path": "Cython/Compiler/CmdLine.py", "size": 6344}, {"hash": {"mode": "sha256", "value": "Dzu6Fotfoj4iMcCKS-n9iA5gOyxW-wf_tdowSu3XZcY"}, "path": "Cython/Compiler/Code.py", "size": 28690}, {"hash": {"mode": "sha256", "value": "SKwZLUw5sjJyl6CoyuJ4Wm2QqsTe64YtP3Mum4vHg6M"}, "path": "Cython/Compiler/CodeGeneration.py", "size": 1124}, {"hash": {"mode": "sha256", "value": "_FrP0uAT5ZcLJKd4LcLvAC7ltap8GF0EfRGUMfnnM9s"}, "path": "Cython/Compiler/ControlFlow.py", "size": 5939}, {"hash": {"mode": "sha256", "value": "W30JP45kh9fKkVzJXSHYT8yChJXM_J1Rc4QonVgPB44"}, "path": "Cython/Compiler/CythonScope.py", "size": 721}, {"hash": {"mode": "sha256", "value": "2N5WJPNhy4dEsTRWw0R9EN3tUxUArmKE4ml-gZmFD4E"}, "path": "Cython/Compiler/DebugFlags.py", "size": 65}, {"hash": {"mode": "sha256", "value": "gQLG_T0gKxnB37kpIJvIGZ2VLB9_9f3QGaXKL4gRlqM"}, "path": "Cython/Compiler/Errors.py", "size": 3419}, {"hash": {"mode": "sha256", "value": "tUiAmg4JHSisKt9_O73Wp6ShkqoQmIJL_V4J0GoqHkw"}, "path": "Cython/Compiler/ExprNodes.py", "size": 162952}, {"hash": {"mode": "sha256", "value": "xx3ck-kAIJwcyW4uEIJSsQ4PDOCdSkVNFnlxwLR5iDA"}, "path": "Cython/Compiler/Future.py", "size": 359}, {"hash": {"mode": "sha256", "value": "GI48IEKeoDIJPl-ur14Ux0FTzIHaLfxoRN2fDEvYQ3E"}, "path": "Cython/Compiler/Interpreter.py", "size": 1685}, {"hash": {"mode": "sha256", "value": "QByjTq_6x6s4F_E_3Da8r_oSQPHEpcgecKTfRF8xDQw"}, "path": "Cython/Compiler/Lexicon.pickle", "size": 32193}, {"hash": {"mode": "sha256", "value": "zLA6sTnhCW2D7WK7gDCfwIwekLmA6GwbkxW1sRP2fjw"}, "path": "Cython/Compiler/Lexicon.py", "size": 4888}, {"hash": {"mode": "sha256", "value": "u_tEYXTY3vvF_xviG_q-IWz_FC4WyMTWD4FMCJg3eUo"}, "path": "Cython/Compiler/Main.py", "size": 28732}, {"hash": {"mode": "sha256", "value": "ef_qWErDw0IVVMDmIrt6TCI_YCDTouhItaqBHPC8qUc"}, "path": "Cython/Compiler/ModuleNode.py", "size": 88870}, {"hash": {"mode": "sha256", "value": "TrP_boZBgh6DO5Crjfb9fWrEqcrrvMoPSE_cgO1J8L0"}, "path": "Cython/Compiler/Naming.py", "size": 3885}, {"hash": {"mode": "sha256", "value": "dmejJfuM2gmtO6sZ2KDQY-HZc82LcQatS1dLWJbB21c"}, "path": "Cython/Compiler/Nodes.py", "size": 172904}, {"hash": {"mode": "sha256", "value": "6keidVSkKAof4ppDw_dGFoY8K_xbIha8z1RmgOQsV6U"}, "path": "Cython/Compiler/Optimize.py", "size": 6070}, {"hash": {"mode": "sha256", "value": "XQki1Jf0hVe2AdID18dI6nG_yuKiHGgDlA4UBVMjUrg"}, "path": "Cython/Compiler/Options.py", "size": 4462}, {"hash": {"mode": "sha256", "value": "uZ1aFqlWjWXquPA-adMppCVmQ_CIYLEbbArkQvlMNoM"}, "path": "Cython/Compiler/ParseTreeTransforms.py", "size": 21423}, {"hash": {"mode": "sha256", "value": "d_fieHZPst78QPRvnXNgwIYZtXX3FnZDVrwsw_QKwOY"}, "path": "Cython/Compiler/Parsing.py", "size": 77234}, {"hash": {"mode": "sha256", "value": "cpNgV1Pjc8vnwm3oS-shMGcxwHATTIN_HQQ-cSSy5_U"}, "path": "Cython/Compiler/PyrexTypes.py", "size": 43183}, {"hash": {"mode": "sha256", "value": "v7ytee9N5mx5UATdCVwweyv4tOBBIpxOLTDlI-NGiis"}, "path": "Cython/Compiler/Scanning.py", "size": 15633}, {"hash": {"mode": "sha256", "value": "1QmHX_190YoiZVYLdVZtYlh9dlO7jl7EyDhhqijTaCs"}, "path": "Cython/Compiler/StringEncoding.py", "size": 3940}, {"hash": {"mode": "sha256", "value": "YqvJ4PlxMD0fFYnLy9O8PZyVte9UaG4SczzI4PhSGCM"}, "path": "Cython/Compiler/Symtab.py", "size": 64833}, {"hash": {"mode": "sha256", "value": "jvRqeFavRCE9loewcjx0m608gu96q5zsA9FCem6C_zc"}, "path": "Cython/Compiler/Tests/TestBuffer.py", "size": 4405}, {"hash": {"mode": "sha256", "value": "e8Jxg_rfoXZUyrOxj5q5LLrnZcUmN9Y8761fmAKcvpw"}, "path": "Cython/Compiler/Tests/TestDecorators.py", "size": 643}, {"hash": {"mode": "sha256", "value": "-bfng8xhJ28AKf7B7gx4QCElks2-vIw3Olf0fGwyDuE"}, "path": "Cython/Compiler/Tests/TestParseTreeTransforms.py", "size": 3549}, {"hash": {"mode": "sha256", "value": "EZcz99eMyOBxWUqGsB0ULC8iUNjoAo6Z4Lkbi3YytIA"}, "path": "Cython/Compiler/Tests/TestTreeFragment.py", "size": 2217}, {"hash": {"mode": "sha256", "value": "yCBM_Tcu5F95y3RO0FZbyNSGcWEVpUb0hHfAcZuKa7k"}, "path": "Cython/Compiler/Tests/__init__.py", "size": 7}, {"hash": null, "path": "Cython/Compiler/Tests/__pycache__/TestBuffer.cpython-37.pyc", "size": null}, {"hash": null, "path": "Cython/Compiler/Tests/__pycache__/TestDecorators.cpython-37.pyc", "size": null}, {"hash": null, "path": "Cython/Compiler/Tests/__pycache__/TestTreeFragment.cpython-37.pyc", "size": null}, {"hash": null, "path": "Cython/Compiler/Tests/__pycache__/__init__.cpython-37.pyc", "size": null}, {"hash": {"mode": "sha256", "value": "BM6lnYnOGPi-mOsrsMmS0D4VuqQdcVjAxAHrhu2vLd0"}, "path": "Cython/Compiler/TreeFragment.py", "size": 7696}, {"hash": {"mode": "sha256", "value": "X5nP5rwfJjs9Yn9tyDDRvO-07l-JzABHZNbDD_B7e9Q"}, "path": "Cython/Compiler/TypeSlots.py", "size": 28895}, {"hash": {"mode": "sha256", "value": "B4bKXw_aB40Ax5PYDRU78SwJZxuqYJRbQrhGdlnPoUI"}, "path": "Cython/Compiler/Version.py", "size": 22}, {"hash": {"mode": "sha256", "value": "Ce2nFDN1b8GGtG7wXywc8i1qweAQsgGqau4DtdZgGwg"}, "path": "Cython/Compiler/Visitor.py", "size": 9155}, {"hash": {"mode": "sha256", "value": "47DEQpj8HBSa-_TImW-5JCeuQeRkm5NMpJWZG3hSuFU"}, "path": "Cython/Compiler/__init__.py", "size": 0}, {"hash": null, "path": "Cython/Compiler/__pycache__/Buffer.cpython-37.pyc", "size": null}, {"hash": null, "path": "Cython/Compiler/__pycache__/Builtin.cpython-37.pyc", "size": null}, {"hash": null, "path": "Cython/Compiler/__pycache__/Code.cpython-37.pyc", "size": null}, {"hash": null, "path": "Cython/Compiler/__pycache__/CodeGeneration.cpython-37.pyc", "size": null}, {"hash": null, "path": "Cython/Compiler/__pycache__/ControlFlow.cpython-37.pyc", "size": null}, {"hash": null, "path": "Cython/Compiler/__pycache__/CythonScope.cpython-37.pyc", "size": null}, {"hash": null, "path": "Cython/Compiler/__pycache__/DebugFlags.cpython-37.pyc", "size": null}, {"hash": null, "path": "Cython/Compiler/__pycache__/Errors.cpython-37.pyc", "size": null}, {"hash": null, "path": "Cython/Compiler/__pycache__/Future.cpython-37.pyc", "size": null}, {"hash": null, "path": "Cython/Compiler/__pycache__/Interpreter.cpython-37.pyc", "size": null}, {"hash": null, "path": "Cython/Compiler/__pycache__/Lexicon.cpython-37.pyc", "size": null}, {"hash": null, "path": "Cython/Compiler/__pycache__/ModuleNode.cpython-37.pyc", "size": null}, {"hash": null, "path": "Cython/Compiler/__pycache__/Naming.cpython-37.pyc", "size": null}, {"hash": null, "path": "Cython/Compiler/__pycache__/Optimize.cpython-37.pyc", "size": null}, {"hash": null, "path": "Cython/Compiler/__pycache__/Options.cpython-37.pyc", "size": null}, {"hash": null, "path": "Cython/Compiler/__pycache__/PyrexTypes.cpython-37.pyc", "size": null}, {"hash": null, "path": "Cython/Compiler/__pycache__/StringEncoding.cpython-37.pyc", "size": null}, {"hash": null, "path": "Cython/Compiler/__pycache__/TypeSlots.cpython-37.pyc", "size": null}, {"hash": null, "path": "Cython/Compiler/__pycache__/Version.cpython-37.pyc", "size": null}, {"hash": null, "path": "Cython/Compiler/__pycache__/__init__.cpython-37.pyc", "size": null}, {"hash": {"mode": "sha256", "value": "vFtJhn7QstMf5gnYru2qHIz5ZjPg1KSlZVGHr-pBCwM"}, "path": "Cython/Debugging.py", "size": 552}, {"hash": {"mode": "sha256", "value": "nddly4z4Xj8FOfgeOWx8bMRGZQBJJ4jqNuAbpuuun3w"}, "path": "Cython/Distutils/__init__.py", "size": 359}, {"hash": null, "path": "Cython/Distutils/__pycache__/__init__.cpython-37.pyc", "size": null}, {"hash": null, "path": "Cython/Distutils/__pycache__/extension.cpython-37.pyc", "size": null}, {"hash": {"mode": "sha256", "value": "56j538qdpFFvpWVyDMgmz6yf1IAbcDbLwIGh_XMpmqE"}, "path": "Cython/Distutils/build_ext.py", "size": 7571}, {"hash": {"mode": "sha256", "value": "KmXKiVfgPMSPQd6L4FMKvMf6TzZsuKYxHpbhMEkH9bI"}, "path": "Cython/Distutils/extension.py", "size": 2600}, {"hash": {"mode": "sha256", "value": "g9aTCoXGuE4iCNJ0_oU4MnVgVpZDTSTNJPt1cmX1g3Y"}, "path": "Cython/Includes/__cython__.pxd", "size": 663}, {"hash": {"mode": "sha256", "value": "etRMuMDQDqSy9WtOLt9Ct9si05HO2samf6l4T2hhwiE"}, "path": "Cython/Includes/numpy.pxd", "size": 5434}, {"hash": {"mode": "sha256", "value": "fiAoDfzbyFFwBryaYIgvoyH74prG8GKVWwxo7XkcV8U"}, "path": "Cython/Includes/python.pxd", "size": 6967}, {"hash": {"mode": "sha256", "value": "qwbkGyAq7SYuOhFwii9696ZuXD4zn2VY0QQ1edaKVFs"}, "path": "Cython/Includes/python2.5.pxd", "size": 40551}, {"hash": {"mode": "sha256", "value": "kzwa_aKqZYWM8S-_fP8O3z17XmVaAPs4Nk1LrRgZFv4"}, "path": "Cython/Includes/python_bool.pxd", "size": 1315}, {"hash": {"mode": "sha256", "value": "SRP71e5un1fKivd6jsiw_sHOHtn1_LofHny6WxSjiKw"}, "path": "Cython/Includes/python_buffer.pxd", "size": 2094}, {"hash": {"mode": "sha256", "value": "KKWjXpUBNEjrkWWDKlQ8vpR5-ur_P35qBZob0iAVQpM"}, "path": "Cython/Includes/python_complex.pxd", "size": 1465}, {"hash": {"mode": "sha256", "value": "w9LpGZpLRztWUah16yba6RqapJZTLzK4raieOLaeSS4"}, "path": "Cython/Includes/python_dict.pxd", "size": 6720}, {"hash": {"mode": "sha256", "value": "yUVEER04e5E-fBKtoROenydQztANiMlyeJp-4d6yfDc"}, "path": "Cython/Includes/python_exc.pxd", "size": 13064}, {"hash": {"mode": "sha256", "value": "3K5cE-HOalS4-BVtdl6YQwASKfsI3SvK20I4GOEToCo"}, "path": "Cython/Includes/python_float.pxd", "size": 1415}, {"hash": {"mode": "sha256", "value": "f4iiBdzhU1FnHOQJegHY4gCjBv2x8HTNN_Jw2ox4TOs"}, "path": "Cython/Includes/python_function.pxd", "size": 2572}, {"hash": {"mode": "sha256", "value": "4Xe0pyTAG9jYAf_Xj_tUUo7GumKZ_gMxxyiIYT5sZQA"}, "path": "Cython/Includes/python_instance.pxd", "size": 1018}, {"hash": {"mode": "sha256", "value": "_YdVsvc0dp0s84iOJLrW6pixyfEdvv3owI358rJRZyE"}, "path": "Cython/Includes/python_int.pxd", "size": 3730}, {"hash": {"mode": "sha256", "value": "fPckrEgTWUZlgWJRspm70u45LGGbpBMI0hJnZTd-kjk"}, "path": "Cython/Includes/python_iterator.pxd", "size": 1319}, {"hash": {"mode": "sha256", "value": "bT6Y1L5x_a7IUp_S1DJlrpRyBK8r03P4NcKvxzZ3jRI"}, "path": "Cython/Includes/python_list.pxd", "size": 3992}, {"hash": {"mode": "sha256", "value": "zVNPZpfiwvcUgnWiLYJ7eZXEsMh-DLeiX3fbLqaBK_o"}, "path": "Cython/Includes/python_long.pxd", "size": 5178}, {"hash": {"mode": "sha256", "value": "2RiNVjcmiXj0V4UR14_8qEnmEJL0X0I2GS6OsMOLLvA"}, "path": "Cython/Includes/python_mapping.pxd", "size": 2680}, {"hash": {"mode": "sha256", "value": "cDrTHWPfT1W0QEUsKLVKoE_NlN9SJZgb5bbHhcHJlIY"}, "path": "Cython/Includes/python_mem.pxd", "size": 3746}, {"hash": {"mode": "sha256", "value": "gNh3m_4KbGMkVJ8bC6RKh_YMMMLvflzUFF4QZ3VqvSY"}, "path": "Cython/Includes/python_method.pxd", "size": 2161}, {"hash": {"mode": "sha256", "value": "54hVudRhjGWoywcRA_HOxdciw_SR2OAVemQr2MPrPBY"}, "path": "Cython/Includes/python_module.pxd", "size": 8404}, {"hash": {"mode": "sha256", "value": "fHEN4sZns1RiuZZ53uPbt8swWzwq_7vZjDXvJqQVfXQ"}, "path": "Cython/Includes/python_number.pxd", "size": 11366}, {"hash": {"mode": "sha256", "value": "LElvXOQuaGft-NE2q92Kld8W67vESj77h4tjc_iW_Gg"}, "path": "Cython/Includes/python_object.pxd", "size": 14301}, {"hash": {"mode": "sha256", "value": "DZpsOaPAQX0pPIIIwJXTRBKHHer0bQblW3R6aHzT3Qw"}, "path": "Cython/Includes/python_parse.pxd", "size": 772}, {"hash": {"mode": "sha256", "value": "BOIwcelIwnwoI7DX2lb8fPquqDNmS3KgB5syCme5IBc"}, "path": "Cython/Includes/python_ref.pxd", "size": 2614}, {"hash": {"mode": "sha256", "value": "jFujmfMKoFS8tlMWMEcpH2NmPsaldvq0v1JFGVRx2BY"}, "path": "Cython/Includes/python_sequence.pxd", "size": 5903}, {"hash": {"mode": "sha256", "value": "Y0rgeOeSbrtEH1tniEYuXa5q_cevPFKEB8poP4AWYYw"}, "path": "Cython/Includes/python_set.pxd", "size": 5119}, {"hash": {"mode": "sha256", "value": "4Nu9CxRjHVuNeoncQnLqq0ysMUXhQVHwqaREsBxebso"}, "path": "Cython/Includes/python_string.pxd", "size": 9908}, {"hash": {"mode": "sha256", "value": "ITbZyT53chinAJw42W-JSIfn2BhMeAeX7-faGSnNOM0"}, "path": "Cython/Includes/python_tuple.pxd", "size": 3153}, {"hash": {"mode": "sha256", "value": "tc-fA-AaeM6VQG5PbLZw3CmzFPsm0__i2G5fs31pv-A"}, "path": "Cython/Includes/python_type.pxd", "size": 1816}, {"hash": {"mode": "sha256", "value": "mnCgMTrHcqSagWCZf0uSEEjd93CRyZ-ITZUwy4qbeyI"}, "path": "Cython/Includes/stdio.pxd", "size": 305}, {"hash": {"mode": "sha256", "value": "BJ5GVvw3UjXJ-H9GZMZI5xOjaW_bCZjqS1OEsPYVAek"}, "path": "Cython/Includes/stdlib.pxd", "size": 229}, {"hash": {"mode": "sha256", "value": "mvU7CH9iAQsEygs7PL09EhrXpFTk7D53xe1JtcrXVJE"}, "path": "Cython/Mac/DarwinSystem.py", "size": 3242}, {"hash": {"mode": "sha256", "value": "3RPUrIkO1q5XtSOpxDf8jc6AJLnlSstjn89EXsPdOtw"}, "path": "Cython/Mac/MacSystem.py", "size": 3847}, {"hash": {"mode": "sha256", "value": "oh3eqZM-72zn1eu4dhzHCW_J1gwDgqgNF-L3BVmU2A0"}, "path": "Cython/Mac/MacUtils.py", "size": 1071}, {"hash": {"mode": "sha256", "value": "tyRyCIyYVe4gR5cdKbcqG2QGODNh1ozhYKVaPWpxGwo"}, "path": "Cython/Mac/TS_Misc_Suite.py", "size": 1755}, {"hash": {"mode": "sha256", "value": "47DEQpj8HBSa-_TImW-5JCeuQeRkm5NMpJWZG3hSuFU"}, "path": "Cython/Mac/__init__.py", "size": 0}, {"hash": null, "path": "Cython/Mac/__pycache__/DarwinSystem.cpython-37.pyc", "size": null}, {"hash": null, "path": "Cython/Mac/__pycache__/__init__.cpython-37.pyc", "size": null}, {"hash": {"mode": "sha256", "value": "2O5EgdBVIH4ivaXhnwK0tndYBzcgiDmZc6pBUWHsFx4"}, "path": "Cython/Plex/Actions.py", "size": 2348}, {"hash": {"mode": "sha256", "value": "_eBtwe5qs3xre3sHLPjdq3PuB5ngIj3aC8BRIAS6vO0"}, "path": "Cython/Plex/DFA.py", "size": 5515}, {"hash": {"mode": "sha256", "value": "35FGXxgf0mmKsXht3jTMhtPcE9VGrAto6fIv-sMkpGY"}, "path": "Cython/Plex/Errors.py", "size": 1147}, {"hash": {"mode": "sha256", "value": "1amUR-lgMGu-3i3k9YRdRZv4zb5mF195xe--6qswIBY"}, "path": "Cython/Plex/Lexicons.py", "size": 6217}, {"hash": {"mode": "sha256", "value": "S0gK2sXKUIGs7MSzqn6m7tD25hjyt7cjy7GrzxQZ06A"}, "path": "Cython/Plex/Machines.py", "size": 9722}, {"hash": {"mode": "sha256", "value": "LbQr5iyPlzBGtSTKMsnCnfriSVCLj-EcEzGVkIOwxbk"}, "path": "Cython/Plex/Regexps.py", "size": 16103}, {"hash": {"mode": "sha256", "value": "afBrS3ymeVYmVosBGKDHMcdiAd49Lof1Q7OuCVEhr5k"}, "path": "Cython/Plex/Scanners.py", "size": 11663}, {"hash": {"mode": "sha256", "value": "b5y_t-Wwkw4dL57Fy3Z8CjQpXLMwF12awM4a0Gl3jcI"}, "path": "Cython/Plex/Timing.py", "size": 403}, {"hash": {"mode": "sha256", "value": "gITxJ-oMpupaIgFUTtN3gUDvHiOQgVH5Iz6arLHzLes"}, "path": "Cython/Plex/Traditional.py", "size": 3552}, {"hash": {"mode": "sha256", "value": "0ooFXIQ_opQb_N_q0PLzNe73vNKqhwWspbEdXNAhi-I"}, "path": "Cython/Plex/Transitions.py", "size": 6304}, {"hash": {"mode": "sha256", "value": "vWjyNjvB02_qIjD-xEC3iVzmQZJinm4zyjB1_UZg0QY"}, "path": "Cython/Plex/__init__.py", "size": 1240}, {"hash": null, "path": "Cython/Plex/__pycache__/Actions.cpython-37.pyc", "size": null}, {"hash": null, "path": "Cython/Plex/__pycache__/DFA.cpython-37.pyc", "size": null}, {"hash": null, "path": "Cython/Plex/__pycache__/Errors.cpython-37.pyc", "size": null}, {"hash": null, "path": "Cython/Plex/__pycache__/Machines.cpython-37.pyc", "size": null}, {"hash": null, "path": "Cython/Plex/__pycache__/Regexps.cpython-37.pyc", "size": null}, {"hash": null, "path": "Cython/Plex/__pycache__/Scanners.cpython-37.pyc", "size": null}, {"hash": null, "path": "Cython/Plex/__pycache__/Timing.cpython-37.pyc", "size": null}, {"hash": null, "path": "Cython/Plex/__pycache__/Traditional.cpython-37.pyc", "size": null}, {"hash": null, "path": "Cython/Plex/__pycache__/Transitions.cpython-37.pyc", "size": null}, {"hash": null, "path": "Cython/Plex/__pycache__/__init__.cpython-37.pyc", "size": null}, {"hash": {"mode": "sha256", "value": "EaN-OskW5AFbsfBgxOdBPBbFtGmaicPrbwz-K3Z7wTk"}, "path": "Cython/Plex/test_tm.py", "size": 342}, {"hash": {"mode": "sha256", "value": "7f4YxHwduutfV5W4RhqiBpt0iLfU-dO8s7rs1JlWBSI"}, "path": "Cython/StringIOTree.py", "size": 2787}, {"hash": {"mode": "sha256", "value": "y3ycDx8I3FVnhYu8BK6vIzZzS4tf65N-liomSTVswAY"}, "path": "Cython/TestUtils.py", "size": 5031}, {"hash": {"mode": "sha256", "value": "MJVYKxcsscY39NqoVEJx0YwkFAq6YIDAoJcqeDyJFFw"}, "path": "Cython/Tests/TestCodeWriter.py", "size": 2348}, {"hash": {"mode": "sha256", "value": "yCBM_Tcu5F95y3RO0FZbyNSGcWEVpUb0hHfAcZuKa7k"}, "path": "Cython/Tests/__init__.py", "size": 7}, {"hash": null, "path": "Cython/Tests/__pycache__/TestCodeWriter.cpython-37.pyc", "size": null}, {"hash": null, "path": "Cython/Tests/__pycache__/__init__.cpython-37.pyc", "size": null}, {"hash": {"mode": "sha256", "value": "P6mw6sqMAZyj1gzqOG_oBP4iRhmUjES5vKPfFjjfDqM"}, "path": "Cython/Unix/LinuxSystem.py", "size": 2372}, {"hash": {"mode": "sha256", "value": "47DEQpj8HBSa-_TImW-5JCeuQeRkm5NMpJWZG3hSuFU"}, "path": "Cython/Unix/__init__.py", "size": 0}, {"hash": null, "path": "Cython/Unix/__pycache__/LinuxSystem.cpython-37.pyc", "size": null}, {"hash": null, "path": "Cython/Unix/__pycache__/__init__.cpython-37.pyc", "size": null}, {"hash": {"mode": "sha256", "value": "rsTK_ttWgk6xyAVuWk78YnXDeu0beE6cN7wlGlgAfOs"}, "path": "Cython/Utils.py", "size": 2574}, {"hash": {"mode": "sha256", "value": "47DEQpj8HBSa-_TImW-5JCeuQeRkm5NMpJWZG3hSuFU"}, "path": "Cython/__init__.py", "size": 0}, {"hash": null, "path": "Cython/__pycache__/CodeWriter.cpython-37.pyc", "size": null}, {"hash": null, "path": "Cython/__pycache__/Debugging.cpython-37.pyc", "size": null}, {"hash": null, "path": "Cython/__pycache__/StringIOTree.cpython-37.pyc", "size": null}, {"hash": null, "path": "Cython/__pycache__/Utils.cpython-37.pyc", "size": null}, {"hash": null, "path": "Cython/__pycache__/__init__.cpython-37.pyc", "size": null}, {"hash": {"mode": "sha256", "value": "E1CFUsQIM1wDIkjwD5Frwq7ihp8z1J5jESzv9Ejvs98"}, "path": "pyximport/pyxbuild.py", "size": 2147}, {"hash": {"mode": "sha256", "value": "XlnONZhgYrmrOpA_mAGT2pClZ6ePeEoMaqjtDL5SaFU"}, "path": "pyximport/pyximport.py", "size": 7650}], "metadata": {"Author": "Greg Ewing, William Stein, Robert Bradshaw, Stefan Behnel, et al.", "Author-email": "wstein@gmail.com", "Classifier": ["Development Status :: 5 - Production/Stable", "Intended Audience :: Developers", "License :: OSI Approved :: Python Software Foundation License", "Operating System :: OS Independent", "Programming Language :: Python", "Programming Language :: C", "Topic :: Software Development :: Code Generators", "Topic :: Software Development :: Compilers", "Topic :: Software Development :: Libraries :: Python Modules"], "Home-page": "http://www.cython.org", "License": "UNKNOWN", "Metadata-Version": "2.1", "Name": "Cython", "Platform": ["UNKNOWN"], "Summary": "The Cython compiler for writing C extensions for the Python language.", "Version": "0.9.8.1.1"}, "requires": null, "version": "0.9.8.1.1"}, "index_url": "https://pypi.org/simple", "package_name": "Cython", "package_version": "0.9.8.1.1", "package_version_requested": "0.9.8.1.1", "sha256": ["2d00a2cc1ae53039c2d13c3a5c433de688cb93fb963e25d4cc51966dcccbd689"]}], "unparsed": [], "unresolved": []}}