{"metadata": {"analyzer": "thoth-solver", "analyzer_version": "1.4.1", "arguments": {"python": {"exclude_packages": null, "index": "https://pypi.org/simple", "no_pretty": false, "no_transitive": true, "output": "http://result-api/api/v1/solver-result", "requirements": "marshmallow-enum==1.0", "virtualenv": "/home/solver/venv"}, "thoth-solver": {"verbose": false}}, "datetime": "2019-12-26T16:34:56.708495", "distribution": {"codename": "", "id": "fedora", "like": "", "version": "31", "version_parts": {"build_number": "", "major": "31", "minor": ""}}, "document_id": "solver-fedora-31-py37-022bdeae", "duration": 2, "hostname": "solver-fedora-31-py37-022bdeae-f4552", "os_release": {"id": "fedora", "name": "Fedora", "platform_id": "platform:f31", "redhat_bugzilla_product": "Fedora", "redhat_bugzilla_product_version": "31", "redhat_support_product": "Fedora", "redhat_support_product_version": "31", "variant_id": "container", "version": "31 (Container Image)", "version_id": "31"}, "python": {"api_version": 1013, "implementation_name": "cpython", "major": 3, "micro": 5, "minor": 7, "releaselevel": "final", "serial": 0}, "thoth_deployment_name": "thoth-psi-stage", "timestamp": 1577378096}, "result": {"environment": {"implementation_name": "cpython", "implementation_version": "3.7.5", "os_name": "posix", "platform_machine": "x86_64", "platform_python_implementation": "CPython", "platform_release": "3.10.0-957.21.2.el7.x86_64", "platform_system": "Linux", "platform_version": "#1 SMP Tue May 28 09:26:43 UTC 2019", "python_full_version": "3.7.5", "python_version": "3.7", "sys_platform": "linux"}, "environment_packages": [{"package_name": "pipdeptree", "package_version": "0.13.2"}], "errors": [], "tree": [{"dependencies": [{"extra": [], "extras": [], "marker": null, "marker_evaluated": null, "marker_evaluation_error": null, "marker_evaluation_result": true, "normalized_package_name": "marshmallow", "package_name": "marshmallow", "resolved_versions": [{"index": "https://pypi.org/simple", "versions": ["2.0.0", "2.1.0", "2.1.1", "2.1.2", "2.1.3", "2.10.0", "2.10.1", "2.10.2", "2.10.3", "2.10.4", "2.10.5", "2.11.0", "2.11.1", "2.12.0", "2.12.1", "2.12.2", "2.13.0", "2.13.1", "2.13.2", "2.13.3", "2.13.4", "2.13.5", "2.13.6", "2.14.0", "2.15.0", "2.15.1", "2.15.2", "2.15.3", "2.15.4", "2.15.5", "2.15.6", "2.16.0", "2.16.1", "2.16.2", "2.16.3", "2.17.0", "2.18.0", "2.18.1", "2.19.0", "2.19.1", "2.19.2", "2.19.3", "2.19.4", "2.19.5", "2.2.0", "2.2.1", "2.20.0", "2.20.1", "2.20.2", "2.20.3", "2.20.4", "2.20.5", "2.3.0", "2.4.0", "2.4.1", "2.4.2", "2.5.0", "2.6.0", "2.6.1", "2.7.0", "2.7.1", "2.7.2", "2.7.3", "2.8.0", "2.9.0", "2.9.1", "3.0.0", "3.0.1", "3.0.2", "3.0.3", "3.0.4", "3.0.5", "3.1.0", "3.1.1", "3.2.0", "3.2.1", "3.2.2", "3.3.0"]}], "specifier": ">=2.0.0"}], "importlib_metadata": {"entry_points": [], "files": [{"hash": {"mode": "sha256", "value": "zuuue4knoyJ-UwPPXg8fezS7VCrXJQrAP7zeNuwvFQg"}, "path": "marshmallow_enum-1.0.dist-info/INSTALLER", "size": 4}, {"hash": {"mode": "sha256", "value": "EjrVtIJGYwtdbSIn5XkrnFCrPGe-N8vCv0IQw-yUaLE"}, "path": "marshmallow_enum-1.0.dist-info/METADATA", "size": 804}, {"hash": null, "path": "marshmallow_enum-1.0.dist-info/RECORD", "size": null}, {"hash": {"mode": "sha256", "value": "wYBY2EO50FhAcckpWmO3c3Zwk2MALACx6lPAl6gVKnE"}, "path": "marshmallow_enum-1.0.dist-info/WHEEL", "size": 93}, {"hash": {"mode": "sha256", "value": "TbjyAEqWYV7Msm-KUgeQ3CREJpA58mtfxg76NcC6gik"}, "path": "marshmallow_enum-1.0.dist-info/top_level.txt", "size": 17}, {"hash": {"mode": "sha256", "value": "wO76zLIXl8hUg9msZKxyO9rYAPd7QeSY46b7aCMLjYE"}, "path": "marshmallow_enum/__init__.py", "size": 1275}, {"hash": null, "path": "marshmallow_enum/__pycache__/__init__.cpython-37.pyc", "size": null}], "metadata": {"Author": "Alec Nikolas Reiter", "Author-email": "alecreiter@gmail.com", "Classifier": ["Development Status :: 5 - Production/Stable", "Intended Audience :: Developers", "License :: OSI Approved :: MIT License", "Programming Language :: Python", "Programming Language :: Python :: 2.6", "Programming Language :: Python :: 2.7", "Programming Language :: Python :: 3.3", "Programming Language :: Python :: 3.4", "Programming Language :: Python :: 3.5", "Programming Language :: Python :: Implementation :: PyPy"], "Home-page": "https://github.com/justanr/marshmallow_enum", "License": "MIT", "Metadata-Version": "2.1", "Name": "marshmallow-enum", "Platform": ["UNKNOWN"], "Requires-Dist": ["marshmallow (>=2.0.0)"], "Summary": "Enum field for Marshmallow", "Version": "1.0"}, "requires": ["marshmallow (>=2.0.0)"], "version": "1.0"}, "index_url": "https://pypi.org/simple", "package_name": "marshmallow-enum", "package_version": "1.0", "package_version_requested": "1.0", "sha256": ["4a7ac2f1723cd733393fd44ff1952cbcb3be505cfe53ba93e2517e05967a4dbf"]}], "unparsed": [], "unresolved": []}}