{"metadata": {"analyzer": "thoth-solver", "analyzer_version": "1.5.1", "arguments": {"python": {"exclude_packages": null, "index": "https://pypi.org/simple", "no_pretty": false, "no_transitive": true, "output": "/mnt/workdir/solver-fedora-31-py37-04c36df9", "requirements": "taskcluster===29.4.0", "virtualenv": "/home/solver/venv"}, "thoth-solver": {"verbose": false}}, "datetime": "2020-05-10T04:24:58.051674", "distribution": {"codename": "", "id": "fedora", "like": "", "version": "31", "version_parts": {"build_number": "", "major": "31", "minor": ""}}, "document_id": "solver-fedora-31-py37-04c36df9", "duration": 7, "hostname": "solver-fedora-31-py37-04c36df9-4101804314", "os_release": {"id": "fedora", "name": "Fedora", "platform_id": "platform:f31", "redhat_bugzilla_product": "Fedora", "redhat_bugzilla_product_version": "31", "redhat_support_product": "Fedora", "redhat_support_product_version": "31", "variant_id": "container", "version": "31 (Container Image)", "version_id": "31"}, "python": {"api_version": 1013, "implementation_name": "cpython", "major": 3, "micro": 6, "minor": 7, "releaselevel": "final", "serial": 0}, "thoth_deployment_name": "thoth-psi-stage", "timestamp": 1589084698}, "result": {"environment": {"implementation_name": "cpython", "implementation_version": "3.7.6", "os_name": "posix", "platform_machine": "x86_64", "platform_python_implementation": "CPython", "platform_release": "3.10.0-957.21.2.el7.x86_64", "platform_system": "Linux", "platform_version": "#1 SMP Tue May 28 09:26:43 UTC 2019", "python_full_version": "3.7.6", "python_version": "3.7", "sys_platform": "linux"}, "environment_packages": [{"package_name": "pipdeptree", "package_version": "0.13.2"}], "errors": [], "tree": [{"dependencies": [{"extra": [], "extras": [], "marker": null, "marker_evaluated": null, "marker_evaluation_error": null, "marker_evaluation_result": true, "normalized_package_name": "requests", "package_name": "requests", "resolved_versions": [{"index": "https://pypi.org/simple", "versions": ["2.10.0", "2.11.0", "2.11.1", "2.12.0", "2.12.1", "2.12.2", "2.12.3", "2.12.4", "2.12.5", "2.13.0", "2.14.0", "2.14.1", "2.14.2", "2.15.0", "2.15.1", "2.16.0", "2.16.1", "2.16.2", "2.16.3", "2.16.4", "2.16.5", "2.17.0", "2.17.1", "2.17.2", "2.17.3", "2.18.0", "2.18.1", "2.18.2", "2.18.3", "2.18.4", "2.19.0", "2.19.1", "2.20.0", "2.20.1", "2.21.0", "2.22.0", "2.23.0", "2.4.3", "2.5.0", "2.5.1", "2.5.2", "2.5.3", "2.6.0", "2.6.1", "2.6.2", "2.7.0", "2.8.0", "2.8.1", "2.9.0", "2.9.1", "2.9.2"]}], "specifier": ">=2.4.3"}, {"extra": [], "extras": [], "marker": null, "marker_evaluated": null, "marker_evaluation_error": null, "marker_evaluation_result": true, "normalized_package_name": "mohawk", "package_name": "mohawk", "resolved_versions": [{"index": "https://pypi.org/simple", "versions": ["0.3.4", "1.0.0", "1.1.0"]}], "specifier": ">=0.3.4"}, {"extra": [], "extras": [], "marker": null, "marker_evaluated": null, "marker_evaluation_error": null, "marker_evaluation_result": true, "normalized_package_name": "slugid", "package_name": "slugid", "resolved_versions": [{"index": "https://pypi.org/simple", "versions": ["2.0.0"]}], "specifier": ">=2"}, {"extra": [], "extras": [], "marker": null, "marker_evaluated": null, "marker_evaluation_error": null, "marker_evaluation_result": true, "normalized_package_name": "taskcluster-urls", "package_name": "taskcluster-urls", "resolved_versions": [{"index": "https://pypi.org/simple", "versions": ["12.1.0"]}], "specifier": ">=12.1.0"}, {"extra": [], "extras": [], "marker": null, "marker_evaluated": null, "marker_evaluation_error": null, "marker_evaluation_result": true, "normalized_package_name": "six", "package_name": "six", "resolved_versions": [{"index": "https://pypi.org/simple", "versions": ["1.10.0", "1.11.0", "1.12.0", "1.13.0", "1.14.0"]}], "specifier": ">=1.10.0"}, {"extra": [], "extras": [], "marker": null, "marker_evaluated": null, "marker_evaluation_error": null, "marker_evaluation_result": true, "normalized_package_name": "aiohttp", "package_name": "aiohttp", "resolved_versions": [{"index": "https://pypi.org/simple", "versions": ["2.0.0", "2.0.1", "2.0.2", "2.0.3", "2.0.4", "2.0.5", "2.0.6", "2.0.7", "2.1.0", "2.2.0", "2.2.1", "2.2.2", "2.2.3", "2.2.4", "2.2.5", "2.3.0", "2.3.1", "2.3.10", "2.3.2", "2.3.3", "2.3.4", "2.3.5", "2.3.6", "2.3.7", "2.3.8", "2.3.9", "3.0.0", "3.0.1", "3.0.2", "3.0.3", "3.0.4", "3.0.5", "3.0.6", "3.0.7", "3.0.8", "3.0.9", "3.1.0", "3.1.1", "3.1.2", "3.1.3", "3.2.0", "3.2.1", "3.3.0", "3.3.1", "3.3.2", "3.4.0", "3.4.1", "3.4.2", "3.4.3", "3.4.4", "3.5.0", "3.5.1", "3.5.2", "3.5.3", "3.5.4", "3.6.0", "3.6.1", "3.6.2"]}], "specifier": ">=2.0.0"}, {"extra": [], "extras": [], "marker": null, "marker_evaluated": null, "marker_evaluation_error": null, "marker_evaluation_result": true, "normalized_package_name": "async-timeout", "package_name": "async-timeout", "resolved_versions": [{"index": "https://pypi.org/simple", "versions": ["2.0.0", "2.0.1", "3.0.0", "3.0.1"]}], "specifier": ">=2.0.0"}, {"extra": ["test"], "extras": [], "marker": "extra == \"test\"", "marker_evaluated": "python_version >= \"0.0\"", "marker_evaluation_error": null, "marker_evaluation_result": true, "normalized_package_name": "pytest", "package_name": "pytest", "resolved_versions": [{"index": "https://pypi.org/simple", "versions": ["2.0.0", "2.0.1", "2.0.2", "2.0.3", "2.1.0", "2.1.1", "2.1.2", "2.1.3", "2.2.0", "2.2.1", "2.2.2", "2.2.3", "2.2.4", "2.3.0", "2.3.1", "2.3.2", "2.3.3", "2.3.4", "2.3.5", "2.4.0", "2.4.1", "2.4.2", "2.5.0", "2.5.1", "2.5.2", "2.6.0", "2.6.1", "2.6.2", "2.6.3", "2.6.4", "2.7.0", "2.7.1", "2.7.2", "2.7.3", "2.8.0", "2.8.1", "2.8.2", "2.8.3", "2.8.4", "2.8.5", "2.8.6", "2.8.7", "2.9.0", "2.9.1", "2.9.2", "3.0.0", "3.0.1", "3.0.2", "3.0.3", "3.0.4", "3.0.5", "3.0.6", "3.0.7", "3.1.0", "3.1.1", "3.1.2", "3.1.3", "3.10.0", "3.10.1", "3.2.0", "3.2.1", "3.2.2", "3.2.3", "3.2.4", "3.2.5", "3.3.0", "3.3.1", "3.3.2", "3.4.0", "3.4.1", "3.4.2", "3.5.0", "3.5.1", "3.6.0", "3.6.1", "3.6.2", "3.6.3", "3.6.4", "3.7.0", "3.7.1", "3.7.2", "3.7.3", "3.7.4", "3.8.0", "3.8.1", "3.8.2", "3.9.1", "3.9.2", "3.9.3", "4.0.0", "4.0.1", "4.0.2", "4.1.0", "4.1.1", "4.2.0", "4.2.1", "4.3.0", "4.3.1", "4.4.0", "4.4.1", "4.4.2", "4.5.0", "4.6.0", "4.6.1", "4.6.10", "4.6.2", "4.6.3", "4.6.4", "4.6.5", "4.6.6", "4.6.7", "4.6.8", "4.6.9", "5.0.0", "5.0.1", "5.1.0", "5.1.1", "5.1.2", "5.1.3", "5.2.0", "5.2.1", "5.2.2", "5.2.3", "5.2.4", "5.3.0", "5.3.1", "5.3.2", "5.3.3", "5.3.4", "5.3.5", "5.4.0", "5.4.1", "5.4.2"]}], "specifier": null}, {"extra": ["test"], "extras": [], "marker": "extra == \"test\"", "marker_evaluated": "python_version >= \"0.0\"", "marker_evaluation_error": null, "marker_evaluation_result": true, "normalized_package_name": "pytest-cov", "package_name": "pytest-cov", "resolved_versions": [{"index": "https://pypi.org/simple", "versions": ["0.10", "0.11", "0.12", "0.13", "0.14", "0.15", "0.6", "0.7", "0.8", "0.9", "1.0", "1.1", "1.2", "1.3", "1.4", "1.5", "1.6", "1.7.0", "1.8.0", "1.8.1", "2.0.0", "2.1.0", "2.2.0", "2.2.1", "2.3.0", "2.3.1", "2.4.0", "2.5.0", "2.5.1", "2.6.0", "2.6.1", "2.7.0", "2.7.1", "2.8.0", "2.8.1"]}], "specifier": null}, {"extra": ["test"], "extras": [], "marker": "extra == \"test\"", "marker_evaluated": "python_version >= \"0.0\"", "marker_evaluation_error": null, "marker_evaluation_result": true, "normalized_package_name": "pytest-mock", "package_name": "pytest-mock", "resolved_versions": [{"index": "https://pypi.org/simple", "versions": ["0.1.0", "0.10.0", "0.10.1", "0.11.0", "0.2.0", "0.3.0", "0.4.0", "0.4.1", "0.4.2", "0.4.3", "0.5.0", "0.6.0", "0.7.0", "0.8.1", "0.9.0", "1.0", "1.1", "1.10.0", "1.10.1", "1.10.2", "1.10.3", "1.10.4", "1.11.0", "1.11.1", "1.11.2", "1.12.0", "1.12.1", "1.13.0", "1.2", "1.3.0", "1.4.0", "1.5.0", "1.6.0", "1.6.1", "1.6.2", "1.6.3", "1.7.0", "1.7.1", "1.8.0", "1.9.0", "2.0.0", "3.0.0", "3.1.0"]}], "specifier": null}, {"extra": ["test"], "extras": [], "marker": "extra == \"test\"", "marker_evaluated": "python_version >= \"0.0\"", "marker_evaluation_error": null, "marker_evaluation_result": true, "normalized_package_name": "httmock", "package_name": "httmock", "resolved_versions": [{"index": "https://pypi.org/simple", "versions": ["1.0", "1.0.1", "1.0.2", "1.0.3", "1.0.4", "1.0.5", "1.0.6", "1.0.7", "1.1", "1.1.1", "1.2", "1.2.1", "1.2.2", "1.2.3", "1.2.4", "1.2.5", "1.2.6", "1.3.0"]}], "specifier": null}, {"extra": ["test"], "extras": [], "marker": "extra == \"test\"", "marker_evaluated": "python_version >= \"0.0\"", "marker_evaluation_error": null, "marker_evaluation_result": true, "normalized_package_name": "mock", "package_name": "mock", "resolved_versions": [{"index": "https://pypi.org/simple", "versions": ["0.4.0", "0.5.0", "0.6.0", "0.7.0", "0.7.1", "0.7.2", "0.8.0", "1.0.0", "1.0.1", "1.1.0", "1.1.1", "1.1.2", "1.1.3", "1.1.4", "1.2.0", "1.3.0", "2.0.0", "3.0.0", "3.0.1", "3.0.2", "3.0.3", "3.0.4", "3.0.5", "4.0.0", "4.0.1", "4.0.2"]}], "specifier": null}, {"extra": ["test"], "extras": [], "marker": "extra == \"test\"", "marker_evaluated": "python_version >= \"0.0\"", "marker_evaluation_error": null, "marker_evaluation_result": true, "normalized_package_name": "setuptools-lint", "package_name": "setuptools-lint", "resolved_versions": [{"index": "https://pypi.org/simple", "versions": ["0.1", "0.2", "0.3", "0.4", "0.4.1", "0.5", "0.5.1", "0.5.2", "0.6.0"]}], "specifier": null}, {"extra": ["test"], "extras": [], "marker": "extra == \"test\"", "marker_evaluated": "python_version >= \"0.0\"", "marker_evaluation_error": null, "marker_evaluation_result": true, "normalized_package_name": "flake8", "package_name": "flake8", "resolved_versions": [{"index": "https://pypi.org/simple", "versions": ["0.1", "0.2", "0.3", "0.4", "0.5", "0.6", "0.7", "0.8", "0.9", "1.0", "1.1", "1.2", "1.3", "1.3.1", "1.4", "1.5", "1.6", "1.6.1", "1.6.2", "1.7.0", "2.0", "2.1.0", "2.2.0", "2.2.1", "2.2.2", "2.2.3", "2.2.4", "2.2.5", "2.3.0", "2.4.0", "2.4.1", "2.5.0", "2.5.1", "2.5.2", "2.5.3", "2.5.4", "2.5.5", "2.6.0", "2.6.1", "2.6.2", "3.0.0", "3.0.1", "3.0.2", "3.0.3", "3.0.4", "3.1.0", "3.1.1", "3.2.0", "3.2.1", "3.3.0", "3.4.0", "3.4.1", "3.5.0", "3.6.0", "3.7.0", "3.7.1", "3.7.2", "3.7.3", "3.7.4", "3.7.5", "3.7.6", "3.7.7", "3.7.8", "3.7.9"]}], "specifier": null}, {"extra": ["test"], "extras": [], "marker": "extra == \"test\"", "marker_evaluated": "python_version >= \"0.0\"", "marker_evaluation_error": null, "marker_evaluation_result": true, "normalized_package_name": "psutil", "package_name": "psutil", "resolved_versions": [{"index": "https://pypi.org/simple", "versions": ["0.1.0", "0.1.1", "0.1.2", "0.1.3", "0.2.0", "0.2.1", "0.3.0", "0.4.0", "0.4.1", "0.5.0", "0.5.1", "0.6.0", "0.6.1", "0.7.0", "0.7.1", "1.0.0", "1.0.1", "1.1.0", "1.1.1", "1.1.2", "1.1.3", "1.2.0", "1.2.1", "2.0.0", "2.1.0", "2.1.1", "2.1.2", "2.1.3", "2.2.0", "2.2.1", "3.0.0", "3.0.1", "3.1.0", "3.1.1", "3.2.0", "3.2.1", "3.2.2", "3.3.0", "3.4.0", "3.4.1", "3.4.2", "4.0.0", "4.1.0", "4.2.0", "4.3.0", "4.3.1", "4.4.0", "4.4.1", "4.4.2", "5.0.0", "5.0.1", "5.1.0", "5.1.1", "5.1.2", "5.1.3", "5.2.0", "5.2.1", "5.2.2", "5.3.0", "5.3.1", "5.4.0", "5.4.1", "5.4.2", "5.4.3", "5.4.4", "5.4.5", "5.4.6", "5.4.7", "5.4.8", "5.5.0", "5.5.1", "5.6.0", "5.6.1", "5.6.2", "5.6.3", "5.6.4", "5.6.5", "5.6.6", "5.6.7", "5.7.0"]}], "specifier": null}, {"extra": ["test"], "extras": [], "marker": "extra == \"test\"", "marker_evaluated": "python_version >= \"0.0\"", "marker_evaluation_error": null, "marker_evaluation_result": true, "normalized_package_name": "hypothesis", "package_name": "hypothesis", "resolved_versions": [{"index": "https://pypi.org/simple", "versions": ["0.0.1", "0.0.2", "0.0.3", "0.0.4", "0.0.5", "0.1.0", "0.1.1", "0.1.2", "0.1.3", "0.1.4", "0.2.0", "0.2.1", "0.2.2", "0.3.0", "0.3.1", "0.3.2", "0.4.0", "0.4.1", "0.4.2", "0.4.3", "0.5.0", "0.6.0", "0.7.0", "0.7.1", "0.7.2", "0.9.0", "0.9.1", "0.9.2", "1.0.0", "1.1.0", "1.1.1", "1.10.0", "1.10.1", "1.10.2", "1.10.3", "1.10.4", "1.10.5", "1.10.6", "1.11.0", "1.11.1", "1.11.2", "1.11.3", "1.11.4", "1.12.0", "1.13.0", "1.14.0", "1.15.0", "1.16.0", "1.17.0", "1.17.1", "1.18.0", "1.18.1", "1.19.0", "1.2", "1.2.1", "1.3.0", "1.4.0", "1.4.1", "1.5.0", "1.6.0", "1.6.1", "1.6.2", "1.7.1", "1.7.2", "1.8.0", "1.8.1", "1.8.2", "1.8.3", "1.8.4", "1.8.5", "1.9.0", "2.0.0", "3.0.0", "3.0.1", "3.0.2", "3.0.3", "3.0.4", "3.0.5", "3.1.0", "3.1.1", "3.1.2", "3.1.3", "3.10.0", "3.11.0", "3.11.1", "3.11.2", "3.11.3", "3.11.4", "3.11.5", "3.11.6", "3.12.0", "3.13.0", "3.13.1", "3.14.0", "3.14.1", "3.14.2", "3.15.0", "3.16.0", "3.16.1", "3.17.0", "3.18.0", "3.18.1", "3.18.2", "3.18.3", "3.18.4", "3.18.5", "3.19.0", "3.19.1", "3.19.2", "3.19.3", "3.2.0", "3.20.0", "3.21.0", "3.21.1", "3.21.2", "3.21.3", "3.22.0", "3.22.1", "3.22.2", "3.23.0", "3.23.1", "3.23.2", "3.23.3", "3.24.0", "3.24.1", "3.24.2", "3.25.0", "3.25.1", "3.26.0", "3.27.0", "3.27.1", "3.28.0", "3.28.1", "3.28.2", "3.28.3", "3.29.0", "3.3.0", "3.30.0", "3.30.1", "3.30.2", "3.30.3", "3.30.4", "3.31.0", "3.31.1", "3.31.2", "3.31.3", "3.31.4", "3.31.5", "3.31.6", "3.32.0", "3.32.1", "3.32.2", "3.33.0", "3.33.1", "3.34.0", "3.34.1", "3.35.0", "3.36.0", "3.36.1", "3.37.0", "3.38.0", "3.38.1", "3.38.2", "3.38.3", "3.38.4", "3.38.5", "3.38.6", "3.38.7", "3.38.8", "3.38.9", "3.39.0", "3.4.0", "3.4.1", "3.4.2", "3.40.0", "3.40.1", "3.41.0", "3.42.0", "3.42.1", "3.42.2", "3.43.0", "3.43.1", "3.44.0", "3.44.1", "3.44.10", "3.44.11", "3.44.12", "3.44.13", "3.44.14", "3.44.15", "3.44.16", "3.44.18", "3.44.19", "3.44.2", "3.44.20", "3.44.21", "3.44.22", "3.44.23", "3.44.24", "3.44.25", "3.44.26", "3.44.3", "3.44.4", "3.44.5", "3.44.6", "3.44.7", "3.44.8", "3.44.9", "3.45.0", "3.45.1", "3.45.2", "3.45.3", "3.45.4", "3.45.5", "3.46.0", "3.46.1", "3.46.2", "3.47.0", "3.48.0", "3.48.1", "3.49.0", "3.49.1", "3.5.0", "3.5.1", "3.5.2", "3.5.3", "3.50.0", "3.50.1", "3.50.2", "3.50.3", "3.51.0", "3.52.0", "3.52.1", "3.52.2", "3.52.3", "3.53.0", "3.54.0", "3.55.0", "3.55.1", "3.55.2", "3.55.3", "3.55.4", "3.55.5", "3.55.6", "3.56.0", "3.56.1", "3.56.10", "3.56.2", "3.56.3", "3.56.4", "3.56.5", "3.56.6", "3.56.7", "3.56.8", "3.56.9", "3.57.0", "3.58.0", "3.58.1", "3.59.0", "3.59.1", "3.59.2", "3.59.3", "3.6.0", "3.6.1", "3.60.0", "3.60.1", "3.61.0", "3.62.0", "3.63.0", "3.64.0", "3.64.1", "3.64.2", "3.65.0", "3.65.1", "3.65.2", "3.65.3", "3.66.0", "3.66.1", "3.66.10", "3.66.11", "3.66.12", "3.66.13", "3.66.14", "3.66.15", "3.66.16", "3.66.17", "3.66.18", "3.66.19", "3.66.2", "3.66.20", "3.66.21", "3.66.22", "3.66.23", "3.66.24", "3.66.25", "3.66.26", "3.66.27", "3.66.28", "3.66.29", "3.66.3", "3.66.30", "3.66.31", "3.66.32", "3.66.33", "3.66.4", "3.66.5", "3.66.6", "3.66.7", "3.66.8", "3.66.9", "3.67.0", "3.67.1", "3.68.0", "3.68.1", "3.68.2", "3.68.3", "3.69.0", "3.69.1", "3.69.10", "3.69.11", "3.69.12", "3.69.2", "3.69.3", "3.69.4", "3.69.5", "3.69.6", "3.69.7", "3.69.8", "3.69.9", "3.7.0", "3.7.1", "3.7.2", "3.7.3", "3.7.4", "3.70.0", "3.70.1", "3.70.2", "3.70.3", "3.70.4", "3.71.0", "3.71.1", "3.71.10", "3.71.11", "3.71.2", "3.71.3", "3.71.4", "3.71.5", "3.71.6", "3.71.7", "3.71.8", "3.71.9", "3.72.0", "3.73.0", "3.73.1", "3.73.2", "3.73.3", "3.73.4", "3.73.5", "3.74.0", "3.74.1", "3.74.2", "3.74.3", "3.75.0", "3.75.1", "3.75.2", "3.75.3", "3.75.4", "3.76.0", "3.76.1", "3.77.0", "3.78.0", "3.79.0", "3.79.1", "3.79.2", "3.79.3", "3.79.4", "3.8.0", "3.8.1", "3.8.2", "3.8.3", "3.8.4", "3.8.5", "3.80.0", "3.81.0", "3.82.0", "3.82.1", "3.82.2", "3.82.3", "3.82.4", "3.82.5", "3.82.6", "3.83.0", "3.83.1", "3.83.2", "3.84.0", "3.84.1", "3.84.2", "3.84.3", "3.84.4", "3.84.5", "3.84.6", "3.85.0", "3.85.1", "3.85.2", "3.85.3", "3.86.0", "3.86.1", "3.86.2", "3.86.3", "3.86.4", "3.86.5", "3.86.6", "3.86.7", "3.86.8", "3.86.9", "3.87.0", "3.88.0", "3.88.1", "3.88.2", "3.88.3", "3.9.0", "3.9.1", "4.0.0", "4.0.1", "4.0.2", "4.1.0", "4.1.1", "4.1.2", "4.10.0", "4.11.0", "4.11.1", "4.11.2", "4.11.3", "4.11.4", "4.11.5", "4.11.6", "4.11.7", "4.12.0", "4.12.1", "4.13.0", "4.14.0", "4.14.1", "4.14.2", "4.14.3", "4.14.4", "4.14.5", "4.14.6", "4.14.7", "4.15.0", "4.16.0", "4.17.0", "4.17.1", "4.17.2", "4.18.0", "4.18.1", "4.18.2", "4.18.3", "4.19.0", "4.2.0", "4.20.0", "4.21.0", "4.21.1", "4.22.0", "4.22.1", "4.22.2", "4.22.3", "4.23.0", "4.23.1", "4.23.2", "4.23.3", "4.23.4", "4.23.5", "4.23.6", "4.23.7", "4.23.8", "4.23.9", "4.24.0", "4.24.1", "4.24.2", "4.24.3", "4.24.4", "4.24.5", "4.24.6", "4.25.0", "4.25.1", "4.26.0", "4.26.1", "4.26.2", "4.26.3", "4.26.4", "4.27.0", "4.28.0", "4.28.1", "4.28.2", "4.3.0", "4.31.0", "4.31.1", "4.32.0", "4.32.1", "4.32.2", "4.32.3", "4.33.0", "4.33.1", "4.34.0", "4.35.0", "4.35.1", "4.36.0", "4.36.1", "4.36.2", "4.37.0", "4.38.0", "4.38.1", "4.38.2", "4.38.3", "4.39.0", "4.39.1", "4.39.2", "4.39.3", "4.4.0", "4.4.1", "4.4.2", "4.4.3", "4.4.4", "4.4.5", "4.4.6", "4.40.0", "4.40.1", "4.40.2", "4.41.0", "4.41.1", "4.41.2", "4.41.3", "4.42.0", "4.42.1", "4.42.10", "4.42.2", "4.42.3", "4.42.4", "4.42.5", "4.42.6", "4.42.7", "4.42.8", "4.42.9", "4.43.0", "4.43.1", "4.43.2", "4.43.3", "4.43.4", "4.43.5", "4.43.6", "4.43.7", "4.43.8", "4.43.9", "4.44.0", "4.44.1", "4.44.2", "4.44.3", "4.44.4", "4.44.5", "4.45.0", "4.45.1", "4.46.0", "4.46.1", "4.47.0", "4.47.1", "4.47.2", "4.47.3", "4.47.4", "4.47.5", "4.48.0", "4.48.1", "4.49.0", "4.5.0", "4.5.1", "4.5.10", "4.5.11", "4.5.12", "4.5.2", "4.5.3", "4.5.4", "4.5.5", "4.5.6", "4.5.7", "4.5.8", "4.5.9", "4.50.0", "4.50.1", "4.50.2", "4.50.3", "4.50.4", "4.50.5", "4.50.6", "4.50.7", "4.50.8", "4.51.0", "4.51.1", "4.52.0", "4.53.0", "4.53.1", "4.53.2", "4.53.3", "4.54.0", "4.54.1", "4.54.2", "4.55.0", "4.55.1", "4.55.2", "4.55.3", "4.55.4", "4.56.0", "4.56.1", "4.56.2", "4.56.3", "4.57.0", "4.57.1", "4.6.0", "4.6.1", "4.7.0", "4.7.1", "4.7.10", "4.7.11", "4.7.12", "4.7.13", "4.7.14", "4.7.15", "4.7.16", "4.7.17", "4.7.18", "4.7.19", "4.7.2", "4.7.3", "4.7.4", "4.7.5", "4.7.6", "4.7.7", "4.7.8", "4.7.9", "4.8.0", "4.9.0", "5.0.0", "5.0.1", "5.1.0", "5.1.1", "5.1.2", "5.1.3", "5.1.4", "5.1.5", "5.1.6", "5.10.0", "5.10.1", "5.10.2", "5.10.3", "5.10.4", "5.10.5", "5.11.0", "5.2.0", "5.2.1", "5.3.0", "5.3.1", "5.4.0", "5.4.1", "5.4.2", "5.5.0", "5.5.1", "5.5.2", "5.5.3", "5.5.4", "5.5.5", "5.6.0", "5.6.1", "5.7.0", "5.7.1", "5.7.2", "5.8.0", "5.8.1", "5.8.2", "5.8.3", "5.8.4", "5.8.5", "5.8.6", "5.9.0", "5.9.1"]}], "specifier": null}, {"extra": ["test"], "extras": [], "marker": "extra == \"test\"", "marker_evaluated": "python_version >= \"0.0\"", "marker_evaluation_error": null, "marker_evaluation_result": true, "normalized_package_name": "tox", "package_name": "tox", "resolved_versions": [{"index": "https://pypi.org/simple", "versions": ["0.0.0", "0.5", "0.6", "0.7", "0.8", "0.9", "1.0", "1.1", "1.2", "1.3", "1.4", "1.4.1", "1.4.2", "1.4.3", "1.5.0", "1.6.0", "1.6.1", "1.7.0", "1.7.1", "1.7.2", "1.8.0", "1.8.1", "1.9.0", "1.9.1", "1.9.2", "2.0.0", "2.0.1", "2.0.2", "2.1.0", "2.1.1", "2.2.0", "2.2.1", "2.3.0", "2.3.1", "2.3.2", "2.4.0", "2.4.1", "2.5.0", "2.6.0", "2.7.0", "2.8.0", "2.8.1", "2.8.2", "2.9.0", "2.9.1", "3.0.0", "3.1.0", "3.1.1", "3.1.2", "3.1.3", "3.10.0", "3.11.0", "3.11.1", "3.12.0", "3.12.1", "3.13.0", "3.13.1", "3.13.2", "3.14.0", "3.14.1", "3.14.2", "3.14.3", "3.14.4", "3.14.5", "3.14.6", "3.15.0", "3.2.0", "3.2.1", "3.3.0", "3.4.0", "3.5.0", "3.5.1", "3.5.2", "3.5.3", "3.6.0", "3.6.1", "3.7.0", "3.8.0", "3.8.1", "3.8.2", "3.8.3", "3.8.4", "3.8.5", "3.8.6", "3.9.0"]}], "specifier": null}, {"extra": ["test"], "extras": [], "marker": "extra == \"test\"", "marker_evaluated": "python_version >= \"0.0\"", "marker_evaluation_error": null, "marker_evaluation_result": true, "normalized_package_name": "coverage", "package_name": "coverage", "resolved_versions": [{"index": "https://pypi.org/simple", "versions": ["2.5", "2.6", "2.75", "2.76", "2.77", "2.78", "2.8", "2.80", "2.85", "3.0", "3.0.1", "3.1", "3.2", "3.3", "3.3.1", "3.4", "3.5", "3.5.1", "3.5.2", "3.5.3", "3.6", "3.7", "3.7.1", "4.0", "4.0.1", "4.0.2", "4.0.3", "4.1", "4.2", "4.3", "4.3.1", "4.3.2", "4.3.3", "4.3.4", "4.4", "4.4.1", "4.4.2", "4.5", "4.5.1", "4.5.2", "4.5.3", "4.5.4", "5.0", "5.0.1", "5.0.2", "5.0.3", "5.0.4", "5.1"]}], "specifier": null}, {"extra": ["test"], "extras": [], "marker": "extra == \"test\"", "marker_evaluated": "python_version >= \"0.0\"", "marker_evaluation_error": null, "marker_evaluation_result": true, "normalized_package_name": "python-dateutil", "package_name": "python-dateutil", "resolved_versions": [{"index": "https://pypi.org/simple", "versions": ["0.1", "0.3", "0.4", "0.5", "1.0", "1.1", "1.2", "1.4", "1.4.1", "1.5", "2.0", "2.1", "2.2", "2.3", "2.4.0", "2.4.1", "2.4.2", "2.5.0", "2.5.1", "2.5.2", "2.5.3", "2.6.0", "2.6.1", "2.7.0", "2.7.1", "2.7.2", "2.7.3", "2.7.4", "2.7.5", "2.8.0", "2.8.1"]}], "specifier": null}], "importlib_metadata": {"entry_points": [], "files": [{"hash": {"mode": "sha256", "value": "zuuue4knoyJ-UwPPXg8fezS7VCrXJQrAP7zeNuwvFQg"}, "path": "taskcluster-29.4.0.dist-info/INSTALLER", "size": 4}, {"hash": {"mode": "sha256", "value": "HyVuytGSiAUQ6ErWBHTqt1iSGHhLmlC8fO7jTCuR8dU"}, "path": "taskcluster-29.4.0.dist-info/LICENSE", "size": 16725}, {"hash": {"mode": "sha256", "value": "IwRB-FIEMRdFPlLn2UgXUs57QfiCEMNCFMDtcN6kQgg"}, "path": "taskcluster-29.4.0.dist-info/METADATA", "size": 20879}, {"hash": null, "path": "taskcluster-29.4.0.dist-info/RECORD", "size": null}, {"hash": {"mode": "sha256", "value": "g4nMs7d-Xl9-xC9XovUrsDHGXt-FT0E17Yqo92DEfvY"}, "path": "taskcluster-29.4.0.dist-info/WHEEL", "size": 92}, {"hash": {"mode": "sha256", "value": "Uxnnep-l0fTSnwOst3XkLMA-KHfY5ONwwtSgRmcErXU"}, "path": "taskcluster-29.4.0.dist-info/top_level.txt", "size": 12}, {"hash": {"mode": "sha256", "value": "Y9afafyyNPMdTxXxk76Q1Yp6PwNnLKe85arUHbWyS4c"}, "path": "taskcluster/__init__.py", "size": 622}, {"hash": null, "path": "taskcluster/__pycache__/__init__.cpython-37.pyc", "size": null}, {"hash": null, "path": "taskcluster/__pycache__/auth.cpython-37.pyc", "size": null}, {"hash": null, "path": "taskcluster/__pycache__/authevents.cpython-37.pyc", "size": null}, {"hash": null, "path": "taskcluster/__pycache__/awsprovisioner.cpython-37.pyc", "size": null}, {"hash": null, "path": "taskcluster/__pycache__/client.cpython-37.pyc", "size": null}, {"hash": null, "path": "taskcluster/__pycache__/ec2manager.cpython-37.pyc", "size": null}, {"hash": null, "path": "taskcluster/__pycache__/exceptions.cpython-37.pyc", "size": null}, {"hash": null, "path": "taskcluster/__pycache__/github.cpython-37.pyc", "size": null}, {"hash": null, "path": "taskcluster/__pycache__/githubevents.cpython-37.pyc", "size": null}, {"hash": null, "path": "taskcluster/__pycache__/helper.cpython-37.pyc", "size": null}, {"hash": null, "path": "taskcluster/__pycache__/hooks.cpython-37.pyc", "size": null}, {"hash": null, "path": "taskcluster/__pycache__/hooksevents.cpython-37.pyc", "size": null}, {"hash": null, "path": "taskcluster/__pycache__/index.cpython-37.pyc", "size": null}, {"hash": null, "path": "taskcluster/__pycache__/login.cpython-37.pyc", "size": null}, {"hash": null, "path": "taskcluster/__pycache__/notify.cpython-37.pyc", "size": null}, {"hash": null, "path": "taskcluster/__pycache__/notifyevents.cpython-37.pyc", "size": null}, {"hash": null, "path": "taskcluster/__pycache__/purgecache.cpython-37.pyc", "size": null}, {"hash": null, "path": "taskcluster/__pycache__/queue.cpython-37.pyc", "size": null}, {"hash": null, "path": "taskcluster/__pycache__/queueevents.cpython-37.pyc", "size": null}, {"hash": null, "path": "taskcluster/__pycache__/secrets.cpython-37.pyc", "size": null}, {"hash": null, "path": "taskcluster/__pycache__/utils.cpython-37.pyc", "size": null}, {"hash": null, "path": "taskcluster/__pycache__/workermanager.cpython-37.pyc", "size": null}, {"hash": null, "path": "taskcluster/__pycache__/workermanagerevents.cpython-37.pyc", "size": null}, {"hash": {"mode": "sha256", "value": "K9gSKiS7jUnTe_tO4nfFpVBah_TeecoEbZ-4L75_RVw"}, "path": "taskcluster/aio/__init__.py", "size": 483}, {"hash": null, "path": "taskcluster/aio/__pycache__/__init__.cpython-37.pyc", "size": null}, {"hash": null, "path": "taskcluster/aio/__pycache__/asyncclient.cpython-37.pyc", "size": null}, {"hash": null, "path": "taskcluster/aio/__pycache__/asyncutils.cpython-37.pyc", "size": null}, {"hash": null, "path": "taskcluster/aio/__pycache__/auth.cpython-37.pyc", "size": null}, {"hash": null, "path": "taskcluster/aio/__pycache__/authevents.cpython-37.pyc", "size": null}, {"hash": null, "path": "taskcluster/aio/__pycache__/awsprovisioner.cpython-37.pyc", "size": null}, {"hash": null, "path": "taskcluster/aio/__pycache__/ec2manager.cpython-37.pyc", "size": null}, {"hash": null, "path": "taskcluster/aio/__pycache__/github.cpython-37.pyc", "size": null}, {"hash": null, "path": "taskcluster/aio/__pycache__/githubevents.cpython-37.pyc", "size": null}, {"hash": null, "path": "taskcluster/aio/__pycache__/hooks.cpython-37.pyc", "size": null}, {"hash": null, "path": "taskcluster/aio/__pycache__/hooksevents.cpython-37.pyc", "size": null}, {"hash": null, "path": "taskcluster/aio/__pycache__/index.cpython-37.pyc", "size": null}, {"hash": null, "path": "taskcluster/aio/__pycache__/login.cpython-37.pyc", "size": null}, {"hash": null, "path": "taskcluster/aio/__pycache__/notify.cpython-37.pyc", "size": null}, {"hash": null, "path": "taskcluster/aio/__pycache__/notifyevents.cpython-37.pyc", "size": null}, {"hash": null, "path": "taskcluster/aio/__pycache__/purgecache.cpython-37.pyc", "size": null}, {"hash": null, "path": "taskcluster/aio/__pycache__/queue.cpython-37.pyc", "size": null}, {"hash": null, "path": "taskcluster/aio/__pycache__/queueevents.cpython-37.pyc", "size": null}, {"hash": null, "path": "taskcluster/aio/__pycache__/secrets.cpython-37.pyc", "size": null}, {"hash": null, "path": "taskcluster/aio/__pycache__/workermanager.cpython-37.pyc", "size": null}, {"hash": null, "path": "taskcluster/aio/__pycache__/workermanagerevents.cpython-37.pyc", "size": null}, {"hash": {"mode": "sha256", "value": "YyCE9PTPevJjzCWzRE-FFh20qOE7tsrObbkwoEJzGJY"}, "path": "taskcluster/aio/asyncclient.py", "size": 11648}, {"hash": {"mode": "sha256", "value": "FX0tBb75gJnVMdlWtE-3Gp6N6p2AXW-rqghxV2PCGhw"}, "path": "taskcluster/aio/asyncutils.py", "size": 4340}, {"hash": {"mode": "sha256", "value": "sd5FVqwaRzJGQlAEImSsnPUZigVnHZkPWBFm1dxYLaY"}, "path": "taskcluster/aio/auth.py", "size": 83}, {"hash": {"mode": "sha256", "value": "57nValWTawxx-JgYLuxIY0kAoBZK0LgCCu2o9FfYgfs"}, "path": "taskcluster/aio/authevents.py", "size": 89}, {"hash": {"mode": "sha256", "value": "gEK7O2Ptqm8PTnX2lghVdsUabH5zH8I4vAMevEpft3I"}, "path": "taskcluster/aio/awsprovisioner.py", "size": 93}, {"hash": {"mode": "sha256", "value": "k6EX4v-YtxTfKXfrW40z7Iuvnl6qdeYTkHXx5XJPG3o"}, "path": "taskcluster/aio/ec2manager.py", "size": 89}, {"hash": {"mode": "sha256", "value": "iW2oYpf1AdMeWX-LP_bhLlX1swUglH_Z2V9kLz9y57M"}, "path": "taskcluster/aio/github.py", "size": 85}, {"hash": {"mode": "sha256", "value": "CAbBsqRAPvihfvCp2-juTQE0TybFEDtJcHYvXtsJ5mk"}, "path": "taskcluster/aio/githubevents.py", "size": 91}, {"hash": {"mode": "sha256", "value": "s4G5XHe_cnjqFyeSFAX6hXNPuaHISO7MIlwiKfG0kI4"}, "path": "taskcluster/aio/hooks.py", "size": 84}, {"hash": {"mode": "sha256", "value": "4IULmioTI0cZhaTG5Pft80RJ9iv0ROdppS7XV0G5aWQ"}, "path": "taskcluster/aio/hooksevents.py", "size": 90}, {"hash": {"mode": "sha256", "value": "hROSSbdy7B1_fSV2kGfz2_364xQPYLWVu81LxHz93bk"}, "path": "taskcluster/aio/index.py", "size": 84}, {"hash": {"mode": "sha256", "value": "ZDaf8OT43EtHq2ub6w9oMY9bKDDZsIlBXyYbziuW8w4"}, "path": "taskcluster/aio/login.py", "size": 84}, {"hash": {"mode": "sha256", "value": "DNwTTRaIrqcYXte45QgxJJSWheHBN2pSIFIEjSpREUQ"}, "path": "taskcluster/aio/notify.py", "size": 85}, {"hash": {"mode": "sha256", "value": "tRQ5VfMIiUkkK0PcAHPybpXEZg_QSHypjZp7Y3ewA_I"}, "path": "taskcluster/aio/notifyevents.py", "size": 91}, {"hash": {"mode": "sha256", "value": "fwzKCePo1ZZ1SGYV7idms9-9tVog3mDY1Jp-WpXY46k"}, "path": "taskcluster/aio/purgecache.py", "size": 89}, {"hash": {"mode": "sha256", "value": "sberomzhztT-2Fg--x1shyHnLjPvpDDIjpL6TlJzrJ0"}, "path": "taskcluster/aio/queue.py", "size": 84}, {"hash": {"mode": "sha256", "value": "lv9B9fyRQaeicNCilsLKDPoLG3sTP2eeBBpLiPIwZgM"}, "path": "taskcluster/aio/queueevents.py", "size": 90}, {"hash": {"mode": "sha256", "value": "oZOlT1akPX_vsi1LmES7RHJqe_GxfmwCMgXwK8b_Kek"}, "path": "taskcluster/aio/secrets.py", "size": 86}, {"hash": {"mode": "sha256", "value": "u9tF-rq3XT_HTT8xGQkAfjIAl8Zz3sc4PbCucJyPyy8"}, "path": "taskcluster/aio/workermanager.py", "size": 92}, {"hash": {"mode": "sha256", "value": "FTdOv2qGprRGgFefLFaTQJH-B0ZwRRaahOfYQZYAxq8"}, "path": "taskcluster/aio/workermanagerevents.py", "size": 98}, {"hash": {"mode": "sha256", "value": "AME2kJmq42R7lQnxKioxrcbPHx-jM_HaNNbSHtPvfOQ"}, "path": "taskcluster/auth.py", "size": 78}, {"hash": {"mode": "sha256", "value": "cRnrErBR2FdevR4fapWFZejFKG8ZudqdxsI4fN-dcC0"}, "path": "taskcluster/authevents.py", "size": 84}, {"hash": {"mode": "sha256", "value": "5-orMBEkSvOS-wjJOQEunkteyGhMiOsu1Ho-WsgSr14"}, "path": "taskcluster/awsprovisioner.py", "size": 88}, {"hash": {"mode": "sha256", "value": "yrGFwp3hcxK2vLVifH97jD_K4ZAROdwHFN3aM3ptK7g"}, "path": "taskcluster/client.py", "size": 27026}, {"hash": {"mode": "sha256", "value": "D7abzT8gwqNP-p3YsGLRwOf3HH2yVvwvQUIIIsS6YIc"}, "path": "taskcluster/ec2manager.py", "size": 84}, {"hash": {"mode": "sha256", "value": "KAOkEXiIyVSOlnucQQzANdx-DHf966BILBVQYMtyyjA"}, "path": "taskcluster/exceptions.py", "size": 1105}, {"hash": {"mode": "sha256", "value": "47DEQpj8HBSa-_TImW-5JCeuQeRkm5NMpJWZG3hSuFU"}, "path": "taskcluster/generated/__init__.py", "size": 0}, {"hash": null, "path": "taskcluster/generated/__pycache__/__init__.cpython-37.pyc", "size": null}, {"hash": null, "path": "taskcluster/generated/__pycache__/_client_importer.cpython-37.pyc", "size": null}, {"hash": null, "path": "taskcluster/generated/__pycache__/auth.cpython-37.pyc", "size": null}, {"hash": null, "path": "taskcluster/generated/__pycache__/authevents.cpython-37.pyc", "size": null}, {"hash": null, "path": "taskcluster/generated/__pycache__/github.cpython-37.pyc", "size": null}, {"hash": null, "path": "taskcluster/generated/__pycache__/githubevents.cpython-37.pyc", "size": null}, {"hash": null, "path": "taskcluster/generated/__pycache__/hooks.cpython-37.pyc", "size": null}, {"hash": null, "path": "taskcluster/generated/__pycache__/hooksevents.cpython-37.pyc", "size": null}, {"hash": null, "path": "taskcluster/generated/__pycache__/index.cpython-37.pyc", "size": null}, {"hash": null, "path": "taskcluster/generated/__pycache__/notify.cpython-37.pyc", "size": null}, {"hash": null, "path": "taskcluster/generated/__pycache__/notifyevents.cpython-37.pyc", "size": null}, {"hash": null, "path": "taskcluster/generated/__pycache__/purgecache.cpython-37.pyc", "size": null}, {"hash": null, "path": "taskcluster/generated/__pycache__/queue.cpython-37.pyc", "size": null}, {"hash": null, "path": "taskcluster/generated/__pycache__/queueevents.cpython-37.pyc", "size": null}, {"hash": null, "path": "taskcluster/generated/__pycache__/secrets.cpython-37.pyc", "size": null}, {"hash": null, "path": "taskcluster/generated/__pycache__/workermanager.cpython-37.pyc", "size": null}, {"hash": null, "path": "taskcluster/generated/__pycache__/workermanagerevents.cpython-37.pyc", "size": null}, {"hash": {"mode": "sha256", "value": "yIkR8vleiVJqXNRILdH_EUudzwZYhDGulr57wHJO96Q"}, "path": "taskcluster/generated/_client_importer.py", "size": 794}, {"hash": {"mode": "sha256", "value": "47DEQpj8HBSa-_TImW-5JCeuQeRkm5NMpJWZG3hSuFU"}, "path": "taskcluster/generated/aio/__init__.py", "size": 0}, {"hash": null, "path": "taskcluster/generated/aio/__pycache__/__init__.cpython-37.pyc", "size": null}, {"hash": null, "path": "taskcluster/generated/aio/__pycache__/_client_importer.cpython-37.pyc", "size": null}, {"hash": null, "path": "taskcluster/generated/aio/__pycache__/auth.cpython-37.pyc", "size": null}, {"hash": null, "path": "taskcluster/generated/aio/__pycache__/authevents.cpython-37.pyc", "size": null}, {"hash": null, "path": "taskcluster/generated/aio/__pycache__/github.cpython-37.pyc", "size": null}, {"hash": null, "path": "taskcluster/generated/aio/__pycache__/githubevents.cpython-37.pyc", "size": null}, {"hash": null, "path": "taskcluster/generated/aio/__pycache__/hooks.cpython-37.pyc", "size": null}, {"hash": null, "path": "taskcluster/generated/aio/__pycache__/hooksevents.cpython-37.pyc", "size": null}, {"hash": null, "path": "taskcluster/generated/aio/__pycache__/index.cpython-37.pyc", "size": null}, {"hash": null, "path": "taskcluster/generated/aio/__pycache__/notify.cpython-37.pyc", "size": null}, {"hash": null, "path": "taskcluster/generated/aio/__pycache__/notifyevents.cpython-37.pyc", "size": null}, {"hash": null, "path": "taskcluster/generated/aio/__pycache__/purgecache.cpython-37.pyc", "size": null}, {"hash": null, "path": "taskcluster/generated/aio/__pycache__/queue.cpython-37.pyc", "size": null}, {"hash": null, "path": "taskcluster/generated/aio/__pycache__/queueevents.cpython-37.pyc", "size": null}, {"hash": null, "path": "taskcluster/generated/aio/__pycache__/secrets.cpython-37.pyc", "size": null}, {"hash": null, "path": "taskcluster/generated/aio/__pycache__/workermanager.cpython-37.pyc", "size": null}, {"hash": null, "path": "taskcluster/generated/aio/__pycache__/workermanagerevents.cpython-37.pyc", "size": null}, {"hash": {"mode": "sha256", "value": "yIkR8vleiVJqXNRILdH_EUudzwZYhDGulr57wHJO96Q"}, "path": "taskcluster/generated/aio/_client_importer.py", "size": 794}, {"hash": {"mode": "sha256", "value": "z1NnA6r2QjjtBmhHXD_jmE3Y3HcqbP8MJl38G3rstwM"}, "path": "taskcluster/generated/aio/auth.py", "size": 27575}, {"hash": {"mode": "sha256", "value": "Xvhh2riCSXKUXu6lf-toLAnhDqiBwDg1PePolNvmdsw"}, "path": "taskcluster/generated/aio/authevents.py", "size": 5730}, {"hash": {"mode": "sha256", "value": "NyvpvkgQVPgH7w8MKyOGPyObftwQVBW2CZwLR048OYM"}, "path": "taskcluster/generated/aio/github.py", "size": 6145}, {"hash": {"mode": "sha256", "value": "q0pOuUVSGQ64Rlw_FKkcwvXbsEcnH2r1AzIGFfWte6o"}, "path": "taskcluster/generated/aio/githubevents.py", "size": 8222}, {"hash": {"mode": "sha256", "value": "NgSC63oQ8J_krW4AFeUMcUSery2pUhmWCwLyurrC__A"}, "path": "taskcluster/generated/aio/hooks.py", "size": 9611}, {"hash": {"mode": "sha256", "value": "i5fXbMPZDR7qXYMIkzFG0e_cGzHBs6Lpr8kAYo6Pe1g"}, "path": "taskcluster/generated/aio/hooksevents.py", "size": 3993}, {"hash": {"mode": "sha256", "value": "CqY67evFK53WHycv_9v0ER1at15eea6LiC6xA-u516Q"}, "path": "taskcluster/generated/aio/index.py", "size": 6365}, {"hash": {"mode": "sha256", "value": "LgojGGM8rPsXL1znxrp-Rdn-l1h8rQwXpPpK6CJ3gss"}, "path": "taskcluster/generated/aio/notify.py", "size": 7720}, {"hash": {"mode": "sha256", "value": "xuQY4LGB92-6PZApi4C3ed3n7zEOtAiazs2lXoXSb9Q"}, "path": "taskcluster/generated/aio/notifyevents.py", "size": 3363}, {"hash": {"mode": "sha256", "value": "kJOIt-PxpRM4PD_Wc4poIPw68u4A78tNTYxEcSu4Ths"}, "path": "taskcluster/generated/aio/purgecache.py", "size": 3973}, {"hash": {"mode": "sha256", "value": "2fye864DfkVnWqYR-WGvouVvqLMyUyPf3OFGGFvdCYw"}, "path": "taskcluster/generated/aio/queue.py", "size": 40671}, {"hash": {"mode": "sha256", "value": "2yG4WiPhkGE491iojMdyrgXVmrGkxer_92TuCYRLByw"}, "path": "taskcluster/generated/aio/queueevents.py", "size": 27195}, {"hash": {"mode": "sha256", "value": "Lkvs0cVWoSHpGM8JObLDSgyYM6UfFL1IW9IvgAf-CSA"}, "path": "taskcluster/generated/aio/secrets.py", "size": 4456}, {"hash": {"mode": "sha256", "value": "Uz21XgaFIPUINCZBbxrV4gsP-3nbRl-XOIKXfo-MG8I"}, "path": "taskcluster/generated/aio/workermanager.py", "size": 11742}, {"hash": {"mode": "sha256", "value": "xQObLJouXZF54K3aofo9I-czZ7joW-UiT9OQNZNGxes"}, "path": "taskcluster/generated/aio/workermanagerevents.py", "size": 3456}, {"hash": {"mode": "sha256", "value": "gocei9vXlISu4uDSaWIC6SaF3AVdW62987VdjTAgRQc"}, "path": "taskcluster/generated/auth.py", "size": 27155}, {"hash": {"mode": "sha256", "value": "8utWiTCrQ7p-Dz0uYYXj2JXzKkOsWKQ78FQNJUyVbYE"}, "path": "taskcluster/generated/authevents.py", "size": 5670}, {"hash": {"mode": "sha256", "value": "hVhD-dDh49nsU5ARsF4f4iWSQL73cC6-XJsD_oorXDM"}, "path": "taskcluster/generated/github.py", "size": 5989}, {"hash": {"mode": "sha256", "value": "NpiVaIlZKye5B-7VshxDcTJqdh8U4m3hqvYmheE1fDA"}, "path": "taskcluster/generated/githubevents.py", "size": 8162}, {"hash": {"mode": "sha256", "value": "PvsI6GBcXVV8_9OLWS576vEW_-qld52vzf_0I5RKq_4"}, "path": "taskcluster/generated/hooks.py", "size": 9395}, {"hash": {"mode": "sha256", "value": "byRSNpQJmgkYjd8K14AgvoRei84gsYgI0S-LcgWp5y8"}, "path": "taskcluster/generated/hooksevents.py", "size": 3933}, {"hash": {"mode": "sha256", "value": "oVs1GPv1tIu2RaxXstfpMc4kaazFNxg3uKNfmNsoJYc"}, "path": "taskcluster/generated/index.py", "size": 6233}, {"hash": {"mode": "sha256", "value": "sRgTHpXyHVHeBbPtnEnZStR-UEH3N3RcI6OMSUDQRAk"}, "path": "taskcluster/generated/notify.py", "size": 7552}, {"hash": {"mode": "sha256", "value": "rlNpjAQ0X8bhctojJyuO2cma2VObkGSK4ADCWla5O68"}, "path": "taskcluster/generated/notifyevents.py", "size": 3303}, {"hash": {"mode": "sha256", "value": "-XQZg6oDa3ownurzWjmwbbYKapuSTzjBgc_f0d4hHBk"}, "path": "taskcluster/generated/purgecache.py", "size": 3865}, {"hash": {"mode": "sha256", "value": "KN0sPrqdwdkpOTYWOIwX2S0wq7--PUkRKcWqkqiBytM"}, "path": "taskcluster/generated/queue.py", "size": 40239}, {"hash": {"mode": "sha256", "value": "fBXHthI0GuigfZPOI7Q3IJXIXA6vYuCA99r3YD4rH1U"}, "path": "taskcluster/generated/queueevents.py", "size": 27135}, {"hash": {"mode": "sha256", "value": "6F-7QvCHfvkC1oSgpM8XSKiIFLfnyP8F7FubQSyAu_g"}, "path": "taskcluster/generated/secrets.py", "size": 4336}, {"hash": {"mode": "sha256", "value": "xANfMJy5cePrvG-XxNWKU4TBk39OOjppxarAmpXqnLw"}, "path": "taskcluster/generated/workermanager.py", "size": 11502}, {"hash": {"mode": "sha256", "value": "pqbn6QUJ-rkcb41m32myzg7lW4tlxrJ1zgmS5ZdnKwI"}, "path": "taskcluster/generated/workermanagerevents.py", "size": 3396}, {"hash": {"mode": "sha256", "value": "77_G0H9vKy6-gqKw5vzU_Ny9l4iTQZYvPgVNUtMzc9M"}, "path": "taskcluster/github.py", "size": 80}, {"hash": {"mode": "sha256", "value": "fZPDLXcruH1-1V7EVAFxXNh5zabp3ifOvYtqH3Ql6Uo"}, "path": "taskcluster/githubevents.py", "size": 86}, {"hash": {"mode": "sha256", "value": "HjWbAkN946If0pXkV2iFgRYYa4s20zMbHiPMZmn88wE"}, "path": "taskcluster/helper.py", "size": 6622}, {"hash": {"mode": "sha256", "value": "EQAX26VkR-7vUE-8tWJGA20UzIRpNQFeu3B1X0IR4jw"}, "path": "taskcluster/hooks.py", "size": 79}, {"hash": {"mode": "sha256", "value": "p4Vwj7cWE9dr7x7o2gx1vAC1p5rHyMlKi-65Yo_kgD4"}, "path": "taskcluster/hooksevents.py", "size": 85}, {"hash": {"mode": "sha256", "value": "lia2B9-pISrK_r_wDAdxv9g2xdswfk7lgD3WkjefBAw"}, "path": "taskcluster/index.py", "size": 79}, {"hash": {"mode": "sha256", "value": "8SxrTSYMkPTx0tMmj5ReHTe7qaHQlp-PIUm3HKUFR9o"}, "path": "taskcluster/login.py", "size": 79}, {"hash": {"mode": "sha256", "value": "Ug9IdJbfk1jDIPdN6AN2VCdEncFkNG6QuN19tJ3_k2o"}, "path": "taskcluster/notify.py", "size": 80}, {"hash": {"mode": "sha256", "value": "LcunL5OXFp1GrplOS4ibKXeoBPO5DUrFimUAR1TK43U"}, "path": "taskcluster/notifyevents.py", "size": 86}, {"hash": {"mode": "sha256", "value": "SIu9Q6Q4WtQneCv6VjWddUH8hXF8rDeWafEPuSZTXsM"}, "path": "taskcluster/purgecache.py", "size": 84}, {"hash": {"mode": "sha256", "value": "Yq46lvAQ3jvdI_GujIvyrmzG8MiSqiEU0v4wEh0vwgI"}, "path": "taskcluster/queue.py", "size": 79}, {"hash": {"mode": "sha256", "value": "AP1lMvDXeobiSY0zqTxAAKKWaFCiuMbxmEFM1Muw6-0"}, "path": "taskcluster/queueevents.py", "size": 85}, {"hash": {"mode": "sha256", "value": "k1ngR8DGCONOlAsLEz8VsnhuhdsoSHf2ycOYpSVUesE"}, "path": "taskcluster/secrets.py", "size": 81}, {"hash": {"mode": "sha256", "value": "1p_gV_Hrm0oUUWfY_8J7kpsxcTwtgJWHQlDP9B-CEWA"}, "path": "taskcluster/utils.py", "size": 10924}, {"hash": {"mode": "sha256", "value": "TKgO5XlL_awYPvK41O2cbHCE-WTApzR34uiJz8DfJlo"}, "path": "taskcluster/workermanager.py", "size": 87}, {"hash": {"mode": "sha256", "value": "AhgX5zop6vaczuMLh8XrF9GdIXblbnd7IMxvXJTqHRo"}, "path": "taskcluster/workermanagerevents.py", "size": 93}], "metadata": {"Author": "Mozilla Taskcluster and Release Engineering", "Author-email": "release+python@mozilla.com", "Classifier": ["Programming Language :: Python :: 2.7", "Programming Language :: Python :: 3.5", "Programming Language :: Python :: 3.6", "Programming Language :: Python :: 3.7"], "Description-Content-Type": "text/markdown", "Home-page": "https://github.com/taskcluster/taskcluster", "License": "UNKNOWN", "Metadata-Version": "2.1", "Name": "taskcluster", "Platform": ["UNKNOWN"], "Provides-Extra": ["test"], "Requires-Dist": ["requests (>=2.4.3)", "mohawk (>=0.3.4)", "slugid (>=2)", "taskcluster-urls (>=12.1.0)", "six (>=1.10.0)", "aiohttp (>=2.0.0)", "async-timeout (>=2.0.0)", "pytest ; extra == 'test'", "pytest-cov ; extra == 'test'", "pytest-mock ; extra == 'test'", "httmock ; extra == 'test'", "mock ; extra == 'test'", "setuptools-lint ; extra == 'test'", "flake8 ; extra == 'test'", "psutil ; extra == 'test'", "hypothesis ; extra == 'test'", "tox ; extra == 'test'", "coverage ; extra == 'test'", "python-dateutil ; extra == 'test'"], "Summary": "Python client for Taskcluster", "Version": "29.4.0"}, "requires": ["requests (>=2.4.3)", "mohawk (>=0.3.4)", "slugid (>=2)", "taskcluster-urls (>=12.1.0)", "six (>=1.10.0)", "aiohttp (>=2.0.0)", "async-timeout (>=2.0.0)", "pytest ; extra == 'test'", "pytest-cov ; extra == 'test'", "pytest-mock ; extra == 'test'", "httmock ; extra == 'test'", "mock ; extra == 'test'", "setuptools-lint ; extra == 'test'", "flake8 ; extra == 'test'", "psutil ; extra == 'test'", "hypothesis ; extra == 'test'", "tox ; extra == 'test'", "coverage ; extra == 'test'", "python-dateutil ; extra == 'test'"], "version": "29.4.0"}, "index_url": "https://pypi.org/simple", "package_name": "taskcluster", "package_version": "29.4.0", "package_version_requested": "29.4.0", "sha256": ["052d7ab17a825d173ee1d43bb66e113227eea3da50c555707ed5a0ef59ec4ba6", "874e2e0ed8a19872f9263336c512e93ab9db91b56fd7eae6d510188d6c31aeb9", "35404336c720c33c73e5021224490be8b671abb14a28ac2fbcceb1cfbd5f60ff"]}], "unparsed": [], "unresolved": []}}