{"metadata": {"analyzer": "thoth-solver", "analyzer_version": "1.4.1", "arguments": {"python": {"exclude_packages": null, "index": "https://pypi.org/simple", "no_pretty": false, "no_transitive": true, "output": "http://result-api/api/v1/solver-result", "requirements": "towncrier==16.0.0", "virtualenv": "/home/solver/venv"}, "thoth-solver": {"verbose": false}}, "datetime": "2019-12-24T16:41:16.892792", "distribution": {"codename": "", "id": "fedora", "like": "", "version": "31", "version_parts": {"build_number": "", "major": "31", "minor": ""}}, "document_id": "solver-fedora-31-py37-00ad93f3", "duration": 2, "hostname": "solver-fedora-31-py37-00ad93f3-blrdp", "os_release": {"id": "fedora", "name": "Fedora", "platform_id": "platform:f31", "redhat_bugzilla_product": "Fedora", "redhat_bugzilla_product_version": "31", "redhat_support_product": "Fedora", "redhat_support_product_version": "31", "variant_id": "container", "version": "31 (Container Image)", "version_id": "31"}, "python": {"api_version": 1013, "implementation_name": "cpython", "major": 3, "micro": 5, "minor": 7, "releaselevel": "final", "serial": 0}, "thoth_deployment_name": "thoth-psi-stage", "timestamp": 1577205676}, "result": {"environment": {"implementation_name": "cpython", "implementation_version": "3.7.5", "os_name": "posix", "platform_machine": "x86_64", "platform_python_implementation": "CPython", "platform_release": "3.10.0-957.21.2.el7.x86_64", "platform_system": "Linux", "platform_version": "#1 SMP Tue May 28 09:26:43 UTC 2019", "python_full_version": "3.7.5", "python_version": "3.7", "sys_platform": "linux"}, "environment_packages": [{"package_name": "pipdeptree", "package_version": "0.13.2"}], "errors": [], "tree": [{"dependencies": [{"extra": [], "extras": [], "marker": null, "marker_evaluated": null, "marker_evaluation_error": null, "marker_evaluation_result": true, "normalized_package_name": "click", "package_name": "Click", "resolved_versions": [{"index": "https://pypi.org/simple", "versions": ["0.1", "0.2", "0.3", "0.4", "0.5", "0.5.1", "0.6", "0.7", "1.0", "1.1", "2.0", "2.1", "2.2", "2.3", "2.4", "2.5", "2.6", "3.0", "3.1", "3.2", "3.3", "4.0", "4.1", "5.0", "5.1", "6.0", "6.1", "6.2", "6.3", "6.4", "6.5", "6.6", "6.7", "7.0"]}], "specifier": null}], "importlib_metadata": {"entry_points": [{"group": "console_scripts", "name": "towncrier", "value": "towncrier:_main"}], "files": [{"hash": {"mode": "sha256", "value": "VWtVVIPsaPjqbOXmgMGnsYVU19uiqwPuh0Io2S8fAos"}, "path": "../../../bin/towncrier", "size": 223}, {"hash": {"mode": "sha256", "value": "dlTkYMwSo3h6_ncK9NmxLwsk21j0sfrhnD7UeNCgjms"}, "path": "towncrier-16.0.0.dist-info/DESCRIPTION.rst", "size": 3968}, {"hash": {"mode": "sha256", "value": "zuuue4knoyJ-UwPPXg8fezS7VCrXJQrAP7zeNuwvFQg"}, "path": "towncrier-16.0.0.dist-info/INSTALLER", "size": 4}, {"hash": {"mode": "sha256", "value": "hghRzATirvf7AQVqijIuRW2z3OGE9ZXMeyXhupCx4hA"}, "path": "towncrier-16.0.0.dist-info/METADATA", "size": 4578}, {"hash": null, "path": "towncrier-16.0.0.dist-info/RECORD", "size": null}, {"hash": {"mode": "sha256", "value": "zX7PHtH_7K-lEzyK75et0UBa3Bj8egCBMXe1M4gc6SU"}, "path": "towncrier-16.0.0.dist-info/WHEEL", "size": 92}, {"hash": {"mode": "sha256", "value": "08z2tetO2rY_SukCvs3Ih75zdjVZxLnbO-iapXv9oc4"}, "path": "towncrier-16.0.0.dist-info/entry_points.txt", "size": 47}, {"hash": {"mode": "sha256", "value": "-RF-b6hvCxnot5hDX19ttfmgyKNwmPOZR9BbH88JFB0"}, "path": "towncrier-16.0.0.dist-info/metadata.json", "size": 930}, {"hash": {"mode": "sha256", "value": "pLXrI4zicLnc37wF2U910W8vnsuItf747ar9RhtNdkE"}, "path": "towncrier-16.0.0.dist-info/top_level.txt", "size": 10}, {"hash": {"mode": "sha256", "value": "EDy_EKQ1fOMqKsCXqDhtjIcb2kP8qpx1vgmRYtq-s5Q"}, "path": "towncrier/__init__.py", "size": 3158}, {"hash": null, "path": "towncrier/__pycache__/__init__.cpython-37.pyc", "size": null}, {"hash": null, "path": "towncrier/__pycache__/_builder.cpython-37.pyc", "size": null}, {"hash": null, "path": "towncrier/__pycache__/_git.cpython-37.pyc", "size": null}, {"hash": null, "path": "towncrier/__pycache__/_project.cpython-37.pyc", "size": null}, {"hash": null, "path": "towncrier/__pycache__/_settings.cpython-37.pyc", "size": null}, {"hash": null, "path": "towncrier/__pycache__/_version.cpython-37.pyc", "size": null}, {"hash": null, "path": "towncrier/__pycache__/_writer.cpython-37.pyc", "size": null}, {"hash": {"mode": "sha256", "value": "l6XphufbeqDvVd3atIqz9jBHTo2KMFQOPgAk_Ioioqc"}, "path": "towncrier/_builder.py", "size": 3713}, {"hash": {"mode": "sha256", "value": "POlwemuqmVvd8Y_h9A6AWU--gOw-SxnhrdXN3qji8k4"}, "path": "towncrier/_git.py", "size": 1082}, {"hash": {"mode": "sha256", "value": "arCrPU1RhvEfhv7SiT_WLuRsyoCxQR0puivVfIfXBas"}, "path": "towncrier/_project.py", "size": 2178}, {"hash": {"mode": "sha256", "value": "f_O2LYdvs3BBEHYFi1SXp6gSqxqUlD6joeJOfd6LMR0"}, "path": "towncrier/_settings.py", "size": 699}, {"hash": {"mode": "sha256", "value": "LYyFDdG8pPeybcw_ilG--IOn6UOJZv-wfpGtF60OjEc"}, "path": "towncrier/_version.py", "size": 104}, {"hash": {"mode": "sha256", "value": "wVT628zsrCBuBFsA-GYHJMGn-sN96kvFeteVr8Lb8SI"}, "path": "towncrier/_writer.py", "size": 1220}, {"hash": {"mode": "sha256", "value": "47DEQpj8HBSa-_TImW-5JCeuQeRkm5NMpJWZG3hSuFU"}, "path": "towncrier/test/__init__.py", "size": 0}, {"hash": null, "path": "towncrier/test/__pycache__/__init__.cpython-37.pyc", "size": null}, {"hash": null, "path": "towncrier/test/__pycache__/test_format.cpython-37.pyc", "size": null}, {"hash": null, "path": "towncrier/test/__pycache__/test_project.cpython-37.pyc", "size": null}, {"hash": null, "path": "towncrier/test/__pycache__/test_settings.cpython-37.pyc", "size": null}, {"hash": null, "path": "towncrier/test/__pycache__/test_write.cpython-37.pyc", "size": null}, {"hash": {"mode": "sha256", "value": "zA4xabqebtvPkip-VjUGHceEqoUBtTuSoRWUcBEOZl0"}, "path": "towncrier/test/test_format.py", "size": 2928}, {"hash": {"mode": "sha256", "value": "SAeignhMmnxB3LnYl7IKYNjN8Vtsj9A4K6Qplbg2U7M"}, "path": "towncrier/test/test_project.py", "size": 1043}, {"hash": {"mode": "sha256", "value": "cVpMk1rKWWBaIE52l-ZezV8Wy0ThCNtsjiQI0risWFs"}, "path": "towncrier/test/test_settings.py", "size": 674}, {"hash": {"mode": "sha256", "value": "3nuC07qSICFlVXVWMkadoYa9YwqFBIeogt72klsftJU"}, "path": "towncrier/test/test_write.py", "size": 3345}], "metadata": {"Author": "Amber Brown", "Author-email": "hawkowl@twistedmatrix.com", "Classifier": ["Intended Audience :: Developers", "License :: OSI Approved :: MIT License", "Programming Language :: Python :: 3", "Programming Language :: Python :: 3 :: Only", "Programming Language :: Python :: 3.3", "Programming Language :: Python :: 3.4", "Programming Language :: Python :: 3.5"], "Home-page": "https://github.com/hawkowl/towncrier", "License": "MIT", "Metadata-Version": "2.0", "Name": "towncrier", "Platform": ["UNKNOWN"], "Requires-Dist": ["Click"], "Summary": "Building newsfiles for your project.", "Version": "16.0.0"}, "requires": ["Click"], "version": "16.0.0"}, "index_url": "https://pypi.org/simple", "package_name": "towncrier", "package_version": "16.0.0", "package_version_requested": "16.0.0", "sha256": ["eb1a9a198f476deb5e39d32edc67aa20135189c65ba787b23e31e828fa61e820", "50b12e6a756b5bf58a251f92515c1060ba19a9af95dcff15d70def0eb20d0e3a"]}], "unparsed": [], "unresolved": []}}