{"metadata": {"analyzer": "thoth-solver", "analyzer_version": "1.4.1", "arguments": {"python": {"exclude_packages": null, "index": "https://pypi.org/simple", "no_pretty": false, "no_transitive": true, "output": "http://result-api/api/v1/solver-result", "requirements": "djangorestframework-expander==0.2.1", "virtualenv": "/home/solver/venv"}, "thoth-solver": {"verbose": false}}, "datetime": "2019-12-27T16:42:42.105492", "distribution": {"codename": "", "id": "fedora", "like": "", "version": "31", "version_parts": {"build_number": "", "major": "31", "minor": ""}}, "document_id": "solver-fedora-31-py37-041510da", "duration": 3, "hostname": "solver-fedora-31-py37-041510da-7wzzp", "os_release": {"id": "fedora", "name": "Fedora", "platform_id": "platform:f31", "redhat_bugzilla_product": "Fedora", "redhat_bugzilla_product_version": "31", "redhat_support_product": "Fedora", "redhat_support_product_version": "31", "variant_id": "container", "version": "31 (Container Image)", "version_id": "31"}, "python": {"api_version": 1013, "implementation_name": "cpython", "major": 3, "micro": 5, "minor": 7, "releaselevel": "final", "serial": 0}, "thoth_deployment_name": "thoth-psi-stage", "timestamp": 1577464962}, "result": {"environment": {"implementation_name": "cpython", "implementation_version": "3.7.5", "os_name": "posix", "platform_machine": "x86_64", "platform_python_implementation": "CPython", "platform_release": "3.10.0-957.21.2.el7.x86_64", "platform_system": "Linux", "platform_version": "#1 SMP Tue May 28 09:26:43 UTC 2019", "python_full_version": "3.7.5", "python_version": "3.7", "sys_platform": "linux"}, "environment_packages": [{"package_name": "pipdeptree", "package_version": "0.13.2"}], "errors": [], "tree": [{"dependencies": [{"extra": [], "extras": [], "marker": null, "marker_evaluated": null, "marker_evaluation_error": null, "marker_evaluation_result": true, "normalized_package_name": "djangorestframework", "package_name": "djangorestframework", "resolved_versions": [{"index": "https://pypi.org/simple", "versions": ["0.1", "0.1.1", "0.2.0", "0.2.1", "0.2.2", "0.2.3", "0.2.4", "0.3.0", "0.3.1", "0.3.2", "0.3.3", "0.4.0", "2.0.0", "2.0.1", "2.0.2", "2.1.0", "2.1.1", "2.1.10", "2.1.11", "2.1.12", "2.1.13", "2.1.14", "2.1.15", "2.1.16", "2.1.17", "2.1.2", "2.1.3", "2.1.4", "2.1.5", "2.1.6", "2.1.7", "2.1.8", "2.1.9", "2.2.0", "2.2.1", "2.2.2", "2.2.3", "2.2.4", "2.2.5", "2.2.6", "2.2.7", "2.3.0", "2.3.1", "2.3.10", "2.3.11", "2.3.12", "2.3.13", "2.3.14", "2.3.2", "2.3.3", "2.3.4", "2.3.5", "2.3.6", "2.3.7", "2.3.8", "2.3.9", "2.4.0", "2.4.1", "2.4.2", "2.4.3", "2.4.4", "2.4.5", "2.4.6", "2.4.7", "2.4.8", "3.0.0", "3.0.1", "3.0.2", "3.0.3", "3.0.4", "3.0.5", "3.1.0", "3.1.1", "3.1.2", "3.1.3", "3.10.0", "3.10.1", "3.10.2", "3.10.3", "3.11.0", "3.2.0", "3.2.1", "3.2.2", "3.2.3", "3.2.4", "3.2.5", "3.3.0", "3.3.1", "3.3.2", "3.3.3", "3.4.0", "3.4.1", "3.4.2", "3.4.3", "3.4.4", "3.4.5", "3.4.6", "3.4.7", "3.5.0", "3.5.1", "3.5.2", "3.5.3", "3.5.4", "3.6.0", "3.6.1", "3.6.2", "3.6.3", "3.6.4", "3.7.0", "3.7.1", "3.7.2", "3.7.3", "3.7.4", "3.7.5", "3.7.6", "3.7.7", "3.8.0", "3.8.1", "3.8.2", "3.9.0", "3.9.1", "3.9.2", "3.9.3", "3.9.4"]}], "specifier": null}], "importlib_metadata": {"entry_points": [], "files": [{"hash": {"mode": "sha256", "value": "zuuue4knoyJ-UwPPXg8fezS7VCrXJQrAP7zeNuwvFQg"}, "path": "djangorestframework_expander-0.2.1.dist-info/INSTALLER", "size": 4}, {"hash": {"mode": "sha256", "value": "6v-GaQfj3VDPd-JTnEUI6L8UAauo-Sko0eotfnGzea0"}, "path": "djangorestframework_expander-0.2.1.dist-info/METADATA", "size": 825}, {"hash": null, "path": "djangorestframework_expander-0.2.1.dist-info/RECORD", "size": null}, {"hash": {"mode": "sha256", "value": "wYBY2EO50FhAcckpWmO3c3Zwk2MALACx6lPAl6gVKnE"}, "path": "djangorestframework_expander-0.2.1.dist-info/WHEEL", "size": 93}, {"hash": {"mode": "sha256", "value": "s9R8EqSvO6AJUyrZP6OpZ5ONcu2CBhVoWERDfcaXD74"}, "path": "djangorestframework_expander-0.2.1.dist-info/top_level.txt", "size": 9}, {"hash": {"mode": "sha256", "value": "a8UwhVtVqpw3kDYtw4mHXOcNlAlmDXbVYLDwAzfIKgM"}, "path": "expander/__init__.py", "size": 49}, {"hash": null, "path": "expander/__pycache__/__init__.cpython-37.pyc", "size": null}, {"hash": null, "path": "expander/__pycache__/parse_qs.cpython-37.pyc", "size": null}, {"hash": null, "path": "expander/__pycache__/serializers.cpython-37.pyc", "size": null}, {"hash": {"mode": "sha256", "value": "yhvF3nDGXx0k-q98y9tzEi0pVKYPwcNnJFkuLfUlrkM"}, "path": "expander/parse_qs.py", "size": 1106}, {"hash": {"mode": "sha256", "value": "C546kZYKXqhSqL2k3HmIGT19wKe2e1zywSPOHcXCx1M"}, "path": "expander/serializers.py", "size": 2045}], "metadata": {"Author": "Ryan Pineo", "Author-email": "ryanpineo@gmail.com", "Classifier": ["Environment :: Web Environment", "Framework :: Django", "Intended Audience :: Developers", "Programming Language :: Python", "Programming Language :: Python :: 2", "Programming Language :: Python :: 2.7", "Programming Language :: Python :: 3", "Programming Language :: Python :: 3.2", "Programming Language :: Python :: 3.3", "Programming Language :: Python :: 3.4"], "Home-page": "https://github.com/silverlogic/djangorestframework-expander", "License": "MIT", "Metadata-Version": "2.1", "Name": "djangorestframework-expander", "Platform": ["UNKNOWN"], "Requires-Dist": ["djangorestframework"], "Summary": "A serializer mixin for Django REST Framework to expand object representations inline", "Version": "0.2.1"}, "requires": ["djangorestframework"], "version": "0.2.1"}, "index_url": "https://pypi.org/simple", "package_name": "djangorestframework-expander", "package_version": "0.2.1", "package_version_requested": "0.2.1", "sha256": ["24384e451f181376ca109f5d55f18bbad351312c4f8be126621e6a2e234f3db2"]}], "unparsed": [], "unresolved": []}}