{"metadata": {"analyzer": "thoth-solver", "analyzer_version": "1.4.1", "arguments": {"python": {"exclude_packages": null, "index": "https://pypi.org/simple", "no_pretty": false, "no_transitive": true, "output": "http://result-api/api/v1/solver-result", "requirements": "python-mistralclient==1.0.0", "virtualenv": "/home/solver/venv"}, "thoth-solver": {"verbose": false}}, "datetime": "2019-12-27T16:46:29.071283", "distribution": {"codename": "", "id": "fedora", "like": "", "version": "31", "version_parts": {"build_number": "", "major": "31", "minor": ""}}, "document_id": "solver-fedora-31-py37-059b3c35", "duration": 4, "hostname": "solver-fedora-31-py37-059b3c35-6wcsv", "os_release": {"id": "fedora", "name": "Fedora", "platform_id": "platform:f31", "redhat_bugzilla_product": "Fedora", "redhat_bugzilla_product_version": "31", "redhat_support_product": "Fedora", "redhat_support_product_version": "31", "variant_id": "container", "version": "31 (Container Image)", "version_id": "31"}, "python": {"api_version": 1013, "implementation_name": "cpython", "major": 3, "micro": 5, "minor": 7, "releaselevel": "final", "serial": 0}, "thoth_deployment_name": "thoth-psi-stage", "timestamp": 1577465189}, "result": {"environment": {"implementation_name": "cpython", "implementation_version": "3.7.5", "os_name": "posix", "platform_machine": "x86_64", "platform_python_implementation": "CPython", "platform_release": "3.10.0-957.21.2.el7.x86_64", "platform_system": "Linux", "platform_version": "#1 SMP Tue May 28 09:26:43 UTC 2019", "python_full_version": "3.7.5", "python_version": "3.7", "sys_platform": "linux"}, "environment_packages": [{"package_name": "pipdeptree", "package_version": "0.13.2"}], "errors": [], "tree": [{"dependencies": [{"extra": [], "extras": [], "marker": null, "marker_evaluated": null, "marker_evaluation_error": null, "marker_evaluation_result": true, "normalized_package_name": "cliff", "package_name": "cliff", "resolved_versions": [{"index": "https://pypi.org/simple", "versions": ["1.13.0", "1.14.0", "1.15.0", "1.16.0", "1.17.0", "2.0.0", "2.0.1", "2.1.0", "2.10.0", "2.11.0", "2.11.1", "2.12.0", "2.12.1", "2.13.0", "2.14.0", "2.14.1", "2.15.0", "2.16.0", "2.17.0", "2.2.0", "2.3.0", "2.4.0", "2.4.1", "2.5.0", "2.6.0", "2.7.0", "2.8.0", "2.8.1", "2.8.2", "2.8.3", "2.9.0", "2.9.1"]}], "specifier": ">=1.13.0"}, {"extra": [], "extras": [], "marker": null, "marker_evaluated": null, "marker_evaluation_error": null, "marker_evaluation_result": true, "normalized_package_name": "pbr", "package_name": "pbr", "resolved_versions": [{"index": "https://pypi.org/simple", "versions": ["0.11.0", "0.11.1", "1.0.0", "1.0.1", "1.1.0", "1.1.1", "1.10.0", "1.2.0", "1.3.0", "1.4.0", "1.5.0", "1.6.0", "1.7.0", "1.8.0", "1.8.1", "1.9.0", "1.9.1"]}], "specifier": "<2.0,>=0.11"}, {"extra": [], "extras": [], "marker": null, "marker_evaluated": null, "marker_evaluation_error": null, "marker_evaluation_result": true, "normalized_package_name": "python-keystoneclient", "package_name": "python-keystoneclient", "resolved_versions": [{"index": "https://pypi.org/simple", "versions": ["1.6.0", "1.7.0", "1.7.1", "1.7.2", "1.7.3", "1.7.4", "1.8.0", "1.8.1", "2.0.0", "2.1.0", "2.1.1", "2.1.2", "2.2.0", "2.3.0", "2.3.1", "2.3.2", "3.0.0", "3.1.0", "3.10.0", "3.11.0", "3.12.0", "3.13.0", "3.13.1", "3.14.0", "3.15.0", "3.15.1", "3.16.0", "3.17.0", "3.18.0", "3.19.0", "3.2.0", "3.20.0", "3.21.0", "3.22.0", "3.3.0", "3.4.0", "3.5.0", "3.5.1", "3.6.0", "3.7.0", "3.8.0", "3.9.0"]}], "specifier": ">=1.6.0"}, {"extra": [], "extras": [], "marker": null, "marker_evaluated": null, "marker_evaluation_error": null, "marker_evaluation_result": true, "normalized_package_name": "pyyaml", "package_name": "PyYAML", "resolved_versions": [{"index": "https://pypi.org/simple", "versions": ["3.01", "3.02", "3.03", "3.04", "3.05", "3.06", "3.07", "3.08", "3.09", "3.10", "3.11", "3.12", "3.13", "5.1", "5.1.1", "5.1.2", "5.2"]}], "specifier": ">=3.1.0"}, {"extra": [], "extras": [], "marker": null, "marker_evaluated": null, "marker_evaluation_error": null, "marker_evaluation_result": true, "normalized_package_name": "requests", "package_name": "requests", "resolved_versions": [{"index": "https://pypi.org/simple", "versions": ["2.10.0", "2.11.0", "2.11.1", "2.12.0", "2.12.1", "2.12.2", "2.12.3", "2.12.4", "2.12.5", "2.13.0", "2.14.0", "2.14.1", "2.14.2", "2.15.0", "2.15.1", "2.16.0", "2.16.1", "2.16.2", "2.16.3", "2.16.4", "2.16.5", "2.17.0", "2.17.1", "2.17.2", "2.17.3", "2.18.0", "2.18.1", "2.18.2", "2.18.3", "2.18.4", "2.19.0", "2.19.1", "2.20.0", "2.20.1", "2.21.0", "2.22.0", "2.5.2", "2.5.3", "2.6.0", "2.6.1", "2.6.2", "2.7.0", "2.8.0", "2.8.1", "2.9.0", "2.9.1", "2.9.2"]}], "specifier": ">=2.5.2"}], "importlib_metadata": {"entry_points": [{"group": "console_scripts", "name": "mistral", "value": "mistralclient.shell:main"}], "files": [{"hash": {"mode": "sha256", "value": "zCoDXyfWrnRn-f6Uji8UGCKOoZRnKMzinayiepiHL7M"}, "path": "../../../bin/mistral", "size": 231}, {"hash": {"mode": "sha256", "value": "r09p_c7NvoZu9GTG13_L78ibp-hlujVy0yKle8dFvwE"}, "path": "mistralclient/__init__.py", "size": 686}, {"hash": null, "path": "mistralclient/__pycache__/__init__.cpython-37.pyc", "size": null}, {"hash": null, "path": "mistralclient/__pycache__/exceptions.cpython-37.pyc", "size": null}, {"hash": null, "path": "mistralclient/__pycache__/shell.cpython-37.pyc", "size": null}, {"hash": null, "path": "mistralclient/__pycache__/utils.cpython-37.pyc", "size": null}, {"hash": {"mode": "sha256", "value": "47DEQpj8HBSa-_TImW-5JCeuQeRkm5NMpJWZG3hSuFU"}, "path": "mistralclient/api/__init__.py", "size": 0}, {"hash": null, "path": "mistralclient/api/__pycache__/__init__.cpython-37.pyc", "size": null}, {"hash": null, "path": "mistralclient/api/__pycache__/base.cpython-37.pyc", "size": null}, {"hash": null, "path": "mistralclient/api/__pycache__/client.cpython-37.pyc", "size": null}, {"hash": null, "path": "mistralclient/api/__pycache__/httpclient.cpython-37.pyc", "size": null}, {"hash": {"mode": "sha256", "value": "ATOILnxMIQvOSGV9dcD4INDlzMIIQKLpxaM-pdSyiiQ"}, "path": "mistralclient/api/base.py", "size": 4922}, {"hash": {"mode": "sha256", "value": "vd_4yPeX2jYrY-ilbEOOUSvMtpDdikBp-n9Ntn_0Gc0"}, "path": "mistralclient/api/client.py", "size": 1643}, {"hash": {"mode": "sha256", "value": "mGjQR98VotF_D-ag01QAFvMxPUEsY-eg_SdH6UPhcys"}, "path": "mistralclient/api/httpclient.py", "size": 2610}, {"hash": {"mode": "sha256", "value": "47DEQpj8HBSa-_TImW-5JCeuQeRkm5NMpJWZG3hSuFU"}, "path": "mistralclient/api/v2/__init__.py", "size": 0}, {"hash": null, "path": "mistralclient/api/v2/__pycache__/__init__.cpython-37.pyc", "size": null}, {"hash": null, "path": "mistralclient/api/v2/__pycache__/action_executions.cpython-37.pyc", "size": null}, {"hash": null, "path": "mistralclient/api/v2/__pycache__/actions.cpython-37.pyc", "size": null}, {"hash": null, "path": "mistralclient/api/v2/__pycache__/client.cpython-37.pyc", "size": null}, {"hash": null, "path": "mistralclient/api/v2/__pycache__/cron_triggers.cpython-37.pyc", "size": null}, {"hash": null, "path": "mistralclient/api/v2/__pycache__/environments.cpython-37.pyc", "size": null}, {"hash": null, "path": "mistralclient/api/v2/__pycache__/executions.cpython-37.pyc", "size": null}, {"hash": null, "path": "mistralclient/api/v2/__pycache__/tasks.cpython-37.pyc", "size": null}, {"hash": null, "path": "mistralclient/api/v2/__pycache__/workbooks.cpython-37.pyc", "size": null}, {"hash": null, "path": "mistralclient/api/v2/__pycache__/workflows.cpython-37.pyc", "size": null}, {"hash": {"mode": "sha256", "value": "iy9a1PL7Ec-Sp9RJZxgaqZjT0cb8wnzdHLCMUJHQGZk"}, "path": "mistralclient/api/v2/action_executions.py", "size": 2163}, {"hash": {"mode": "sha256", "value": "GP7oH1nGtxWsw1y_Beduiruf8TaKGlnpu9xwyLiUKCk"}, "path": "mistralclient/api/v2/actions.py", "size": 2001}, {"hash": {"mode": "sha256", "value": "nAF39q5d3KtnNGEKZHOKmBj3MsqJQrte96DQotHNJCU"}, "path": "mistralclient/api/v2/client.py", "size": 4422}, {"hash": {"mode": "sha256", "value": "f1KagoxRvJY9o1hRKgHIdzqlXN3G6ql6-ogRFZAQSnA"}, "path": "mistralclient/api/v2/cron_triggers.py", "size": 1888}, {"hash": {"mode": "sha256", "value": "wt5HKf8l_ZLNDKN-5ocw-u90aCJCe39xsJVuOlbsQnc"}, "path": "mistralclient/api/v2/environments.py", "size": 2356}, {"hash": {"mode": "sha256", "value": "LSRZPDHr-qQ8sz4aWcmp4DzlUy21Nq0nn-2AENGytsc"}, "path": "mistralclient/api/v2/executions.py", "size": 2377}, {"hash": {"mode": "sha256", "value": "pOVCA0BJOTy8JV6Brv6saMABruHI8zN9Lh0eC_FnRCg"}, "path": "mistralclient/api/v2/tasks.py", "size": 1100}, {"hash": {"mode": "sha256", "value": "ConBrdsrjS3KC9APa7jaKD_gLjH-Iqa0rhQxMWv7m1k"}, "path": "mistralclient/api/v2/workbooks.py", "size": 2325}, {"hash": {"mode": "sha256", "value": "_3RCMETfPxVe0VpjDI_FzsaOJOgxKHqA1pmVpx8nGFE"}, "path": "mistralclient/api/v2/workflows.py", "size": 2445}, {"hash": {"mode": "sha256", "value": "47DEQpj8HBSa-_TImW-5JCeuQeRkm5NMpJWZG3hSuFU"}, "path": "mistralclient/commands/__init__.py", "size": 0}, {"hash": null, "path": "mistralclient/commands/__pycache__/__init__.cpython-37.pyc", "size": null}, {"hash": {"mode": "sha256", "value": "47DEQpj8HBSa-_TImW-5JCeuQeRkm5NMpJWZG3hSuFU"}, "path": "mistralclient/commands/v2/__init__.py", "size": 0}, {"hash": null, "path": "mistralclient/commands/v2/__pycache__/__init__.cpython-37.pyc", "size": null}, {"hash": null, "path": "mistralclient/commands/v2/__pycache__/action_executions.cpython-37.pyc", "size": null}, {"hash": null, "path": "mistralclient/commands/v2/__pycache__/actions.cpython-37.pyc", "size": null}, {"hash": null, "path": "mistralclient/commands/v2/__pycache__/base.cpython-37.pyc", "size": null}, {"hash": null, "path": "mistralclient/commands/v2/__pycache__/cron_triggers.cpython-37.pyc", "size": null}, {"hash": null, "path": "mistralclient/commands/v2/__pycache__/environments.cpython-37.pyc", "size": null}, {"hash": null, "path": "mistralclient/commands/v2/__pycache__/executions.cpython-37.pyc", "size": null}, {"hash": null, "path": "mistralclient/commands/v2/__pycache__/tasks.cpython-37.pyc", "size": null}, {"hash": null, "path": "mistralclient/commands/v2/__pycache__/workbooks.cpython-37.pyc", "size": null}, {"hash": null, "path": "mistralclient/commands/v2/__pycache__/workflows.cpython-37.pyc", "size": null}, {"hash": {"mode": "sha256", "value": "KeO8VH1P4LvnVlAX6s2E5Mx-WvtX5YclN1WlX7jyTpo"}, "path": "mistralclient/commands/v2/action_executions.py", "size": 7032}, {"hash": {"mode": "sha256", "value": "hBmUt7CpHXoFeVYW4R5ry4mGdUcalOTO68UtrBma9fg"}, "path": "mistralclient/commands/v2/actions.py", "size": 4704}, {"hash": {"mode": "sha256", "value": "EwryRDtqqqQjnQoTYS7aREY1K2oDqzXYRIGHeG9h72g"}, "path": "mistralclient/commands/v2/base.py", "size": 1531}, {"hash": {"mode": "sha256", "value": "2EtKLdLjCGX6yQEJMNUq0Yr2UB5GEmKBsNiz13B9Z7M"}, "path": "mistralclient/commands/v2/cron_triggers.py", "size": 5236}, {"hash": {"mode": "sha256", "value": "a-XLVYzMmZpe172zXDK3mfosrPogYNTxBTfGoDqvt-k"}, "path": "mistralclient/commands/v2/environments.py", "size": 4782}, {"hash": {"mode": "sha256", "value": "4VcS_lzA3LnkXvckzgxhCfLAUiNK5MXt0q9AHD0AEkc"}, "path": "mistralclient/commands/v2/executions.py", "size": 6698}, {"hash": {"mode": "sha256", "value": "piTzXH0tXqESm1NALUKNwgOzDqnmuvP2tlXsZdhIhzs"}, "path": "mistralclient/commands/v2/tasks.py", "size": 3485}, {"hash": {"mode": "sha256", "value": "eohzdqZodwcCQUFtDcrGWrOCcOJlr5Fyal6Jqr7Pj_8"}, "path": "mistralclient/commands/v2/workbooks.py", "size": 4875}, {"hash": {"mode": "sha256", "value": "2SGvsDtuIdrvmhuaiStORGeO238v4wwYRIn8XF81HEY"}, "path": "mistralclient/commands/v2/workflows.py", "size": 5316}, {"hash": {"mode": "sha256", "value": "TE2WQHhW6Sn-mzPTSHeykl_PfWeF7RVqS-hGa5CsnGw"}, "path": "mistralclient/exceptions.py", "size": 1347}, {"hash": {"mode": "sha256", "value": "47DEQpj8HBSa-_TImW-5JCeuQeRkm5NMpJWZG3hSuFU"}, "path": "mistralclient/openstack/__init__.py", "size": 0}, {"hash": null, "path": "mistralclient/openstack/__pycache__/__init__.cpython-37.pyc", "size": null}, {"hash": {"mode": "sha256", "value": "ZPnkJmTQI9-mdc5JvpyhVZE5Osim3BdhY9Kzoc6RzGo"}, "path": "mistralclient/openstack/common/__init__.py", "size": 644}, {"hash": null, "path": "mistralclient/openstack/common/__pycache__/__init__.cpython-37.pyc", "size": null}, {"hash": null, "path": "mistralclient/openstack/common/__pycache__/cliutils.cpython-37.pyc", "size": null}, {"hash": null, "path": "mistralclient/openstack/common/__pycache__/gettextutils.cpython-37.pyc", "size": null}, {"hash": null, "path": "mistralclient/openstack/common/__pycache__/importutils.cpython-37.pyc", "size": null}, {"hash": null, "path": "mistralclient/openstack/common/__pycache__/strutils.cpython-37.pyc", "size": null}, {"hash": null, "path": "mistralclient/openstack/common/__pycache__/uuidutils.cpython-37.pyc", "size": null}, {"hash": {"mode": "sha256", "value": "47DEQpj8HBSa-_TImW-5JCeuQeRkm5NMpJWZG3hSuFU"}, "path": "mistralclient/openstack/common/apiclient/__init__.py", "size": 0}, {"hash": null, "path": "mistralclient/openstack/common/apiclient/__pycache__/__init__.cpython-37.pyc", "size": null}, {"hash": null, "path": "mistralclient/openstack/common/apiclient/__pycache__/auth.cpython-37.pyc", "size": null}, {"hash": null, "path": "mistralclient/openstack/common/apiclient/__pycache__/base.cpython-37.pyc", "size": null}, {"hash": null, "path": "mistralclient/openstack/common/apiclient/__pycache__/client.cpython-37.pyc", "size": null}, {"hash": null, "path": "mistralclient/openstack/common/apiclient/__pycache__/exceptions.cpython-37.pyc", "size": null}, {"hash": null, "path": "mistralclient/openstack/common/apiclient/__pycache__/fake_client.cpython-37.pyc", "size": null}, {"hash": {"mode": "sha256", "value": "r2J3qaH4-nKisHJEOri8R-sp7o1zhdzy5m7smTq2fVs"}, "path": "mistralclient/openstack/common/apiclient/auth.py", "size": 7036}, {"hash": {"mode": "sha256", "value": "B19M2-3Ni9P5JLCDxA2_kabxEv3f65DQtU3sHjiqxdo"}, "path": "mistralclient/openstack/common/apiclient/base.py", "size": 16412}, {"hash": {"mode": "sha256", "value": "Hr6xuZxYCsa4EhL3GyZLTPVio_8eqWEEERuxds0qs44"}, "path": "mistralclient/openstack/common/apiclient/client.py", "size": 12965}, {"hash": {"mode": "sha256", "value": "DSPDHUMSiq0EEoRCNj_4FQap5QUn95ozUMOD2qAxPDU"}, "path": "mistralclient/openstack/common/apiclient/exceptions.py", "size": 12541}, {"hash": {"mode": "sha256", "value": "PAoAy-63GHJEtrkDfXxDufgBjflchrNNmu7SOleWsJ4"}, "path": "mistralclient/openstack/common/apiclient/fake_client.py", "size": 5853}, {"hash": {"mode": "sha256", "value": "sy5Xol0SXOBEiAMptPra45_Ffk24lcPEY7qRfeS_Nn0"}, "path": "mistralclient/openstack/common/cliutils.py", "size": 9344}, {"hash": {"mode": "sha256", "value": "LJyuarWfY5qCfw4bmIm8UxfWSMWJP0zUbiF54Pbel9g"}, "path": "mistralclient/openstack/common/gettextutils.py", "size": 18871}, {"hash": {"mode": "sha256", "value": "ulL1gK4-TQMnWC3kfDYFUJRFrNyDe6mqrgXHY-_KLhI"}, "path": "mistralclient/openstack/common/importutils.py", "size": 2368}, {"hash": {"mode": "sha256", "value": "6XfZ7Y7BMtqV5-HoElgoEa5SfVsxBhOa1LYGHj3RYlA"}, "path": "mistralclient/openstack/common/strutils.py", "size": 8016}, {"hash": {"mode": "sha256", "value": "Hv_aDfDvhiA3DMzEASvjuhkw1tA1LY87CcjcXhTI1e4"}, "path": "mistralclient/openstack/common/uuidutils.py", "size": 1061}, {"hash": {"mode": "sha256", "value": "Giy07dukqo-6uQG8UGUfYA1QI1txHMY_IyTuJ7q3mq4"}, "path": "mistralclient/shell.py", "size": 14441}, {"hash": {"mode": "sha256", "value": "47DEQpj8HBSa-_TImW-5JCeuQeRkm5NMpJWZG3hSuFU"}, "path": "mistralclient/tests/__init__.py", "size": 0}, {"hash": null, "path": "mistralclient/tests/__pycache__/__init__.cpython-37.pyc", "size": null}, {"hash": {"mode": "sha256", "value": "47DEQpj8HBSa-_TImW-5JCeuQeRkm5NMpJWZG3hSuFU"}, "path": "mistralclient/tests/functional/__init__.py", "size": 0}, {"hash": null, "path": "mistralclient/tests/functional/__pycache__/__init__.cpython-37.pyc", "size": null}, {"hash": {"mode": "sha256", "value": "47DEQpj8HBSa-_TImW-5JCeuQeRkm5NMpJWZG3hSuFU"}, "path": "mistralclient/tests/functional/cli/__init__.py", "size": 0}, {"hash": null, "path": "mistralclient/tests/functional/cli/__pycache__/__init__.cpython-37.pyc", "size": null}, {"hash": null, "path": "mistralclient/tests/functional/cli/__pycache__/base.cpython-37.pyc", "size": null}, {"hash": {"mode": "sha256", "value": "yxeN7GuFoqFSJ6-PPwBba53oXhtVyjGMjCU-zeeDKCE"}, "path": "mistralclient/tests/functional/cli/base.py", "size": 2451}, {"hash": {"mode": "sha256", "value": "47DEQpj8HBSa-_TImW-5JCeuQeRkm5NMpJWZG3hSuFU"}, "path": "mistralclient/tests/functional/cli/v2/__init__.py", "size": 0}, {"hash": null, "path": "mistralclient/tests/functional/cli/v2/__pycache__/__init__.cpython-37.pyc", "size": null}, {"hash": null, "path": "mistralclient/tests/functional/cli/v2/__pycache__/base_v2.cpython-37.pyc", "size": null}, {"hash": null, "path": "mistralclient/tests/functional/cli/v2/__pycache__/cli_multi_tenancy_tests.cpython-37.pyc", "size": null}, {"hash": null, "path": "mistralclient/tests/functional/cli/v2/__pycache__/cli_tests_v2.cpython-37.pyc", "size": null}, {"hash": {"mode": "sha256", "value": "AWKF6hcm7KTEkxgLa7g2cKYUFg2tki_mPGeFQWstYEs"}, "path": "mistralclient/tests/functional/cli/v2/base_v2.py", "size": 6635}, {"hash": {"mode": "sha256", "value": "aKq_37J1AuwQWu6ENqTnlw9eGobILrRcdVVmbHEIPWk"}, "path": "mistralclient/tests/functional/cli/v2/cli_multi_tenancy_tests.py", "size": 11625}, {"hash": {"mode": "sha256", "value": "8-NZXig5ZTIpqTBAoqYE02Kyza6IvDIcsSQiKibtsJ8"}, "path": "mistralclient/tests/functional/cli/v2/cli_tests_v2.py", "size": 43088}, {"hash": {"mode": "sha256", "value": "47DEQpj8HBSa-_TImW-5JCeuQeRkm5NMpJWZG3hSuFU"}, "path": "mistralclient/tests/unit/__init__.py", "size": 0}, {"hash": null, "path": "mistralclient/tests/unit/__pycache__/__init__.cpython-37.pyc", "size": null}, {"hash": null, "path": "mistralclient/tests/unit/__pycache__/base.cpython-37.pyc", "size": null}, {"hash": null, "path": "mistralclient/tests/unit/__pycache__/base_shell_test.cpython-37.pyc", "size": null}, {"hash": null, "path": "mistralclient/tests/unit/__pycache__/test_client.cpython-37.pyc", "size": null}, {"hash": null, "path": "mistralclient/tests/unit/__pycache__/test_shell.cpython-37.pyc", "size": null}, {"hash": {"mode": "sha256", "value": "DWZ38kCXs6-EKwCZ1FxI51HsJA2fU-B4g0sevFVriag"}, "path": "mistralclient/tests/unit/base.py", "size": 2432}, {"hash": {"mode": "sha256", "value": "gmv5-6ffdCn_lbPRLzQDyb1EZ2u_Bav6Omb825py3zE"}, "path": "mistralclient/tests/unit/base_shell_test.py", "size": 1501}, {"hash": {"mode": "sha256", "value": "fkST0i9oiJeQ-HnWWvTomojeR7nSvCMjQEHohtxpCvg"}, "path": "mistralclient/tests/unit/resources/ctx.json", "size": 84}, {"hash": {"mode": "sha256", "value": "Ku7Wq_ISLE8pkz9GhOHIJFE0Ddq0Iq9Z_JJt4cs9sP8"}, "path": "mistralclient/tests/unit/test_client.py", "size": 1220}, {"hash": {"mode": "sha256", "value": "FBQxUE6yrqbpWX78jUjb8THm0AdVJZ1AHehURCzZUck"}, "path": "mistralclient/tests/unit/test_shell.py", "size": 3118}, {"hash": {"mode": "sha256", "value": "47DEQpj8HBSa-_TImW-5JCeuQeRkm5NMpJWZG3hSuFU"}, "path": "mistralclient/tests/unit/v2/__init__.py", "size": 0}, {"hash": null, "path": "mistralclient/tests/unit/v2/__pycache__/__init__.cpython-37.pyc", "size": null}, {"hash": null, "path": "mistralclient/tests/unit/v2/__pycache__/base.cpython-37.pyc", "size": null}, {"hash": null, "path": "mistralclient/tests/unit/v2/__pycache__/test_action_executions.cpython-37.pyc", "size": null}, {"hash": null, "path": "mistralclient/tests/unit/v2/__pycache__/test_cli_action_execs.cpython-37.pyc", "size": null}, {"hash": null, "path": "mistralclient/tests/unit/v2/__pycache__/test_cli_actions.cpython-37.pyc", "size": null}, {"hash": null, "path": "mistralclient/tests/unit/v2/__pycache__/test_cli_bash_completion.cpython-37.pyc", "size": null}, {"hash": null, "path": "mistralclient/tests/unit/v2/__pycache__/test_cli_cron_triggers.cpython-37.pyc", "size": null}, {"hash": null, "path": "mistralclient/tests/unit/v2/__pycache__/test_cli_environments.cpython-37.pyc", "size": null}, {"hash": null, "path": "mistralclient/tests/unit/v2/__pycache__/test_cli_executions.cpython-37.pyc", "size": null}, {"hash": null, "path": "mistralclient/tests/unit/v2/__pycache__/test_cli_tasks.cpython-37.pyc", "size": null}, {"hash": null, "path": "mistralclient/tests/unit/v2/__pycache__/test_cli_workbooks.cpython-37.pyc", "size": null}, {"hash": null, "path": "mistralclient/tests/unit/v2/__pycache__/test_cli_workflows.cpython-37.pyc", "size": null}, {"hash": null, "path": "mistralclient/tests/unit/v2/__pycache__/test_environments.cpython-37.pyc", "size": null}, {"hash": null, "path": "mistralclient/tests/unit/v2/__pycache__/test_executions.cpython-37.pyc", "size": null}, {"hash": null, "path": "mistralclient/tests/unit/v2/__pycache__/test_tasks.cpython-37.pyc", "size": null}, {"hash": null, "path": "mistralclient/tests/unit/v2/__pycache__/test_workbooks.cpython-37.pyc", "size": null}, {"hash": {"mode": "sha256", "value": "hvR-rk2xoa2fE4rzTpuEI_VUWckBKtTvvb9f_PJ228c"}, "path": "mistralclient/tests/unit/v2/base.py", "size": 1260}, {"hash": {"mode": "sha256", "value": "wFnu47rPZ-iXVxOAz2bfy7Mn2WszYtRXgN3mKXX7Eoc"}, "path": "mistralclient/tests/unit/v2/test_action_executions.py", "size": 3108}, {"hash": {"mode": "sha256", "value": "o3XnBI_olB7Kgl9ByZrrzMPUOm09VHGDeIDKxXOZ-lA"}, "path": "mistralclient/tests/unit/v2/test_cli_action_execs.py", "size": 4506}, {"hash": {"mode": "sha256", "value": "H8iX-nlYw_U1lCAl2-DlUZw7DAK79G4jPCU6y_E72l8"}, "path": "mistralclient/tests/unit/v2/test_cli_actions.py", "size": 4475}, {"hash": {"mode": "sha256", "value": "RBR_86MZ6BumqWqsq3mgnt9lU1jHnl3n0Rjh_TFtkBU"}, "path": "mistralclient/tests/unit/v2/test_cli_bash_completion.py", "size": 923}, {"hash": {"mode": "sha256", "value": "oqnQAGdobcUgTF5LeJo5vzNAK2dKpAp_MpPGm591Dqw"}, "path": "mistralclient/tests/unit/v2/test_cli_cron_triggers.py", "size": 3325}, {"hash": {"mode": "sha256", "value": "IavpfQoqqxeqAglbKEOJjnvtdM8nxgaOdQuiu5JKLK4"}, "path": "mistralclient/tests/unit/v2/test_cli_environments.py", "size": 4582}, {"hash": {"mode": "sha256", "value": "SlhBGOj50EbLs2KZXwYODnO_J03nlzk7xA5MPAhFkwg"}, "path": "mistralclient/tests/unit/v2/test_cli_executions.py", "size": 3946}, {"hash": {"mode": "sha256", "value": "EiQTDKPI9xsUzJLkiWsKy0gXaTxCevARHp_ScI-7Ob0"}, "path": "mistralclient/tests/unit/v2/test_cli_tasks.py", "size": 3016}, {"hash": {"mode": "sha256", "value": "UEwQdia4Knug5RgSsuVWGyKHDvSrOLbPC1YU94hoQBc"}, "path": "mistralclient/tests/unit/v2/test_cli_workbooks.py", "size": 4455}, {"hash": {"mode": "sha256", "value": "oDU7ouKKi3RqLbbZ8t0NsuCq_kQlPuUeuprDhn8tfr0"}, "path": "mistralclient/tests/unit/v2/test_cli_workflows.py", "size": 5142}, {"hash": {"mode": "sha256", "value": "SrRJVekMwKPk33tQJWedxnjOIdHJxC4g01cn5Vb_95o"}, "path": "mistralclient/tests/unit/v2/test_environments.py", "size": 2805}, {"hash": {"mode": "sha256", "value": "CamkvdcBGQPkPOGJk3oOmPvG_wITuU_MHnqKLuHoZ-k"}, "path": "mistralclient/tests/unit/v2/test_executions.py", "size": 3412}, {"hash": {"mode": "sha256", "value": "Bupi3wQploB3XZ6Sz14kIzvxPLu09Of4KVHzgF3q8ic"}, "path": "mistralclient/tests/unit/v2/test_tasks.py", "size": 1686}, {"hash": {"mode": "sha256", "value": "g8CPsSuMl9AC7oe4bb7L25Zy7A_Ia5RFy2VtRG-GGEM"}, "path": "mistralclient/tests/unit/v2/test_workbooks.py", "size": 4839}, {"hash": {"mode": "sha256", "value": "0A5XpY9abvE7Sg8Uv2czAzV-MxQuKOAk_9VKASnNkzo"}, "path": "mistralclient/utils.py", "size": 1066}, {"hash": {"mode": "sha256", "value": "Fg-RPntGWly0K2qvfKkEnI8ZH3AF3GQReM2WcBefgTc"}, "path": "python_mistralclient-1.0.0.dist-info/AUTHORS", "size": 894}, {"hash": {"mode": "sha256", "value": "zuuue4knoyJ-UwPPXg8fezS7VCrXJQrAP7zeNuwvFQg"}, "path": "python_mistralclient-1.0.0.dist-info/INSTALLER", "size": 4}, {"hash": {"mode": "sha256", "value": "CeipvOyAZxBGUsFoaFqwkx54aPnIKEtm9a5u2uXxEws"}, "path": "python_mistralclient-1.0.0.dist-info/LICENSE", "size": 10142}, {"hash": {"mode": "sha256", "value": "_MVlTauCKPP4uZOC4KVWzWYP5GfvcyFWmZUHZYohAq8"}, "path": "python_mistralclient-1.0.0.dist-info/METADATA", "size": 1925}, {"hash": null, "path": "python_mistralclient-1.0.0.dist-info/RECORD", "size": null}, {"hash": {"mode": "sha256", "value": "wYBY2EO50FhAcckpWmO3c3Zwk2MALACx6lPAl6gVKnE"}, "path": "python_mistralclient-1.0.0.dist-info/WHEEL", "size": 93}, {"hash": {"mode": "sha256", "value": "trTNJEF5EISGaXWjPNMpE9tU0WCZ7Oe_4R37tebywJw"}, "path": "python_mistralclient-1.0.0.dist-info/entry_points.txt", "size": 54}, {"hash": {"mode": "sha256", "value": "mEgfcpI8j-dn1AyOIizSOLkXoGOIskB51WGrWE37fUU"}, "path": "python_mistralclient-1.0.0.dist-info/pbr.json", "size": 46}, {"hash": {"mode": "sha256", "value": "D9AMQbXcLOqjUG89m-b5wbDSaZ79ipHm5C0w-oWT8wQ"}, "path": "python_mistralclient-1.0.0.dist-info/top_level.txt", "size": 14}], "metadata": {"Author": "OpenStack", "Author-email": "openstack-dev@lists.openstack.org", "Classifier": ["Programming Language :: Python", "Programming Language :: Python :: 2", "Programming Language :: Python :: 2.7", "Environment :: OpenStack", "Intended Audience :: Information Technology", "Intended Audience :: System Administrators", "Operating System :: POSIX :: Linux"], "Home-page": "UNKNOWN", "License": "UNKNOWN", "Metadata-Version": "2.1", "Name": "python-mistralclient", "Platform": ["UNKNOWN"], "Requires-Dist": ["cliff (>=1.13.0)", "pbr (<2.0,>=0.11)", "python-keystoneclient (>=1.6.0)", "PyYAML (>=3.1.0)", "requests (>=2.5.2)"], "Summary": "Mistral Client Library", "Version": "1.0.0"}, "requires": ["cliff (>=1.13.0)", "pbr (<2.0,>=0.11)", "python-keystoneclient (>=1.6.0)", "PyYAML (>=3.1.0)", "requests (>=2.5.2)"], "version": "1.0.0"}, "index_url": "https://pypi.org/simple", "package_name": "python-mistralclient", "package_version": "1.0.0", "package_version_requested": "1.0.0", "sha256": ["02ded322c2a51aca67151c9c9df445d9ce44e2ed2f3d45b3575393cf098b82a9", "2038c1262a87c288653c7281974d4a478aa48d6fba6c2c2cf82302b597a89f34"]}], "unparsed": [], "unresolved": []}}