{"metadata": {"analyzer": "thoth-solver", "analyzer_version": "1.4.1", "arguments": {"python": {"exclude_packages": null, "index": "https://pypi.org/simple", "no_pretty": false, "no_transitive": true, "output": "http://result-api/api/v1/solver-result", "requirements": "ssh2-python==0.10.0", "virtualenv": "/home/solver/venv"}, "thoth-solver": {"verbose": false}}, "datetime": "2019-12-27T17:22:58.755891", "distribution": {"codename": "", "id": "fedora", "like": "", "version": "31", "version_parts": {"build_number": "", "major": "31", "minor": ""}}, "document_id": "solver-fedora-31-py37-039eb7e7", "duration": 3, "hostname": "solver-fedora-31-py37-039eb7e7-v7ktq", "os_release": {"id": "fedora", "name": "Fedora", "platform_id": "platform:f31", "redhat_bugzilla_product": "Fedora", "redhat_bugzilla_product_version": "31", "redhat_support_product": "Fedora", "redhat_support_product_version": "31", "variant_id": "container", "version": "31 (Container Image)", "version_id": "31"}, "python": {"api_version": 1013, "implementation_name": "cpython", "major": 3, "micro": 5, "minor": 7, "releaselevel": "final", "serial": 0}, "thoth_deployment_name": "thoth-psi-stage", "timestamp": 1577467378}, "result": {"environment": {"implementation_name": "cpython", "implementation_version": "3.7.5", "os_name": "posix", "platform_machine": "x86_64", "platform_python_implementation": "CPython", "platform_release": "3.10.0-957.21.2.el7.x86_64", "platform_system": "Linux", "platform_version": "#1 SMP Tue May 28 09:26:43 UTC 2019", "python_full_version": "3.7.5", "python_version": "3.7", "sys_platform": "linux"}, "environment_packages": [{"package_name": "pipdeptree", "package_version": "0.13.2"}], "errors": [{"details": {"command": "/home/solver/venv/bin/python3 -m pip install --force-reinstall --no-cache-dir --no-deps ssh2-python==0.10.0 --index-url \"https://pypi.org/simple\"  --trusted-host pypi.org", "message": "Command exited with non-zero status code (1):   ERROR: Command errored out with exit status 1:\n   command: /home/solver/venv/bin/python3 -u -c 'import sys, setuptools, tokenize; sys.argv[0] = '\"'\"'/tmp/pip-install-ou9so38o/ssh2-python/setup.py'\"'\"'; __file__='\"'\"'/tmp/pip-install-ou9so38o/ssh2-python/setup.py'\"'\"';f=getattr(tokenize, '\"'\"'open'\"'\"', open)(__file__);code=f.read().replace('\"'\"'\\r\\n'\"'\"', '\"'\"'\\n'\"'\"');f.close();exec(compile(code, __file__, '\"'\"'exec'\"'\"'))' bdist_wheel -d /tmp/pip-wheel-tqgjxn91 --python-tag cp37\n       cwd: /tmp/pip-install-ou9so38o/ssh2-python/\n  Complete output (70 lines):\n  running bdist_wheel\n  running build\n  running build_py\n  creating build\n  creating build/lib.linux-x86_64-3.7\n  creating build/lib.linux-x86_64-3.7/ssh2\n  copying ssh2/__init__.py -> build/lib.linux-x86_64-3.7/ssh2\n  copying ssh2/_version.py -> build/lib.linux-x86_64-3.7/ssh2\n  running egg_info\n  writing ssh2_python.egg-info/PKG-INFO\n  writing dependency_links to ssh2_python.egg-info/dependency_links.txt\n  writing top-level names to ssh2_python.egg-info/top_level.txt\n  reading manifest file 'ssh2_python.egg-info/SOURCES.txt'\n  reading manifest template 'MANIFEST.in'\n  warning: no previously-included files matching '*' found under directory 'docker'\n  warning: no previously-included files found matching '.travis.yml'\n  writing manifest file 'ssh2_python.egg-info/SOURCES.txt'\n  copying ssh2/__init__.pxd -> build/lib.linux-x86_64-3.7/ssh2\n  copying ssh2/agent.c -> build/lib.linux-x86_64-3.7/ssh2\n  copying ssh2/agent.pxd -> build/lib.linux-x86_64-3.7/ssh2\n  copying ssh2/agent.pyx -> build/lib.linux-x86_64-3.7/ssh2\n  copying ssh2/c_pkey.pxd -> build/lib.linux-x86_64-3.7/ssh2\n  copying ssh2/c_sftp.pxd -> build/lib.linux-x86_64-3.7/ssh2\n  copying ssh2/c_ssh2.pxd -> build/lib.linux-x86_64-3.7/ssh2\n  copying ssh2/c_stat.pxd -> build/lib.linux-x86_64-3.7/ssh2\n  copying ssh2/channel.c -> build/lib.linux-x86_64-3.7/ssh2\n  copying ssh2/channel.pxd -> build/lib.linux-x86_64-3.7/ssh2\n  copying ssh2/channel.pyx -> build/lib.linux-x86_64-3.7/ssh2\n  copying ssh2/error_codes.c -> build/lib.linux-x86_64-3.7/ssh2\n  copying ssh2/error_codes.pxd -> build/lib.linux-x86_64-3.7/ssh2\n  copying ssh2/error_codes.pyx -> build/lib.linux-x86_64-3.7/ssh2\n  copying ssh2/exceptions.c -> build/lib.linux-x86_64-3.7/ssh2\n  copying ssh2/exceptions.pyx -> build/lib.linux-x86_64-3.7/ssh2\n  copying ssh2/fileinfo.c -> build/lib.linux-x86_64-3.7/ssh2\n  copying ssh2/fileinfo.pxd -> build/lib.linux-x86_64-3.7/ssh2\n  copying ssh2/fileinfo.pyx -> build/lib.linux-x86_64-3.7/ssh2\n  copying ssh2/knownhost.c -> build/lib.linux-x86_64-3.7/ssh2\n  copying ssh2/knownhost.pxd -> build/lib.linux-x86_64-3.7/ssh2\n  copying ssh2/knownhost.pyx -> build/lib.linux-x86_64-3.7/ssh2\n  copying ssh2/listener.c -> build/lib.linux-x86_64-3.7/ssh2\n  copying ssh2/listener.pxd -> build/lib.linux-x86_64-3.7/ssh2\n  copying ssh2/listener.pyx -> build/lib.linux-x86_64-3.7/ssh2\n  copying ssh2/pkey.c -> build/lib.linux-x86_64-3.7/ssh2\n  copying ssh2/pkey.pxd -> build/lib.linux-x86_64-3.7/ssh2\n  copying ssh2/pkey.pyx -> build/lib.linux-x86_64-3.7/ssh2\n  copying ssh2/publickey.c -> build/lib.linux-x86_64-3.7/ssh2\n  copying ssh2/publickey.pxd -> build/lib.linux-x86_64-3.7/ssh2\n  copying ssh2/publickey.pyx -> build/lib.linux-x86_64-3.7/ssh2\n  copying ssh2/session.c -> build/lib.linux-x86_64-3.7/ssh2\n  copying ssh2/session.pxd -> build/lib.linux-x86_64-3.7/ssh2\n  copying ssh2/session.pyx -> build/lib.linux-x86_64-3.7/ssh2\n  copying ssh2/sftp.c -> build/lib.linux-x86_64-3.7/ssh2\n  copying ssh2/sftp.pxd -> build/lib.linux-x86_64-3.7/ssh2\n  copying ssh2/sftp.pyx -> build/lib.linux-x86_64-3.7/ssh2\n  copying ssh2/sftp_handle.c -> build/lib.linux-x86_64-3.7/ssh2\n  copying ssh2/sftp_handle.pxd -> build/lib.linux-x86_64-3.7/ssh2\n  copying ssh2/sftp_handle.pyx -> build/lib.linux-x86_64-3.7/ssh2\n  copying ssh2/statinfo.c -> build/lib.linux-x86_64-3.7/ssh2\n  copying ssh2/statinfo.pxd -> build/lib.linux-x86_64-3.7/ssh2\n  copying ssh2/statinfo.pyx -> build/lib.linux-x86_64-3.7/ssh2\n  copying ssh2/utils.c -> build/lib.linux-x86_64-3.7/ssh2\n  copying ssh2/utils.pxd -> build/lib.linux-x86_64-3.7/ssh2\n  copying ssh2/utils.pyx -> build/lib.linux-x86_64-3.7/ssh2\n  running build_ext\n  building 'ssh2.listener' extension\n  creating build/temp.linux-x86_64-3.7\n  creating build/temp.linux-x86_64-3.7/ssh2\n  gcc -pthread -Wno-unused-result -Wsign-compare -DDYNAMIC_ANNOTATIONS_ENABLED=1 -DNDEBUG -O2 -g -pipe -Wall -Werror=format-security -Wp,-D_FORTIFY_SOURCE=2 -Wp,-D_GLIBCXX_ASSERTIONS -fexceptions -fstack-protector-strong -grecord-gcc-switches -m64 -mtune=generic -fasynchronous-unwind-tables -fstack-clash-protection -fcf-protection -D_GNU_SOURCE -fPIC -fwrapv -fPIC -Ilibssh2/include -I/usr/include/python3.7m -c ssh2/listener.c -o build/temp.linux-x86_64-3.7/ssh2/listener.o -O3\n  unable to execute 'gcc': No such file or directory\n  error: command 'gcc' failed with exit status 1\n  ----------------------------------------\n  ERROR: Failed building wheel for ssh2-python\n    ERROR: Command errored out with exit status 1:\n     command: /home/solver/venv/bin/python3 -u -c 'import sys, setuptools, tokenize; sys.argv[0] = '\"'\"'/tmp/pip-install-ou9so38o/ssh2-python/setup.py'\"'\"'; __file__='\"'\"'/tmp/pip-install-ou9so38o/ssh2-python/setup.py'\"'\"';f=getattr(tokenize, '\"'\"'open'\"'\"', open)(__file__);code=f.read().replace('\"'\"'\\r\\n'\"'\"', '\"'\"'\\n'\"'\"');f.close();exec(compile(code, __file__, '\"'\"'exec'\"'\"'))' install --record /tmp/pip-record-ksnqzzw9/install-record.txt --single-version-externally-managed --compile --install-headers /home/solver/venv/include/site/python3.7/ssh2-python\n         cwd: /tmp/pip-install-ou9so38o/ssh2-python/\n    Complete output (70 lines):\n    running install\n    running build\n    running build_py\n    creating build\n    creating build/lib.linux-x86_64-3.7\n    creating build/lib.linux-x86_64-3.7/ssh2\n    copying ssh2/__init__.py -> build/lib.linux-x86_64-3.7/ssh2\n    copying ssh2/_version.py -> build/lib.linux-x86_64-3.7/ssh2\n    running egg_info\n    writing ssh2_python.egg-info/PKG-INFO\n    writing dependency_links to ssh2_python.egg-info/dependency_links.txt\n    writing top-level names to ssh2_python.egg-info/top_level.txt\n    reading manifest file 'ssh2_python.egg-info/SOURCES.txt'\n    reading manifest template 'MANIFEST.in'\n    warning: no previously-included files matching '*' found under directory 'docker'\n    warning: no previously-included files found matching '.travis.yml'\n    writing manifest file 'ssh2_python.egg-info/SOURCES.txt'\n    copying ssh2/__init__.pxd -> build/lib.linux-x86_64-3.7/ssh2\n    copying ssh2/agent.c -> build/lib.linux-x86_64-3.7/ssh2\n    copying ssh2/agent.pxd -> build/lib.linux-x86_64-3.7/ssh2\n    copying ssh2/agent.pyx -> build/lib.linux-x86_64-3.7/ssh2\n    copying ssh2/c_pkey.pxd -> build/lib.linux-x86_64-3.7/ssh2\n    copying ssh2/c_sftp.pxd -> build/lib.linux-x86_64-3.7/ssh2\n    copying ssh2/c_ssh2.pxd -> build/lib.linux-x86_64-3.7/ssh2\n    copying ssh2/c_stat.pxd -> build/lib.linux-x86_64-3.7/ssh2\n    copying ssh2/channel.c -> build/lib.linux-x86_64-3.7/ssh2\n    copying ssh2/channel.pxd -> build/lib.linux-x86_64-3.7/ssh2\n    copying ssh2/channel.pyx -> build/lib.linux-x86_64-3.7/ssh2\n    copying ssh2/error_codes.c -> build/lib.linux-x86_64-3.7/ssh2\n    copying ssh2/error_codes.pxd -> build/lib.linux-x86_64-3.7/ssh2\n    copying ssh2/error_codes.pyx -> build/lib.linux-x86_64-3.7/ssh2\n    copying ssh2/exceptions.c -> build/lib.linux-x86_64-3.7/ssh2\n    copying ssh2/exceptions.pyx -> build/lib.linux-x86_64-3.7/ssh2\n    copying ssh2/fileinfo.c -> build/lib.linux-x86_64-3.7/ssh2\n    copying ssh2/fileinfo.pxd -> build/lib.linux-x86_64-3.7/ssh2\n    copying ssh2/fileinfo.pyx -> build/lib.linux-x86_64-3.7/ssh2\n    copying ssh2/knownhost.c -> build/lib.linux-x86_64-3.7/ssh2\n    copying ssh2/knownhost.pxd -> build/lib.linux-x86_64-3.7/ssh2\n    copying ssh2/knownhost.pyx -> build/lib.linux-x86_64-3.7/ssh2\n    copying ssh2/listener.c -> build/lib.linux-x86_64-3.7/ssh2\n    copying ssh2/listener.pxd -> build/lib.linux-x86_64-3.7/ssh2\n    copying ssh2/listener.pyx -> build/lib.linux-x86_64-3.7/ssh2\n    copying ssh2/pkey.c -> build/lib.linux-x86_64-3.7/ssh2\n    copying ssh2/pkey.pxd -> build/lib.linux-x86_64-3.7/ssh2\n    copying ssh2/pkey.pyx -> build/lib.linux-x86_64-3.7/ssh2\n    copying ssh2/publickey.c -> build/lib.linux-x86_64-3.7/ssh2\n    copying ssh2/publickey.pxd -> build/lib.linux-x86_64-3.7/ssh2\n    copying ssh2/publickey.pyx -> build/lib.linux-x86_64-3.7/ssh2\n    copying ssh2/session.c -> build/lib.linux-x86_64-3.7/ssh2\n    copying ssh2/session.pxd -> build/lib.linux-x86_64-3.7/ssh2\n    copying ssh2/session.pyx -> build/lib.linux-x86_64-3.7/ssh2\n    copying ssh2/sftp.c -> build/lib.linux-x86_64-3.7/ssh2\n    copying ssh2/sftp.pxd -> build/lib.linux-x86_64-3.7/ssh2\n    copying ssh2/sftp.pyx -> build/lib.linux-x86_64-3.7/ssh2\n    copying ssh2/sftp_handle.c -> build/lib.linux-x86_64-3.7/ssh2\n    copying ssh2/sftp_handle.pxd -> build/lib.linux-x86_64-3.7/ssh2\n    copying ssh2/sftp_handle.pyx -> build/lib.linux-x86_64-3.7/ssh2\n    copying ssh2/statinfo.c -> build/lib.linux-x86_64-3.7/ssh2\n    copying ssh2/statinfo.pxd -> build/lib.linux-x86_64-3.7/ssh2\n    copying ssh2/statinfo.pyx -> build/lib.linux-x86_64-3.7/ssh2\n    copying ssh2/utils.c -> build/lib.linux-x86_64-3.7/ssh2\n    copying ssh2/utils.pxd -> build/lib.linux-x86_64-3.7/ssh2\n    copying ssh2/utils.pyx -> build/lib.linux-x86_64-3.7/ssh2\n    running build_ext\n    building 'ssh2.listener' extension\n    creating build/temp.linux-x86_64-3.7\n    creating build/temp.linux-x86_64-3.7/ssh2\n    gcc -pthread -Wno-unused-result -Wsign-compare -DDYNAMIC_ANNOTATIONS_ENABLED=1 -DNDEBUG -O2 -g -pipe -Wall -Werror=format-security -Wp,-D_FORTIFY_SOURCE=2 -Wp,-D_GLIBCXX_ASSERTIONS -fexceptions -fstack-protector-strong -grecord-gcc-switches -m64 -mtune=generic -fasynchronous-unwind-tables -fstack-clash-protection -fcf-protection -D_GNU_SOURCE -fPIC -fwrapv -fPIC -Ilibssh2/include -I/usr/include/python3.7m -c ssh2/listener.c -o build/temp.linux-x86_64-3.7/ssh2/listener.o -O3\n    unable to execute 'gcc': No such file or directory\n    error: command 'gcc' failed with exit status 1\n    ----------------------------------------\nERROR: Command errored out with exit status 1: /home/solver/venv/bin/python3 -u -c 'import sys, setuptools, tokenize; sys.argv[0] = '\"'\"'/tmp/pip-install-ou9so38o/ssh2-python/setup.py'\"'\"'; __file__='\"'\"'/tmp/pip-install-ou9so38o/ssh2-python/setup.py'\"'\"';f=getattr(tokenize, '\"'\"'open'\"'\"', open)(__file__);code=f.read().replace('\"'\"'\\r\\n'\"'\"', '\"'\"'\\n'\"'\"');f.close();exec(compile(code, __file__, '\"'\"'exec'\"'\"'))' install --record /tmp/pip-record-ksnqzzw9/install-record.txt --single-version-externally-managed --compile --install-headers /home/solver/venv/include/site/python3.7/ssh2-python Check the logs for full command output.\n", "return_code": 1, "stderr": "  ERROR: Command errored out with exit status 1:\n   command: /home/solver/venv/bin/python3 -u -c 'import sys, setuptools, tokenize; sys.argv[0] = '\"'\"'/tmp/pip-install-ou9so38o/ssh2-python/setup.py'\"'\"'; __file__='\"'\"'/tmp/pip-install-ou9so38o/ssh2-python/setup.py'\"'\"';f=getattr(tokenize, '\"'\"'open'\"'\"', open)(__file__);code=f.read().replace('\"'\"'\\r\\n'\"'\"', '\"'\"'\\n'\"'\"');f.close();exec(compile(code, __file__, '\"'\"'exec'\"'\"'))' bdist_wheel -d /tmp/pip-wheel-tqgjxn91 --python-tag cp37\n       cwd: /tmp/pip-install-ou9so38o/ssh2-python/\n  Complete output (70 lines):\n  running bdist_wheel\n  running build\n  running build_py\n  creating build\n  creating build/lib.linux-x86_64-3.7\n  creating build/lib.linux-x86_64-3.7/ssh2\n  copying ssh2/__init__.py -> build/lib.linux-x86_64-3.7/ssh2\n  copying ssh2/_version.py -> build/lib.linux-x86_64-3.7/ssh2\n  running egg_info\n  writing ssh2_python.egg-info/PKG-INFO\n  writing dependency_links to ssh2_python.egg-info/dependency_links.txt\n  writing top-level names to ssh2_python.egg-info/top_level.txt\n  reading manifest file 'ssh2_python.egg-info/SOURCES.txt'\n  reading manifest template 'MANIFEST.in'\n  warning: no previously-included files matching '*' found under directory 'docker'\n  warning: no previously-included files found matching '.travis.yml'\n  writing manifest file 'ssh2_python.egg-info/SOURCES.txt'\n  copying ssh2/__init__.pxd -> build/lib.linux-x86_64-3.7/ssh2\n  copying ssh2/agent.c -> build/lib.linux-x86_64-3.7/ssh2\n  copying ssh2/agent.pxd -> build/lib.linux-x86_64-3.7/ssh2\n  copying ssh2/agent.pyx -> build/lib.linux-x86_64-3.7/ssh2\n  copying ssh2/c_pkey.pxd -> build/lib.linux-x86_64-3.7/ssh2\n  copying ssh2/c_sftp.pxd -> build/lib.linux-x86_64-3.7/ssh2\n  copying ssh2/c_ssh2.pxd -> build/lib.linux-x86_64-3.7/ssh2\n  copying ssh2/c_stat.pxd -> build/lib.linux-x86_64-3.7/ssh2\n  copying ssh2/channel.c -> build/lib.linux-x86_64-3.7/ssh2\n  copying ssh2/channel.pxd -> build/lib.linux-x86_64-3.7/ssh2\n  copying ssh2/channel.pyx -> build/lib.linux-x86_64-3.7/ssh2\n  copying ssh2/error_codes.c -> build/lib.linux-x86_64-3.7/ssh2\n  copying ssh2/error_codes.pxd -> build/lib.linux-x86_64-3.7/ssh2\n  copying ssh2/error_codes.pyx -> build/lib.linux-x86_64-3.7/ssh2\n  copying ssh2/exceptions.c -> build/lib.linux-x86_64-3.7/ssh2\n  copying ssh2/exceptions.pyx -> build/lib.linux-x86_64-3.7/ssh2\n  copying ssh2/fileinfo.c -> build/lib.linux-x86_64-3.7/ssh2\n  copying ssh2/fileinfo.pxd -> build/lib.linux-x86_64-3.7/ssh2\n  copying ssh2/fileinfo.pyx -> build/lib.linux-x86_64-3.7/ssh2\n  copying ssh2/knownhost.c -> build/lib.linux-x86_64-3.7/ssh2\n  copying ssh2/knownhost.pxd -> build/lib.linux-x86_64-3.7/ssh2\n  copying ssh2/knownhost.pyx -> build/lib.linux-x86_64-3.7/ssh2\n  copying ssh2/listener.c -> build/lib.linux-x86_64-3.7/ssh2\n  copying ssh2/listener.pxd -> build/lib.linux-x86_64-3.7/ssh2\n  copying ssh2/listener.pyx -> build/lib.linux-x86_64-3.7/ssh2\n  copying ssh2/pkey.c -> build/lib.linux-x86_64-3.7/ssh2\n  copying ssh2/pkey.pxd -> build/lib.linux-x86_64-3.7/ssh2\n  copying ssh2/pkey.pyx -> build/lib.linux-x86_64-3.7/ssh2\n  copying ssh2/publickey.c -> build/lib.linux-x86_64-3.7/ssh2\n  copying ssh2/publickey.pxd -> build/lib.linux-x86_64-3.7/ssh2\n  copying ssh2/publickey.pyx -> build/lib.linux-x86_64-3.7/ssh2\n  copying ssh2/session.c -> build/lib.linux-x86_64-3.7/ssh2\n  copying ssh2/session.pxd -> build/lib.linux-x86_64-3.7/ssh2\n  copying ssh2/session.pyx -> build/lib.linux-x86_64-3.7/ssh2\n  copying ssh2/sftp.c -> build/lib.linux-x86_64-3.7/ssh2\n  copying ssh2/sftp.pxd -> build/lib.linux-x86_64-3.7/ssh2\n  copying ssh2/sftp.pyx -> build/lib.linux-x86_64-3.7/ssh2\n  copying ssh2/sftp_handle.c -> build/lib.linux-x86_64-3.7/ssh2\n  copying ssh2/sftp_handle.pxd -> build/lib.linux-x86_64-3.7/ssh2\n  copying ssh2/sftp_handle.pyx -> build/lib.linux-x86_64-3.7/ssh2\n  copying ssh2/statinfo.c -> build/lib.linux-x86_64-3.7/ssh2\n  copying ssh2/statinfo.pxd -> build/lib.linux-x86_64-3.7/ssh2\n  copying ssh2/statinfo.pyx -> build/lib.linux-x86_64-3.7/ssh2\n  copying ssh2/utils.c -> build/lib.linux-x86_64-3.7/ssh2\n  copying ssh2/utils.pxd -> build/lib.linux-x86_64-3.7/ssh2\n  copying ssh2/utils.pyx -> build/lib.linux-x86_64-3.7/ssh2\n  running build_ext\n  building 'ssh2.listener' extension\n  creating build/temp.linux-x86_64-3.7\n  creating build/temp.linux-x86_64-3.7/ssh2\n  gcc -pthread -Wno-unused-result -Wsign-compare -DDYNAMIC_ANNOTATIONS_ENABLED=1 -DNDEBUG -O2 -g -pipe -Wall -Werror=format-security -Wp,-D_FORTIFY_SOURCE=2 -Wp,-D_GLIBCXX_ASSERTIONS -fexceptions -fstack-protector-strong -grecord-gcc-switches -m64 -mtune=generic -fasynchronous-unwind-tables -fstack-clash-protection -fcf-protection -D_GNU_SOURCE -fPIC -fwrapv -fPIC -Ilibssh2/include -I/usr/include/python3.7m -c ssh2/listener.c -o build/temp.linux-x86_64-3.7/ssh2/listener.o -O3\n  unable to execute 'gcc': No such file or directory\n  error: command 'gcc' failed with exit status 1\n  ----------------------------------------\n  ERROR: Failed building wheel for ssh2-python\n    ERROR: Command errored out with exit status 1:\n     command: /home/solver/venv/bin/python3 -u -c 'import sys, setuptools, tokenize; sys.argv[0] = '\"'\"'/tmp/pip-install-ou9so38o/ssh2-python/setup.py'\"'\"'; __file__='\"'\"'/tmp/pip-install-ou9so38o/ssh2-python/setup.py'\"'\"';f=getattr(tokenize, '\"'\"'open'\"'\"', open)(__file__);code=f.read().replace('\"'\"'\\r\\n'\"'\"', '\"'\"'\\n'\"'\"');f.close();exec(compile(code, __file__, '\"'\"'exec'\"'\"'))' install --record /tmp/pip-record-ksnqzzw9/install-record.txt --single-version-externally-managed --compile --install-headers /home/solver/venv/include/site/python3.7/ssh2-python\n         cwd: /tmp/pip-install-ou9so38o/ssh2-python/\n    Complete output (70 lines):\n    running install\n    running build\n    running build_py\n    creating build\n    creating build/lib.linux-x86_64-3.7\n    creating build/lib.linux-x86_64-3.7/ssh2\n    copying ssh2/__init__.py -> build/lib.linux-x86_64-3.7/ssh2\n    copying ssh2/_version.py -> build/lib.linux-x86_64-3.7/ssh2\n    running egg_info\n    writing ssh2_python.egg-info/PKG-INFO\n    writing dependency_links to ssh2_python.egg-info/dependency_links.txt\n    writing top-level names to ssh2_python.egg-info/top_level.txt\n    reading manifest file 'ssh2_python.egg-info/SOURCES.txt'\n    reading manifest template 'MANIFEST.in'\n    warning: no previously-included files matching '*' found under directory 'docker'\n    warning: no previously-included files found matching '.travis.yml'\n    writing manifest file 'ssh2_python.egg-info/SOURCES.txt'\n    copying ssh2/__init__.pxd -> build/lib.linux-x86_64-3.7/ssh2\n    copying ssh2/agent.c -> build/lib.linux-x86_64-3.7/ssh2\n    copying ssh2/agent.pxd -> build/lib.linux-x86_64-3.7/ssh2\n    copying ssh2/agent.pyx -> build/lib.linux-x86_64-3.7/ssh2\n    copying ssh2/c_pkey.pxd -> build/lib.linux-x86_64-3.7/ssh2\n    copying ssh2/c_sftp.pxd -> build/lib.linux-x86_64-3.7/ssh2\n    copying ssh2/c_ssh2.pxd -> build/lib.linux-x86_64-3.7/ssh2\n    copying ssh2/c_stat.pxd -> build/lib.linux-x86_64-3.7/ssh2\n    copying ssh2/channel.c -> build/lib.linux-x86_64-3.7/ssh2\n    copying ssh2/channel.pxd -> build/lib.linux-x86_64-3.7/ssh2\n    copying ssh2/channel.pyx -> build/lib.linux-x86_64-3.7/ssh2\n    copying ssh2/error_codes.c -> build/lib.linux-x86_64-3.7/ssh2\n    copying ssh2/error_codes.pxd -> build/lib.linux-x86_64-3.7/ssh2\n    copying ssh2/error_codes.pyx -> build/lib.linux-x86_64-3.7/ssh2\n    copying ssh2/exceptions.c -> build/lib.linux-x86_64-3.7/ssh2\n    copying ssh2/exceptions.pyx -> build/lib.linux-x86_64-3.7/ssh2\n    copying ssh2/fileinfo.c -> build/lib.linux-x86_64-3.7/ssh2\n    copying ssh2/fileinfo.pxd -> build/lib.linux-x86_64-3.7/ssh2\n    copying ssh2/fileinfo.pyx -> build/lib.linux-x86_64-3.7/ssh2\n    copying ssh2/knownhost.c -> build/lib.linux-x86_64-3.7/ssh2\n    copying ssh2/knownhost.pxd -> build/lib.linux-x86_64-3.7/ssh2\n    copying ssh2/knownhost.pyx -> build/lib.linux-x86_64-3.7/ssh2\n    copying ssh2/listener.c -> build/lib.linux-x86_64-3.7/ssh2\n    copying ssh2/listener.pxd -> build/lib.linux-x86_64-3.7/ssh2\n    copying ssh2/listener.pyx -> build/lib.linux-x86_64-3.7/ssh2\n    copying ssh2/pkey.c -> build/lib.linux-x86_64-3.7/ssh2\n    copying ssh2/pkey.pxd -> build/lib.linux-x86_64-3.7/ssh2\n    copying ssh2/pkey.pyx -> build/lib.linux-x86_64-3.7/ssh2\n    copying ssh2/publickey.c -> build/lib.linux-x86_64-3.7/ssh2\n    copying ssh2/publickey.pxd -> build/lib.linux-x86_64-3.7/ssh2\n    copying ssh2/publickey.pyx -> build/lib.linux-x86_64-3.7/ssh2\n    copying ssh2/session.c -> build/lib.linux-x86_64-3.7/ssh2\n    copying ssh2/session.pxd -> build/lib.linux-x86_64-3.7/ssh2\n    copying ssh2/session.pyx -> build/lib.linux-x86_64-3.7/ssh2\n    copying ssh2/sftp.c -> build/lib.linux-x86_64-3.7/ssh2\n    copying ssh2/sftp.pxd -> build/lib.linux-x86_64-3.7/ssh2\n    copying ssh2/sftp.pyx -> build/lib.linux-x86_64-3.7/ssh2\n    copying ssh2/sftp_handle.c -> build/lib.linux-x86_64-3.7/ssh2\n    copying ssh2/sftp_handle.pxd -> build/lib.linux-x86_64-3.7/ssh2\n    copying ssh2/sftp_handle.pyx -> build/lib.linux-x86_64-3.7/ssh2\n    copying ssh2/statinfo.c -> build/lib.linux-x86_64-3.7/ssh2\n    copying ssh2/statinfo.pxd -> build/lib.linux-x86_64-3.7/ssh2\n    copying ssh2/statinfo.pyx -> build/lib.linux-x86_64-3.7/ssh2\n    copying ssh2/utils.c -> build/lib.linux-x86_64-3.7/ssh2\n    copying ssh2/utils.pxd -> build/lib.linux-x86_64-3.7/ssh2\n    copying ssh2/utils.pyx -> build/lib.linux-x86_64-3.7/ssh2\n    running build_ext\n    building 'ssh2.listener' extension\n    creating build/temp.linux-x86_64-3.7\n    creating build/temp.linux-x86_64-3.7/ssh2\n    gcc -pthread -Wno-unused-result -Wsign-compare -DDYNAMIC_ANNOTATIONS_ENABLED=1 -DNDEBUG -O2 -g -pipe -Wall -Werror=format-security -Wp,-D_FORTIFY_SOURCE=2 -Wp,-D_GLIBCXX_ASSERTIONS -fexceptions -fstack-protector-strong -grecord-gcc-switches -m64 -mtune=generic -fasynchronous-unwind-tables -fstack-clash-protection -fcf-protection -D_GNU_SOURCE -fPIC -fwrapv -fPIC -Ilibssh2/include -I/usr/include/python3.7m -c ssh2/listener.c -o build/temp.linux-x86_64-3.7/ssh2/listener.o -O3\n    unable to execute 'gcc': No such file or directory\n    error: command 'gcc' failed with exit status 1\n    ----------------------------------------\nERROR: Command errored out with exit status 1: /home/solver/venv/bin/python3 -u -c 'import sys, setuptools, tokenize; sys.argv[0] = '\"'\"'/tmp/pip-install-ou9so38o/ssh2-python/setup.py'\"'\"'; __file__='\"'\"'/tmp/pip-install-ou9so38o/ssh2-python/setup.py'\"'\"';f=getattr(tokenize, '\"'\"'open'\"'\"', open)(__file__);code=f.read().replace('\"'\"'\\r\\n'\"'\"', '\"'\"'\\n'\"'\"');f.close();exec(compile(code, __file__, '\"'\"'exec'\"'\"'))' install --record /tmp/pip-record-ksnqzzw9/install-record.txt --single-version-externally-managed --compile --install-headers /home/solver/venv/include/site/python3.7/ssh2-python Check the logs for full command output.\n", "stdout": "Collecting ssh2-python==0.10.0\n  Downloading https://files.pythonhosted.org/packages/52/76/a52da272c7441a0a2cd0980435c30362326804979e8d3940dcccaf00c4d4/ssh2-python-0.10.0.tar.gz (533kB)\nBuilding wheels for collected packages: ssh2-python\n  Building wheel for ssh2-python (setup.py): started\n  Building wheel for ssh2-python (setup.py): finished with status 'error'\n  Running setup.py clean for ssh2-python\nFailed to build ssh2-python\nInstalling collected packages: ssh2-python\n    Running setup.py install for ssh2-python: started\n    Running setup.py install for ssh2-python: finished with status 'error'\n", "timeout": 60}, "index_url": "https://pypi.org/simple", "is_provided_package": true, "is_provided_package_version": true, "package_name": "ssh2-python", "package_version": "0.10.0", "type": "command_error"}], "tree": [], "unparsed": [], "unresolved": []}}