{"metadata": {"analyzer": "thoth-solver", "analyzer_version": "1.4.1", "arguments": {"python": {"exclude_packages": null, "index": "https://pypi.org/simple", "no_pretty": false, "no_transitive": true, "output": "http://result-api/api/v1/solver-result", "requirements": "google-cloud-storage==1.22.0", "virtualenv": "/home/solver/venv"}, "thoth-solver": {"verbose": false}}, "datetime": "2019-12-24T16:49:18.988873", "distribution": {"codename": "", "id": "fedora", "like": "", "version": "31", "version_parts": {"build_number": "", "major": "31", "minor": ""}}, "document_id": "solver-fedora-31-py37-02d242a2", "duration": 2, "hostname": "solver-fedora-31-py37-02d242a2-w9m2k", "os_release": {"id": "fedora", "name": "Fedora", "platform_id": "platform:f31", "redhat_bugzilla_product": "Fedora", "redhat_bugzilla_product_version": "31", "redhat_support_product": "Fedora", "redhat_support_product_version": "31", "variant_id": "container", "version": "31 (Container Image)", "version_id": "31"}, "python": {"api_version": 1013, "implementation_name": "cpython", "major": 3, "micro": 5, "minor": 7, "releaselevel": "final", "serial": 0}, "thoth_deployment_name": "thoth-psi-stage", "timestamp": 1577206158}, "result": {"environment": {"implementation_name": "cpython", "implementation_version": "3.7.5", "os_name": "posix", "platform_machine": "x86_64", "platform_python_implementation": "CPython", "platform_release": "3.10.0-957.21.2.el7.x86_64", "platform_system": "Linux", "platform_version": "#1 SMP Tue May 28 09:26:43 UTC 2019", "python_full_version": "3.7.5", "python_version": "3.7", "sys_platform": "linux"}, "environment_packages": [{"package_name": "pipdeptree", "package_version": "0.13.2"}], "errors": [], "tree": [{"dependencies": [{"extra": [], "extras": [], "marker": null, "marker_evaluated": null, "marker_evaluation_error": null, "marker_evaluation_result": true, "normalized_package_name": "google-auth", "package_name": "google-auth", "resolved_versions": [{"index": "https://pypi.org/simple", "versions": ["1.10.0", "1.2.0", "1.2.1", "1.3.0", "1.4.0", "1.4.1", "1.4.2", "1.5.0", "1.5.1", "1.6.0", "1.6.1", "1.6.2", "1.6.3", "1.7.0", "1.7.1", "1.7.2", "1.8.0", "1.8.1", "1.8.2", "1.9.0"]}], "specifier": ">=1.2.0"}, {"extra": [], "extras": [], "marker": null, "marker_evaluated": null, "marker_evaluation_error": null, "marker_evaluation_result": true, "normalized_package_name": "google-cloud-core", "package_name": "google-cloud-core", "resolved_versions": [{"index": "https://pypi.org/simple", "versions": ["1.0.3", "1.1.0"]}], "specifier": "<2.0dev,>=1.0.3"}, {"extra": [], "extras": [], "marker": null, "marker_evaluated": null, "marker_evaluation_error": null, "marker_evaluation_result": true, "normalized_package_name": "google-resumable-media", "package_name": "google-resumable-media", "resolved_versions": [{"index": "https://pypi.org/simple", "versions": ["0.3.1", "0.3.2", "0.3.3", "0.4.1"]}], "specifier": "!=0.4.0,<0.5dev,>=0.3.1"}], "importlib_metadata": {"entry_points": [], "files": [{"hash": {"mode": "sha256", "value": "WZNABayudeNf740HMbOrlWYZRogkm4X2hezj4hDOULY"}, "path": "google/cloud/storage/__init__.py", "size": 1504}, {"hash": null, "path": "google/cloud/storage/__pycache__/__init__.cpython-37.pyc", "size": null}, {"hash": null, "path": "google/cloud/storage/__pycache__/_helpers.cpython-37.pyc", "size": null}, {"hash": null, "path": "google/cloud/storage/__pycache__/_http.cpython-37.pyc", "size": null}, {"hash": null, "path": "google/cloud/storage/__pycache__/_signing.cpython-37.pyc", "size": null}, {"hash": null, "path": "google/cloud/storage/__pycache__/acl.cpython-37.pyc", "size": null}, {"hash": null, "path": "google/cloud/storage/__pycache__/batch.cpython-37.pyc", "size": null}, {"hash": null, "path": "google/cloud/storage/__pycache__/blob.cpython-37.pyc", "size": null}, {"hash": null, "path": "google/cloud/storage/__pycache__/bucket.cpython-37.pyc", "size": null}, {"hash": null, "path": "google/cloud/storage/__pycache__/client.cpython-37.pyc", "size": null}, {"hash": null, "path": "google/cloud/storage/__pycache__/constants.cpython-37.pyc", "size": null}, {"hash": null, "path": "google/cloud/storage/__pycache__/hmac_key.cpython-37.pyc", "size": null}, {"hash": null, "path": "google/cloud/storage/__pycache__/iam.cpython-37.pyc", "size": null}, {"hash": null, "path": "google/cloud/storage/__pycache__/notification.cpython-37.pyc", "size": null}, {"hash": {"mode": "sha256", "value": "ODLKqAXB5Ldl9n51cx1Su_SSNvb7ngwGUNxDKuUAvbY"}, "path": "google/cloud/storage/_helpers.py", "size": 8986}, {"hash": {"mode": "sha256", "value": "OXWZRJJHV0ZRXIKeQu5Ukhc9ufzCAIyHVRGCTmJQbTM"}, "path": "google/cloud/storage/_http.py", "size": 1913}, {"hash": {"mode": "sha256", "value": "QHtj7jbILgjNUnBUb7ezGdzD5LxeYMxkd7pE7_TJp28"}, "path": "google/cloud/storage/_signing.py", "size": 21244}, {"hash": {"mode": "sha256", "value": "q_NHMeh8x7bWDWmXfWbiWCXLzyoJwqCZOMnlhFDQ0XU"}, "path": "google/cloud/storage/acl.py", "size": 20283}, {"hash": {"mode": "sha256", "value": "i4oxqleB7uKaWfDHLUQapm3vLzOO1fIUlb6F-XxCwaM"}, "path": "google/cloud/storage/batch.py", "size": 11187}, {"hash": {"mode": "sha256", "value": "vsbBMT8Cvk9N0QDwZ4bzojuo6HunXwS4q5g80H6xPIw"}, "path": "google/cloud/storage/blob.py", "size": 77811}, {"hash": {"mode": "sha256", "value": "va4u5jwWueFkWHEsM7ceeS_YYPHL5EG10LgmDKZfKFI"}, "path": "google/cloud/storage/bucket.py", "size": 82931}, {"hash": {"mode": "sha256", "value": "lwOqjJu_NJz8RPIPfW--ENSC1FfoF_ZrRHcQ5OCCZaY"}, "path": "google/cloud/storage/client.py", "size": 25761}, {"hash": {"mode": "sha256", "value": "NQx_sChXEbkmkUrWiBb8DYQynbTVvgHpkSpFxfGTnoA"}, "path": "google/cloud/storage/constants.py", "size": 2233}, {"hash": {"mode": "sha256", "value": "eV1aTdIxfenXgmoHBTUC4lyY0Wcb_TbEgBL-PoghrZ0"}, "path": "google/cloud/storage/hmac_key.py", "size": 7766}, {"hash": {"mode": "sha256", "value": "TRWafqYES62btoJFYK3I8TPx3P2PJ5Ox84yuFXPvafk"}, "path": "google/cloud/storage/iam.py", "size": 2803}, {"hash": {"mode": "sha256", "value": "ZPjMZOUrpRF-zW_mJza8DOmIqkDgUL02KExBXJbqjys"}, "path": "google/cloud/storage/notification.py", "size": 13087}, {"hash": {"mode": "sha256", "value": "b0D5dZk3RUzK54tZ9iZDvLm7u8ltc5EzYrGCmhsuoNw"}, "path": "google_cloud_storage-1.22.0-py3.6-nspkg.pth", "size": 1698}, {"hash": {"mode": "sha256", "value": "zuuue4knoyJ-UwPPXg8fezS7VCrXJQrAP7zeNuwvFQg"}, "path": "google_cloud_storage-1.22.0.dist-info/INSTALLER", "size": 4}, {"hash": {"mode": "sha256", "value": "z8d0m5b2O9McPEK1xHG_dWgUBT6EfBDz6wA0F7xSPTA"}, "path": "google_cloud_storage-1.22.0.dist-info/LICENSE", "size": 11358}, {"hash": {"mode": "sha256", "value": "sLca5mjjlWmVQMtv1IkupgX3lCAEgA5GeMERxOvaDIE"}, "path": "google_cloud_storage-1.22.0.dist-info/METADATA", "size": 4612}, {"hash": null, "path": "google_cloud_storage-1.22.0.dist-info/RECORD", "size": null}, {"hash": {"mode": "sha256", "value": "8zNYZbwQSXoB9IfXOjPfeNwvAsALAjffgk27FqvCWbo"}, "path": "google_cloud_storage-1.22.0.dist-info/WHEEL", "size": 110}, {"hash": {"mode": "sha256", "value": "v8IaYqRE2a0onAGJIpZeFkkH83wXSWZRR9eOyfMwoTc"}, "path": "google_cloud_storage-1.22.0.dist-info/namespace_packages.txt", "size": 20}, {"hash": {"mode": "sha256", "value": "_1QvSJIhFAGfxb79D6DhB7SUw2X6T4rwnz_LLrbcD3c"}, "path": "google_cloud_storage-1.22.0.dist-info/top_level.txt", "size": 7}], "metadata": {"Author": "Google LLC", "Author-email": "googleapis-packages@google.com", "Classifier": ["Development Status :: 5 - Production/Stable", "Intended Audience :: Developers", "License :: OSI Approved :: Apache Software License", "Programming Language :: Python", "Programming Language :: Python :: 2", "Programming Language :: Python :: 2.7", "Programming Language :: Python :: 3", "Programming Language :: Python :: 3.5", "Programming Language :: Python :: 3.6", "Programming Language :: Python :: 3.7", "Operating System :: OS Independent", "Topic :: Internet"], "Home-page": "https://github.com/GoogleCloudPlatform/google-cloud-python", "License": "Apache 2.0", "Metadata-Version": "2.1", "Name": "google-cloud-storage", "Platform": ["Posix; MacOS X; Windows"], "Requires-Dist": ["google-auth (>=1.2.0)", "google-cloud-core (<2.0dev,>=1.0.3)", "google-resumable-media (!=0.4.0,<0.5dev,>=0.3.1)"], "Requires-Python": ">=2.7,!=3.0.*,!=3.1.*,!=3.2.*,!=3.3.*", "Summary": "Google Cloud Storage API client library", "Version": "1.22.0"}, "requires": ["google-auth (>=1.2.0)", "google-cloud-core (<2.0dev,>=1.0.3)", "google-resumable-media (!=0.4.0,<0.5dev,>=0.3.1)"], "version": "1.22.0"}, "index_url": "https://pypi.org/simple", "package_name": "google-cloud-storage", "package_version": "1.22.0", "package_version_requested": "1.22.0", "sha256": ["4482c920b948a8726fc40a0085eb327ec08272456e022791e64bba4f6e3558c0", "8a0a34aef5d04e5826c2cf5b925a39d6336ee2be5dfc2d4a2e917e36a522e8bd"]}], "unparsed": [], "unresolved": []}}