{"metadata": {"analyzer": "thoth-solver", "analyzer_version": "1.5.1", "arguments": {"python": {"exclude_packages": null, "index": "https://pypi.org/simple", "no_pretty": false, "no_transitive": true, "output": "/mnt/workdir/solver-fedora-31-py37-066e93c2", "requirements": "confluent-kafka===1.4.1", "virtualenv": "/home/solver/venv"}, "thoth-solver": {"verbose": false}}, "datetime": "2020-04-23T22:52:48.437589", "distribution": {"codename": "", "id": "fedora", "like": "", "version": "31", "version_parts": {"build_number": "", "major": "31", "minor": ""}}, "document_id": "solver-fedora-31-py37-066e93c2", "duration": 8, "hostname": "solver-fedora-31-py37-066e93c2-824500045", "os_release": {"id": "fedora", "name": "Fedora", "platform_id": "platform:f31", "redhat_bugzilla_product": "Fedora", "redhat_bugzilla_product_version": "31", "redhat_support_product": "Fedora", "redhat_support_product_version": "31", "variant_id": "container", "version": "31 (Container Image)", "version_id": "31"}, "python": {"api_version": 1013, "implementation_name": "cpython", "major": 3, "micro": 6, "minor": 7, "releaselevel": "final", "serial": 0}, "thoth_deployment_name": "thoth-psi-stage", "timestamp": 1587682368}, "result": {"environment": {"implementation_name": "cpython", "implementation_version": "3.7.6", "os_name": "posix", "platform_machine": "x86_64", "platform_python_implementation": "CPython", "platform_release": "3.10.0-957.21.2.el7.x86_64", "platform_system": "Linux", "platform_version": "#1 SMP Tue May 28 09:26:43 UTC 2019", "python_full_version": "3.7.6", "python_version": "3.7", "sys_platform": "linux"}, "environment_packages": [{"package_name": "pipdeptree", "package_version": "0.13.2"}], "errors": [], "tree": [{"dependencies": [{"extra": [], "extras": [], "marker": "python_version < \"3.2\"", "marker_evaluated": "python_version < \"3.2\"", "marker_evaluation_error": null, "marker_evaluation_result": false, "normalized_package_name": "futures", "package_name": "futures", "resolved_versions": [{"index": "https://pypi.org/simple", "versions": ["0.1", "0.2", "1.0", "2.0", "2.1", "2.1.1", "2.1.2", "2.1.3", "2.1.4", "2.1.5", "2.1.6", "2.2.0", "3.0.0", "3.0.1", "3.0.2", "3.0.3", "3.0.4", "3.0.5", "3.1.0", "3.1.1", "3.2.0", "3.3.0"]}], "specifier": null}, {"extra": [], "extras": [], "marker": "python_version < \"3.4\"", "marker_evaluated": "python_version < \"3.4\"", "marker_evaluation_error": null, "marker_evaluation_result": false, "normalized_package_name": "enum34", "package_name": "enum34", "resolved_versions": [{"index": "https://pypi.org/simple", "versions": ["0.9", "0.9.1", "0.9.11", "0.9.12", "0.9.13", "0.9.14", "0.9.15", "0.9.16", "0.9.17", "0.9.18", "0.9.19", "0.9.20", "0.9.21", "0.9.22", "0.9.23", "1.0", "1.0.1", "1.0.2", "1.0.3", "1.0.4", "1.1.0", "1.1.1", "1.1.10", "1.1.2", "1.1.3", "1.1.4", "1.1.5", "1.1.6", "1.1.8", "1.1.9"]}], "specifier": null}, {"extra": ["avro"], "extras": [], "marker": "extra == \"avro\"", "marker_evaluated": "python_version >= \"0.0\"", "marker_evaluation_error": null, "marker_evaluation_result": true, "normalized_package_name": "fastavro", "package_name": "fastavro", "resolved_versions": [{"index": "https://pypi.org/simple", "versions": ["0.23.0", "0.23.1", "0.23.2"]}], "specifier": ">=0.23.0"}, {"extra": ["avro"], "extras": [], "marker": "extra == \"avro\"", "marker_evaluated": "python_version >= \"0.0\"", "marker_evaluation_error": null, "marker_evaluation_result": true, "normalized_package_name": "requests", "package_name": "requests", "resolved_versions": [{"index": "https://pypi.org/simple", "versions": ["0.0.1", "0.10.0", "0.10.1", "0.10.2", "0.10.3", "0.10.4", "0.10.6", "0.10.7", "0.10.8", "0.11.1", "0.11.2", "0.12.0", "0.12.01", "0.12.1", "0.13.0", "0.13.1", "0.13.2", "0.13.3", "0.13.4", "0.13.5", "0.13.6", "0.13.7", "0.13.8", "0.13.9", "0.14.0", "0.14.1", "0.14.2", "0.2.0", "0.2.1", "0.2.2", "0.2.3", "0.2.4", "0.3.0", "0.3.1", "0.3.2", "0.3.3", "0.3.4", "0.4.0", "0.4.1", "0.5.0", "0.5.1", "0.6.0", "0.6.1", "0.6.2", "0.6.3", "0.6.4", "0.6.5", "0.6.6", "0.7.0", "0.7.1", "0.7.2", "0.7.3", "0.7.4", "0.7.5", "0.7.6", "0.8.0", "0.8.1", "0.8.2", "0.8.3", "0.8.4", "0.8.5", "0.8.6", "0.8.7", "0.8.8", "0.8.9", "0.9.0", "0.9.1", "0.9.2", "0.9.3", "1.0.0", "1.0.1", "1.0.2", "1.0.3", "1.0.4", "1.1.0", "1.2.0", "1.2.1", "1.2.2", "1.2.3", "2.0.0", "2.0.1", "2.1.0", "2.10.0", "2.11.0", "2.11.1", "2.12.0", "2.12.1", "2.12.2", "2.12.3", "2.12.4", "2.12.5", "2.13.0", "2.14.0", "2.14.1", "2.14.2", "2.15.0", "2.15.1", "2.16.0", "2.16.1", "2.16.2", "2.16.3", "2.16.4", "2.16.5", "2.17.0", "2.17.1", "2.17.2", "2.17.3", "2.18.0", "2.18.1", "2.18.2", "2.18.3", "2.18.4", "2.19.0", "2.19.1", "2.2.0", "2.2.1", "2.20.0", "2.20.1", "2.21.0", "2.22.0", "2.23.0", "2.3.0", "2.4.0", "2.4.1", "2.4.2", "2.4.3", "2.5.0", "2.5.1", "2.5.2", "2.5.3", "2.6.0", "2.6.1", "2.6.2", "2.7.0", "2.8.0", "2.8.1", "2.9.0", "2.9.1", "2.9.2"]}], "specifier": null}, {"extra": ["avro"], "extras": [], "marker": "python_version < \"3.0\" and extra == \"avro\"", "marker_evaluated": "python_version < \"3.0\" and python_version >= \"0.0\"", "marker_evaluation_error": null, "marker_evaluation_result": false, "normalized_package_name": "avro", "package_name": "avro", "resolved_versions": [{"index": "https://pypi.org/simple", "versions": ["1.9.2"]}], "specifier": "==1.9.2"}, {"extra": ["avro"], "extras": [], "marker": "python_version > \"3.0\" and extra == \"avro\"", "marker_evaluated": "python_version > \"3.0\" and python_version >= \"0.0\"", "marker_evaluation_error": null, "marker_evaluation_result": true, "normalized_package_name": "avro-python3", "package_name": "avro-python3", "resolved_versions": [{"index": "https://pypi.org/simple", "versions": ["1.9.2.1"]}], "specifier": "==1.9.2.1"}, {"extra": ["dev"], "extras": [], "marker": "extra == \"dev\"", "marker_evaluated": "python_version >= \"0.0\"", "marker_evaluation_error": null, "marker_evaluation_result": true, "normalized_package_name": "pytest-timeout", "package_name": "pytest-timeout", "resolved_versions": [{"index": "https://pypi.org/simple", "versions": ["0.1", "0.2", "0.3", "0.4", "0.5", "1.0.0", "1.2.0", "1.2.1", "1.3.0", "1.3.1", "1.3.2", "1.3.3", "1.3.4"]}], "specifier": null}, {"extra": ["dev"], "extras": [], "marker": "extra == \"dev\"", "marker_evaluated": "python_version >= \"0.0\"", "marker_evaluation_error": null, "marker_evaluation_result": true, "normalized_package_name": "flake8", "package_name": "flake8", "resolved_versions": [{"index": "https://pypi.org/simple", "versions": ["0.1", "0.2", "0.3", "0.4", "0.5", "0.6", "0.7", "0.8", "0.9", "1.0", "1.1", "1.2", "1.3", "1.3.1", "1.4", "1.5", "1.6", "1.6.1", "1.6.2", "1.7.0", "2.0", "2.1.0", "2.2.0", "2.2.1", "2.2.2", "2.2.3", "2.2.4", "2.2.5", "2.3.0", "2.4.0", "2.4.1", "2.5.0", "2.5.1", "2.5.2", "2.5.3", "2.5.4", "2.5.5", "2.6.0", "2.6.1", "2.6.2", "3.0.0", "3.0.1", "3.0.2", "3.0.3", "3.0.4", "3.1.0", "3.1.1", "3.2.0", "3.2.1", "3.3.0", "3.4.0", "3.4.1", "3.5.0", "3.6.0", "3.7.0", "3.7.1", "3.7.2", "3.7.3", "3.7.4", "3.7.5", "3.7.6", "3.7.7", "3.7.8", "3.7.9"]}], "specifier": null}, {"extra": ["dev"], "extras": [], "marker": "extra == \"dev\"", "marker_evaluated": "python_version >= \"0.0\"", "marker_evaluation_error": null, "marker_evaluation_result": true, "normalized_package_name": "fastavro", "package_name": "fastavro", "resolved_versions": [{"index": "https://pypi.org/simple", "versions": ["0.23.0", "0.23.1", "0.23.2"]}], "specifier": ">=0.23.0"}, {"extra": ["dev"], "extras": [], "marker": "extra == \"dev\"", "marker_evaluated": "python_version >= \"0.0\"", "marker_evaluation_error": null, "marker_evaluation_result": true, "normalized_package_name": "requests", "package_name": "requests", "resolved_versions": [{"index": "https://pypi.org/simple", "versions": ["0.0.1", "0.10.0", "0.10.1", "0.10.2", "0.10.3", "0.10.4", "0.10.6", "0.10.7", "0.10.8", "0.11.1", "0.11.2", "0.12.0", "0.12.01", "0.12.1", "0.13.0", "0.13.1", "0.13.2", "0.13.3", "0.13.4", "0.13.5", "0.13.6", "0.13.7", "0.13.8", "0.13.9", "0.14.0", "0.14.1", "0.14.2", "0.2.0", "0.2.1", "0.2.2", "0.2.3", "0.2.4", "0.3.0", "0.3.1", "0.3.2", "0.3.3", "0.3.4", "0.4.0", "0.4.1", "0.5.0", "0.5.1", "0.6.0", "0.6.1", "0.6.2", "0.6.3", "0.6.4", "0.6.5", "0.6.6", "0.7.0", "0.7.1", "0.7.2", "0.7.3", "0.7.4", "0.7.5", "0.7.6", "0.8.0", "0.8.1", "0.8.2", "0.8.3", "0.8.4", "0.8.5", "0.8.6", "0.8.7", "0.8.8", "0.8.9", "0.9.0", "0.9.1", "0.9.2", "0.9.3", "1.0.0", "1.0.1", "1.0.2", "1.0.3", "1.0.4", "1.1.0", "1.2.0", "1.2.1", "1.2.2", "1.2.3", "2.0.0", "2.0.1", "2.1.0", "2.10.0", "2.11.0", "2.11.1", "2.12.0", "2.12.1", "2.12.2", "2.12.3", "2.12.4", "2.12.5", "2.13.0", "2.14.0", "2.14.1", "2.14.2", "2.15.0", "2.15.1", "2.16.0", "2.16.1", "2.16.2", "2.16.3", "2.16.4", "2.16.5", "2.17.0", "2.17.1", "2.17.2", "2.17.3", "2.18.0", "2.18.1", "2.18.2", "2.18.3", "2.18.4", "2.19.0", "2.19.1", "2.2.0", "2.2.1", "2.20.0", "2.20.1", "2.21.0", "2.22.0", "2.23.0", "2.3.0", "2.4.0", "2.4.1", "2.4.2", "2.4.3", "2.5.0", "2.5.1", "2.5.2", "2.5.3", "2.6.0", "2.6.1", "2.6.2", "2.7.0", "2.8.0", "2.8.1", "2.9.0", "2.9.1", "2.9.2"]}], "specifier": null}, {"extra": ["dev"], "extras": [], "marker": "python_version < \"3.0\" and extra == \"dev\"", "marker_evaluated": "python_version < \"3.0\" and python_version >= \"0.0\"", "marker_evaluation_error": null, "marker_evaluation_result": false, "normalized_package_name": "pytest", "package_name": "pytest", "resolved_versions": [{"index": "https://pypi.org/simple", "versions": ["4.6.4"]}], "specifier": "==4.6.4"}, {"extra": ["dev"], "extras": [], "marker": "python_version < \"3.0\" and extra == \"dev\"", "marker_evaluated": "python_version < \"3.0\" and python_version >= \"0.0\"", "marker_evaluation_error": null, "marker_evaluation_result": false, "normalized_package_name": "avro", "package_name": "avro", "resolved_versions": [{"index": "https://pypi.org/simple", "versions": ["1.9.2"]}], "specifier": "==1.9.2"}, {"extra": ["dev"], "extras": [], "marker": "python_version > \"3.0\" and extra == \"dev\"", "marker_evaluated": "python_version > \"3.0\" and python_version >= \"0.0\"", "marker_evaluation_error": null, "marker_evaluation_result": true, "normalized_package_name": "avro-python3", "package_name": "avro-python3", "resolved_versions": [{"index": "https://pypi.org/simple", "versions": ["1.9.2.1"]}], "specifier": "==1.9.2.1"}, {"extra": ["dev"], "extras": [], "marker": "python_version >= \"3.0\" and extra == \"dev\"", "marker_evaluated": "python_version >= \"3.0\" and python_version >= \"0.0\"", "marker_evaluation_error": null, "marker_evaluation_result": true, "normalized_package_name": "pytest", "package_name": "pytest", "resolved_versions": [{"index": "https://pypi.org/simple", "versions": ["2.0.0", "2.0.1", "2.0.2", "2.0.3", "2.1.0", "2.1.1", "2.1.2", "2.1.3", "2.2.0", "2.2.1", "2.2.2", "2.2.3", "2.2.4", "2.3.0", "2.3.1", "2.3.2", "2.3.3", "2.3.4", "2.3.5", "2.4.0", "2.4.1", "2.4.2", "2.5.0", "2.5.1", "2.5.2", "2.6.0", "2.6.1", "2.6.2", "2.6.3", "2.6.4", "2.7.0", "2.7.1", "2.7.2", "2.7.3", "2.8.0", "2.8.1", "2.8.2", "2.8.3", "2.8.4", "2.8.5", "2.8.6", "2.8.7", "2.9.0", "2.9.1", "2.9.2", "3.0.0", "3.0.1", "3.0.2", "3.0.3", "3.0.4", "3.0.5", "3.0.6", "3.0.7", "3.1.0", "3.1.1", "3.1.2", "3.1.3", "3.10.0", "3.10.1", "3.2.0", "3.2.1", "3.2.2", "3.2.3", "3.2.4", "3.2.5", "3.3.0", "3.3.1", "3.3.2", "3.4.0", "3.4.1", "3.4.2", "3.5.0", "3.5.1", "3.6.0", "3.6.1", "3.6.2", "3.6.3", "3.6.4", "3.7.0", "3.7.1", "3.7.2", "3.7.3", "3.7.4", "3.8.0", "3.8.1", "3.8.2", "3.9.1", "3.9.2", "3.9.3", "4.0.0", "4.0.1", "4.0.2", "4.1.0", "4.1.1", "4.2.0", "4.2.1", "4.3.0", "4.3.1", "4.4.0", "4.4.1", "4.4.2", "4.5.0", "4.6.0", "4.6.1", "4.6.2", "4.6.3", "4.6.4", "4.6.5", "4.6.6", "4.6.7", "4.6.8", "4.6.9", "5.0.0", "5.0.1", "5.1.0", "5.1.1", "5.1.2", "5.1.3", "5.2.0", "5.2.1", "5.2.2", "5.2.3", "5.2.4", "5.3.0", "5.3.1", "5.3.2", "5.3.3", "5.3.4", "5.3.5", "5.4.0", "5.4.1"]}], "specifier": null}, {"extra": ["doc"], "extras": [], "marker": "extra == \"doc\"", "marker_evaluated": "python_version >= \"0.0\"", "marker_evaluation_error": null, "marker_evaluation_result": true, "normalized_package_name": "sphinx", "package_name": "sphinx", "resolved_versions": [{"index": "https://pypi.org/simple", "versions": ["0.1.61611", "0.1.61798", "0.1.61843", "0.1.61945", "0.1.61950", "0.2", "0.3", "0.4", "0.4.1", "0.4.2", "0.4.3", "0.5", "0.5.1", "0.5.2", "0.6", "0.6.1", "0.6.2", "0.6.3", "0.6.4", "0.6.5", "0.6.6", "0.6.7", "1.0", "1.0.1", "1.0.2", "1.0.3", "1.0.4", "1.0.5", "1.0.6", "1.0.7", "1.0.8", "1.1", "1.1.1", "1.1.2", "1.1.3", "1.2", "1.2.1", "1.2.2", "1.2.3", "1.3", "1.3.1", "1.3.2", "1.3.3", "1.3.4", "1.3.5", "1.3.6", "1.4", "1.4.1", "1.4.2", "1.4.3", "1.4.4", "1.4.5", "1.4.6", "1.4.7", "1.4.8", "1.4.9", "1.5", "1.5.1", "1.5.2", "1.5.3", "1.5.4", "1.5.5", "1.5.6", "1.6.1", "1.6.2", "1.6.3", "1.6.4", "1.6.5", "1.6.6", "1.6.7", "1.7.0", "1.7.1", "1.7.2", "1.7.3", "1.7.4", "1.7.5", "1.7.6", "1.7.7", "1.7.8", "1.7.9", "1.8.0", "1.8.1", "1.8.2", "1.8.3", "1.8.4", "1.8.5", "2.0.0", "2.0.1", "2.1.0", "2.1.1", "2.1.2", "2.2.0", "2.2.1", "2.2.2", "2.3.0", "2.3.1", "2.4.0", "2.4.1", "2.4.2", "2.4.3", "2.4.4", "3.0.0", "3.0.1", "3.0.2"]}], "specifier": null}, {"extra": ["doc"], "extras": [], "marker": "extra == \"doc\"", "marker_evaluated": "python_version >= \"0.0\"", "marker_evaluation_error": null, "marker_evaluation_result": true, "normalized_package_name": "sphinx-rtd-theme", "package_name": "sphinx-rtd-theme", "resolved_versions": [{"index": "https://pypi.org/simple", "versions": ["0.1.0", "0.1.1", "0.1.2", "0.1.3", "0.1.4", "0.1.5", "0.1.6", "0.1.7", "0.1.8", "0.1.9", "0.2.0", "0.2.1", "0.2.2", "0.2.3", "0.2.4", "0.3.0", "0.3.1", "0.4.0", "0.4.1", "0.4.2", "0.4.3"]}], "specifier": null}, {"extra": ["doc"], "extras": [], "marker": "extra == \"doc\"", "marker_evaluated": "python_version >= \"0.0\"", "marker_evaluation_error": null, "marker_evaluation_result": true, "normalized_package_name": "fastavro", "package_name": "fastavro", "resolved_versions": [{"index": "https://pypi.org/simple", "versions": ["0.23.0", "0.23.1", "0.23.2"]}], "specifier": ">=0.23.0"}, {"extra": ["doc"], "extras": [], "marker": "extra == \"doc\"", "marker_evaluated": "python_version >= \"0.0\"", "marker_evaluation_error": null, "marker_evaluation_result": true, "normalized_package_name": "requests", "package_name": "requests", "resolved_versions": [{"index": "https://pypi.org/simple", "versions": ["0.0.1", "0.10.0", "0.10.1", "0.10.2", "0.10.3", "0.10.4", "0.10.6", "0.10.7", "0.10.8", "0.11.1", "0.11.2", "0.12.0", "0.12.01", "0.12.1", "0.13.0", "0.13.1", "0.13.2", "0.13.3", "0.13.4", "0.13.5", "0.13.6", "0.13.7", "0.13.8", "0.13.9", "0.14.0", "0.14.1", "0.14.2", "0.2.0", "0.2.1", "0.2.2", "0.2.3", "0.2.4", "0.3.0", "0.3.1", "0.3.2", "0.3.3", "0.3.4", "0.4.0", "0.4.1", "0.5.0", "0.5.1", "0.6.0", "0.6.1", "0.6.2", "0.6.3", "0.6.4", "0.6.5", "0.6.6", "0.7.0", "0.7.1", "0.7.2", "0.7.3", "0.7.4", "0.7.5", "0.7.6", "0.8.0", "0.8.1", "0.8.2", "0.8.3", "0.8.4", "0.8.5", "0.8.6", "0.8.7", "0.8.8", "0.8.9", "0.9.0", "0.9.1", "0.9.2", "0.9.3", "1.0.0", "1.0.1", "1.0.2", "1.0.3", "1.0.4", "1.1.0", "1.2.0", "1.2.1", "1.2.2", "1.2.3", "2.0.0", "2.0.1", "2.1.0", "2.10.0", "2.11.0", "2.11.1", "2.12.0", "2.12.1", "2.12.2", "2.12.3", "2.12.4", "2.12.5", "2.13.0", "2.14.0", "2.14.1", "2.14.2", "2.15.0", "2.15.1", "2.16.0", "2.16.1", "2.16.2", "2.16.3", "2.16.4", "2.16.5", "2.17.0", "2.17.1", "2.17.2", "2.17.3", "2.18.0", "2.18.1", "2.18.2", "2.18.3", "2.18.4", "2.19.0", "2.19.1", "2.2.0", "2.2.1", "2.20.0", "2.20.1", "2.21.0", "2.22.0", "2.23.0", "2.3.0", "2.4.0", "2.4.1", "2.4.2", "2.4.3", "2.5.0", "2.5.1", "2.5.2", "2.5.3", "2.6.0", "2.6.1", "2.6.2", "2.7.0", "2.8.0", "2.8.1", "2.9.0", "2.9.1", "2.9.2"]}], "specifier": null}, {"extra": ["doc"], "extras": [], "marker": "python_version < \"3.0\" and extra == \"doc\"", "marker_evaluated": "python_version < \"3.0\" and python_version >= \"0.0\"", "marker_evaluation_error": null, "marker_evaluation_result": false, "normalized_package_name": "avro", "package_name": "avro", "resolved_versions": [{"index": "https://pypi.org/simple", "versions": ["1.9.2"]}], "specifier": "==1.9.2"}, {"extra": ["doc"], "extras": [], "marker": "python_version > \"3.0\" and extra == \"doc\"", "marker_evaluated": "python_version > \"3.0\" and python_version >= \"0.0\"", "marker_evaluation_error": null, "marker_evaluation_result": true, "normalized_package_name": "avro-python3", "package_name": "avro-python3", "resolved_versions": [{"index": "https://pypi.org/simple", "versions": ["1.9.2.1"]}], "specifier": "==1.9.2.1"}, {"extra": ["json"], "extras": [], "marker": "extra == \"json\"", "marker_evaluated": "python_version >= \"0.0\"", "marker_evaluation_error": null, "marker_evaluation_result": true, "normalized_package_name": "jsonschema", "package_name": "jsonschema", "resolved_versions": [{"index": "https://pypi.org/simple", "versions": ["0.2", "0.3", "0.4", "0.5", "0.6", "0.7", "0.8.0", "1.0.0", "1.1.0", "1.2.0", "1.3.0", "2.0.0", "2.1.0", "2.2.0", "2.3.0", "2.4.0", "2.5.0", "2.5.1", "2.6.0", "3.0.0", "3.0.1", "3.0.2", "3.1.0", "3.1.1", "3.2.0"]}], "specifier": null}, {"extra": ["json"], "extras": [], "marker": "extra == \"json\"", "marker_evaluated": "python_version >= \"0.0\"", "marker_evaluation_error": null, "marker_evaluation_result": true, "normalized_package_name": "requests", "package_name": "requests", "resolved_versions": [{"index": "https://pypi.org/simple", "versions": ["0.0.1", "0.10.0", "0.10.1", "0.10.2", "0.10.3", "0.10.4", "0.10.6", "0.10.7", "0.10.8", "0.11.1", "0.11.2", "0.12.0", "0.12.01", "0.12.1", "0.13.0", "0.13.1", "0.13.2", "0.13.3", "0.13.4", "0.13.5", "0.13.6", "0.13.7", "0.13.8", "0.13.9", "0.14.0", "0.14.1", "0.14.2", "0.2.0", "0.2.1", "0.2.2", "0.2.3", "0.2.4", "0.3.0", "0.3.1", "0.3.2", "0.3.3", "0.3.4", "0.4.0", "0.4.1", "0.5.0", "0.5.1", "0.6.0", "0.6.1", "0.6.2", "0.6.3", "0.6.4", "0.6.5", "0.6.6", "0.7.0", "0.7.1", "0.7.2", "0.7.3", "0.7.4", "0.7.5", "0.7.6", "0.8.0", "0.8.1", "0.8.2", "0.8.3", "0.8.4", "0.8.5", "0.8.6", "0.8.7", "0.8.8", "0.8.9", "0.9.0", "0.9.1", "0.9.2", "0.9.3", "1.0.0", "1.0.1", "1.0.2", "1.0.3", "1.0.4", "1.1.0", "1.2.0", "1.2.1", "1.2.2", "1.2.3", "2.0.0", "2.0.1", "2.1.0", "2.10.0", "2.11.0", "2.11.1", "2.12.0", "2.12.1", "2.12.2", "2.12.3", "2.12.4", "2.12.5", "2.13.0", "2.14.0", "2.14.1", "2.14.2", "2.15.0", "2.15.1", "2.16.0", "2.16.1", "2.16.2", "2.16.3", "2.16.4", "2.16.5", "2.17.0", "2.17.1", "2.17.2", "2.17.3", "2.18.0", "2.18.1", "2.18.2", "2.18.3", "2.18.4", "2.19.0", "2.19.1", "2.2.0", "2.2.1", "2.20.0", "2.20.1", "2.21.0", "2.22.0", "2.23.0", "2.3.0", "2.4.0", "2.4.1", "2.4.2", "2.4.3", "2.5.0", "2.5.1", "2.5.2", "2.5.3", "2.6.0", "2.6.1", "2.6.2", "2.7.0", "2.8.0", "2.8.1", "2.9.0", "2.9.1", "2.9.2"]}], "specifier": null}, {"extra": ["protobuf"], "extras": [], "marker": "extra == \"protobuf\"", "marker_evaluated": "python_version >= \"0.0\"", "marker_evaluation_error": null, "marker_evaluation_result": true, "normalized_package_name": "protobuf", "package_name": "protobuf", "resolved_versions": [{"index": "https://pypi.org/simple", "versions": ["2.0.3", "2.3.0", "2.4.1", "2.5.0", "2.6.0", "2.6.1", "3.0.0", "3.1.0", "3.1.0.post1", "3.10.0", "3.11.0", "3.11.1", "3.11.2", "3.11.3", "3.2.0", "3.3.0", "3.4.0", "3.5.0.post1", "3.5.1", "3.5.2", "3.5.2.post1", "3.6.0", "3.6.1", "3.7.0", "3.7.1", "3.8.0", "3.9.0", "3.9.1", "3.9.2"]}], "specifier": null}, {"extra": ["protobuf"], "extras": [], "marker": "extra == \"protobuf\"", "marker_evaluated": "python_version >= \"0.0\"", "marker_evaluation_error": null, "marker_evaluation_result": true, "normalized_package_name": "requests", "package_name": "requests", "resolved_versions": [{"index": "https://pypi.org/simple", "versions": ["0.0.1", "0.10.0", "0.10.1", "0.10.2", "0.10.3", "0.10.4", "0.10.6", "0.10.7", "0.10.8", "0.11.1", "0.11.2", "0.12.0", "0.12.01", "0.12.1", "0.13.0", "0.13.1", "0.13.2", "0.13.3", "0.13.4", "0.13.5", "0.13.6", "0.13.7", "0.13.8", "0.13.9", "0.14.0", "0.14.1", "0.14.2", "0.2.0", "0.2.1", "0.2.2", "0.2.3", "0.2.4", "0.3.0", "0.3.1", "0.3.2", "0.3.3", "0.3.4", "0.4.0", "0.4.1", "0.5.0", "0.5.1", "0.6.0", "0.6.1", "0.6.2", "0.6.3", "0.6.4", "0.6.5", "0.6.6", "0.7.0", "0.7.1", "0.7.2", "0.7.3", "0.7.4", "0.7.5", "0.7.6", "0.8.0", "0.8.1", "0.8.2", "0.8.3", "0.8.4", "0.8.5", "0.8.6", "0.8.7", "0.8.8", "0.8.9", "0.9.0", "0.9.1", "0.9.2", "0.9.3", "1.0.0", "1.0.1", "1.0.2", "1.0.3", "1.0.4", "1.1.0", "1.2.0", "1.2.1", "1.2.2", "1.2.3", "2.0.0", "2.0.1", "2.1.0", "2.10.0", "2.11.0", "2.11.1", "2.12.0", "2.12.1", "2.12.2", "2.12.3", "2.12.4", "2.12.5", "2.13.0", "2.14.0", "2.14.1", "2.14.2", "2.15.0", "2.15.1", "2.16.0", "2.16.1", "2.16.2", "2.16.3", "2.16.4", "2.16.5", "2.17.0", "2.17.1", "2.17.2", "2.17.3", "2.18.0", "2.18.1", "2.18.2", "2.18.3", "2.18.4", "2.19.0", "2.19.1", "2.2.0", "2.2.1", "2.20.0", "2.20.1", "2.21.0", "2.22.0", "2.23.0", "2.3.0", "2.4.0", "2.4.1", "2.4.2", "2.4.3", "2.5.0", "2.5.1", "2.5.2", "2.5.3", "2.6.0", "2.6.1", "2.6.2", "2.7.0", "2.8.0", "2.8.1", "2.9.0", "2.9.1", "2.9.2"]}], "specifier": null}, {"extra": ["schema-registry"], "extras": [], "marker": "extra == \"schema-registry\"", "marker_evaluated": "python_version >= \"0.0\"", "marker_evaluation_error": null, "marker_evaluation_result": true, "normalized_package_name": "requests", "package_name": "requests", "resolved_versions": [{"index": "https://pypi.org/simple", "versions": ["0.0.1", "0.10.0", "0.10.1", "0.10.2", "0.10.3", "0.10.4", "0.10.6", "0.10.7", "0.10.8", "0.11.1", "0.11.2", "0.12.0", "0.12.01", "0.12.1", "0.13.0", "0.13.1", "0.13.2", "0.13.3", "0.13.4", "0.13.5", "0.13.6", "0.13.7", "0.13.8", "0.13.9", "0.14.0", "0.14.1", "0.14.2", "0.2.0", "0.2.1", "0.2.2", "0.2.3", "0.2.4", "0.3.0", "0.3.1", "0.3.2", "0.3.3", "0.3.4", "0.4.0", "0.4.1", "0.5.0", "0.5.1", "0.6.0", "0.6.1", "0.6.2", "0.6.3", "0.6.4", "0.6.5", "0.6.6", "0.7.0", "0.7.1", "0.7.2", "0.7.3", "0.7.4", "0.7.5", "0.7.6", "0.8.0", "0.8.1", "0.8.2", "0.8.3", "0.8.4", "0.8.5", "0.8.6", "0.8.7", "0.8.8", "0.8.9", "0.9.0", "0.9.1", "0.9.2", "0.9.3", "1.0.0", "1.0.1", "1.0.2", "1.0.3", "1.0.4", "1.1.0", "1.2.0", "1.2.1", "1.2.2", "1.2.3", "2.0.0", "2.0.1", "2.1.0", "2.10.0", "2.11.0", "2.11.1", "2.12.0", "2.12.1", "2.12.2", "2.12.3", "2.12.4", "2.12.5", "2.13.0", "2.14.0", "2.14.1", "2.14.2", "2.15.0", "2.15.1", "2.16.0", "2.16.1", "2.16.2", "2.16.3", "2.16.4", "2.16.5", "2.17.0", "2.17.1", "2.17.2", "2.17.3", "2.18.0", "2.18.1", "2.18.2", "2.18.3", "2.18.4", "2.19.0", "2.19.1", "2.2.0", "2.2.1", "2.20.0", "2.20.1", "2.21.0", "2.22.0", "2.23.0", "2.3.0", "2.4.0", "2.4.1", "2.4.2", "2.4.3", "2.5.0", "2.5.1", "2.5.2", "2.5.3", "2.6.0", "2.6.1", "2.6.2", "2.7.0", "2.8.0", "2.8.1", "2.9.0", "2.9.1", "2.9.2"]}], "specifier": null}], "importlib_metadata": {"entry_points": [], "files": [{"hash": {"mode": "sha256", "value": "m5OmJmut_c8UixBKgCNYZrXpZriIPlyqD6JAIyTn03I"}, "path": "../../../LICENSE.txt", "size": 32984}, {"hash": {"mode": "sha256", "value": "zuuue4knoyJ-UwPPXg8fezS7VCrXJQrAP7zeNuwvFQg"}, "path": "confluent_kafka-1.4.1.dist-info/INSTALLER", "size": 4}, {"hash": {"mode": "sha256", "value": "m5OmJmut_c8UixBKgCNYZrXpZriIPlyqD6JAIyTn03I"}, "path": "confluent_kafka-1.4.1.dist-info/LICENSE.txt", "size": 32984}, {"hash": {"mode": "sha256", "value": "FJp9gITUOKXUuwS031ZzDpD5au3KBZ0vF4_ZVLvhF8c"}, "path": "confluent_kafka-1.4.1.dist-info/METADATA", "size": 1835}, {"hash": null, "path": "confluent_kafka-1.4.1.dist-info/RECORD", "size": null}, {"hash": {"mode": "sha256", "value": "x_vzcI4ZEGB3mgPWPKzGiYMKKJ7Ixf6JpcM2LwQveJI"}, "path": "confluent_kafka-1.4.1.dist-info/WHEEL", "size": 109}, {"hash": {"mode": "sha256", "value": "hlCYXhurQM0_gFE2OVipV3cQ8k_37ovY6UYYkAyBzLA"}, "path": "confluent_kafka-1.4.1.dist-info/top_level.txt", "size": 16}, {"hash": {"mode": "sha256", "value": "X7eDfldhycx6klZsN7CtMyS3Q-_WhaLNONJOxisES08"}, "path": "confluent_kafka.libs/librdkafka-186e713e.so.1", "size": 23904256}, {"hash": null, "path": "confluent_kafka.libs/monitoring-interceptor.so", "size": null}, {"hash": {"mode": "sha256", "value": "xAIOPbk1IWNBXIeiVpaBsH6uMnvktRdmrZACLTPXIKY"}, "path": "confluent_kafka/__init__.py", "size": 4460}, {"hash": null, "path": "confluent_kafka/__pycache__/__init__.cpython-37.pyc", "size": null}, {"hash": null, "path": "confluent_kafka/__pycache__/deserializing_consumer.cpython-37.pyc", "size": null}, {"hash": null, "path": "confluent_kafka/__pycache__/error.cpython-37.pyc", "size": null}, {"hash": null, "path": "confluent_kafka/__pycache__/serializing_producer.cpython-37.pyc", "size": null}, {"hash": {"mode": "sha256", "value": "G6-oNwjZMvHdidU_5C461N7yX9ul6bX9JjsZvBYymbk"}, "path": "confluent_kafka/admin/__init__.py", "size": 23153}, {"hash": null, "path": "confluent_kafka/admin/__pycache__/__init__.cpython-37.pyc", "size": null}, {"hash": {"mode": "sha256", "value": "LRVITnoFPvIJW85owo_wCBFmfLdVd-RRrvqK1GaTS3Q"}, "path": "confluent_kafka/avro/__init__.py", "size": 7912}, {"hash": null, "path": "confluent_kafka/avro/__pycache__/__init__.cpython-37.pyc", "size": null}, {"hash": null, "path": "confluent_kafka/avro/__pycache__/cached_schema_registry_client.cpython-37.pyc", "size": null}, {"hash": null, "path": "confluent_kafka/avro/__pycache__/error.cpython-37.pyc", "size": null}, {"hash": null, "path": "confluent_kafka/avro/__pycache__/load.cpython-37.pyc", "size": null}, {"hash": {"mode": "sha256", "value": "Gs9NFUlYx77aA5e0rgjFqBZEd-7IDvveTBGtUGorObg"}, "path": "confluent_kafka/avro/cached_schema_registry_client.py", "size": 18266}, {"hash": {"mode": "sha256", "value": "W8BqljiU8Xnti4vS7SmI_YpExHEtHzpSD-ASdWNghvQ"}, "path": "confluent_kafka/avro/error.py", "size": 1006}, {"hash": {"mode": "sha256", "value": "aEKMM5K84I2taktNztlSjW5sgsANF7FQ17qKPkNWjIU"}, "path": "confluent_kafka/avro/load.py", "size": 1508}, {"hash": {"mode": "sha256", "value": "wrr8pkiA211dX7-qdAb1KAOyC5KquRt9leny-q6fnPw"}, "path": "confluent_kafka/avro/serializer/__init__.py", "size": 1068}, {"hash": null, "path": "confluent_kafka/avro/serializer/__pycache__/__init__.cpython-37.pyc", "size": null}, {"hash": null, "path": "confluent_kafka/avro/serializer/__pycache__/message_serializer.cpython-37.pyc", "size": null}, {"hash": {"mode": "sha256", "value": "iP_qN5PGgjbS8x7NCMS1i3YPdoZLDDl37rxPZaDsF3U"}, "path": "confluent_kafka/avro/serializer/message_serializer.py", "size": 8634}, {"hash": {"mode": "sha256", "value": "9ce1nHLeouUKqx8UGp1_KXGV3MsRi5J-HfkTexMJ5rw"}, "path": "confluent_kafka/cimpl.cpython-37m-x86_64-linux-gnu.so", "size": 461368}, {"hash": {"mode": "sha256", "value": "J9_4eQY2FY0265hJPjTrNDSUNLvxXJynprWzQZXY3Ks"}, "path": "confluent_kafka/deserializing_consumer.py", "size": 8005}, {"hash": {"mode": "sha256", "value": "NQ0S0CnlTOi93NPMuGqQRzVFIp-SvDnPw4btNVWWxmY"}, "path": "confluent_kafka/error.py", "size": 4365}, {"hash": {"mode": "sha256", "value": "k9IOkHYeOtK_IYBqjcru3ct1hOdsGH1m4EZ50uEwfSs"}, "path": "confluent_kafka/kafkatest/__init__.py", "size": 85}, {"hash": null, "path": "confluent_kafka/kafkatest/__pycache__/__init__.cpython-37.pyc", "size": null}, {"hash": null, "path": "confluent_kafka/kafkatest/__pycache__/verifiable_client.cpython-37.pyc", "size": null}, {"hash": null, "path": "confluent_kafka/kafkatest/__pycache__/verifiable_consumer.cpython-37.pyc", "size": null}, {"hash": null, "path": "confluent_kafka/kafkatest/__pycache__/verifiable_producer.cpython-37.pyc", "size": null}, {"hash": {"mode": "sha256", "value": "8Ft-3RRi6ZV0tqqDj_WCtHAgMaXBO6t4AM7evmMRl8M"}, "path": "confluent_kafka/kafkatest/verifiable_client.py", "size": 3562}, {"hash": {"mode": "sha256", "value": "ks_bIx7DEI0fsauI6mBNosCN-qnHD8CJJ9Nz00v4QTY"}, "path": "confluent_kafka/kafkatest/verifiable_consumer.py", "size": 12365}, {"hash": {"mode": "sha256", "value": "SEdVoZHVVfiYtTJkadXCQFLVmN6hbo1j5PJNgUboOfA"}, "path": "confluent_kafka/kafkatest/verifiable_producer.py", "size": 5556}, {"hash": {"mode": "sha256", "value": "NV4cjOxTFT_8jrmSKnB3br1cvmB-Bm8zKmiKZMlFYFg"}, "path": "confluent_kafka/schema_registry/__init__.py", "size": 2516}, {"hash": null, "path": "confluent_kafka/schema_registry/__pycache__/__init__.cpython-37.pyc", "size": null}, {"hash": null, "path": "confluent_kafka/schema_registry/__pycache__/avro.cpython-37.pyc", "size": null}, {"hash": null, "path": "confluent_kafka/schema_registry/__pycache__/error.cpython-37.pyc", "size": null}, {"hash": null, "path": "confluent_kafka/schema_registry/__pycache__/json_schema.cpython-37.pyc", "size": null}, {"hash": null, "path": "confluent_kafka/schema_registry/__pycache__/protobuf.cpython-37.pyc", "size": null}, {"hash": null, "path": "confluent_kafka/schema_registry/__pycache__/schema_registry_client.cpython-37.pyc", "size": null}, {"hash": {"mode": "sha256", "value": "j1lXpiN66L9cQ304pl0v50I6lJ_9qFpeMSZTyCBdaHg"}, "path": "confluent_kafka/schema_registry/avro.py", "size": 13009}, {"hash": {"mode": "sha256", "value": "Qtjy140R2gb52Z_Y1_38VKw1_LvFPBHt_XxGAB5LfH8"}, "path": "confluent_kafka/schema_registry/error.py", "size": 1766}, {"hash": {"mode": "sha256", "value": "Tq6XgmE9PIMT16Qr1-TwHu5bzwg-FJjwa4qm7gmspfY"}, "path": "confluent_kafka/schema_registry/json_schema.py", "size": 11621}, {"hash": {"mode": "sha256", "value": "qTr8caX74s3cwnt8tBuM7pFVdZ34di3jQpC2mvXe3v4"}, "path": "confluent_kafka/schema_registry/protobuf.py", "size": 16450}, {"hash": {"mode": "sha256", "value": "NVW2HwkZSA9Iq1aFNfZ7-8OKtVVma0abv10wLcyn54M"}, "path": "confluent_kafka/schema_registry/schema_registry_client.py", "size": 25549}, {"hash": {"mode": "sha256", "value": "tL7u36-FBUo57J3Y32f2SzGpIQzyTQJS3c2yHg4M_Ac"}, "path": "confluent_kafka/serialization/__init__.py", "size": 11189}, {"hash": null, "path": "confluent_kafka/serialization/__pycache__/__init__.cpython-37.pyc", "size": null}, {"hash": {"mode": "sha256", "value": "7DC8Hy1c9-o3_Kgz6k0UEyiYGWPNvWNYFWZY173vYeY"}, "path": "confluent_kafka/serializing_producer.py", "size": 9557}], "metadata": {"Author": "Confluent Inc", "Author-email": "support@confluent.io", "Home-page": "https://github.com/confluentinc/confluent-kafka-python", "License": "UNKNOWN", "Metadata-Version": "2.1", "Name": "confluent-kafka", "Platform": ["UNKNOWN"], "Provides-Extra": ["avro", "dev", "doc", "json", "protobuf", "schema-registry"], "Requires-Dist": ["futures ; python_version < \"3.2\"", "enum34 ; python_version < \"3.4\"", "fastavro (>=0.23.0) ; extra == 'avro'", "requests ; extra == 'avro'", "avro (==1.9.2) ; (python_version < \"3.0\") and extra == 'avro'", "avro-python3 (==1.9.2.1) ; (python_version > \"3.0\") and extra == 'avro'", "pytest-timeout ; extra == 'dev'", "flake8 ; extra == 'dev'", "fastavro (>=0.23.0) ; extra == 'dev'", "requests ; extra == 'dev'", "pytest (==4.6.4) ; (python_version < \"3.0\") and extra == 'dev'", "avro (==1.9.2) ; (python_version < \"3.0\") and extra == 'dev'", "avro-python3 (==1.9.2.1) ; (python_version > \"3.0\") and extra == 'dev'", "pytest ; (python_version >= \"3.0\") and extra == 'dev'", "sphinx ; extra == 'doc'", "sphinx-rtd-theme ; extra == 'doc'", "fastavro (>=0.23.0) ; extra == 'doc'", "requests ; extra == 'doc'", "avro (==1.9.2) ; (python_version < \"3.0\") and extra == 'doc'", "avro-python3 (==1.9.2.1) ; (python_version > \"3.0\") and extra == 'doc'", "jsonschema ; extra == 'json'", "requests ; extra == 'json'", "protobuf ; extra == 'protobuf'", "requests ; extra == 'protobuf'", "requests ; extra == 'schema-registry'"], "Summary": "Confluent's Python client for Apache Kafka", "Version": "1.4.1"}, "requires": ["futures ; python_version < \"3.2\"", "enum34 ; python_version < \"3.4\"", "fastavro (>=0.23.0) ; extra == 'avro'", "requests ; extra == 'avro'", "avro (==1.9.2) ; (python_version < \"3.0\") and extra == 'avro'", "avro-python3 (==1.9.2.1) ; (python_version > \"3.0\") and extra == 'avro'", "pytest-timeout ; extra == 'dev'", "flake8 ; extra == 'dev'", "fastavro (>=0.23.0) ; extra == 'dev'", "requests ; extra == 'dev'", "pytest (==4.6.4) ; (python_version < \"3.0\") and extra == 'dev'", "avro (==1.9.2) ; (python_version < \"3.0\") and extra == 'dev'", "avro-python3 (==1.9.2.1) ; (python_version > \"3.0\") and extra == 'dev'", "pytest ; (python_version >= \"3.0\") and extra == 'dev'", "sphinx ; extra == 'doc'", "sphinx-rtd-theme ; extra == 'doc'", "fastavro (>=0.23.0) ; extra == 'doc'", "requests ; extra == 'doc'", "avro (==1.9.2) ; (python_version < \"3.0\") and extra == 'doc'", "avro-python3 (==1.9.2.1) ; (python_version > \"3.0\") and extra == 'doc'", "jsonschema ; extra == 'json'", "requests ; extra == 'json'", "protobuf ; extra == 'protobuf'", "requests ; extra == 'protobuf'", "requests ; extra == 'schema-registry'"], "version": "1.4.1"}, "index_url": "https://pypi.org/simple", "package_name": "confluent-kafka", "package_version": "1.4.1", "package_version_requested": "1.4.1", "sha256": ["c3ba2e8b3e80f134fcc1d49aa5bfa303344c02e555598cba58078cb3b67e8afe", "ed9be39b6a6c5047cab110f1071911d2ecf74ef78e82cad302aaca2ef05ec2a8", "a9e84d70388c23f77f562ca5dba0727937cd38a3ca598f55183f317fd643f62f", "1ee34be1391c94cfd1ced771e5bf30eaa0c921454e1ce8e5e004537e61661fec", "322fef69932ff4ea63dc47b2f46d8825216d06761b0411cdbfd32fe78c95b1ce", "a4ef279bea76957c1ffe7f926282e31499a42417960393ae0fc09b362d067990", "55ad450f2c7bb6a3540355e14248bf37f987c5d97f21512b213be4c87569e6d4", "8e7e1e3150e5f043a6615888faaeaf46da53249fcb0d06f8ec094672cf058edd", "034104708898cf0f1af4a2d9f2cb8b3d9b0c712ffb60ffcdb1f5beaf19fb4d01", "ded4609f483a201f87cd6c586d63e055b6de1533480b5d88974fadf15ff4095b", "acff64a62a4fe3847d5a5a024a183d0665250b7b3f95ef9ae65b14ffce55cb4b", "1005ea7a4c8d21252ac3674411c98960d5fa86346a8dbf195fcbcd0f9bb00b9b", "9bb8fdc5b272578e2435d3965eb001a46c57854e3005762371a3e2ed2d5949a3", "13445aba28799992c3be2006bc318b70528b3d1b37505f4870ccfe638bfe6971", "a1a6b67bd156eab3dd1ee3d41d7f62d6e0a764fa5c75b63463283d4799fa6c16", "a45a80684491d86470b2133c8a1771a3def46fe7cb090c738fd4dc496188fa0a", "0baa330b7c81b6bcb047240b7cc08a2e6ffceecf08205ead09bfa43c65b57863", "2591bcc71f898cec6ce8e794027a0a426028a9a7cee16b33e29b22966e2edc68", "5ad12faeb52924ae8875022b95e48cc0c833e123fa04bd6e064320510b83f60c", "41af0f4de391a627a856578631476fe2b70b867657d6dbfd270eed08fe36859d", "f797696993d8a64ac938a7d1eb10c25f41727574cb265d5fc0190d76fe3706c6", "b72d4206bf29250a0f92a874cb0ef4a85f3f48bc402bb55e72a32a92b4425b2a", "d24f10c1ff00e42dfedbbd2357557dfe57881cc4bbfe9dc34745bc325530fe3f", "17785f7db623727db1bbd46b43ef11c045053e31105439961fbadf16f404361e", "a22db650548cb6e0cc8b36c8642b9e68ba8efbabf1ca04c921b114b7bd16b1fa", "f2758e9ca5568247ea283af0ce503279635e7b0bb9bd689e7eb71a0aad5edb68"]}], "unparsed": [], "unresolved": []}}