{"metadata": {"analyzer": "thoth-solver", "analyzer_version": "1.4.1", "arguments": {"python": {"exclude_packages": null, "index": "https://pypi.org/simple", "no_pretty": false, "no_transitive": true, "output": "http://result-api/api/v1/solver-result", "requirements": "zest-releaser==6.18.0", "virtualenv": "/home/solver/venv"}, "thoth-solver": {"verbose": false}}, "datetime": "2019-12-24T16:45:36.607151", "distribution": {"codename": "", "id": "fedora", "like": "", "version": "31", "version_parts": {"build_number": "", "major": "31", "minor": ""}}, "document_id": "solver-fedora-31-py37-01e7c5eb", "duration": 3, "hostname": "solver-fedora-31-py37-01e7c5eb-tjkpv", "os_release": {"id": "fedora", "name": "Fedora", "platform_id": "platform:f31", "redhat_bugzilla_product": "Fedora", "redhat_bugzilla_product_version": "31", "redhat_support_product": "Fedora", "redhat_support_product_version": "31", "variant_id": "container", "version": "31 (Container Image)", "version_id": "31"}, "python": {"api_version": 1013, "implementation_name": "cpython", "major": 3, "micro": 5, "minor": 7, "releaselevel": "final", "serial": 0}, "thoth_deployment_name": "thoth-psi-stage", "timestamp": 1577205936}, "result": {"environment": {"implementation_name": "cpython", "implementation_version": "3.7.5", "os_name": "posix", "platform_machine": "x86_64", "platform_python_implementation": "CPython", "platform_release": "3.10.0-957.21.2.el7.x86_64", "platform_system": "Linux", "platform_version": "#1 SMP Tue May 28 09:26:43 UTC 2019", "python_full_version": "3.7.5", "python_version": "3.7", "sys_platform": "linux"}, "environment_packages": [{"package_name": "pipdeptree", "package_version": "0.13.2"}], "errors": [], "tree": [{"dependencies": [{"extra": [], "extras": [], "marker": null, "marker_evaluated": null, "marker_evaluation_error": null, "marker_evaluation_result": true, "normalized_package_name": "setuptools", "package_name": "setuptools", "resolved_versions": [{"index": "https://pypi.org/simple", "versions": ["0.7.2", "0.7.3", "0.7.4", "0.7.5", "0.7.6", "0.7.7", "0.7.8", "0.8", "0.9", "0.9.1", "0.9.2", "0.9.3", "0.9.4", "0.9.5", "0.9.6", "0.9.7", "0.9.8", "1.0", "1.1", "1.1.1", "1.1.2", "1.1.3", "1.1.4", "1.1.5", "1.1.6", "1.1.7", "1.2", "1.3", "1.3.1", "1.3.2", "1.4", "1.4.1", "1.4.2", "10.0", "10.0.1", "10.1", "10.2", "10.2.1", "11.0", "11.1", "11.2", "11.3", "11.3.1", "12.0", "12.0.1", "12.0.2", "12.0.3", "12.0.4", "12.0.5", "12.1", "12.2", "12.3", "12.4", "13.0", "13.0.1", "13.0.2", "14.0", "14.1", "14.1.1", "14.2", "14.3", "14.3.1", "15.0", "15.1", "15.2", "16.0", "17.0", "17.1", "17.1.1", "18.0", "18.0.1", "18.1", "18.2", "18.3", "18.3.1", "18.3.2", "18.4", "18.5", "18.6", "18.6.1", "18.7", "18.7.1", "18.8", "18.8.1", "19.0", "19.1", "19.1.1", "19.2", "19.3", "19.4", "19.4.1", "19.5", "19.6", "19.6.1", "19.6.2", "19.7", "2.0", "2.0.1", "2.0.2", "2.1", "2.1.1", "2.1.2", "2.2", "20.0", "20.1", "20.1.1", "20.10.1", "20.2.2", "20.3", "20.3.1", "20.4", "20.6.6", "20.6.7", "20.6.8", "20.7.0", "20.8.0", "20.8.1", "20.9.0", "21.0.0", "21.1.0", "21.2.0", "21.2.1", "21.2.2", "22.0.0", "22.0.1", "22.0.2", "22.0.4", "22.0.5", "23.0.0", "23.1.0", "23.2.0", "23.2.1", "24.0.0", "24.0.1", "24.0.2", "24.0.3", "24.1.0", "24.1.1", "24.2.0", "24.2.1", "24.3.0", "24.3.1", "25.0.0", "25.0.1", "25.0.2", "25.1.0", "25.1.1", "25.1.2", "25.1.3", "25.1.4", "25.1.5", "25.1.6", "25.2.0", "25.3.0", "25.4.0", "26.0.0", "26.1.0", "26.1.1", "27.0.0", "27.1.0", "27.1.2", "27.2.0", "27.3.0", "27.3.1", "28.0.0", "28.1.0", "28.2.0", "28.3.0", "28.4.0", "28.5.0", "28.6.0", "28.6.1", "28.7.0", "28.7.1", "28.8.0", "28.8.1", "29.0.0", "29.0.1", "3.0", "3.0.1", "3.0.2", "3.1", "3.2", "3.3", "3.4", "3.4.1", "3.4.2", "3.4.3", "3.4.4", "3.5", "3.5.1", "3.5.2", "3.6", "3.7", "3.7.1", "3.8", "3.8.1", "30.0.0", "30.1.0", "30.2.0", "30.2.1", "30.3.0", "30.4.0", "31.0.0", "31.0.1", "32.0.0", "32.1.0", "32.1.1", "32.1.2", "32.1.3", "32.2.0", "32.3.0", "32.3.1", "33.1.0", "33.1.1", "34.0.0", "34.0.1", "34.0.2", "34.0.3", "34.1.0", "34.1.1", "34.2.0", "34.3.0", "34.3.1", "34.3.2", "34.3.3", "34.4.0", "34.4.1", "35.0.0", "35.0.1", "35.0.2", "36.0.1", "36.1.0", "36.1.1", "36.2.0", "36.2.1", "36.2.2", "36.2.3", "36.2.4", "36.2.5", "36.2.6", "36.2.7", "36.3.0", "36.4.0", "36.5.0", "36.6.0", "36.6.1", "36.7.0", "36.7.1", "36.7.2", "36.8.0", "37.0.0", "38.0.0", "38.1.0", "38.2.0", "38.2.1", "38.2.3", "38.2.4", "38.2.5", "38.3.0", "38.4.0", "38.4.1", "38.5.0", "38.5.1", "38.5.2", "38.6.0", "38.6.1", "38.7.0", "39.0.0", "39.0.1", "39.1.0", "39.2.0", "4.0", "4.0.1", "40.0.0", "40.1.0", "40.1.1", "40.2.0", "40.3.0", "40.4.0", "40.4.1", "40.4.2", "40.4.3", "40.5.0", "40.6.0", "40.6.1", "40.6.2", "40.6.3", "40.7.0", "40.7.1", "40.7.2", "40.7.3", "40.8.0", "40.9.0", "41.0.0", "41.0.1", "41.1.0", "41.2.0", "41.3.0", "41.4.0", "41.5.0", "41.5.1", "41.6.0", "42.0.0", "42.0.1", "42.0.2", "5.0", "5.0.1", "5.0.2", "5.1", "5.2", "5.3", "5.4", "5.4.1", "5.4.2", "5.5", "5.5.1", "5.6", "5.7", "5.8", "6.0.1", "6.0.2", "6.1", "7.0", "8.0", "8.0.1", "8.0.2", "8.0.3", "8.0.4", "8.1", "8.2", "8.2.1", "8.3", "9.0", "9.0.1", "9.1"]}], "specifier": null}, {"extra": [], "extras": [], "marker": null, "marker_evaluated": null, "marker_evaluation_error": null, "marker_evaluation_result": true, "normalized_package_name": "colorama", "package_name": "colorama", "resolved_versions": [{"index": "https://pypi.org/simple", "versions": ["0.1", "0.1.1", "0.1.10", "0.1.11", "0.1.12", "0.1.13", "0.1.14", "0.1.15", "0.1.16", "0.1.17", "0.1.18", "0.1.2", "0.1.3", "0.1.4", "0.1.5", "0.1.6", "0.1.7", "0.1.8", "0.1.9", "0.2.0", "0.2.1", "0.2.2", "0.2.3", "0.2.4", "0.2.5", "0.2.6", "0.2.7", "0.3.0", "0.3.1", "0.3.2", "0.3.3", "0.3.4", "0.3.5", "0.3.6", "0.3.7", "0.3.8", "0.3.9", "0.4.0", "0.4.1", "0.4.2", "0.4.3"]}], "specifier": null}, {"extra": [], "extras": [], "marker": null, "marker_evaluated": null, "marker_evaluation_error": null, "marker_evaluation_result": true, "normalized_package_name": "requests", "package_name": "requests", "resolved_versions": [{"index": "https://pypi.org/simple", "versions": ["0.0.1", "0.10.0", "0.10.1", "0.10.2", "0.10.3", "0.10.4", "0.10.6", "0.10.7", "0.10.8", "0.11.1", "0.11.2", "0.12.0", "0.12.01", "0.12.1", "0.13.0", "0.13.1", "0.13.2", "0.13.3", "0.13.4", "0.13.5", "0.13.6", "0.13.7", "0.13.8", "0.13.9", "0.14.0", "0.14.1", "0.14.2", "0.2.0", "0.2.1", "0.2.2", "0.2.3", "0.2.4", "0.3.0", "0.3.1", "0.3.2", "0.3.3", "0.3.4", "0.4.0", "0.4.1", "0.5.0", "0.5.1", "0.6.0", "0.6.1", "0.6.2", "0.6.3", "0.6.4", "0.6.5", "0.6.6", "0.7.0", "0.7.1", "0.7.2", "0.7.3", "0.7.4", "0.7.5", "0.7.6", "0.8.0", "0.8.1", "0.8.2", "0.8.3", "0.8.4", "0.8.5", "0.8.6", "0.8.7", "0.8.8", "0.8.9", "0.9.0", "0.9.1", "0.9.2", "0.9.3", "1.0.0", "1.0.1", "1.0.2", "1.0.3", "1.0.4", "1.1.0", "1.2.0", "1.2.1", "1.2.2", "1.2.3", "2.0.0", "2.0.1", "2.1.0", "2.10.0", "2.11.0", "2.11.1", "2.12.0", "2.12.1", "2.12.2", "2.12.3", "2.12.4", "2.12.5", "2.13.0", "2.14.0", "2.14.1", "2.14.2", "2.15.0", "2.15.1", "2.16.0", "2.16.1", "2.16.2", "2.16.3", "2.16.4", "2.16.5", "2.17.0", "2.17.1", "2.17.2", "2.17.3", "2.18.0", "2.18.1", "2.18.2", "2.18.3", "2.18.4", "2.19.0", "2.19.1", "2.2.0", "2.2.1", "2.20.0", "2.20.1", "2.21.0", "2.22.0", "2.3.0", "2.4.0", "2.4.1", "2.4.2", "2.4.3", "2.5.0", "2.5.1", "2.5.2", "2.5.3", "2.6.0", "2.6.1", "2.6.2", "2.7.0", "2.8.0", "2.8.1", "2.9.0", "2.9.1", "2.9.2"]}], "specifier": null}, {"extra": [], "extras": [], "marker": null, "marker_evaluated": null, "marker_evaluation_error": null, "marker_evaluation_result": true, "normalized_package_name": "six", "package_name": "six", "resolved_versions": [{"index": "https://pypi.org/simple", "versions": ["0.9.0", "0.9.1", "0.9.2", "1.0.0", "1.1.0", "1.10.0", "1.11.0", "1.12.0", "1.13.0", "1.2.0", "1.3.0", "1.4.0", "1.4.1", "1.5.0", "1.5.1", "1.5.2", "1.6.0", "1.6.1", "1.7.0", "1.7.1", "1.7.2", "1.7.3", "1.8.0", "1.9.0"]}], "specifier": null}, {"extra": [], "extras": [], "marker": null, "marker_evaluated": null, "marker_evaluation_error": null, "marker_evaluation_result": true, "normalized_package_name": "twine", "package_name": "twine", "resolved_versions": [{"index": "https://pypi.org/simple", "versions": ["1.10.0", "1.11.0", "1.12.0", "1.12.1", "1.13.0", "1.14.0", "1.15.0", "1.6.0", "1.6.1", "1.6.2", "1.6.3", "1.6.4", "1.6.5", "1.7.0", "1.7.1", "1.7.2", "1.7.3", "1.7.4", "1.8.0", "1.8.1", "1.9.0", "1.9.1", "2.0.0", "3.0.0", "3.1.0", "3.1.1"]}], "specifier": ">=1.6.0"}, {"extra": ["recommended"], "extras": [], "marker": "extra == \"recommended\"", "marker_evaluated": "python_version >= \"0.0\"", "marker_evaluation_error": null, "marker_evaluation_result": true, "normalized_package_name": "chardet", "package_name": "chardet", "resolved_versions": [{"index": "https://pypi.org/simple", "versions": ["1.0", "1.0.1", "1.1", "2.1.1", "2.2.1", "2.3.0", "3.0.0", "3.0.1", "3.0.2", "3.0.3", "3.0.4"]}], "specifier": null}, {"extra": ["recommended"], "extras": [], "marker": "extra == \"recommended\"", "marker_evaluated": "python_version >= \"0.0\"", "marker_evaluation_error": null, "marker_evaluation_result": true, "normalized_package_name": "check-manifest", "package_name": "check-manifest", "resolved_versions": [{"index": "https://pypi.org/simple", "versions": ["0.10", "0.11", "0.12", "0.13", "0.14", "0.15", "0.16", "0.17", "0.18", "0.19", "0.20", "0.21", "0.22", "0.23", "0.24", "0.25", "0.26", "0.27", "0.28", "0.29", "0.30", "0.31", "0.32", "0.33", "0.34", "0.35", "0.36", "0.37", "0.38", "0.39", "0.40", "0.7", "0.8", "0.9"]}], "specifier": null}, {"extra": ["recommended"], "extras": [], "marker": "extra == \"recommended\"", "marker_evaluated": "python_version >= \"0.0\"", "marker_evaluation_error": null, "marker_evaluation_result": true, "normalized_package_name": "pyroma", "package_name": "pyroma", "resolved_versions": [{"index": "https://pypi.org/simple", "versions": ["0.9.1", "0.9.2", "0.9.3", "1.0", "1.1", "1.2", "1.3", "1.3.1", "1.4", "1.5", "1.6", "1.7", "1.8", "1.8.1", "1.8.2", "1.8.3", "2.0.0", "2.0.1", "2.0.2", "2.1", "2.2", "2.3", "2.3.1", "2.4", "2.5", "2.6"]}], "specifier": null}, {"extra": ["recommended"], "extras": [], "marker": "extra == \"recommended\"", "marker_evaluated": "python_version >= \"0.0\"", "marker_evaluation_error": null, "marker_evaluation_result": true, "normalized_package_name": "readme-renderer", "package_name": "readme-renderer", "resolved_versions": [{"index": "https://pypi.org/simple", "versions": ["0.7.0", "16.0", "17.0", "17.1", "17.2", "17.3", "17.4", "18.0", "18.1", "19.0", "20.0", "21.0", "22.0", "23.0", "24.0"]}], "specifier": null}, {"extra": ["recommended"], "extras": [], "marker": "extra == \"recommended\"", "marker_evaluated": "python_version >= \"0.0\"", "marker_evaluation_error": null, "marker_evaluation_result": true, "normalized_package_name": "wheel", "package_name": "wheel", "resolved_versions": [{"index": "https://pypi.org/simple", "versions": ["0.1", "0.10.0", "0.10.1", "0.10.2", "0.10.3", "0.11.0", "0.12.0", "0.13.0", "0.14.0", "0.15.0", "0.16.0", "0.17.0", "0.18.0", "0.19.0", "0.2", "0.21.0", "0.22.0", "0.23.0", "0.24.0", "0.25.0", "0.26.0", "0.27.0", "0.28.0", "0.29.0", "0.3", "0.30.0", "0.31.0", "0.31.1", "0.32.0", "0.32.1", "0.32.2", "0.32.3", "0.33.0", "0.33.1", "0.33.4", "0.33.5", "0.33.6", "0.4", "0.4.1", "0.4.2", "0.5", "0.6", "0.7", "0.8", "0.9", "0.9.1", "0.9.2", "0.9.3", "0.9.4", "0.9.5", "0.9.6", "0.9.7"]}], "specifier": null}, {"extra": ["test"], "extras": [], "marker": "extra == \"test\"", "marker_evaluated": "python_version >= \"0.0\"", "marker_evaluation_error": null, "marker_evaluation_result": true, "normalized_package_name": "z3c-testsetup", "package_name": "z3c.testsetup", "resolved_versions": [{"index": "https://pypi.org/simple", "versions": ["0.8.4"]}], "specifier": ">=0.8.4"}, {"extra": ["test"], "extras": [], "marker": "extra == \"test\"", "marker_evaluated": "python_version >= \"0.0\"", "marker_evaluation_error": null, "marker_evaluation_result": true, "normalized_package_name": "zope-testing", "package_name": "zope.testing", "resolved_versions": [{"index": "https://pypi.org/simple", "versions": ["3.0", "3.10.0", "3.10.1", "3.10.2", "3.10.3", "3.4", "3.5.0", "3.5.1", "3.5.3", "3.5.4", "3.5.5", "3.5.6", "3.6.0", "3.7.0", "3.7.1", "3.7.2", "3.7.3", "3.7.4", "3.7.5", "3.7.6", "3.7.7", "3.8.0", "3.8.1", "3.8.2", "3.8.3", "3.8.4", "3.8.5", "3.8.6", "3.8.7", "3.9.0", "3.9.1", "3.9.2", "3.9.3", "3.9.4", "3.9.5", "3.9.6", "3.9.7", "4.0.0", "4.1.0", "4.1.0dev-r124241", "4.1.1", "4.1.2", "4.1.3", "4.2.0", "4.3.0", "4.4.0", "4.4.1", "4.5.0", "4.6.0", "4.6.1", "4.6.2", "4.7"]}], "specifier": null}, {"extra": ["test"], "extras": [], "marker": "extra == \"test\"", "marker_evaluated": "python_version >= \"0.0\"", "marker_evaluation_error": null, "marker_evaluation_result": true, "normalized_package_name": "zope-testrunner", "package_name": "zope.testrunner", "resolved_versions": [{"index": "https://pypi.org/simple", "versions": ["4.0.0", "4.0.1", "4.0.2", "4.0.3", "4.0.4", "4.1.0", "4.1.1", "4.2.0", "4.3.0", "4.3.1", "4.3.2", "4.3.3", "4.4.0", "4.4.1", "4.4.10", "4.4.2", "4.4.3", "4.4.4", "4.4.5", "4.4.6", "4.4.7", "4.4.8", "4.4.9", "4.5.0", "4.5.1", "4.6.0", "4.7.0", "4.8.0", "4.8.1", "4.9", "4.9.1", "4.9.2", "5.0", "5.1"]}], "specifier": null}, {"extra": ["test"], "extras": [], "marker": "extra == \"test\"", "marker_evaluated": "python_version >= \"0.0\"", "marker_evaluation_error": null, "marker_evaluation_result": true, "normalized_package_name": "wheel", "package_name": "wheel", "resolved_versions": [{"index": "https://pypi.org/simple", "versions": ["0.1", "0.10.0", "0.10.1", "0.10.2", "0.10.3", "0.11.0", "0.12.0", "0.13.0", "0.14.0", "0.15.0", "0.16.0", "0.17.0", "0.18.0", "0.19.0", "0.2", "0.21.0", "0.22.0", "0.23.0", "0.24.0", "0.25.0", "0.26.0", "0.27.0", "0.28.0", "0.29.0", "0.3", "0.30.0", "0.31.0", "0.31.1", "0.32.0", "0.32.1", "0.32.2", "0.32.3", "0.33.0", "0.33.1", "0.33.4", "0.33.5", "0.33.6", "0.4", "0.4.1", "0.4.2", "0.5", "0.6", "0.7", "0.8", "0.9", "0.9.1", "0.9.2", "0.9.3", "0.9.4", "0.9.5", "0.9.6", "0.9.7"]}], "specifier": null}], "importlib_metadata": {"entry_points": [{"group": "console_scripts", "name": "addchangelogentry", "value": "zest.releaser.addchangelogentry:main"}, {"group": "console_scripts", "name": "bumpversion", "value": "zest.releaser.bumpversion:main"}, {"group": "console_scripts", "name": "fullrelease", "value": "zest.releaser.fullrelease:main"}, {"group": "console_scripts", "name": "lasttagdiff", "value": "zest.releaser.lasttagdiff:main"}, {"group": "console_scripts", "name": "lasttaglog", "value": "zest.releaser.lasttaglog:main"}, {"group": "console_scripts", "name": "longtest", "value": "zest.releaser.longtest:main"}, {"group": "console_scripts", "name": "postrelease", "value": "zest.releaser.postrelease:main"}, {"group": "console_scripts", "name": "prerelease", "value": "zest.releaser.prerelease:main"}, {"group": "console_scripts", "name": "release", "value": "zest.releaser.release:main"}, {"group": "zest.releaser.addchangelogentry.middle", "name": "datacheck", "value": "zest.releaser.addchangelogentry:datacheck"}, {"group": "zest.releaser.bumpversion.middle", "name": "datacheck", "value": "zest.releaser.bumpversion:datacheck"}, {"group": "zest.releaser.postreleaser.middle", "name": "datacheck", "value": "zest.releaser.postrelease:datacheck"}, {"group": "zest.releaser.prereleaser.before", "name": "preparedocs", "value": "zest.releaser.preparedocs:prepare_entrypoint_documentation"}, {"group": "zest.releaser.prereleaser.middle", "name": "datacheck", "value": "zest.releaser.prerelease:datacheck"}, {"group": "zest.releaser.releaser.middle", "name": "datacheck", "value": "zest.releaser.release:datacheck"}], "files": [{"hash": {"mode": "sha256", "value": "NN0B4wzHavIebPjEX5wEb-c26PYCe_2Mq1aIdjqlIZI"}, "path": "../../../bin/addchangelogentry", "size": 243}, {"hash": {"mode": "sha256", "value": "J1D72NFBsOnvGMEO-22_AGCv-EEk8pw2brBBq7Q_e6U"}, "path": "../../../bin/bumpversion", "size": 237}, {"hash": {"mode": "sha256", "value": "9nz510sHTpcx1r6WstnR7kbM0ZU68Q0NkzCIrmlvz3o"}, "path": "../../../bin/fullrelease", "size": 237}, {"hash": {"mode": "sha256", "value": "x0sSW_WOCsODkXJT-IMlnJ2jwyeINb1_uGjKBqvMNjo"}, "path": "../../../bin/lasttagdiff", "size": 237}, {"hash": {"mode": "sha256", "value": "anNX_NYnxkfhGzyKV5EBfp20dNlra19GpwZbAyNXjSc"}, "path": "../../../bin/lasttaglog", "size": 236}, {"hash": {"mode": "sha256", "value": "A-R7SeNKklWMuaSMAenO7F7sVd8ZEx9XsRaSgnrj3ew"}, "path": "../../../bin/longtest", "size": 234}, {"hash": {"mode": "sha256", "value": "roWqHEAeG-QUNIozype3uPkJrUjqPthsL4p5Q0NPdC8"}, "path": "../../../bin/postrelease", "size": 237}, {"hash": {"mode": "sha256", "value": "gK0C0IwCkrOFrYvPHwdwYmDEwx9xJHCOHUqbmqMeJOI"}, "path": "../../../bin/prerelease", "size": 236}, {"hash": {"mode": "sha256", "value": "Hucgs7mjC57YbCSzX922F_18TDOZTprKnMBW7VJJUPU"}, "path": "../../../bin/release", "size": 233}, {"hash": {"mode": "sha256", "value": "7-TpwZimGj8i1xDyDg3ayhxFl17Cq7ARcslfsF4C5aY"}, "path": "zest.releaser-6.18.0-py3.6-nspkg.pth", "size": 529}, {"hash": {"mode": "sha256", "value": "zuuue4knoyJ-UwPPXg8fezS7VCrXJQrAP7zeNuwvFQg"}, "path": "zest.releaser-6.18.0.dist-info/INSTALLER", "size": 4}, {"hash": {"mode": "sha256", "value": "qxX9UmvY3Rip5368E5ZWv00z6X_HI4zRG_YOK5uGZsY"}, "path": "zest.releaser-6.18.0.dist-info/LICENSE.GPL", "size": 17987}, {"hash": {"mode": "sha256", "value": "_c9sOIh0yg4tJo3gje8xAFmJN-7BDtqKG5MacG5aGCY"}, "path": "zest.releaser-6.18.0.dist-info/LICENSE.rst", "size": 755}, {"hash": {"mode": "sha256", "value": "VLeknUCNLuJFDY6paUhBYUzLK7R2Vhs7ffhXVhcFG8E"}, "path": "zest.releaser-6.18.0.dist-info/METADATA", "size": 32214}, {"hash": null, "path": "zest.releaser-6.18.0.dist-info/RECORD", "size": null}, {"hash": {"mode": "sha256", "value": "CihQvCnsGZQBGAHLEUMf0IdA4fRduS_NBUTMgCTtvPM"}, "path": "zest.releaser-6.18.0.dist-info/WHEEL", "size": 110}, {"hash": {"mode": "sha256", "value": "W2WQgwqFYkcA_sry2rPIbFG6HhquQ67yz1nqYfd6R0M"}, "path": "zest.releaser-6.18.0.dist-info/entry_points.txt", "size": 952}, {"hash": {"mode": "sha256", "value": "r3oeL57Oqg_1UwP-ZuW9FRwHLmQ3xpJZNtuyKayTDU0"}, "path": "zest.releaser-6.18.0.dist-info/namespace_packages.txt", "size": 5}, {"hash": {"mode": "sha256", "value": "r3oeL57Oqg_1UwP-ZuW9FRwHLmQ3xpJZNtuyKayTDU0"}, "path": "zest.releaser-6.18.0.dist-info/top_level.txt", "size": 5}, {"hash": {"mode": "sha256", "value": "g972Yz46QzWW7iHxudZgJl7prEj_P8DRvWXT0VCgmog"}, "path": "zest/releaser/__init__.py", "size": 396}, {"hash": null, "path": "zest/releaser/__pycache__/__init__.cpython-37.pyc", "size": null}, {"hash": null, "path": "zest/releaser/__pycache__/addchangelogentry.cpython-37.pyc", "size": null}, {"hash": null, "path": "zest/releaser/__pycache__/baserelease.cpython-37.pyc", "size": null}, {"hash": null, "path": "zest/releaser/__pycache__/bumpversion.cpython-37.pyc", "size": null}, {"hash": null, "path": "zest/releaser/__pycache__/bzr.cpython-37.pyc", "size": null}, {"hash": null, "path": "zest/releaser/__pycache__/choose.cpython-37.pyc", "size": null}, {"hash": null, "path": "zest/releaser/__pycache__/fullrelease.cpython-37.pyc", "size": null}, {"hash": null, "path": "zest/releaser/__pycache__/git.cpython-37.pyc", "size": null}, {"hash": null, "path": "zest/releaser/__pycache__/hg.cpython-37.pyc", "size": null}, {"hash": null, "path": "zest/releaser/__pycache__/lasttagdiff.cpython-37.pyc", "size": null}, {"hash": null, "path": "zest/releaser/__pycache__/lasttaglog.cpython-37.pyc", "size": null}, {"hash": null, "path": "zest/releaser/__pycache__/longtest.cpython-37.pyc", "size": null}, {"hash": null, "path": "zest/releaser/__pycache__/postrelease.cpython-37.pyc", "size": null}, {"hash": null, "path": "zest/releaser/__pycache__/preparedocs.cpython-37.pyc", "size": null}, {"hash": null, "path": "zest/releaser/__pycache__/prerelease.cpython-37.pyc", "size": null}, {"hash": null, "path": "zest/releaser/__pycache__/pypi.cpython-37.pyc", "size": null}, {"hash": null, "path": "zest/releaser/__pycache__/release.cpython-37.pyc", "size": null}, {"hash": null, "path": "zest/releaser/__pycache__/svn.cpython-37.pyc", "size": null}, {"hash": null, "path": "zest/releaser/__pycache__/utils.cpython-37.pyc", "size": null}, {"hash": null, "path": "zest/releaser/__pycache__/vcs.cpython-37.pyc", "size": null}, {"hash": {"mode": "sha256", "value": "7nboYlpDMENsiLI_1gevBZKDGVy7hHOmyegvkzrYmkU"}, "path": "zest/releaser/addchangelogentry.py", "size": 2351}, {"hash": {"mode": "sha256", "value": "tVhtey7GJXDdRaIwzdWrXH-UHac_1iNKBLhwrcwSGjM"}, "path": "zest/releaser/baserelease.py", "size": 17793}, {"hash": {"mode": "sha256", "value": "j8VSP3cGYjUWZ1-9WVm-0buX4RyYfiCBV3YtSxtFgfA"}, "path": "zest/releaser/bumpversion.py", "size": 5460}, {"hash": {"mode": "sha256", "value": "PzmAcNHPvdHQ_hqir4aOecH5mTpf6JQwjKa5vQwjkZs"}, "path": "zest/releaser/bzr.py", "size": 2868}, {"hash": {"mode": "sha256", "value": "3SXnSr9VM_MrlymSLJSAUgxaC30dq4mJuaX7aIb_13w"}, "path": "zest/releaser/choose.py", "size": 1904}, {"hash": {"mode": "sha256", "value": "cXTQkXxlV6LRUuzU_xZ9-YO68mHUKVqvj4HaEKYOmVA"}, "path": "zest/releaser/fullrelease.py", "size": 1001}, {"hash": {"mode": "sha256", "value": "REUU_EXLLRKqL1Y_OgvIjtziQz9mMUJp2a6xeKVYP1Q"}, "path": "zest/releaser/git.py", "size": 5728}, {"hash": {"mode": "sha256", "value": "izUPavaXCoCOVONxTDtTIEdCVnEcg5DabktJ9lGEFTs"}, "path": "zest/releaser/hg.py", "size": 3901}, {"hash": {"mode": "sha256", "value": "0k_QTQwLRqWrPdqYsiu60AFm6pNqnqsWBn5qEgSQj-4"}, "path": "zest/releaser/lasttagdiff.py", "size": 889}, {"hash": {"mode": "sha256", "value": "GUrlL1y-QplxkRXSBZseQrdQDp_3q731vkcZxFc9J98"}, "path": "zest/releaser/lasttaglog.py", "size": 891}, {"hash": {"mode": "sha256", "value": "w1r-mDId2511xhZypptfXXtOMpPNwINr9lzauKGxeg0"}, "path": "zest/releaser/longtest.py", "size": 1977}, {"hash": {"mode": "sha256", "value": "NUDiVOfqrlc83CaIHCj86aPSY5CRFO-NjftrO5hUscU"}, "path": "zest/releaser/postrelease.py", "size": 3716}, {"hash": {"mode": "sha256", "value": "mNkgleXC9NWQna0T5YlLtDDeKxNwFaThm-0z8jB1taI"}, "path": "zest/releaser/preparedocs.py", "size": 2237}, {"hash": {"mode": "sha256", "value": "sbaWP8ysFvg_Qtu7xjD7iadojVJyafha34lfiNkWwHQ"}, "path": "zest/releaser/prerelease.py", "size": 3760}, {"hash": {"mode": "sha256", "value": "qZXSXfMbZeNgGHiHRPkNrt1FR6DhdEtIKvZie6XCYrY"}, "path": "zest/releaser/pypi.py", "size": 21358}, {"hash": {"mode": "sha256", "value": "DfJjdny9i9rWuC1ZOMDKc9L16x7g3PuL8sdKRN8Fw88"}, "path": "zest/releaser/release.py", "size": 12846}, {"hash": {"mode": "sha256", "value": "d3isEGyiZ84Fj9epBRpLic_5fwps4aTAVk3-X2fWgCs"}, "path": "zest/releaser/svn.py", "size": 8396}, {"hash": {"mode": "sha256", "value": "UnxmjVrk-eNORsitiM48W0pB6yfsaErOak8RYh_ELt8"}, "path": "zest/releaser/tests/__init__.py", "size": 10}, {"hash": null, "path": "zest/releaser/tests/__pycache__/__init__.cpython-37.pyc", "size": null}, {"hash": null, "path": "zest/releaser/tests/__pycache__/functional.cpython-37.pyc", "size": null}, {"hash": null, "path": "zest/releaser/tests/__pycache__/test_setup.cpython-37.pyc", "size": null}, {"hash": {"mode": "sha256", "value": "k5WEkJKov8rI3Tdn1E5oJAErYrETq_PoMpkNWzB2Nwg"}, "path": "zest/releaser/tests/addchangelogentry.txt", "size": 3071}, {"hash": {"mode": "sha256", "value": "-BDw5UmyockBBNMmGfzy2DnziDFPaFoMrILztl791jA"}, "path": "zest/releaser/tests/baserelease.txt", "size": 2053}, {"hash": {"mode": "sha256", "value": "cMlUB0vuR6jm0421qmgQOjrFEcjKvcEn0m6OP-97PoE"}, "path": "zest/releaser/tests/bumpversion.txt", "size": 3291}, {"hash": {"mode": "sha256", "value": "dG6qquApXP78-PwnJuWwhUJYe12LL1_98X6OiCdlvkg"}, "path": "zest/releaser/tests/bzr.txt", "size": 3582}, {"hash": {"mode": "sha256", "value": "1hgwL1eH0k2VdBqAPlH3UZkyaEjOvVfo_jOs5ClS4hc"}, "path": "zest/releaser/tests/choose.txt", "size": 1668}, {"hash": {"mode": "sha256", "value": "rL2CZ6DZxuT2TvHnP1r3ZzBMpqoY5f6EMOEU8nKjPUg"}, "path": "zest/releaser/tests/example.tar", "size": 30720}, {"hash": {"mode": "sha256", "value": "5wTZJdjupjZtTjbbXN-5Zeo1nxU6D7JuhyMp0fEdDq4"}, "path": "zest/releaser/tests/fullrelease.txt", "size": 3631}, {"hash": {"mode": "sha256", "value": "l6ZMmOjWlZcsmfcnwGNqvOIkFbDJ_zHiKF7XCjnchbY"}, "path": "zest/releaser/tests/functional-bzr.txt", "size": 3948}, {"hash": {"mode": "sha256", "value": "xloYpm9Bl8Ze24LhdxDpk0OrnZDwNQYGHXP83NDkjFI"}, "path": "zest/releaser/tests/functional-git.txt", "size": 4347}, {"hash": {"mode": "sha256", "value": "OnvJmYUFiFgB0smf5qOm2dSUXHt_M-b779i4yrBpTWo"}, "path": "zest/releaser/tests/functional-mercurial.txt", "size": 3701}, {"hash": {"mode": "sha256", "value": "ZCN47NMc6kG46q84O4_LC-HWwDMY_FHqHAc2pktsV3o"}, "path": "zest/releaser/tests/functional-svn.txt", "size": 4152}, {"hash": {"mode": "sha256", "value": "baSKHIDYQNrV8wjZOP219CwYe-Ou2l4usb9FFv5wLzs"}, "path": "zest/releaser/tests/functional-with-hooks.txt", "size": 4316}, {"hash": {"mode": "sha256", "value": "UkaEc_32AJhZM4-KLTA-c7f3LmQjzTGIbfc-65pKGhE"}, "path": "zest/releaser/tests/functional.py", "size": 7310}, {"hash": {"mode": "sha256", "value": "aKISFlPRA16mtXIw_1WRFrBn4O_BM7nHeRukGPMtD9s"}, "path": "zest/releaser/tests/git.txt", "size": 5951}, {"hash": {"mode": "sha256", "value": "z5EsaOIMXdCf_m3EBLMTduxLEqDAwt3l8y2MxVWVbHA"}, "path": "zest/releaser/tests/gitsvn.txt", "size": 3218}, {"hash": {"mode": "sha256", "value": "30GFI0rL6g4c-KI6N2vTrfnja9qJn0VJsJQstCT0d_I"}, "path": "zest/releaser/tests/hg.txt", "size": 3810}, {"hash": {"mode": "sha256", "value": "Z-oFUxwBUjZMZ3h4JlFflIU6Ii2JIX4TnAW5WOyyyRo"}, "path": "zest/releaser/tests/postrelease.txt", "size": 7110}, {"hash": {"mode": "sha256", "value": "SiX5Pze6mn_Vr_ML0ZzBHssA7fmltoSk23H54fuwq-4"}, "path": "zest/releaser/tests/preparedocs.txt", "size": 1905}, {"hash": {"mode": "sha256", "value": "DzHnvr4uK8D8iaVhoNsY-OftBWXdoG58__4iM38DUPM"}, "path": "zest/releaser/tests/prerelease.txt", "size": 1602}, {"hash": {"mode": "sha256", "value": "7YtdNPR__UdcINAJnOX6zolCTTqvIWIYUAkiTHkpr20"}, "path": "zest/releaser/tests/pypi.txt", "size": 12893}, {"hash": {"mode": "sha256", "value": "v0KyNqEGFVdxjtBN3V0WIyGaBvEA622O9GJOsf96bs0"}, "path": "zest/releaser/tests/pypirc_both.txt", "size": 203}, {"hash": {"mode": "sha256", "value": "KJzHHUpDEs5BcnRvBibOeAUqR4gq4lfifirnP_LLZ_s"}, "path": "zest/releaser/tests/pypirc_new.txt", "size": 318}, {"hash": {"mode": "sha256", "value": "bARidBol03ZRGDEqnVggP6eAqe8ILxXCfZl1WyiyNZs"}, "path": "zest/releaser/tests/pypirc_no_input.txt", "size": 109}, {"hash": {"mode": "sha256", "value": "2Aed5-Vzpw_eBmCO-uiGKP0_YkQAIiQyvjGfdpDJmWA"}, "path": "zest/releaser/tests/pypirc_no_release.txt", "size": 107}, {"hash": {"mode": "sha256", "value": "pPA1rRV9rMuqc3EJOtcTi8FCXg2eEzeTJa-5jJGvigI"}, "path": "zest/releaser/tests/pypirc_old.txt", "size": 100}, {"hash": {"mode": "sha256", "value": "5cR1Ka-NH3wQ89GRtxoQq1YsK5ygfRGqnAja3m-Oc5Q"}, "path": "zest/releaser/tests/pypirc_simple.txt", "size": 37}, {"hash": {"mode": "sha256", "value": "-dHZfHnPm8sCngA6n5sMiNiUVGij0_ujvp2bC7GmVe8"}, "path": "zest/releaser/tests/pypirc_universal_create.txt", "size": 137}, {"hash": {"mode": "sha256", "value": "QCJxBa_-cyMwYFSafUpGTsaCNPEnNzfixKHgU4H1b6k"}, "path": "zest/releaser/tests/pypirc_universal_nocreate.txt", "size": 155}, {"hash": {"mode": "sha256", "value": "tid2q6Du2IZK44L35roD67THpObsNNtBkoTkcQoVmIs"}, "path": "zest/releaser/tests/pypirc_yes_release.txt", "size": 127}, {"hash": {"mode": "sha256", "value": "ebKWA2Mguq9AGC3dEHXgLVqRhyHrEDzLLMyiw60SchI"}, "path": "zest/releaser/tests/release.txt", "size": 3295}, {"hash": {"mode": "sha256", "value": "DqV37lgc7g-ZemSnJs6OoZyODHVXnIHMC-BwdppJwQQ"}, "path": "zest/releaser/tests/svn.txt", "size": 12437}, {"hash": {"mode": "sha256", "value": "jsnYQspZE3HTzru99w--10-z8-a51KLiKShImpnS1os"}, "path": "zest/releaser/tests/test_setup.py", "size": 3575}, {"hash": {"mode": "sha256", "value": "CBKPliB9gDpoxhXoVwNVNlcywz_YnLzgdEbQRrvSGQM"}, "path": "zest/releaser/tests/utils.txt", "size": 22069}, {"hash": {"mode": "sha256", "value": "1evhRFZ-p9tbBZ8_m7QLxZFqHDBnjySXhZdOZ6TclLQ"}, "path": "zest/releaser/tests/vcs.txt", "size": 9219}, {"hash": {"mode": "sha256", "value": "-_W90nHfTAUNeFq1Ae5IyuQ-k0JRAUxaoTfDYbXxaGA"}, "path": "zest/releaser/utils.py", "size": 36655}, {"hash": {"mode": "sha256", "value": "FrsjqfumrcWidHak3pHrZxDJFdyB-BC5beqFM7sB5-s"}, "path": "zest/releaser/vcs.py", "size": 14921}], "metadata": {"Author": "Reinout van Rees", "Author-email": "reinout@vanrees.org", "Classifier": ["Development Status :: 6 - Mature", "Intended Audience :: Developers", "License :: OSI Approved :: GNU General Public License (GPL)", "Programming Language :: Python", "Programming Language :: Python :: 2", "Programming Language :: Python :: 2.7", "Programming Language :: Python :: 3", "Programming Language :: Python :: 3.5", "Programming Language :: Python :: 3.6", "Programming Language :: Python :: Implementation :: CPython", "Programming Language :: Python :: Implementation :: PyPy", "Topic :: Software Development :: Libraries :: Python Modules"], "Home-page": "https://zestreleaser.readthedocs.io", "Keywords": "releasing,packaging,pypi", "License": "GPL", "Metadata-Version": "2.1", "Name": "zest.releaser", "Platform": ["UNKNOWN"], "Provides-Extra": ["recommended", "test"], "Requires-Dist": ["setuptools", "colorama", "requests", "six", "twine (>=1.6.0)", "chardet; extra == 'recommended'", "check-manifest; extra == 'recommended'", "pyroma; extra == 'recommended'", "readme-renderer; extra == 'recommended'", "wheel; extra == 'recommended'", "z3c.testsetup (>=0.8.4); extra == 'test'", "zope.testing; extra == 'test'", "zope.testrunner; extra == 'test'", "wheel; extra == 'test'"], "Summary": "Software releasing made easy and repeatable", "Version": "6.18.0"}, "requires": ["setuptools", "colorama", "requests", "six", "twine (>=1.6.0)", "chardet; extra == 'recommended'", "check-manifest; extra == 'recommended'", "pyroma; extra == 'recommended'", "readme-renderer; extra == 'recommended'", "wheel; extra == 'recommended'", "z3c.testsetup (>=0.8.4); extra == 'test'", "zope.testing; extra == 'test'", "zope.testrunner; extra == 'test'", "wheel; extra == 'test'"], "version": "6.18.0"}, "index_url": "https://pypi.org/simple", "package_name": "zest.releaser", "package_version": "6.18.0", "package_version_requested": "6.18.0", "sha256": ["29a786d86f7f14b31c3d63e647a612e12add94776f3bfa1fff8bad1887f9d878", "6dafd9f56b6bdd756a437dc1f9dd1d1ef00575acacd8dd4ee969be7244092d9d"]}], "unparsed": [], "unresolved": []}}