{"metadata": {"analyzer": "thoth-solver", "analyzer_version": "1.4.1", "arguments": {"python": {"exclude_packages": null, "index": "https://pypi.org/simple", "no_pretty": false, "no_transitive": true, "output": "http://result-api/api/v1/solver-result", "requirements": "libsass==0.8.3", "virtualenv": "/home/solver/venv"}, "thoth-solver": {"verbose": false}}, "datetime": "2019-12-27T17:23:52.935160", "distribution": {"codename": "", "id": "fedora", "like": "", "version": "31", "version_parts": {"build_number": "", "major": "31", "minor": ""}}, "document_id": "solver-fedora-31-py37-0442bcf1", "duration": 2, "hostname": "solver-fedora-31-py37-0442bcf1-8cvh5", "os_release": {"id": "fedora", "name": "Fedora", "platform_id": "platform:f31", "redhat_bugzilla_product": "Fedora", "redhat_bugzilla_product_version": "31", "redhat_support_product": "Fedora", "redhat_support_product_version": "31", "variant_id": "container", "version": "31 (Container Image)", "version_id": "31"}, "python": {"api_version": 1013, "implementation_name": "cpython", "major": 3, "micro": 5, "minor": 7, "releaselevel": "final", "serial": 0}, "thoth_deployment_name": "thoth-psi-stage", "timestamp": 1577467432}, "result": {"environment": {"implementation_name": "cpython", "implementation_version": "3.7.5", "os_name": "posix", "platform_machine": "x86_64", "platform_python_implementation": "CPython", "platform_release": "3.10.0-957.21.2.el7.x86_64", "platform_system": "Linux", "platform_version": "#1 SMP Tue May 28 09:26:43 UTC 2019", "python_full_version": "3.7.5", "python_version": "3.7", "sys_platform": "linux"}, "environment_packages": [{"package_name": "pipdeptree", "package_version": "0.13.2"}], "errors": [{"details": {"command": "/home/solver/venv/bin/python3 -m pip install --force-reinstall --no-cache-dir --no-deps libsass==0.8.3 --index-url \"https://pypi.org/simple\"  --trusted-host pypi.org", "message": "Command exited with non-zero status code (1):   ERROR: Command errored out with exit status 1:\n   command: /home/solver/venv/bin/python3 -u -c 'import sys, setuptools, tokenize; sys.argv[0] = '\"'\"'/tmp/pip-install-3aqjn_xb/libsass/setup.py'\"'\"'; __file__='\"'\"'/tmp/pip-install-3aqjn_xb/libsass/setup.py'\"'\"';f=getattr(tokenize, '\"'\"'open'\"'\"', open)(__file__);code=f.read().replace('\"'\"'\\r\\n'\"'\"', '\"'\"'\\n'\"'\"');f.close();exec(compile(code, __file__, '\"'\"'exec'\"'\"'))' bdist_wheel -d /tmp/pip-wheel-fqv28a8l --python-tag cp37\n       cwd: /tmp/pip-install-3aqjn_xb/libsass/\n  Complete output (20 lines):\n  running bdist_wheel\n  running build\n  running build_py\n  creating build\n  creating build/lib.linux-x86_64-3.7\n  copying sass.py -> build/lib.linux-x86_64-3.7\n  copying sassc.py -> build/lib.linux-x86_64-3.7\n  copying sasstests.py -> build/lib.linux-x86_64-3.7\n  creating build/lib.linux-x86_64-3.7/sassutils\n  copying sassutils/__init__.py -> build/lib.linux-x86_64-3.7/sassutils\n  copying sassutils/builder.py -> build/lib.linux-x86_64-3.7/sassutils\n  copying sassutils/distutils.py -> build/lib.linux-x86_64-3.7/sassutils\n  copying sassutils/wsgi.py -> build/lib.linux-x86_64-3.7/sassutils\n  running build_ext\n  building '_sass' extension\n  creating build/temp.linux-x86_64-3.7\n  creating build/temp.linux-x86_64-3.7/libsass\n  gcc -pthread -Wno-unused-result -Wsign-compare -DDYNAMIC_ANNOTATIONS_ENABLED=1 -DNDEBUG -O2 -g -pipe -Wall -Werror=format-security -Wp,-D_FORTIFY_SOURCE=2 -Wp,-D_GLIBCXX_ASSERTIONS -fexceptions -fstack-protector-strong -grecord-gcc-switches -m64 -mtune=generic -fasynchronous-unwind-tables -fstack-clash-protection -fcf-protection -D_GNU_SOURCE -fPIC -fwrapv -fPIC -I./libsass -I/usr/include/python3.7m -c libsass/ast.cpp -o build/temp.linux-x86_64-3.7/libsass/ast.o -c -O3 -fPIC -std=c++0x -Wall -Wno-parentheses\n  unable to execute 'gcc': No such file or directory\n  error: command 'gcc' failed with exit status 1\n  ----------------------------------------\n  ERROR: Failed building wheel for libsass\n    ERROR: Command errored out with exit status 1:\n     command: /home/solver/venv/bin/python3 -u -c 'import sys, setuptools, tokenize; sys.argv[0] = '\"'\"'/tmp/pip-install-3aqjn_xb/libsass/setup.py'\"'\"'; __file__='\"'\"'/tmp/pip-install-3aqjn_xb/libsass/setup.py'\"'\"';f=getattr(tokenize, '\"'\"'open'\"'\"', open)(__file__);code=f.read().replace('\"'\"'\\r\\n'\"'\"', '\"'\"'\\n'\"'\"');f.close();exec(compile(code, __file__, '\"'\"'exec'\"'\"'))' install --record /tmp/pip-record-ytmjiqxy/install-record.txt --single-version-externally-managed --compile --install-headers /home/solver/venv/include/site/python3.7/libsass\n         cwd: /tmp/pip-install-3aqjn_xb/libsass/\n    Complete output (20 lines):\n    running install\n    running build\n    running build_py\n    creating build\n    creating build/lib.linux-x86_64-3.7\n    copying sass.py -> build/lib.linux-x86_64-3.7\n    copying sassc.py -> build/lib.linux-x86_64-3.7\n    copying sasstests.py -> build/lib.linux-x86_64-3.7\n    creating build/lib.linux-x86_64-3.7/sassutils\n    copying sassutils/__init__.py -> build/lib.linux-x86_64-3.7/sassutils\n    copying sassutils/builder.py -> build/lib.linux-x86_64-3.7/sassutils\n    copying sassutils/distutils.py -> build/lib.linux-x86_64-3.7/sassutils\n    copying sassutils/wsgi.py -> build/lib.linux-x86_64-3.7/sassutils\n    running build_ext\n    building '_sass' extension\n    creating build/temp.linux-x86_64-3.7\n    creating build/temp.linux-x86_64-3.7/libsass\n    gcc -pthread -Wno-unused-result -Wsign-compare -DDYNAMIC_ANNOTATIONS_ENABLED=1 -DNDEBUG -O2 -g -pipe -Wall -Werror=format-security -Wp,-D_FORTIFY_SOURCE=2 -Wp,-D_GLIBCXX_ASSERTIONS -fexceptions -fstack-protector-strong -grecord-gcc-switches -m64 -mtune=generic -fasynchronous-unwind-tables -fstack-clash-protection -fcf-protection -D_GNU_SOURCE -fPIC -fwrapv -fPIC -I./libsass -I/usr/include/python3.7m -c libsass/ast.cpp -o build/temp.linux-x86_64-3.7/libsass/ast.o -c -O3 -fPIC -std=c++0x -Wall -Wno-parentheses\n    unable to execute 'gcc': No such file or directory\n    error: command 'gcc' failed with exit status 1\n    ----------------------------------------\nERROR: Command errored out with exit status 1: /home/solver/venv/bin/python3 -u -c 'import sys, setuptools, tokenize; sys.argv[0] = '\"'\"'/tmp/pip-install-3aqjn_xb/libsass/setup.py'\"'\"'; __file__='\"'\"'/tmp/pip-install-3aqjn_xb/libsass/setup.py'\"'\"';f=getattr(tokenize, '\"'\"'open'\"'\"', open)(__file__);code=f.read().replace('\"'\"'\\r\\n'\"'\"', '\"'\"'\\n'\"'\"');f.close();exec(compile(code, __file__, '\"'\"'exec'\"'\"'))' install --record /tmp/pip-record-ytmjiqxy/install-record.txt --single-version-externally-managed --compile --install-headers /home/solver/venv/include/site/python3.7/libsass Check the logs for full command output.\n", "return_code": 1, "stderr": "  ERROR: Command errored out with exit status 1:\n   command: /home/solver/venv/bin/python3 -u -c 'import sys, setuptools, tokenize; sys.argv[0] = '\"'\"'/tmp/pip-install-3aqjn_xb/libsass/setup.py'\"'\"'; __file__='\"'\"'/tmp/pip-install-3aqjn_xb/libsass/setup.py'\"'\"';f=getattr(tokenize, '\"'\"'open'\"'\"', open)(__file__);code=f.read().replace('\"'\"'\\r\\n'\"'\"', '\"'\"'\\n'\"'\"');f.close();exec(compile(code, __file__, '\"'\"'exec'\"'\"'))' bdist_wheel -d /tmp/pip-wheel-fqv28a8l --python-tag cp37\n       cwd: /tmp/pip-install-3aqjn_xb/libsass/\n  Complete output (20 lines):\n  running bdist_wheel\n  running build\n  running build_py\n  creating build\n  creating build/lib.linux-x86_64-3.7\n  copying sass.py -> build/lib.linux-x86_64-3.7\n  copying sassc.py -> build/lib.linux-x86_64-3.7\n  copying sasstests.py -> build/lib.linux-x86_64-3.7\n  creating build/lib.linux-x86_64-3.7/sassutils\n  copying sassutils/__init__.py -> build/lib.linux-x86_64-3.7/sassutils\n  copying sassutils/builder.py -> build/lib.linux-x86_64-3.7/sassutils\n  copying sassutils/distutils.py -> build/lib.linux-x86_64-3.7/sassutils\n  copying sassutils/wsgi.py -> build/lib.linux-x86_64-3.7/sassutils\n  running build_ext\n  building '_sass' extension\n  creating build/temp.linux-x86_64-3.7\n  creating build/temp.linux-x86_64-3.7/libsass\n  gcc -pthread -Wno-unused-result -Wsign-compare -DDYNAMIC_ANNOTATIONS_ENABLED=1 -DNDEBUG -O2 -g -pipe -Wall -Werror=format-security -Wp,-D_FORTIFY_SOURCE=2 -Wp,-D_GLIBCXX_ASSERTIONS -fexceptions -fstack-protector-strong -grecord-gcc-switches -m64 -mtune=generic -fasynchronous-unwind-tables -fstack-clash-protection -fcf-protection -D_GNU_SOURCE -fPIC -fwrapv -fPIC -I./libsass -I/usr/include/python3.7m -c libsass/ast.cpp -o build/temp.linux-x86_64-3.7/libsass/ast.o -c -O3 -fPIC -std=c++0x -Wall -Wno-parentheses\n  unable to execute 'gcc': No such file or directory\n  error: command 'gcc' failed with exit status 1\n  ----------------------------------------\n  ERROR: Failed building wheel for libsass\n    ERROR: Command errored out with exit status 1:\n     command: /home/solver/venv/bin/python3 -u -c 'import sys, setuptools, tokenize; sys.argv[0] = '\"'\"'/tmp/pip-install-3aqjn_xb/libsass/setup.py'\"'\"'; __file__='\"'\"'/tmp/pip-install-3aqjn_xb/libsass/setup.py'\"'\"';f=getattr(tokenize, '\"'\"'open'\"'\"', open)(__file__);code=f.read().replace('\"'\"'\\r\\n'\"'\"', '\"'\"'\\n'\"'\"');f.close();exec(compile(code, __file__, '\"'\"'exec'\"'\"'))' install --record /tmp/pip-record-ytmjiqxy/install-record.txt --single-version-externally-managed --compile --install-headers /home/solver/venv/include/site/python3.7/libsass\n         cwd: /tmp/pip-install-3aqjn_xb/libsass/\n    Complete output (20 lines):\n    running install\n    running build\n    running build_py\n    creating build\n    creating build/lib.linux-x86_64-3.7\n    copying sass.py -> build/lib.linux-x86_64-3.7\n    copying sassc.py -> build/lib.linux-x86_64-3.7\n    copying sasstests.py -> build/lib.linux-x86_64-3.7\n    creating build/lib.linux-x86_64-3.7/sassutils\n    copying sassutils/__init__.py -> build/lib.linux-x86_64-3.7/sassutils\n    copying sassutils/builder.py -> build/lib.linux-x86_64-3.7/sassutils\n    copying sassutils/distutils.py -> build/lib.linux-x86_64-3.7/sassutils\n    copying sassutils/wsgi.py -> build/lib.linux-x86_64-3.7/sassutils\n    running build_ext\n    building '_sass' extension\n    creating build/temp.linux-x86_64-3.7\n    creating build/temp.linux-x86_64-3.7/libsass\n    gcc -pthread -Wno-unused-result -Wsign-compare -DDYNAMIC_ANNOTATIONS_ENABLED=1 -DNDEBUG -O2 -g -pipe -Wall -Werror=format-security -Wp,-D_FORTIFY_SOURCE=2 -Wp,-D_GLIBCXX_ASSERTIONS -fexceptions -fstack-protector-strong -grecord-gcc-switches -m64 -mtune=generic -fasynchronous-unwind-tables -fstack-clash-protection -fcf-protection -D_GNU_SOURCE -fPIC -fwrapv -fPIC -I./libsass -I/usr/include/python3.7m -c libsass/ast.cpp -o build/temp.linux-x86_64-3.7/libsass/ast.o -c -O3 -fPIC -std=c++0x -Wall -Wno-parentheses\n    unable to execute 'gcc': No such file or directory\n    error: command 'gcc' failed with exit status 1\n    ----------------------------------------\nERROR: Command errored out with exit status 1: /home/solver/venv/bin/python3 -u -c 'import sys, setuptools, tokenize; sys.argv[0] = '\"'\"'/tmp/pip-install-3aqjn_xb/libsass/setup.py'\"'\"'; __file__='\"'\"'/tmp/pip-install-3aqjn_xb/libsass/setup.py'\"'\"';f=getattr(tokenize, '\"'\"'open'\"'\"', open)(__file__);code=f.read().replace('\"'\"'\\r\\n'\"'\"', '\"'\"'\\n'\"'\"');f.close();exec(compile(code, __file__, '\"'\"'exec'\"'\"'))' install --record /tmp/pip-record-ytmjiqxy/install-record.txt --single-version-externally-managed --compile --install-headers /home/solver/venv/include/site/python3.7/libsass Check the logs for full command output.\n", "stdout": "Collecting libsass==0.8.3\n  Downloading https://files.pythonhosted.org/packages/5e/5f/c31339c665a23bd47609c36d46b1aca6f150c0de66da78ac9bbd1c2de2f3/libsass-0.8.3.tar.gz (229kB)\nBuilding wheels for collected packages: libsass\n  Building wheel for libsass (setup.py): started\n  Building wheel for libsass (setup.py): finished with status 'error'\n  Running setup.py clean for libsass\nFailed to build libsass\nInstalling collected packages: libsass\n    Running setup.py install for libsass: started\n    Running setup.py install for libsass: finished with status 'error'\n", "timeout": 60}, "index_url": "https://pypi.org/simple", "is_provided_package": true, "is_provided_package_version": true, "package_name": "libsass", "package_version": "0.8.3", "type": "command_error"}], "tree": [], "unparsed": [], "unresolved": []}}