{"metadata": {"analyzer": "thoth-solver", "analyzer_version": "1.4.1", "arguments": {"python": {"exclude_packages": null, "index": "https://pypi.org/simple", "no_pretty": false, "no_transitive": true, "output": "http://result-api/api/v1/solver-result", "requirements": "rax-default-network-flags-python-novaclient-ext==0.2.3", "virtualenv": "/home/solver/venv"}, "thoth-solver": {"verbose": false}}, "datetime": "2019-12-27T16:37:21.195521", "distribution": {"codename": "", "id": "fedora", "like": "", "version": "31", "version_parts": {"build_number": "", "major": "31", "minor": ""}}, "document_id": "solver-fedora-31-py37-020eeefe", "duration": 2, "hostname": "solver-fedora-31-py37-020eeefe-xqzkf", "os_release": {"id": "fedora", "name": "Fedora", "platform_id": "platform:f31", "redhat_bugzilla_product": "Fedora", "redhat_bugzilla_product_version": "31", "redhat_support_product": "Fedora", "redhat_support_product_version": "31", "variant_id": "container", "version": "31 (Container Image)", "version_id": "31"}, "python": {"api_version": 1013, "implementation_name": "cpython", "major": 3, "micro": 5, "minor": 7, "releaselevel": "final", "serial": 0}, "thoth_deployment_name": "thoth-psi-stage", "timestamp": 1577464641}, "result": {"environment": {"implementation_name": "cpython", "implementation_version": "3.7.5", "os_name": "posix", "platform_machine": "x86_64", "platform_python_implementation": "CPython", "platform_release": "3.10.0-957.21.2.el7.x86_64", "platform_system": "Linux", "platform_version": "#1 SMP Tue May 28 09:26:43 UTC 2019", "python_full_version": "3.7.5", "python_version": "3.7", "sys_platform": "linux"}, "environment_packages": [{"package_name": "pipdeptree", "package_version": "0.13.2"}], "errors": [], "tree": [{"dependencies": [{"extra": [], "extras": [], "marker": null, "marker_evaluated": null, "marker_evaluation_error": null, "marker_evaluation_result": true, "normalized_package_name": "python-novaclient", "package_name": "python-novaclient", "resolved_versions": [{"index": "https://pypi.org/simple", "versions": ["10.0.0", "10.1.0", "10.1.1", "10.2.0", "10.3.0", "11.0.0", "11.0.1", "11.1.0", "12.0.0", "13.0.0", "13.0.1", "13.0.2", "14.0.0", "14.1.0", "14.2.0", "15.0.0", "15.1.0", "16.0.0", "2.10.0", "2.11.0", "2.11.1", "2.12.0", "2.13.0", "2.14.0", "2.14.1", "2.15.0", "2.16.0", "2.17.0", "2.18.0", "2.18.1", "2.19.0", "2.20.0", "2.21.0", "2.22.0", "2.23.0", "2.23.1", "2.23.2", "2.23.3", "2.24.0", "2.24.1", "2.25.0", "2.26.0", "2.27.0", "2.28.0", "2.28.1", "2.29.0", "2.30.0", "2.30.1", "2.30.2", "2.30.3", "2.31.0", "2.32.0", "2.33.0", "2.34.0", "2.35.0", "2.6.0", "2.6.0.1", "2.6.10", "2.7.0", "2.8.0", "2.9.0", "3.0.0", "3.1.0", "3.2.0", "3.3.0", "3.3.1", "3.3.2", "3.3.3", "3.4.0", "4.0.0", "4.1.0", "5.0.0", "5.1.0", "6.0.0", "6.0.1", "6.0.2", "7.0.0", "7.1.0", "7.1.1", "7.1.2", "8.0.0", "9.0.0", "9.0.1", "9.1.0", "9.1.1", "9.1.2", "9.1.3"]}], "specifier": null}], "importlib_metadata": {"entry_points": [], "files": [{"hash": {"mode": "sha256", "value": "zuuue4knoyJ-UwPPXg8fezS7VCrXJQrAP7zeNuwvFQg"}, "path": "rax_default_network_flags_python_novaclient_ext-0.2.3.dist-info/INSTALLER", "size": 4}, {"hash": {"mode": "sha256", "value": "vUH0Mfpv2s4txmV7RQUw3EeIZH_ySqD_0EIup6bqCX0"}, "path": "rax_default_network_flags_python_novaclient_ext-0.2.3.dist-info/METADATA", "size": 712}, {"hash": null, "path": "rax_default_network_flags_python_novaclient_ext-0.2.3.dist-info/RECORD", "size": null}, {"hash": {"mode": "sha256", "value": "wYBY2EO50FhAcckpWmO3c3Zwk2MALACx6lPAl6gVKnE"}, "path": "rax_default_network_flags_python_novaclient_ext-0.2.3.dist-info/WHEEL", "size": 93}, {"hash": {"mode": "sha256", "value": "KpcPZDtoiqdAgN03n0gReRLPwh1MFXzVBkCsnXX_k4s"}, "path": "rax_default_network_flags_python_novaclient_ext-0.2.3.dist-info/top_level.txt", "size": 48}, {"hash": {"mode": "sha256", "value": "DIa1D6VKRwE6dUR_ar2SWpmfaGjPk-bVdAFRzaAyNjY"}, "path": "rax_default_network_flags_python_novaclient_ext/__init__.py", "size": 3085}, {"hash": null, "path": "rax_default_network_flags_python_novaclient_ext/__pycache__/__init__.cpython-37.pyc", "size": null}], "metadata": {"Author": "Trey Morris", "Author-email": "trey.morris@rackspace.com", "Classifier": ["Development Status :: 5 - Production/Stable", "Intended Audience :: Developers", "Intended Audience :: Information Technology", "License :: OSI Approved :: Apache Software License", "Operating System :: OS Independent", "Programming Language :: Python"], "Home-page": "https://github.com/rackspace/rax_default_network_flags_python_novaclient_ext", "License": "Apache License, Version 2.0", "Metadata-Version": "2.1", "Name": "rax-default-network-flags-python-novaclient-ext", "Platform": ["UNKNOWN"], "Requires-Dist": ["python-novaclient"], "Summary": "Novaclient Extension for Instance Default Network Flags", "Version": "0.2.3"}, "requires": ["python-novaclient"], "version": "0.2.3"}, "index_url": "https://pypi.org/simple", "package_name": "rax-default-network-flags-python-novaclient-ext", "package_version": "0.2.3", "package_version_requested": "0.2.3", "sha256": ["0531418c5f20e264fc0f3cbc9de2370d33b50542c77c240df09faf258fa97d8e"]}], "unparsed": [], "unresolved": []}}