{"metadata": {"analyzer": "thoth-solver", "analyzer_version": "1.4.1", "arguments": {"python": {"exclude_packages": null, "index": "https://pypi.org/simple", "no_pretty": false, "no_transitive": true, "output": "http://result-api/api/v1/solver-result", "requirements": "sox==1.3.7", "virtualenv": "/home/solver/venv"}, "thoth-solver": {"verbose": false}}, "datetime": "2019-12-26T16:28:16.908489", "distribution": {"codename": "", "id": "fedora", "like": "", "version": "31", "version_parts": {"build_number": "", "major": "31", "minor": ""}}, "document_id": "solver-fedora-31-py37-00324a0d", "duration": 3, "hostname": "solver-fedora-31-py37-00324a0d-nf22z", "os_release": {"id": "fedora", "name": "Fedora", "platform_id": "platform:f31", "redhat_bugzilla_product": "Fedora", "redhat_bugzilla_product_version": "31", "redhat_support_product": "Fedora", "redhat_support_product_version": "31", "variant_id": "container", "version": "31 (Container Image)", "version_id": "31"}, "python": {"api_version": 1013, "implementation_name": "cpython", "major": 3, "micro": 5, "minor": 7, "releaselevel": "final", "serial": 0}, "thoth_deployment_name": "thoth-psi-stage", "timestamp": 1577377696}, "result": {"environment": {"implementation_name": "cpython", "implementation_version": "3.7.5", "os_name": "posix", "platform_machine": "x86_64", "platform_python_implementation": "CPython", "platform_release": "3.10.0-957.21.2.el7.x86_64", "platform_system": "Linux", "platform_version": "#1 SMP Tue May 28 09:26:43 UTC 2019", "python_full_version": "3.7.5", "python_version": "3.7", "sys_platform": "linux"}, "environment_packages": [{"package_name": "pipdeptree", "package_version": "0.13.2"}], "errors": [], "tree": [{"dependencies": [{"extra": ["docs"], "extras": [], "marker": "extra == \"docs\"", "marker_evaluated": "python_version >= \"0.0\"", "marker_evaluation_error": null, "marker_evaluation_result": true, "normalized_package_name": "sphinx", "package_name": "sphinx", "resolved_versions": [{"index": "https://pypi.org/simple", "versions": ["1.2.3"]}], "specifier": "==1.2.3"}, {"extra": ["docs"], "extras": [], "marker": "extra == \"docs\"", "marker_evaluated": "python_version >= \"0.0\"", "marker_evaluation_error": null, "marker_evaluation_result": true, "normalized_package_name": "sphinxcontrib-napoleon", "package_name": "sphinxcontrib-napoleon", "resolved_versions": [{"index": "https://pypi.org/simple", "versions": ["0.1", "0.1.1", "0.2", "0.2.1", "0.2.10", "0.2.11", "0.2.2", "0.2.3", "0.2.4", "0.2.5", "0.2.6", "0.2.7", "0.2.8", "0.2.9", "0.3", "0.3.1", "0.3.10", "0.3.11", "0.3.2", "0.3.3", "0.3.4", "0.3.5", "0.3.6", "0.3.7", "0.3.8", "0.3.9", "0.4", "0.4.1", "0.4.2", "0.4.3", "0.4.4", "0.5.0", "0.5.1", "0.5.2", "0.5.3", "0.5.4", "0.6.0", "0.6.1", "0.7"]}], "specifier": null}, {"extra": ["docs"], "extras": [], "marker": "extra == \"docs\"", "marker_evaluated": "python_version >= \"0.0\"", "marker_evaluation_error": null, "marker_evaluation_result": true, "normalized_package_name": "sphinx-rtd-theme", "package_name": "sphinx-rtd-theme", "resolved_versions": [{"index": "https://pypi.org/simple", "versions": ["0.1.0", "0.1.1", "0.1.2", "0.1.3", "0.1.4", "0.1.5", "0.1.6", "0.1.7", "0.1.8", "0.1.9", "0.2.0", "0.2.1", "0.2.2", "0.2.3", "0.2.4", "0.3.0", "0.3.1", "0.4.0", "0.4.1", "0.4.2", "0.4.3"]}], "specifier": null}, {"extra": ["docs"], "extras": [], "marker": "extra == \"docs\"", "marker_evaluated": "python_version >= \"0.0\"", "marker_evaluation_error": null, "marker_evaluation_result": true, "normalized_package_name": "numpydoc", "package_name": "numpydoc", "resolved_versions": [{"index": "https://pypi.org/simple", "versions": ["0.1", "0.2", "0.3.1", "0.4", "0.5", "0.6.0", "0.7.0", "0.8.0", "0.9.0", "0.9.1", "0.9.2"]}], "specifier": null}, {"extra": ["tests"], "extras": [], "marker": "extra == \"tests\"", "marker_evaluated": "python_version >= \"0.0\"", "marker_evaluation_error": null, "marker_evaluation_result": true, "normalized_package_name": "pytest", "package_name": "pytest", "resolved_versions": [{"index": "https://pypi.org/simple", "versions": ["2.0.0", "2.0.1", "2.0.2", "2.0.3", "2.1.0", "2.1.1", "2.1.2", "2.1.3", "2.2.0", "2.2.1", "2.2.2", "2.2.3", "2.2.4", "2.3.0", "2.3.1", "2.3.2", "2.3.3", "2.3.4", "2.3.5", "2.4.0", "2.4.1", "2.4.2", "2.5.0", "2.5.1", "2.5.2", "2.6.0", "2.6.1", "2.6.2", "2.6.3", "2.6.4", "2.7.0", "2.7.1", "2.7.2", "2.7.3", "2.8.0", "2.8.1", "2.8.2", "2.8.3", "2.8.4", "2.8.5", "2.8.6", "2.8.7", "2.9.0", "2.9.1", "2.9.2", "3.0.0", "3.0.1", "3.0.2", "3.0.3", "3.0.4", "3.0.5", "3.0.6", "3.0.7", "3.1.0", "3.1.1", "3.1.2", "3.1.3", "3.10.0", "3.10.1", "3.2.0", "3.2.1", "3.2.2", "3.2.3", "3.2.4", "3.2.5", "3.3.0", "3.3.1", "3.3.2", "3.4.0", "3.4.1", "3.4.2", "3.5.0", "3.5.1", "3.6.0", "3.6.1", "3.6.2", "3.6.3", "3.6.4", "3.7.0", "3.7.1", "3.7.2", "3.7.3", "3.7.4", "3.8.0", "3.8.1", "3.8.2", "3.9.1", "3.9.2", "3.9.3", "4.0.0", "4.0.1", "4.0.2", "4.1.0", "4.1.1", "4.2.0", "4.2.1", "4.3.0", "4.3.1", "4.4.0", "4.4.1", "4.4.2", "4.5.0", "4.6.0", "4.6.1", "4.6.2", "4.6.3", "4.6.4", "4.6.5", "4.6.6", "4.6.7", "4.6.8", "5.0.0", "5.0.1", "5.1.0", "5.1.1", "5.1.2", "5.1.3", "5.2.0", "5.2.1", "5.2.2", "5.2.3", "5.2.4", "5.3.0", "5.3.1", "5.3.2"]}], "specifier": null}, {"extra": ["tests"], "extras": [], "marker": "extra == \"tests\"", "marker_evaluated": "python_version >= \"0.0\"", "marker_evaluation_error": null, "marker_evaluation_result": true, "normalized_package_name": "pytest-cov", "package_name": "pytest-cov", "resolved_versions": [{"index": "https://pypi.org/simple", "versions": ["0.10", "0.11", "0.12", "0.13", "0.14", "0.15", "0.6", "0.7", "0.8", "0.9", "1.0", "1.1", "1.2", "1.3", "1.4", "1.5", "1.6", "1.7.0", "1.8.0", "1.8.1", "2.0.0", "2.1.0", "2.2.0", "2.2.1", "2.3.0", "2.3.1", "2.4.0", "2.5.0", "2.5.1", "2.6.0", "2.6.1", "2.7.0", "2.7.1", "2.8.0", "2.8.1"]}], "specifier": null}, {"extra": ["tests"], "extras": [], "marker": "extra == \"tests\"", "marker_evaluated": "python_version >= \"0.0\"", "marker_evaluation_error": null, "marker_evaluation_result": true, "normalized_package_name": "pytest-pep8", "package_name": "pytest-pep8", "resolved_versions": [{"index": "https://pypi.org/simple", "versions": ["0.5", "0.6", "0.7", "0.8", "0.9", "0.9.1", "1.0", "1.0.1", "1.0.2", "1.0.3", "1.0.4", "1.0.5", "1.0.6"]}], "specifier": null}], "importlib_metadata": {"entry_points": [], "files": [{"hash": {"mode": "sha256", "value": "zuuue4knoyJ-UwPPXg8fezS7VCrXJQrAP7zeNuwvFQg"}, "path": "sox-1.3.7.dist-info/INSTALLER", "size": 4}, {"hash": {"mode": "sha256", "value": "hSp7UhY0iUX-ZqZIG1IvwbTV-OIJ-XBOHRVkgv1K9H4"}, "path": "sox-1.3.7.dist-info/LICENSE", "size": 1477}, {"hash": {"mode": "sha256", "value": "S3zm6G9eYosqz-ltPzS-rP2aygGZ3B9vv_OkXts7gfM"}, "path": "sox-1.3.7.dist-info/METADATA", "size": 704}, {"hash": null, "path": "sox-1.3.7.dist-info/RECORD", "size": null}, {"hash": {"mode": "sha256", "value": "CrDFromy0BmNYzyZFyVIlKdTa5Zg2RBBtjMkE7goq78"}, "path": "sox-1.3.7.dist-info/WHEEL", "size": 110}, {"hash": {"mode": "sha256", "value": "vH7l4YYCbPW8cB8mRgV1NDmcQmkRtDmG6FxEMROBHpc"}, "path": "sox-1.3.7.dist-info/pbr.json", "size": 47}, {"hash": {"mode": "sha256", "value": "7p10ZwbiSGrQeo7iZYY5zfZ-QzPmWqn-InQEFseJpT8"}, "path": "sox-1.3.7.dist-info/top_level.txt", "size": 4}, {"hash": {"mode": "sha256", "value": "5FkoweN2HRcAqnxxXY0c38KNU2wNtXzeoybsJVloaSY"}, "path": "sox/__init__.py", "size": 634}, {"hash": null, "path": "sox/__pycache__/__init__.cpython-37.pyc", "size": null}, {"hash": null, "path": "sox/__pycache__/combine.cpython-37.pyc", "size": null}, {"hash": null, "path": "sox/__pycache__/core.cpython-37.pyc", "size": null}, {"hash": null, "path": "sox/__pycache__/file_info.cpython-37.pyc", "size": null}, {"hash": null, "path": "sox/__pycache__/log.cpython-37.pyc", "size": null}, {"hash": null, "path": "sox/__pycache__/transform.cpython-37.pyc", "size": null}, {"hash": null, "path": "sox/__pycache__/utilities.cpython-37.pyc", "size": null}, {"hash": null, "path": "sox/__pycache__/version.cpython-37.pyc", "size": null}, {"hash": {"mode": "sha256", "value": "wJB1uzVH7T0IMgsHil2IY3V-Whm1kGTSkFpyoYznuVA"}, "path": "sox/combine.py", "size": 18378}, {"hash": {"mode": "sha256", "value": "9BGBlvcj8okjCR2jhPbn2BGwnpN7K-br9X8vqTcVeuo"}, "path": "sox/core.py", "size": 4846}, {"hash": {"mode": "sha256", "value": "LfpeRfg0uCKloRYGSXmzNCy1O1neiWEdI8rp7WUY6UU"}, "path": "sox/file_info.py", "size": 8913}, {"hash": {"mode": "sha256", "value": "34KzqkWdP1N0WNkZKkRrkKcuuw_5RW-ReWkZogSG4ss"}, "path": "sox/log.py", "size": 145}, {"hash": {"mode": "sha256", "value": "wI4sIYKdwYu0VD1K9o9Kd0sD81MmMiBxirt4OC2X030"}, "path": "sox/transform.py", "size": 117336}, {"hash": {"mode": "sha256", "value": "0xqAullqzAS1WjLaiHZ70CfdPjLaNvvJyAQxByYv-2g"}, "path": "sox/utilities.py", "size": 2862}, {"hash": {"mode": "sha256", "value": "-3Hy6QULsZm3R-bBCuqZ0a30OW7xZ3zYUu1wQChcgQ8"}, "path": "sox/version.py", "size": 106}], "metadata": {"Author": "Rachel Bittner", "Author-email": "rachel.bittner@nyu.edu", "Download-URL": "http://github.com/rabitt/pysox/releases", "Home-page": "https://github.com/rabitt/pysox", "Keywords": "audio effects SoX", "License": "BSD-3-Clause", "Metadata-Version": "2.1", "Name": "sox", "Platform": ["UNKNOWN"], "Provides-Extra": ["docs", "tests"], "Requires-Dist": ["sphinx (==1.2.3); extra == 'docs'", "sphinxcontrib-napoleon; extra == 'docs'", "sphinx-rtd-theme; extra == 'docs'", "numpydoc; extra == 'docs'", "pytest; extra == 'tests'", "pytest-cov; extra == 'tests'", "pytest-pep8; extra == 'tests'"], "Summary": "Python wrapper around SoX.", "Version": "1.3.7"}, "requires": ["sphinx (==1.2.3); extra == 'docs'", "sphinxcontrib-napoleon; extra == 'docs'", "sphinx-rtd-theme; extra == 'docs'", "numpydoc; extra == 'docs'", "pytest; extra == 'tests'", "pytest-cov; extra == 'tests'", "pytest-pep8; extra == 'tests'"], "version": "1.3.7"}, "index_url": "https://pypi.org/simple", "package_name": "sox", "package_version": "1.3.7", "package_version_requested": "1.3.7", "sha256": ["8c4d4ef2d77e4ed4b3dcb86d8f67b0ff98d5ec59ec6576ff925881006574fd90"]}], "unparsed": [], "unresolved": []}}