{"metadata": {"analyzer": "thoth-solver", "analyzer_version": "1.4.1", "arguments": {"python": {"exclude_packages": null, "index": "https://pypi.org/simple", "no_pretty": false, "no_transitive": true, "output": "http://result-api/api/v1/solver-result", "requirements": "btrees==4.3.2", "virtualenv": "/home/solver/venv"}, "thoth-solver": {"verbose": false}}, "datetime": "2019-12-26T16:46:46.438957", "distribution": {"codename": "", "id": "fedora", "like": "", "version": "31", "version_parts": {"build_number": "", "major": "31", "minor": ""}}, "document_id": "solver-fedora-31-py37-06e5bd12", "duration": 6, "hostname": "solver-fedora-31-py37-06e5bd12-kq26d", "os_release": {"id": "fedora", "name": "Fedora", "platform_id": "platform:f31", "redhat_bugzilla_product": "Fedora", "redhat_bugzilla_product_version": "31", "redhat_support_product": "Fedora", "redhat_support_product_version": "31", "variant_id": "container", "version": "31 (Container Image)", "version_id": "31"}, "python": {"api_version": 1013, "implementation_name": "cpython", "major": 3, "micro": 5, "minor": 7, "releaselevel": "final", "serial": 0}, "thoth_deployment_name": "thoth-psi-stage", "timestamp": 1577378806}, "result": {"environment": {"implementation_name": "cpython", "implementation_version": "3.7.5", "os_name": "posix", "platform_machine": "x86_64", "platform_python_implementation": "CPython", "platform_release": "3.10.0-957.21.2.el7.x86_64", "platform_system": "Linux", "platform_version": "#1 SMP Tue May 28 09:26:43 UTC 2019", "python_full_version": "3.7.5", "python_version": "3.7", "sys_platform": "linux"}, "environment_packages": [{"package_name": "pipdeptree", "package_version": "0.13.2"}], "errors": [{"details": {"command": "/home/solver/venv/bin/python3 -m pip install --force-reinstall --no-cache-dir --no-deps btrees==4.3.2 --index-url \"https://pypi.org/simple\"  --trusted-host pypi.org", "message": "Command exited with non-zero status code (1):     ERROR: Command errored out with exit status 1:\n     command: /home/solver/venv/bin/python3 -c 'import sys, setuptools, tokenize; sys.argv[0] = '\"'\"'/tmp/pip-install-n1vzyl0s/btrees/setup.py'\"'\"'; __file__='\"'\"'/tmp/pip-install-n1vzyl0s/btrees/setup.py'\"'\"';f=getattr(tokenize, '\"'\"'open'\"'\"', open)(__file__);code=f.read().replace('\"'\"'\\r\\n'\"'\"', '\"'\"'\\n'\"'\"');f.close();exec(compile(code, __file__, '\"'\"'exec'\"'\"'))' egg_info --egg-base /tmp/pip-install-n1vzyl0s/btrees/pip-egg-info\n         cwd: /tmp/pip-install-n1vzyl0s/btrees/\n    Complete output (100 lines):\n    WARNING: The directory '/.cache/pip/http' or its parent directory is not owned by the current user and the cache has been disabled. Please check the permissions and owner of that directory. If executing pip with sudo, you may want sudo's -H flag.\n      ERROR: Command errored out with exit status 1:\n       command: /home/solver/venv/bin/python3 -u -c 'import sys, setuptools, tokenize; sys.argv[0] = '\"'\"'/tmp/pip-wheel-rr_6l0j7/persistent/setup.py'\"'\"'; __file__='\"'\"'/tmp/pip-wheel-rr_6l0j7/persistent/setup.py'\"'\"';f=getattr(tokenize, '\"'\"'open'\"'\"', open)(__file__);code=f.read().replace('\"'\"'\\r\\n'\"'\"', '\"'\"'\\n'\"'\"');f.close();exec(compile(code, __file__, '\"'\"'exec'\"'\"'))' bdist_wheel -d /tmp/pip-wheel-j_7rrjif\n           cwd: /tmp/pip-wheel-rr_6l0j7/persistent/\n      Complete output (62 lines):\n      running bdist_wheel\n      running build\n      running build_py\n      creating build\n      creating build/lib.linux-x86_64-3.7\n      creating build/lib.linux-x86_64-3.7/persistent\n      copying persistent/__init__.py -> build/lib.linux-x86_64-3.7/persistent\n      copying persistent/_compat.py -> build/lib.linux-x86_64-3.7/persistent\n      copying persistent/_ring_build.py -> build/lib.linux-x86_64-3.7/persistent\n      copying persistent/dict.py -> build/lib.linux-x86_64-3.7/persistent\n      copying persistent/interfaces.py -> build/lib.linux-x86_64-3.7/persistent\n      copying persistent/list.py -> build/lib.linux-x86_64-3.7/persistent\n      copying persistent/mapping.py -> build/lib.linux-x86_64-3.7/persistent\n      copying persistent/persistence.py -> build/lib.linux-x86_64-3.7/persistent\n      copying persistent/picklecache.py -> build/lib.linux-x86_64-3.7/persistent\n      copying persistent/ring.py -> build/lib.linux-x86_64-3.7/persistent\n      copying persistent/timestamp.py -> build/lib.linux-x86_64-3.7/persistent\n      copying persistent/wref.py -> build/lib.linux-x86_64-3.7/persistent\n      running egg_info\n      writing persistent.egg-info/PKG-INFO\n      writing dependency_links to persistent.egg-info/dependency_links.txt\n      writing requirements to persistent.egg-info/requires.txt\n      writing top-level names to persistent.egg-info/top_level.txt\n      reading manifest file 'persistent.egg-info/SOURCES.txt'\n      reading manifest template 'MANIFEST.in'\n      no previously-included directories found matching 'terryfy'\n      warning: no previously-included files matching '*.dll' found anywhere in distribution\n      warning: no previously-included files matching '*.pyc' found anywhere in distribution\n      warning: no previously-included files matching '*.pyo' found anywhere in distribution\n      warning: no previously-included files matching '*.so' found anywhere in distribution\n      warning: no previously-included files matching 'coverage.xml' found anywhere in distribution\n      no previously-included directories found matching 'docs/_build'\n      no previously-included directories found matching 'persistent/__pycache__'\n      writing manifest file 'persistent.egg-info/SOURCES.txt'\n      copying persistent/_compat.h -> build/lib.linux-x86_64-3.7/persistent\n      copying persistent/_timestamp.c -> build/lib.linux-x86_64-3.7/persistent\n      copying persistent/cPersistence.c -> build/lib.linux-x86_64-3.7/persistent\n      copying persistent/cPersistence.h -> build/lib.linux-x86_64-3.7/persistent\n      copying persistent/cPickleCache.c -> build/lib.linux-x86_64-3.7/persistent\n      copying persistent/ring.c -> build/lib.linux-x86_64-3.7/persistent\n      copying persistent/ring.h -> build/lib.linux-x86_64-3.7/persistent\n      creating build/lib.linux-x86_64-3.7/persistent/tests\n      copying persistent/tests/__init__.py -> build/lib.linux-x86_64-3.7/persistent/tests\n      copying persistent/tests/attrhooks.py -> build/lib.linux-x86_64-3.7/persistent/tests\n      copying persistent/tests/cucumbers.py -> build/lib.linux-x86_64-3.7/persistent/tests\n      copying persistent/tests/test_docs.py -> build/lib.linux-x86_64-3.7/persistent/tests\n      copying persistent/tests/test_list.py -> build/lib.linux-x86_64-3.7/persistent/tests\n      copying persistent/tests/test_mapping.py -> build/lib.linux-x86_64-3.7/persistent/tests\n      copying persistent/tests/test_persistence.py -> build/lib.linux-x86_64-3.7/persistent/tests\n      copying persistent/tests/test_picklecache.py -> build/lib.linux-x86_64-3.7/persistent/tests\n      copying persistent/tests/test_ring.py -> build/lib.linux-x86_64-3.7/persistent/tests\n      copying persistent/tests/test_timestamp.py -> build/lib.linux-x86_64-3.7/persistent/tests\n      copying persistent/tests/test_wref.py -> build/lib.linux-x86_64-3.7/persistent/tests\n      copying persistent/tests/utils.py -> build/lib.linux-x86_64-3.7/persistent/tests\n      running build_ext\n      generating cffi module 'build/temp.linux-x86_64-3.7/persistent._ring.c'\n      creating build/temp.linux-x86_64-3.7\n      building 'persistent.cPersistence' extension\n      creating build/temp.linux-x86_64-3.7/persistent\n      gcc -pthread -Wno-unused-result -Wsign-compare -DDYNAMIC_ANNOTATIONS_ENABLED=1 -DNDEBUG -O2 -g -pipe -Wall -Werror=format-security -Wp,-D_FORTIFY_SOURCE=2 -Wp,-D_GLIBCXX_ASSERTIONS -fexceptions -fstack-protector-strong -grecord-gcc-switches -m64 -mtune=generic -fasynchronous-unwind-tables -fstack-clash-protection -fcf-protection -D_GNU_SOURCE -fPIC -fwrapv -fPIC -I/usr/include/python3.7m -c persistent/cPersistence.c -o build/temp.linux-x86_64-3.7/persistent/cPersistence.o\n      unable to execute 'gcc': No such file or directory\n      error: command 'gcc' failed with exit status 1\n      ----------------------------------------\n      ERROR: Failed building wheel for persistent\n    ERROR: Failed to build one or more wheels\n    Traceback (most recent call last):\n      File \"/home/solver/venv/lib/python3.7/site-packages/setuptools/installer.py\", line 128, in fetch_build_egg\n        subprocess.check_call(cmd)\n      File \"/usr/lib64/python3.7/subprocess.py\", line 363, in check_call\n        raise CalledProcessError(retcode, cmd)\n    subprocess.CalledProcessError: Command '['/home/solver/venv/bin/python3', '-m', 'pip', '--disable-pip-version-check', 'wheel', '--no-deps', '-w', '/tmp/tmp0vmoa73p', '--quiet', 'persistent']' returned non-zero exit status 1.\n    \n    During handling of the above exception, another exception occurred:\n    \n    Traceback (most recent call last):\n      File \"<string>\", line 1, in <module>\n      File \"/tmp/pip-install-n1vzyl0s/btrees/setup.py\", line 158, in <module>\n        \"\"\"\n      File \"/home/solver/venv/lib/python3.7/site-packages/setuptools/__init__.py\", line 144, in setup\n        _install_setup_requires(attrs)\n      File \"/home/solver/venv/lib/python3.7/site-packages/setuptools/__init__.py\", line 139, in _install_setup_requires\n        dist.fetch_build_eggs(dist.setup_requires)\n      File \"/home/solver/venv/lib/python3.7/site-packages/setuptools/dist.py\", line 721, in fetch_build_eggs\n        replace_conflicting=True,\n      File \"/home/solver/venv/lib/python3.7/site-packages/pkg_resources/__init__.py\", line 782, in resolve\n        replace_conflicting=replace_conflicting\n      File \"/home/solver/venv/lib/python3.7/site-packages/pkg_resources/__init__.py\", line 1065, in best_match\n        return self.obtain(req, installer)\n      File \"/home/solver/venv/lib/python3.7/site-packages/pkg_resources/__init__.py\", line 1077, in obtain\n        return installer(requirement)\n      File \"/home/solver/venv/lib/python3.7/site-packages/setuptools/dist.py\", line 777, in fetch_build_egg\n        return fetch_build_egg(self, req)\n      File \"/home/solver/venv/lib/python3.7/site-packages/setuptools/installer.py\", line 130, in fetch_build_egg\n        raise DistutilsError(str(e))\n    distutils.errors.DistutilsError: Command '['/home/solver/venv/bin/python3', '-m', 'pip', '--disable-pip-version-check', 'wheel', '--no-deps', '-w', '/tmp/tmp0vmoa73p', '--quiet', 'persistent']' returned non-zero exit status 1.\n    ----------------------------------------\nERROR: Command errored out with exit status 1: python setup.py egg_info Check the logs for full command output.\n", "return_code": 1, "stderr": "    ERROR: Command errored out with exit status 1:\n     command: /home/solver/venv/bin/python3 -c 'import sys, setuptools, tokenize; sys.argv[0] = '\"'\"'/tmp/pip-install-n1vzyl0s/btrees/setup.py'\"'\"'; __file__='\"'\"'/tmp/pip-install-n1vzyl0s/btrees/setup.py'\"'\"';f=getattr(tokenize, '\"'\"'open'\"'\"', open)(__file__);code=f.read().replace('\"'\"'\\r\\n'\"'\"', '\"'\"'\\n'\"'\"');f.close();exec(compile(code, __file__, '\"'\"'exec'\"'\"'))' egg_info --egg-base /tmp/pip-install-n1vzyl0s/btrees/pip-egg-info\n         cwd: /tmp/pip-install-n1vzyl0s/btrees/\n    Complete output (100 lines):\n    WARNING: The directory '/.cache/pip/http' or its parent directory is not owned by the current user and the cache has been disabled. Please check the permissions and owner of that directory. If executing pip with sudo, you may want sudo's -H flag.\n      ERROR: Command errored out with exit status 1:\n       command: /home/solver/venv/bin/python3 -u -c 'import sys, setuptools, tokenize; sys.argv[0] = '\"'\"'/tmp/pip-wheel-rr_6l0j7/persistent/setup.py'\"'\"'; __file__='\"'\"'/tmp/pip-wheel-rr_6l0j7/persistent/setup.py'\"'\"';f=getattr(tokenize, '\"'\"'open'\"'\"', open)(__file__);code=f.read().replace('\"'\"'\\r\\n'\"'\"', '\"'\"'\\n'\"'\"');f.close();exec(compile(code, __file__, '\"'\"'exec'\"'\"'))' bdist_wheel -d /tmp/pip-wheel-j_7rrjif\n           cwd: /tmp/pip-wheel-rr_6l0j7/persistent/\n      Complete output (62 lines):\n      running bdist_wheel\n      running build\n      running build_py\n      creating build\n      creating build/lib.linux-x86_64-3.7\n      creating build/lib.linux-x86_64-3.7/persistent\n      copying persistent/__init__.py -> build/lib.linux-x86_64-3.7/persistent\n      copying persistent/_compat.py -> build/lib.linux-x86_64-3.7/persistent\n      copying persistent/_ring_build.py -> build/lib.linux-x86_64-3.7/persistent\n      copying persistent/dict.py -> build/lib.linux-x86_64-3.7/persistent\n      copying persistent/interfaces.py -> build/lib.linux-x86_64-3.7/persistent\n      copying persistent/list.py -> build/lib.linux-x86_64-3.7/persistent\n      copying persistent/mapping.py -> build/lib.linux-x86_64-3.7/persistent\n      copying persistent/persistence.py -> build/lib.linux-x86_64-3.7/persistent\n      copying persistent/picklecache.py -> build/lib.linux-x86_64-3.7/persistent\n      copying persistent/ring.py -> build/lib.linux-x86_64-3.7/persistent\n      copying persistent/timestamp.py -> build/lib.linux-x86_64-3.7/persistent\n      copying persistent/wref.py -> build/lib.linux-x86_64-3.7/persistent\n      running egg_info\n      writing persistent.egg-info/PKG-INFO\n      writing dependency_links to persistent.egg-info/dependency_links.txt\n      writing requirements to persistent.egg-info/requires.txt\n      writing top-level names to persistent.egg-info/top_level.txt\n      reading manifest file 'persistent.egg-info/SOURCES.txt'\n      reading manifest template 'MANIFEST.in'\n      no previously-included directories found matching 'terryfy'\n      warning: no previously-included files matching '*.dll' found anywhere in distribution\n      warning: no previously-included files matching '*.pyc' found anywhere in distribution\n      warning: no previously-included files matching '*.pyo' found anywhere in distribution\n      warning: no previously-included files matching '*.so' found anywhere in distribution\n      warning: no previously-included files matching 'coverage.xml' found anywhere in distribution\n      no previously-included directories found matching 'docs/_build'\n      no previously-included directories found matching 'persistent/__pycache__'\n      writing manifest file 'persistent.egg-info/SOURCES.txt'\n      copying persistent/_compat.h -> build/lib.linux-x86_64-3.7/persistent\n      copying persistent/_timestamp.c -> build/lib.linux-x86_64-3.7/persistent\n      copying persistent/cPersistence.c -> build/lib.linux-x86_64-3.7/persistent\n      copying persistent/cPersistence.h -> build/lib.linux-x86_64-3.7/persistent\n      copying persistent/cPickleCache.c -> build/lib.linux-x86_64-3.7/persistent\n      copying persistent/ring.c -> build/lib.linux-x86_64-3.7/persistent\n      copying persistent/ring.h -> build/lib.linux-x86_64-3.7/persistent\n      creating build/lib.linux-x86_64-3.7/persistent/tests\n      copying persistent/tests/__init__.py -> build/lib.linux-x86_64-3.7/persistent/tests\n      copying persistent/tests/attrhooks.py -> build/lib.linux-x86_64-3.7/persistent/tests\n      copying persistent/tests/cucumbers.py -> build/lib.linux-x86_64-3.7/persistent/tests\n      copying persistent/tests/test_docs.py -> build/lib.linux-x86_64-3.7/persistent/tests\n      copying persistent/tests/test_list.py -> build/lib.linux-x86_64-3.7/persistent/tests\n      copying persistent/tests/test_mapping.py -> build/lib.linux-x86_64-3.7/persistent/tests\n      copying persistent/tests/test_persistence.py -> build/lib.linux-x86_64-3.7/persistent/tests\n      copying persistent/tests/test_picklecache.py -> build/lib.linux-x86_64-3.7/persistent/tests\n      copying persistent/tests/test_ring.py -> build/lib.linux-x86_64-3.7/persistent/tests\n      copying persistent/tests/test_timestamp.py -> build/lib.linux-x86_64-3.7/persistent/tests\n      copying persistent/tests/test_wref.py -> build/lib.linux-x86_64-3.7/persistent/tests\n      copying persistent/tests/utils.py -> build/lib.linux-x86_64-3.7/persistent/tests\n      running build_ext\n      generating cffi module 'build/temp.linux-x86_64-3.7/persistent._ring.c'\n      creating build/temp.linux-x86_64-3.7\n      building 'persistent.cPersistence' extension\n      creating build/temp.linux-x86_64-3.7/persistent\n      gcc -pthread -Wno-unused-result -Wsign-compare -DDYNAMIC_ANNOTATIONS_ENABLED=1 -DNDEBUG -O2 -g -pipe -Wall -Werror=format-security -Wp,-D_FORTIFY_SOURCE=2 -Wp,-D_GLIBCXX_ASSERTIONS -fexceptions -fstack-protector-strong -grecord-gcc-switches -m64 -mtune=generic -fasynchronous-unwind-tables -fstack-clash-protection -fcf-protection -D_GNU_SOURCE -fPIC -fwrapv -fPIC -I/usr/include/python3.7m -c persistent/cPersistence.c -o build/temp.linux-x86_64-3.7/persistent/cPersistence.o\n      unable to execute 'gcc': No such file or directory\n      error: command 'gcc' failed with exit status 1\n      ----------------------------------------\n      ERROR: Failed building wheel for persistent\n    ERROR: Failed to build one or more wheels\n    Traceback (most recent call last):\n      File \"/home/solver/venv/lib/python3.7/site-packages/setuptools/installer.py\", line 128, in fetch_build_egg\n        subprocess.check_call(cmd)\n      File \"/usr/lib64/python3.7/subprocess.py\", line 363, in check_call\n        raise CalledProcessError(retcode, cmd)\n    subprocess.CalledProcessError: Command '['/home/solver/venv/bin/python3', '-m', 'pip', '--disable-pip-version-check', 'wheel', '--no-deps', '-w', '/tmp/tmp0vmoa73p', '--quiet', 'persistent']' returned non-zero exit status 1.\n    \n    During handling of the above exception, another exception occurred:\n    \n    Traceback (most recent call last):\n      File \"<string>\", line 1, in <module>\n      File \"/tmp/pip-install-n1vzyl0s/btrees/setup.py\", line 158, in <module>\n        \"\"\"\n      File \"/home/solver/venv/lib/python3.7/site-packages/setuptools/__init__.py\", line 144, in setup\n        _install_setup_requires(attrs)\n      File \"/home/solver/venv/lib/python3.7/site-packages/setuptools/__init__.py\", line 139, in _install_setup_requires\n        dist.fetch_build_eggs(dist.setup_requires)\n      File \"/home/solver/venv/lib/python3.7/site-packages/setuptools/dist.py\", line 721, in fetch_build_eggs\n        replace_conflicting=True,\n      File \"/home/solver/venv/lib/python3.7/site-packages/pkg_resources/__init__.py\", line 782, in resolve\n        replace_conflicting=replace_conflicting\n      File \"/home/solver/venv/lib/python3.7/site-packages/pkg_resources/__init__.py\", line 1065, in best_match\n        return self.obtain(req, installer)\n      File \"/home/solver/venv/lib/python3.7/site-packages/pkg_resources/__init__.py\", line 1077, in obtain\n        return installer(requirement)\n      File \"/home/solver/venv/lib/python3.7/site-packages/setuptools/dist.py\", line 777, in fetch_build_egg\n        return fetch_build_egg(self, req)\n      File \"/home/solver/venv/lib/python3.7/site-packages/setuptools/installer.py\", line 130, in fetch_build_egg\n        raise DistutilsError(str(e))\n    distutils.errors.DistutilsError: Command '['/home/solver/venv/bin/python3', '-m', 'pip', '--disable-pip-version-check', 'wheel', '--no-deps', '-w', '/tmp/tmp0vmoa73p', '--quiet', 'persistent']' returned non-zero exit status 1.\n    ----------------------------------------\nERROR: Command errored out with exit status 1: python setup.py egg_info Check the logs for full command output.\n", "stdout": "Collecting btrees==4.3.2\n  Downloading https://files.pythonhosted.org/packages/f5/4d/206c8b5799e319c0138952b8d18cb4b2288d7dcc583598761f65ed8e416d/BTrees-4.3.2.tar.gz (234kB)\n", "timeout": 60}, "index_url": "https://pypi.org/simple", "is_provided_package": true, "is_provided_package_version": true, "package_name": "btrees", "package_version": "4.3.2", "type": "command_error"}], "tree": [], "unparsed": [], "unresolved": []}}