{"metadata": {"analyzer": "thoth-solver", "analyzer_version": "1.4.1", "arguments": {"python": {"exclude_packages": null, "index": "https://pypi.org/simple", "no_pretty": false, "no_transitive": true, "output": "http://result-api/api/v1/solver-result", "requirements": "coala-bears==0.10.0.dev20170206045121", "virtualenv": "/home/solver/venv"}, "thoth-solver": {"verbose": false}}, "datetime": "2019-12-27T17:19:56.464463", "distribution": {"codename": "", "id": "fedora", "like": "", "version": "31", "version_parts": {"build_number": "", "major": "31", "minor": ""}}, "document_id": "solver-fedora-31-py37-015ff660", "duration": 9, "hostname": "solver-fedora-31-py37-015ff660-wjp8h", "os_release": {"id": "fedora", "name": "Fedora", "platform_id": "platform:f31", "redhat_bugzilla_product": "Fedora", "redhat_bugzilla_product_version": "31", "redhat_support_product": "Fedora", "redhat_support_product_version": "31", "variant_id": "container", "version": "31 (Container Image)", "version_id": "31"}, "python": {"api_version": 1013, "implementation_name": "cpython", "major": 3, "micro": 5, "minor": 7, "releaselevel": "final", "serial": 0}, "thoth_deployment_name": "thoth-psi-stage", "timestamp": 1577467196}, "result": {"environment": {"implementation_name": "cpython", "implementation_version": "3.7.5", "os_name": "posix", "platform_machine": "x86_64", "platform_python_implementation": "CPython", "platform_release": "3.10.0-957.21.2.el7.x86_64", "platform_system": "Linux", "platform_version": "#1 SMP Tue May 28 09:26:43 UTC 2019", "python_full_version": "3.7.5", "python_version": "3.7", "sys_platform": "linux"}, "environment_packages": [{"package_name": "pipdeptree", "package_version": "0.13.2"}], "errors": [], "tree": [{"dependencies": [{"extra": [], "extras": [], "marker": null, "marker_evaluated": null, "marker_evaluation_error": null, "marker_evaluation_result": true, "normalized_package_name": "autoflake", "package_name": "autoflake", "resolved_versions": [{"index": "https://pypi.org/simple", "versions": ["0.6.6"]}], "specifier": "~=0.6.6"}, {"extra": [], "extras": [], "marker": null, "marker_evaluated": null, "marker_evaluation_error": null, "marker_evaluation_result": true, "normalized_package_name": "autopep8", "package_name": "autopep8", "resolved_versions": [{"index": "https://pypi.org/simple", "versions": ["1.2", "1.2.1", "1.2.2", "1.2.3", "1.2.4", "1.3", "1.3.1", "1.3.2", "1.3.3", "1.3.4", "1.3.5", "1.4", "1.4.1", "1.4.2", "1.4.3", "1.4.4"]}], "specifier": "~=1.2"}, {"extra": [], "extras": [], "marker": null, "marker_evaluated": null, "marker_evaluation_error": null, "marker_evaluation_result": true, "normalized_package_name": "bandit", "package_name": "bandit", "resolved_versions": [{"index": "https://pypi.org/simple", "versions": ["1.2.0", "1.3.0", "1.4.0", "1.5.0", "1.5.1", "1.6.0", "1.6.1", "1.6.2"]}], "specifier": "~=1.2"}, {"extra": [], "extras": [], "marker": null, "marker_evaluated": null, "marker_evaluation_error": null, "marker_evaluation_result": true, "normalized_package_name": "click", "package_name": "click", "resolved_versions": [{"index": "https://pypi.org/simple", "versions": ["6.6"]}], "specifier": "==6.6"}, {"extra": [], "extras": [], "marker": null, "marker_evaluated": null, "marker_evaluation_error": null, "marker_evaluation_result": true, "normalized_package_name": "cmakelint", "package_name": "cmakelint", "resolved_versions": [{"index": "https://pypi.org/simple", "versions": ["1.3", "1.3.1", "1.3.2", "1.3.3.1", "1.3.4", "1.3.4.1", "1.4", "1.4.1"]}], "specifier": "~=1.3"}, {"extra": [], "extras": [], "marker": null, "marker_evaluated": null, "marker_evaluation_error": null, "marker_evaluation_result": true, "normalized_package_name": "coala", "package_name": "coala", "resolved_versions": [{"index": "https://pypi.org/simple", "versions": ["0.10.0", "0.10.0.dev20170202144131", "0.10.0.dev20170202203020", "0.10.0.dev20170202222206", "0.10.0.dev20170203195512", "0.10.0.dev20170205014523", "0.10.0.dev20170205020400", "0.10.0.dev20170205021811", "0.10.0.dev20170205043027", "0.10.0.dev20170205222803", "0.10.0.dev20170205232704", "0.10.0.dev20170206062852", "0.10.0.dev20170206143357", "0.10.0.dev20170206161628", "0.10.0.dev20170206204151", "0.10.0.dev20170207222422", "0.10.0.dev20170208074239", "0.10.0.dev20170208113227", "0.10.0.dev20170208181921", "0.10.0.dev20170209095304", "0.10.0.dev20170210164225", "0.10.0.dev20170211184956", "0.10.0.dev20170213201648", "0.10.0.dev20170215113255", "0.10.0.dev20170218135431", "0.10.0.dev20170219185444", "0.10.0.dev20170220115748", "0.10.0.dev20170220130600", "0.10.0.dev20170223212035", "0.10.0.dev20170224223955", "0.10.0.dev20170225180527", "0.10.0.dev20170228050433", "0.10.0.dev20170301161557", "0.10.0.dev20170301175533", "0.11.0", "0.11.0.dev20170301195609", "0.11.0.dev20170303151320", "0.11.0.dev20170304214815", "0.11.0.dev20170305155957", "0.11.0.dev20170306215914", "0.11.0.dev20170307171257", "0.11.0.dev20170308015611", "0.11.0.dev20170309171240", "0.11.0.dev20170309182245", "0.11.0.dev20170310094100", "0.11.0.dev20170310121740", "0.11.0.dev20170312094143", "0.11.0.dev20170312105908", "0.11.0.dev20170312150233", "0.11.0.dev20170313032619", "0.11.0.dev20170314112843", "0.11.0.dev20170315105031", "0.11.0.dev20170315111638", "0.11.0.dev20170316132137", "0.11.0.dev20170317092038", "0.11.0.dev20170318180500", "0.11.0.dev20170319035348", "0.11.0.dev20170319091315", "0.11.0.dev20170320122530", "0.11.0.dev20170320160350", "0.11.0.dev20170321131921", "0.11.0.dev20170321134221", "0.11.0.dev20170321151147", "0.11.0.dev20170321172623", "0.11.0.dev20170322094909", "0.11.0.dev20170322151555", "0.11.0.dev20170322155718", "0.11.0.dev20170323154158", "0.11.0.dev20170324155254", "0.11.0.dev20170325120725", "0.11.0.dev20170325175137", "0.11.0.dev20170326063628", "0.11.0.dev20170326091022", "0.11.0.dev20170327205150", "0.11.0.dev20170328064916", "0.11.0.dev20170328193740", "0.11.0.dev20170331115458", "0.11.0.dev20170331204346", "0.11.0.dev20170401145028", "0.11.0.dev20170402192011", "0.11.0.dev20170402193452", "0.11.0.dev20170403201910", "0.11.0.dev20170404120542", "0.11.0.dev20170404142421", "0.11.0.dev20170405061436", "0.11.0.dev20170406144803", "0.11.0.dev20170406164639", "0.11.0.dev20170406205859", "0.11.0.dev20170407075504", "0.11.0.dev20170407092624", "0.11.0.dev20170409101552", "0.11.0.dev20170409144537", "0.11.0.dev20170409222250", "0.11.0.dev20170410090518", "0.11.0.dev20170410103908", "0.11.0.dev20170410111454", "0.11.0.dev20170410162626", "0.11.0.dev20170411091020", "0.11.0.dev20170411111517", "0.11.0.dev20170411153816", "0.11.0.dev20170412133141", "0.11.0.dev20170417230248", "0.11.0.dev20170418213227", "0.11.0.dev20170422124948", "0.11.0.dev20170424200553", "0.11.0.dev20170425001321", "0.11.0.dev20170425144604", "0.11.0.dev20170426014459", "0.11.0.dev20170426020954", "0.11.0.dev20170426024437", "0.11.0.dev20170427022219", "0.11.0.dev20170427031844", "0.11.0.dev20170512151142", "0.11.0.dev20170720082759", "0.11.0rc1", "0.11.0rc2", "0.12.0.dev20170427043713", "0.12.0.dev20170502234223", "0.12.0.dev20170503101503", "0.12.0.dev20170503134943", "0.12.0.dev20170504042046", "0.12.0.dev20170504043020", "0.12.0.dev20170504124705", "0.12.0.dev20170504163253", "0.12.0.dev20170504203353", "0.12.0.dev20170507091731", "0.12.0.dev20170507211940", "0.12.0.dev20170507223003", "0.12.0.dev20170508103337", "0.12.0.dev20170508223704", "0.12.0.dev20170509060348", "0.12.0.dev20170509095703", "0.12.0.dev20170509130220", "0.12.0.dev20170510151811", "0.12.0.dev20170511192049", "0.12.0.dev20170513124056", "0.12.0.dev20170513235616", "0.12.0.dev20170514024854", "0.12.0.dev20170515185707", "0.12.0.dev20170515212613", "0.12.0.dev20170516210436", "0.12.0.dev20170517235947", "0.12.0.dev20170523173141", "0.12.0.dev20170523194240", "0.12.0.dev20170524223837", "0.12.0.dev20170525085851", "0.12.0.dev20170526114320", "0.12.0.dev20170526165920", "0.12.0.dev20170528042231", "0.12.0.dev20170528115113", "0.12.0.dev20170529215124", "0.12.0.dev20170529224838", "0.12.0.dev20170530120931", "0.12.0.dev20170530160023", "0.12.0.dev20170604215434", "0.12.0.dev20170605210206", "0.12.0.dev20170606062802", "0.12.0.dev20170606180646", "0.12.0.dev20170607200929", "0.12.0.dev20170607201902", "0.12.0.dev20170608002507", "0.12.0.dev20170608091006", "0.12.0.dev20170609175350", "0.12.0.dev20170611111738", "0.12.0.dev20170612094707", "0.12.0.dev20170612185540", "0.12.0.dev20170612192743", "0.12.0.dev20170613114214", "0.12.0.dev20170614091755", "0.12.0.dev20170618141744", "0.12.0.dev20170619000307", "0.12.0.dev20170619162652", "0.12.0.dev20170619165211", "0.12.0.dev20170622121840", "0.12.0.dev20170623170820", "0.12.0.dev20170623202624", "0.12.0.dev20170624173009", "0.12.0.dev20170624225546", "0.12.0.dev20170625082906", "0.12.0.dev20170625125459", "0.12.0.dev20170625134003", "0.12.0.dev20170625140245", "0.12.0.dev20170625160820", "0.12.0.dev20170625174913", "0.12.0.dev20170625192347", "0.12.0.dev20170626020646", "0.12.0.dev20170626124139", "0.12.0.dev20170626132008", "0.12.0.dev20170627184353", "0.12.0.dev20170628234202", "0.12.0.dev20170630173518", "0.12.0.dev20170630181725", "0.12.0.dev20170630205415", "0.12.0.dev20170702020327", "0.12.0.dev20170702145011", "0.12.0.dev20170703154304", "0.12.0.dev20170704182434", "0.12.0.dev20170705210906", "0.12.0.dev20170706115522", "0.12.0.dev20170706175706", "0.12.0.dev20170709030901", "0.12.0.dev20170710100938", "0.12.0.dev20170710142944", "0.12.0.dev20170713021439", "0.12.0.dev20170713032940", "0.12.0.dev20170715153345", "0.12.0.dev20170715164455", "0.12.0.dev20170715183139", "0.12.0.dev20170716113338", "0.12.0.dev20170719020204", "0.12.0.dev20170719090150", "0.12.0.dev20170719114216", "0.12.0.dev20170719130448", "0.12.0.dev20170720071852", "0.12.0.dev20170720085537", "0.12.0.dev20170720164229", "0.12.0.dev20170720223937", "0.12.0.dev20170721112418", "0.12.0.dev20170722091132", "0.12.0.dev20170722101721", "0.12.0.dev20170722111024", "0.12.0.dev20170722132515", "0.12.0.dev20170722170315", "0.12.0.dev20170722210200", "0.12.0.dev20170723042850", "0.12.0.dev20170723084301", "0.12.0.dev20170723091448", "0.12.0.dev20170724040157", "0.12.0.dev20170724040710", "0.12.0.dev20170724044846", "0.12.0.dev20170724075137", "0.12.0.dev20170724110623", "0.12.0.dev20170724122005", "0.12.0.dev20170724134320", "0.12.0.dev20170724144555", "0.12.0.dev20170724165622", "0.12.0.dev20170727093536", "0.12.0.dev20170727134821", "0.12.0.dev20170728120753", "0.12.0.dev20170728152427", "0.12.0.dev20170728152850", "0.12.0.dev20170728154428", "0.12.0.dev20170728234551", "0.12.0.dev20170729102215", "0.12.0.dev20170729174707", "0.12.0.dev20170729222122", "0.12.0.dev20170731215647", "0.12.0.dev20170802155243", "0.12.0.dev20170804182236", "0.12.0.dev20170805085158", "0.12.0.dev20170805155505", "0.12.0.dev20170811152524", "0.12.0.dev20170813091139", "0.12.0.dev20170813194424", "0.12.0.dev20170814165152", "0.12.0.dev20170814171335", "0.12.0.dev20170814174600", "0.12.0.dev20170816191152", "0.12.0.dev20170817142835", "0.12.0.dev20170818161816", "0.12.0.dev20170821101459", "0.12.0.dev20170822085706", "0.12.0.dev20170822122339", "0.12.0.dev20170822170738", "0.12.0.dev20170823091129", "0.12.0.dev20170823145035", "0.12.0.dev20170824121649", "0.12.0.dev20170825131543", "0.12.0.dev20170826003822", "0.12.0.dev20170826073639", "0.12.0.dev20170826131816", "0.12.0.dev20170826170200", "0.12.0.dev20170827121816", "0.12.0.dev20170827164801", "0.12.0.dev20170828024204", "0.12.0.dev20170828055500", "0.12.0.dev20170828171224", "0.12.0.dev20170828220133", "0.12.0.dev20170828221922", "0.12.0.dev20170828223650", "0.12.0.dev20170829024446", "0.12.0.dev20170829150244", "0.12.0.dev20170831171655", "0.12.0.dev20170901220117", "0.12.0.dev20170904185655", "0.12.0.dev20170909100228", "0.12.0.dev20170929220733", "0.12.0.dev20170930204010", "0.12.0.dev20171008124116", "0.12.0.dev20171008150129", "0.12.0.dev20171009145937", "0.12.0.dev20171009154652", "0.12.0.dev20171015134107", "0.12.0.dev20171016163217", "0.12.0.dev20171017161645", "0.12.0.dev20171017183946", "0.12.0.dev20171017222640", "0.12.0.dev20171017224529", "0.12.0.dev20171017232815", "0.12.0.dev20171017234347", "0.12.0.dev20171018003950", "0.12.0.dev20171018153854", "0.12.0.dev20171020131504", "0.12.0.dev20171021123453", "0.12.0.dev20171023154107", "0.12.0.dev20171023173054", "0.12.0.dev20171024015232", "0.12.0.dev20171026021807", "0.12.0.dev20171026110607", "0.12.0.dev20171026144205", "0.12.0.dev20171028022128", "0.12.0.dev20171028123736", "0.12.0.dev20171029194508", "0.12.0.dev20171030001107", "0.12.0.dev20171031032029", "0.12.0.dev20171031222703", "0.12.0.dev20171103083105", "0.12.0.dev20171103084415", "0.12.0.dev20171105153239", "0.12.0.dev20171106134407", "0.12.0.dev20171106140220", "0.12.0.dev20171109234648", "0.12.0.dev20171110201146", "0.12.0.dev20171111144839", "0.12.0.dev20171112222034", "0.12.0.dev20171112232438", "0.12.0.dev20171113013622", "0.12.0.dev20171117030432", "0.12.0.dev20171119000908", "0.12.0.dev20171119122200", "0.12.0.dev20171123161120", "0.12.0.dev20171127211117", "0.12.0.dev20171130060339", "0.12.0.dev20171201125358", "0.12.0.dev20171202193440", "0.12.0.dev20171216122902", "0.12.0.dev20180101025653"]}], "specifier": ">=0.10.0.dev20170202144131"}, {"extra": [], "extras": [], "marker": null, "marker_evaluated": null, "marker_evaluation_error": null, "marker_evaluation_result": true, "normalized_package_name": "cppclean", "package_name": "cppclean", "resolved_versions": [{"index": "https://pypi.org/simple", "versions": ["0.12"]}], "specifier": "~=0.12.0"}, {"extra": [], "extras": [], "marker": null, "marker_evaluated": null, "marker_evaluation_error": null, "marker_evaluation_result": true, "normalized_package_name": "cpplint", "package_name": "cpplint", "resolved_versions": [{"index": "https://pypi.org/simple", "versions": ["1.3.0", "1.4.0", "1.4.1", "1.4.2", "1.4.3", "1.4.4"]}], "specifier": "~=1.3"}, {"extra": [], "extras": [], "marker": null, "marker_evaluated": null, "marker_evaluation_error": null, "marker_evaluation_result": true, "normalized_package_name": "dennis", "package_name": "dennis", "resolved_versions": [{"index": "https://pypi.org/simple", "versions": ["0.8", "0.9"]}], "specifier": "~=0.8"}, {"extra": [], "extras": [], "marker": null, "marker_evaluated": null, "marker_evaluation_error": null, "marker_evaluation_result": true, "normalized_package_name": "eradicate", "package_name": "eradicate", "resolved_versions": [{"index": "https://pypi.org/simple", "versions": ["0.1.6"]}], "specifier": "~=0.1.6"}, {"extra": [], "extras": [], "marker": null, "marker_evaluated": null, "marker_evaluation_error": null, "marker_evaluation_result": true, "normalized_package_name": "guess-language-spirit", "package_name": "guess-language-spirit", "resolved_versions": [{"index": "https://pypi.org/simple", "versions": ["0.5.2", "0.5.3"]}], "specifier": "~=0.5.2"}, {"extra": [], "extras": [], "marker": null, "marker_evaluated": null, "marker_evaluation_error": null, "marker_evaluation_result": true, "normalized_package_name": "html-linter", "package_name": "html-linter", "resolved_versions": [{"index": "https://pypi.org/simple", "versions": ["0.3.0"]}], "specifier": "~=0.3.0"}, {"extra": [], "extras": [], "marker": null, "marker_evaluated": null, "marker_evaluation_error": null, "marker_evaluation_result": true, "normalized_package_name": "isort", "package_name": "isort", "resolved_versions": [{"index": "https://pypi.org/simple", "versions": ["4.2.0", "4.2.1", "4.2.11", "4.2.12", "4.2.13", "4.2.14", "4.2.15", "4.2.2", "4.2.3", "4.2.4", "4.2.5", "4.2.8", "4.2.9", "4.3.0", "4.3.1", "4.3.10", "4.3.11", "4.3.12", "4.3.13", "4.3.14", "4.3.15", "4.3.16", "4.3.17", "4.3.18", "4.3.19", "4.3.2", "4.3.20", "4.3.21", "4.3.3", "4.3.4", "4.3.5", "4.3.6", "4.3.7", "4.3.8", "4.3.9"]}], "specifier": "~=4.2"}, {"extra": [], "extras": [], "marker": null, "marker_evaluated": null, "marker_evaluation_error": null, "marker_evaluation_result": true, "normalized_package_name": "munkres3", "package_name": "munkres3", "resolved_versions": [{"index": "https://pypi.org/simple", "versions": ["1.0.5.5"]}], "specifier": "~=1.0"}, {"extra": [], "extras": [], "marker": null, "marker_evaluated": null, "marker_evaluation_error": null, "marker_evaluation_result": true, "normalized_package_name": "mypy-lang", "package_name": "mypy-lang", "resolved_versions": [{"index": "https://pypi.org/simple", "versions": ["0.4.6"]}], "specifier": "~=0.4.6"}, {"extra": [], "extras": [], "marker": null, "marker_evaluated": null, "marker_evaluation_error": null, "marker_evaluation_result": true, "normalized_package_name": "nbformat", "package_name": "nbformat", "resolved_versions": [{"index": "https://pypi.org/simple", "versions": ["4.1.0", "4.2.0", "4.3.0", "4.4.0"]}], "specifier": "~=4.1"}, {"extra": [], "extras": [], "marker": null, "marker_evaluated": null, "marker_evaluation_error": null, "marker_evaluation_result": true, "normalized_package_name": "nltk", "package_name": "nltk", "resolved_versions": [{"index": "https://pypi.org/simple", "versions": ["3.2", "3.2.1", "3.2.2", "3.2.3", "3.2.4", "3.2.5", "3.3", "3.4", "3.4.1", "3.4.2", "3.4.3", "3.4.4", "3.4.5"]}], "specifier": "~=3.2"}, {"extra": [], "extras": [], "marker": null, "marker_evaluated": null, "marker_evaluation_error": null, "marker_evaluation_result": true, "normalized_package_name": "proselint", "package_name": "proselint", "resolved_versions": [{"index": "https://pypi.org/simple", "versions": ["0.7.0"]}], "specifier": "~=0.7.0"}, {"extra": [], "extras": [], "marker": null, "marker_evaluated": null, "marker_evaluation_error": null, "marker_evaluation_result": true, "normalized_package_name": "pycodestyle", "package_name": "pycodestyle", "resolved_versions": [{"index": "https://pypi.org/simple", "versions": ["2.2.0", "2.3.0", "2.3.1", "2.4.0", "2.5.0"]}], "specifier": "~=2.2"}, {"extra": [], "extras": [], "marker": null, "marker_evaluated": null, "marker_evaluation_error": null, "marker_evaluation_result": true, "normalized_package_name": "pydocstyle", "package_name": "pydocstyle", "resolved_versions": [{"index": "https://pypi.org/simple", "versions": ["1.1.0", "1.1.1"]}], "specifier": "~=1.1"}, {"extra": [], "extras": [], "marker": null, "marker_evaluated": null, "marker_evaluation_error": null, "marker_evaluation_result": true, "normalized_package_name": "pyflakes", "package_name": "pyflakes", "resolved_versions": [{"index": "https://pypi.org/simple", "versions": ["1.4.0"]}], "specifier": "~=1.4.0"}, {"extra": [], "extras": [], "marker": null, "marker_evaluated": null, "marker_evaluation_error": null, "marker_evaluation_result": true, "normalized_package_name": "pylint", "package_name": "pylint", "resolved_versions": [{"index": "https://pypi.org/simple", "versions": ["1.6.0", "1.6.1", "1.6.2", "1.6.3", "1.6.4", "1.6.5", "1.7.0", "1.7.1", "1.7.2", "1.7.3", "1.7.4", "1.7.5", "1.7.6", "1.8.0", "1.8.1", "1.8.2", "1.8.3", "1.8.4", "1.9.0", "1.9.1", "1.9.2", "1.9.3", "1.9.4", "1.9.5"]}], "specifier": "~=1.6"}, {"extra": [], "extras": [], "marker": null, "marker_evaluated": null, "marker_evaluation_error": null, "marker_evaluation_result": true, "normalized_package_name": "pyroma", "package_name": "pyroma", "resolved_versions": [{"index": "https://pypi.org/simple", "versions": ["2.2"]}], "specifier": "~=2.2.0"}, {"extra": [], "extras": [], "marker": null, "marker_evaluated": null, "marker_evaluation_error": null, "marker_evaluation_result": true, "normalized_package_name": "pyyaml", "package_name": "pyyaml", "resolved_versions": [{"index": "https://pypi.org/simple", "versions": ["3.12", "3.13"]}], "specifier": "~=3.12"}, {"extra": [], "extras": [], "marker": null, "marker_evaluated": null, "marker_evaluation_error": null, "marker_evaluation_result": true, "normalized_package_name": "radon", "package_name": "radon", "resolved_versions": [{"index": "https://pypi.org/simple", "versions": ["1.4.0"]}], "specifier": "==1.4.0"}, {"extra": [], "extras": [], "marker": null, "marker_evaluated": null, "marker_evaluation_error": null, "marker_evaluation_result": true, "normalized_package_name": "restructuredtext-lint", "package_name": "restructuredtext-lint", "resolved_versions": [{"index": "https://pypi.org/simple", "versions": ["0.17.2"]}], "specifier": "~=0.17.2"}, {"extra": [], "extras": [], "marker": null, "marker_evaluated": null, "marker_evaluation_error": null, "marker_evaluation_result": true, "normalized_package_name": "rstcheck", "package_name": "rstcheck", "resolved_versions": [{"index": "https://pypi.org/simple", "versions": ["2.2"]}], "specifier": "~=2.2"}, {"extra": [], "extras": [], "marker": null, "marker_evaluated": null, "marker_evaluation_error": null, "marker_evaluation_result": true, "normalized_package_name": "safety", "package_name": "safety", "resolved_versions": [{"index": "https://pypi.org/simple", "versions": ["0.5.1"]}], "specifier": "~=0.5.1"}, {"extra": [], "extras": [], "marker": null, "marker_evaluated": null, "marker_evaluation_error": null, "marker_evaluation_result": true, "normalized_package_name": "scspell3k", "package_name": "scspell3k", "resolved_versions": [{"index": "https://pypi.org/simple", "versions": ["2.0", "2.1", "2.2"]}], "specifier": "~=2.0"}, {"extra": [], "extras": [], "marker": null, "marker_evaluated": null, "marker_evaluation_error": null, "marker_evaluation_result": true, "normalized_package_name": "vim-vint", "package_name": "vim-vint", "resolved_versions": [{"index": "https://pypi.org/simple", "versions": ["0.3.10", "0.3.11", "0.3.12", "0.3.13", "0.3.14", "0.3.15", "0.3.16", "0.3.17", "0.3.18", "0.3.19", "0.3.20", "0.3.21"]}], "specifier": "~=0.3.10"}, {"extra": [], "extras": [], "marker": null, "marker_evaluated": null, "marker_evaluation_error": null, "marker_evaluation_result": true, "normalized_package_name": "vulture", "package_name": "vulture", "resolved_versions": [{"index": "https://pypi.org/simple", "versions": ["0.10"]}], "specifier": "~=0.10.0"}, {"extra": [], "extras": [], "marker": null, "marker_evaluated": null, "marker_evaluation_error": null, "marker_evaluation_result": true, "normalized_package_name": "yamllint", "package_name": "yamllint", "resolved_versions": [{"index": "https://pypi.org/simple", "versions": ["1.10.0", "1.11.0", "1.11.1", "1.12.0", "1.12.1", "1.13.0", "1.14.0", "1.15.0", "1.16.0", "1.17.0", "1.18.0", "1.19.0", "1.20.0", "1.5.0", "1.6.0", "1.6.1", "1.7.0", "1.8.0", "1.8.1", "1.8.2", "1.9.0"]}], "specifier": "~=1.5"}, {"extra": [], "extras": [], "marker": null, "marker_evaluated": null, "marker_evaluation_error": null, "marker_evaluation_result": true, "normalized_package_name": "yapf", "package_name": "yapf", "resolved_versions": [{"index": "https://pypi.org/simple", "versions": ["0.14.0"]}], "specifier": "~=0.14.0"}, {"extra": ["alldeps"], "extras": [], "marker": "extra == \"alldeps\"", "marker_evaluated": "python_version >= \"0.0\"", "marker_evaluation_error": null, "marker_evaluation_result": true, "normalized_package_name": "autoflake", "package_name": "autoflake", "resolved_versions": [{"index": "https://pypi.org/simple", "versions": ["0.6.6"]}], "specifier": "~=0.6.6"}, {"extra": ["alldeps"], "extras": [], "marker": "extra == \"alldeps\"", "marker_evaluated": "python_version >= \"0.0\"", "marker_evaluation_error": null, "marker_evaluation_result": true, "normalized_package_name": "autopep8", "package_name": "autopep8", "resolved_versions": [{"index": "https://pypi.org/simple", "versions": ["1.2", "1.2.1", "1.2.2", "1.2.3", "1.2.4", "1.3", "1.3.1", "1.3.2", "1.3.3", "1.3.4", "1.3.5", "1.4", "1.4.1", "1.4.2", "1.4.3", "1.4.4"]}], "specifier": "~=1.2"}, {"extra": ["alldeps"], "extras": [], "marker": "extra == \"alldeps\"", "marker_evaluated": "python_version >= \"0.0\"", "marker_evaluation_error": null, "marker_evaluation_result": true, "normalized_package_name": "bandit", "package_name": "bandit", "resolved_versions": [{"index": "https://pypi.org/simple", "versions": ["1.2.0", "1.3.0", "1.4.0", "1.5.0", "1.5.1", "1.6.0", "1.6.1", "1.6.2"]}], "specifier": "~=1.2"}, {"extra": ["alldeps"], "extras": [], "marker": "extra == \"alldeps\"", "marker_evaluated": "python_version >= \"0.0\"", "marker_evaluation_error": null, "marker_evaluation_result": true, "normalized_package_name": "click", "package_name": "click", "resolved_versions": [{"index": "https://pypi.org/simple", "versions": ["6.6"]}], "specifier": "==6.6"}, {"extra": ["alldeps"], "extras": [], "marker": "extra == \"alldeps\"", "marker_evaluated": "python_version >= \"0.0\"", "marker_evaluation_error": null, "marker_evaluation_result": true, "normalized_package_name": "cmakelint", "package_name": "cmakelint", "resolved_versions": [{"index": "https://pypi.org/simple", "versions": ["1.3", "1.3.1", "1.3.2", "1.3.3.1", "1.3.4", "1.3.4.1", "1.4", "1.4.1"]}], "specifier": "~=1.3"}, {"extra": ["alldeps"], "extras": [], "marker": "extra == \"alldeps\"", "marker_evaluated": "python_version >= \"0.0\"", "marker_evaluation_error": null, "marker_evaluation_result": true, "normalized_package_name": "cppclean", "package_name": "cppclean", "resolved_versions": [{"index": "https://pypi.org/simple", "versions": ["0.12"]}], "specifier": "~=0.12.0"}, {"extra": ["alldeps"], "extras": [], "marker": "extra == \"alldeps\"", "marker_evaluated": "python_version >= \"0.0\"", "marker_evaluation_error": null, "marker_evaluation_result": true, "normalized_package_name": "cpplint", "package_name": "cpplint", "resolved_versions": [{"index": "https://pypi.org/simple", "versions": ["1.3.0", "1.4.0", "1.4.1", "1.4.2", "1.4.3", "1.4.4"]}], "specifier": "~=1.3"}, {"extra": ["alldeps"], "extras": [], "marker": "extra == \"alldeps\"", "marker_evaluated": "python_version >= \"0.0\"", "marker_evaluation_error": null, "marker_evaluation_result": true, "normalized_package_name": "dennis", "package_name": "dennis", "resolved_versions": [{"index": "https://pypi.org/simple", "versions": ["0.8", "0.9"]}], "specifier": "~=0.8"}, {"extra": ["alldeps"], "extras": [], "marker": "extra == \"alldeps\"", "marker_evaluated": "python_version >= \"0.0\"", "marker_evaluation_error": null, "marker_evaluation_result": true, "normalized_package_name": "eradicate", "package_name": "eradicate", "resolved_versions": [{"index": "https://pypi.org/simple", "versions": ["0.1.6"]}], "specifier": "~=0.1.6"}, {"extra": ["alldeps"], "extras": [], "marker": "extra == \"alldeps\"", "marker_evaluated": "python_version >= \"0.0\"", "marker_evaluation_error": null, "marker_evaluation_result": true, "normalized_package_name": "guess-language-spirit", "package_name": "guess-language-spirit", "resolved_versions": [{"index": "https://pypi.org/simple", "versions": ["0.5.2", "0.5.3"]}], "specifier": "~=0.5.2"}, {"extra": ["alldeps"], "extras": [], "marker": "extra == \"alldeps\"", "marker_evaluated": "python_version >= \"0.0\"", "marker_evaluation_error": null, "marker_evaluation_result": true, "normalized_package_name": "html-linter", "package_name": "html-linter", "resolved_versions": [{"index": "https://pypi.org/simple", "versions": ["0.3.0"]}], "specifier": "~=0.3.0"}, {"extra": ["alldeps"], "extras": [], "marker": "extra == \"alldeps\"", "marker_evaluated": "python_version >= \"0.0\"", "marker_evaluation_error": null, "marker_evaluation_result": true, "normalized_package_name": "isort", "package_name": "isort", "resolved_versions": [{"index": "https://pypi.org/simple", "versions": ["4.2.0", "4.2.1", "4.2.11", "4.2.12", "4.2.13", "4.2.14", "4.2.15", "4.2.2", "4.2.3", "4.2.4", "4.2.5", "4.2.8", "4.2.9", "4.3.0", "4.3.1", "4.3.10", "4.3.11", "4.3.12", "4.3.13", "4.3.14", "4.3.15", "4.3.16", "4.3.17", "4.3.18", "4.3.19", "4.3.2", "4.3.20", "4.3.21", "4.3.3", "4.3.4", "4.3.5", "4.3.6", "4.3.7", "4.3.8", "4.3.9"]}], "specifier": "~=4.2"}, {"extra": ["alldeps"], "extras": [], "marker": "extra == \"alldeps\"", "marker_evaluated": "python_version >= \"0.0\"", "marker_evaluation_error": null, "marker_evaluation_result": true, "normalized_package_name": "language-check", "package_name": "language-check", "resolved_versions": [{"index": "https://pypi.org/simple", "versions": ["0.8"]}], "specifier": "~=0.8"}, {"extra": ["alldeps"], "extras": [], "marker": "extra == \"alldeps\"", "marker_evaluated": "python_version >= \"0.0\"", "marker_evaluation_error": null, "marker_evaluation_result": true, "normalized_package_name": "munkres3", "package_name": "munkres3", "resolved_versions": [{"index": "https://pypi.org/simple", "versions": ["1.0.5.5"]}], "specifier": "~=1.0"}, {"extra": ["alldeps"], "extras": [], "marker": "extra == \"alldeps\"", "marker_evaluated": "python_version >= \"0.0\"", "marker_evaluation_error": null, "marker_evaluation_result": true, "normalized_package_name": "mypy-lang", "package_name": "mypy-lang", "resolved_versions": [{"index": "https://pypi.org/simple", "versions": ["0.4.6"]}], "specifier": "~=0.4.6"}, {"extra": ["alldeps"], "extras": [], "marker": "extra == \"alldeps\"", "marker_evaluated": "python_version >= \"0.0\"", "marker_evaluation_error": null, "marker_evaluation_result": true, "normalized_package_name": "nbformat", "package_name": "nbformat", "resolved_versions": [{"index": "https://pypi.org/simple", "versions": ["4.1.0", "4.2.0", "4.3.0", "4.4.0"]}], "specifier": "~=4.1"}, {"extra": ["alldeps"], "extras": [], "marker": "extra == \"alldeps\"", "marker_evaluated": "python_version >= \"0.0\"", "marker_evaluation_error": null, "marker_evaluation_result": true, "normalized_package_name": "nltk", "package_name": "nltk", "resolved_versions": [{"index": "https://pypi.org/simple", "versions": ["3.2", "3.2.1", "3.2.2", "3.2.3", "3.2.4", "3.2.5", "3.3", "3.4", "3.4.1", "3.4.2", "3.4.3", "3.4.4", "3.4.5"]}], "specifier": "~=3.2"}, {"extra": ["alldeps"], "extras": [], "marker": "extra == \"alldeps\"", "marker_evaluated": "python_version >= \"0.0\"", "marker_evaluation_error": null, "marker_evaluation_result": true, "normalized_package_name": "proselint", "package_name": "proselint", "resolved_versions": [{"index": "https://pypi.org/simple", "versions": ["0.7.0"]}], "specifier": "~=0.7.0"}, {"extra": ["alldeps"], "extras": [], "marker": "extra == \"alldeps\"", "marker_evaluated": "python_version >= \"0.0\"", "marker_evaluation_error": null, "marker_evaluation_result": true, "normalized_package_name": "pycodestyle", "package_name": "pycodestyle", "resolved_versions": [{"index": "https://pypi.org/simple", "versions": ["2.2.0", "2.3.0", "2.3.1", "2.4.0", "2.5.0"]}], "specifier": "~=2.2"}, {"extra": ["alldeps"], "extras": [], "marker": "extra == \"alldeps\"", "marker_evaluated": "python_version >= \"0.0\"", "marker_evaluation_error": null, "marker_evaluation_result": true, "normalized_package_name": "pydocstyle", "package_name": "pydocstyle", "resolved_versions": [{"index": "https://pypi.org/simple", "versions": ["1.1.0", "1.1.1"]}], "specifier": "~=1.1"}, {"extra": ["alldeps"], "extras": [], "marker": "extra == \"alldeps\"", "marker_evaluated": "python_version >= \"0.0\"", "marker_evaluation_error": null, "marker_evaluation_result": true, "normalized_package_name": "pyflakes", "package_name": "pyflakes", "resolved_versions": [{"index": "https://pypi.org/simple", "versions": ["1.4.0"]}], "specifier": "~=1.4.0"}, {"extra": ["alldeps"], "extras": [], "marker": "extra == \"alldeps\"", "marker_evaluated": "python_version >= \"0.0\"", "marker_evaluation_error": null, "marker_evaluation_result": true, "normalized_package_name": "pylint", "package_name": "pylint", "resolved_versions": [{"index": "https://pypi.org/simple", "versions": ["1.6.0", "1.6.1", "1.6.2", "1.6.3", "1.6.4", "1.6.5", "1.7.0", "1.7.1", "1.7.2", "1.7.3", "1.7.4", "1.7.5", "1.7.6", "1.8.0", "1.8.1", "1.8.2", "1.8.3", "1.8.4", "1.9.0", "1.9.1", "1.9.2", "1.9.3", "1.9.4", "1.9.5"]}], "specifier": "~=1.6"}, {"extra": ["alldeps"], "extras": [], "marker": "extra == \"alldeps\"", "marker_evaluated": "python_version >= \"0.0\"", "marker_evaluation_error": null, "marker_evaluation_result": true, "normalized_package_name": "pyroma", "package_name": "pyroma", "resolved_versions": [{"index": "https://pypi.org/simple", "versions": ["2.2"]}], "specifier": "~=2.2.0"}, {"extra": ["alldeps"], "extras": [], "marker": "extra == \"alldeps\"", "marker_evaluated": "python_version >= \"0.0\"", "marker_evaluation_error": null, "marker_evaluation_result": true, "normalized_package_name": "pyyaml", "package_name": "pyyaml", "resolved_versions": [{"index": "https://pypi.org/simple", "versions": ["3.12", "3.13"]}], "specifier": "~=3.12"}, {"extra": ["alldeps"], "extras": [], "marker": "extra == \"alldeps\"", "marker_evaluated": "python_version >= \"0.0\"", "marker_evaluation_error": null, "marker_evaluation_result": true, "normalized_package_name": "radon", "package_name": "radon", "resolved_versions": [{"index": "https://pypi.org/simple", "versions": ["1.4.0"]}], "specifier": "==1.4.0"}, {"extra": ["alldeps"], "extras": [], "marker": "extra == \"alldeps\"", "marker_evaluated": "python_version >= \"0.0\"", "marker_evaluation_error": null, "marker_evaluation_result": true, "normalized_package_name": "restructuredtext-lint", "package_name": "restructuredtext-lint", "resolved_versions": [{"index": "https://pypi.org/simple", "versions": ["0.17.2"]}], "specifier": "~=0.17.2"}, {"extra": ["alldeps"], "extras": [], "marker": "extra == \"alldeps\"", "marker_evaluated": "python_version >= \"0.0\"", "marker_evaluation_error": null, "marker_evaluation_result": true, "normalized_package_name": "rstcheck", "package_name": "rstcheck", "resolved_versions": [{"index": "https://pypi.org/simple", "versions": ["2.2"]}], "specifier": "~=2.2"}, {"extra": ["alldeps"], "extras": [], "marker": "extra == \"alldeps\"", "marker_evaluated": "python_version >= \"0.0\"", "marker_evaluation_error": null, "marker_evaluation_result": true, "normalized_package_name": "safety", "package_name": "safety", "resolved_versions": [{"index": "https://pypi.org/simple", "versions": ["0.5.1"]}], "specifier": "~=0.5.1"}, {"extra": ["alldeps"], "extras": [], "marker": "extra == \"alldeps\"", "marker_evaluated": "python_version >= \"0.0\"", "marker_evaluation_error": null, "marker_evaluation_result": true, "normalized_package_name": "scspell3k", "package_name": "scspell3k", "resolved_versions": [{"index": "https://pypi.org/simple", "versions": ["2.0", "2.1", "2.2"]}], "specifier": "~=2.0"}, {"extra": ["alldeps"], "extras": [], "marker": "extra == \"alldeps\"", "marker_evaluated": "python_version >= \"0.0\"", "marker_evaluation_error": null, "marker_evaluation_result": true, "normalized_package_name": "vim-vint", "package_name": "vim-vint", "resolved_versions": [{"index": "https://pypi.org/simple", "versions": ["0.3.10", "0.3.11", "0.3.12", "0.3.13", "0.3.14", "0.3.15", "0.3.16", "0.3.17", "0.3.18", "0.3.19", "0.3.20", "0.3.21"]}], "specifier": "~=0.3.10"}, {"extra": ["alldeps"], "extras": [], "marker": "extra == \"alldeps\"", "marker_evaluated": "python_version >= \"0.0\"", "marker_evaluation_error": null, "marker_evaluation_result": true, "normalized_package_name": "vulture", "package_name": "vulture", "resolved_versions": [{"index": "https://pypi.org/simple", "versions": ["0.10"]}], "specifier": "~=0.10.0"}, {"extra": ["alldeps"], "extras": [], "marker": "extra == \"alldeps\"", "marker_evaluated": "python_version >= \"0.0\"", "marker_evaluation_error": null, "marker_evaluation_result": true, "normalized_package_name": "yamllint", "package_name": "yamllint", "resolved_versions": [{"index": "https://pypi.org/simple", "versions": ["1.10.0", "1.11.0", "1.11.1", "1.12.0", "1.12.1", "1.13.0", "1.14.0", "1.15.0", "1.16.0", "1.17.0", "1.18.0", "1.19.0", "1.20.0", "1.5.0", "1.6.0", "1.6.1", "1.7.0", "1.8.0", "1.8.1", "1.8.2", "1.9.0"]}], "specifier": "~=1.5"}, {"extra": ["alldeps"], "extras": [], "marker": "extra == \"alldeps\"", "marker_evaluated": "python_version >= \"0.0\"", "marker_evaluation_error": null, "marker_evaluation_result": true, "normalized_package_name": "yapf", "package_name": "yapf", "resolved_versions": [{"index": "https://pypi.org/simple", "versions": ["0.14.0"]}], "specifier": "~=0.14.0"}], "importlib_metadata": {"entry_points": [{"group": "coalabears", "name": "coala_official_bears", "value": "bears"}], "files": [{"hash": {"mode": "sha256", "value": "aPfA_RsrYZoroQa7wZ0CZqlovB98FDBWt3Tz35xH7EY"}, "path": "bears/Constants.py", "size": 107}, {"hash": {"mode": "sha256", "value": "3UaJmDuWK7SaEDE-7_QuhGwGTOiQYZChyxBpzehRZqk"}, "path": "bears/VERSION", "size": 25}, {"hash": {"mode": "sha256", "value": "CzxQBhJUIxCOGB1q9RIuHDu994yYeJDu0AG8fi1yi34"}, "path": "bears/__init__.py", "size": 456}, {"hash": null, "path": "bears/__pycache__/Constants.cpython-37.pyc", "size": null}, {"hash": null, "path": "bears/__pycache__/__init__.cpython-37.pyc", "size": null}, {"hash": null, "path": "bears/__pycache__/generate_package.cpython-37.pyc", "size": null}, {"hash": {"mode": "sha256", "value": "ejodZbTDyhG5f9R10R47SSCDG_Yl4wpsw4gxQfZZ87w"}, "path": "bears/c_languages/CPPCheckBear.py", "size": 1667}, {"hash": {"mode": "sha256", "value": "CF0f70nDz3xdETkESmv9VrXD3pB_aohl4-S88wJabLQ"}, "path": "bears/c_languages/CPPCleanBear.py", "size": 882}, {"hash": {"mode": "sha256", "value": "4JKuEtR2HmYYrQNeE2O4rdt2AUC7dQKyKRtL519Jm9c"}, "path": "bears/c_languages/CPPLintBear.py", "size": 1499}, {"hash": {"mode": "sha256", "value": "fX0VdGgHJMBj0eHNQvyD_49Y22PyHrsyKMyHW1rS-cM"}, "path": "bears/c_languages/CSecurityBear.py", "size": 1782}, {"hash": {"mode": "sha256", "value": "j9-P-uJTawghF24uquKPYsWaLd2kXALr52AEK6vvDYk"}, "path": "bears/c_languages/CSharpLintBear.py", "size": 849}, {"hash": {"mode": "sha256", "value": "4P5ecD5YBsMeswEqn01M00Ff4ffwQh8C4dz0uhXc4N8"}, "path": "bears/c_languages/ClangBear.py", "size": 3137}, {"hash": {"mode": "sha256", "value": "2RQ7SQYRGldoSbQvxNAsEI1qyw074l7yCOtKvSLDBzI"}, "path": "bears/c_languages/ClangComplexityBear.py", "size": 4936}, {"hash": {"mode": "sha256", "value": "P67QaV42sDbE9047OM7z94jcJ6T2-e9giiFm7CsZQO8"}, "path": "bears/c_languages/GNUIndentBear.py", "size": 8145}, {"hash": {"mode": "sha256", "value": "47DEQpj8HBSa-_TImW-5JCeuQeRkm5NMpJWZG3hSuFU"}, "path": "bears/c_languages/__init__.py", "size": 0}, {"hash": null, "path": "bears/c_languages/__pycache__/CPPCheckBear.cpython-37.pyc", "size": null}, {"hash": null, "path": "bears/c_languages/__pycache__/CPPCleanBear.cpython-37.pyc", "size": null}, {"hash": null, "path": "bears/c_languages/__pycache__/CPPLintBear.cpython-37.pyc", "size": null}, {"hash": null, "path": "bears/c_languages/__pycache__/CSecurityBear.cpython-37.pyc", "size": null}, {"hash": null, "path": "bears/c_languages/__pycache__/CSharpLintBear.cpython-37.pyc", "size": null}, {"hash": null, "path": "bears/c_languages/__pycache__/ClangBear.cpython-37.pyc", "size": null}, {"hash": null, "path": "bears/c_languages/__pycache__/ClangComplexityBear.cpython-37.pyc", "size": null}, {"hash": null, "path": "bears/c_languages/__pycache__/GNUIndentBear.cpython-37.pyc", "size": null}, {"hash": null, "path": "bears/c_languages/__pycache__/__init__.cpython-37.pyc", "size": null}, {"hash": {"mode": "sha256", "value": "o7RKq2AHN_37_wvQjJNPalrX-5IUklZFy2diMwheCUY"}, "path": "bears/c_languages/codeclone_detection/ClangASTPrintBear.py", "size": 2271}, {"hash": {"mode": "sha256", "value": "ci52k9ifYXXQj5gnhbg9TcPpfhXznTTa6jAdDymfRSQ"}, "path": "bears/c_languages/codeclone_detection/ClangCloneDetectionBear.py", "size": 1992}, {"hash": {"mode": "sha256", "value": "nITO_9pwcOGzJcHhDLU2lzOdfvvrCxzdavOIqykl1yY"}, "path": "bears/c_languages/codeclone_detection/ClangCountVectorCreator.py", "size": 4858}, {"hash": {"mode": "sha256", "value": "zQPqwBSJYheNq-AgkupxvyURZejT9f50Dl1Uv3FB5qM"}, "path": "bears/c_languages/codeclone_detection/ClangCountingConditions.py", "size": 15607}, {"hash": {"mode": "sha256", "value": "ttVoE9sBIQFv8RJKnIoILOCzSD3-1NKG0o3Va9Gask0"}, "path": "bears/c_languages/codeclone_detection/ClangFunctionDifferenceBear.py", "size": 7854}, {"hash": {"mode": "sha256", "value": "fsTSgxDe-m7XL0Wtnjqox_sMuIUAoj14OO8UnmBGhTY"}, "path": "bears/c_languages/codeclone_detection/CloneDetectionRoutines.py", "size": 9359}, {"hash": {"mode": "sha256", "value": "s4a0J-dPKf6eVbBIvIQyGxlDhD0cvyl17JZ9yvhfO5c"}, "path": "bears/c_languages/codeclone_detection/CountVector.py", "size": 3481}, {"hash": {"mode": "sha256", "value": "eGgTmGqdzpTbFgUbXP_Gb9p4-DNslp1st8Ku7VfVzI4"}, "path": "bears/c_languages/codeclone_detection/__init__.py", "size": 177}, {"hash": null, "path": "bears/c_languages/codeclone_detection/__pycache__/ClangASTPrintBear.cpython-37.pyc", "size": null}, {"hash": null, "path": "bears/c_languages/codeclone_detection/__pycache__/ClangCloneDetectionBear.cpython-37.pyc", "size": null}, {"hash": null, "path": "bears/c_languages/codeclone_detection/__pycache__/ClangCountVectorCreator.cpython-37.pyc", "size": null}, {"hash": null, "path": "bears/c_languages/codeclone_detection/__pycache__/ClangCountingConditions.cpython-37.pyc", "size": null}, {"hash": null, "path": "bears/c_languages/codeclone_detection/__pycache__/ClangFunctionDifferenceBear.cpython-37.pyc", "size": null}, {"hash": null, "path": "bears/c_languages/codeclone_detection/__pycache__/CloneDetectionRoutines.cpython-37.pyc", "size": null}, {"hash": null, "path": "bears/c_languages/codeclone_detection/__pycache__/CountVector.cpython-37.pyc", "size": null}, {"hash": null, "path": "bears/c_languages/codeclone_detection/__pycache__/__init__.cpython-37.pyc", "size": null}, {"hash": {"mode": "sha256", "value": "E3zizipvwf8g-JB3QyaO_mNbvLRfPsvOI7XRNHAZg3Y"}, "path": "bears/cmake/CMakeLintBear.py", "size": 1070}, {"hash": {"mode": "sha256", "value": "47DEQpj8HBSa-_TImW-5JCeuQeRkm5NMpJWZG3hSuFU"}, "path": "bears/cmake/__init__.py", "size": 0}, {"hash": null, "path": "bears/cmake/__pycache__/CMakeLintBear.cpython-37.pyc", "size": null}, {"hash": null, "path": "bears/cmake/__pycache__/__init__.cpython-37.pyc", "size": null}, {"hash": {"mode": "sha256", "value": "Kz05SEsRQECyYEdW2QZSOCmNIwtsC4DKE7m08zTcuLg"}, "path": "bears/coffee_script/CoffeeLintBear.py", "size": 15297}, {"hash": {"mode": "sha256", "value": "47DEQpj8HBSa-_TImW-5JCeuQeRkm5NMpJWZG3hSuFU"}, "path": "bears/coffee_script/__init__.py", "size": 0}, {"hash": null, "path": "bears/coffee_script/__pycache__/CoffeeLintBear.cpython-37.pyc", "size": null}, {"hash": null, "path": "bears/coffee_script/__pycache__/__init__.cpython-37.pyc", "size": null}, {"hash": {"mode": "sha256", "value": "peetoYpBymlXFLg3updXuiVj20NRPD6IO01bbLhGspM"}, "path": "bears/configfiles/DockerfileLintBear.py", "size": 1625}, {"hash": {"mode": "sha256", "value": "0f6PZ9_1wtXf0xp7_BT2sV2rHP8uKrgv1khtIP9ZZJk"}, "path": "bears/configfiles/PuppetLintBear.py", "size": 946}, {"hash": {"mode": "sha256", "value": "47DEQpj8HBSa-_TImW-5JCeuQeRkm5NMpJWZG3hSuFU"}, "path": "bears/configfiles/__init__.py", "size": 0}, {"hash": null, "path": "bears/configfiles/__pycache__/DockerfileLintBear.cpython-37.pyc", "size": null}, {"hash": null, "path": "bears/configfiles/__pycache__/PuppetLintBear.cpython-37.pyc", "size": null}, {"hash": null, "path": "bears/configfiles/__pycache__/__init__.cpython-37.pyc", "size": null}, {"hash": {"mode": "sha256", "value": "g8dvjkPljgsExfcVYGrB7mmW29Fbr43m-ZlEoiJYTqk"}, "path": "bears/css/CSSAutoPrefixBear.py", "size": 995}, {"hash": {"mode": "sha256", "value": "tJZLp58MzYai41ACp8uB_-80UnlXCjKY3TpZoBHVJEA"}, "path": "bears/css/CSSLintBear.py", "size": 869}, {"hash": {"mode": "sha256", "value": "6ZrTy_GsnBwd8DUVbRV7zK81gnT8wew2f7kfIDJ6r_A"}, "path": "bears/css/StyleLintBear.py", "size": 7486}, {"hash": {"mode": "sha256", "value": "47DEQpj8HBSa-_TImW-5JCeuQeRkm5NMpJWZG3hSuFU"}, "path": "bears/css/__init__.py", "size": 0}, {"hash": null, "path": "bears/css/__pycache__/CSSAutoPrefixBear.cpython-37.pyc", "size": null}, {"hash": null, "path": "bears/css/__pycache__/CSSLintBear.cpython-37.pyc", "size": null}, {"hash": null, "path": "bears/css/__pycache__/StyleLintBear.cpython-37.pyc", "size": null}, {"hash": null, "path": "bears/css/__pycache__/__init__.cpython-37.pyc", "size": null}, {"hash": {"mode": "sha256", "value": "Mh7uSVWQG_jxaolEIoibCeKJZZgiA1tEeIK5ssWDrZ0"}, "path": "bears/csv/CSVLintBear.py", "size": 4499}, {"hash": {"mode": "sha256", "value": "47DEQpj8HBSa-_TImW-5JCeuQeRkm5NMpJWZG3hSuFU"}, "path": "bears/csv/__init__.py", "size": 0}, {"hash": null, "path": "bears/csv/__pycache__/CSVLintBear.cpython-37.pyc", "size": null}, {"hash": null, "path": "bears/csv/__pycache__/__init__.cpython-37.pyc", "size": null}, {"hash": {"mode": "sha256", "value": "pry4kh7eH5wLtfAwfFXVVPM0sse3Xz0Gbiw-LynYJmg"}, "path": "bears/dart/DartLintBear.py", "size": 1200}, {"hash": {"mode": "sha256", "value": "47DEQpj8HBSa-_TImW-5JCeuQeRkm5NMpJWZG3hSuFU"}, "path": "bears/dart/__init__.py", "size": 0}, {"hash": null, "path": "bears/dart/__pycache__/DartLintBear.cpython-37.pyc", "size": null}, {"hash": null, "path": "bears/dart/__pycache__/__init__.cpython-37.pyc", "size": null}, {"hash": {"mode": "sha256", "value": "_eqmWgf23WGxGCom2kezoxnXE4Pa0dZ4tStiP_MKxlo"}, "path": "bears/general/AnnotationBear.py", "size": 12035}, {"hash": {"mode": "sha256", "value": "VEGVHYv-CdEghEwYNcHYFQY0bRqHaRX4igNAoxfilgc"}, "path": "bears/general/CPDBear.py", "size": 5211}, {"hash": {"mode": "sha256", "value": "XdgSfhtnie1w4p_issrxXmmJkj1YQKvbTdLZsXvDZMw"}, "path": "bears/general/FilenameBear.py", "size": 2186}, {"hash": {"mode": "sha256", "value": "pgtzysUSIUe28Gm225Ylfp5Zype_7hiYbhh4VSisFrY"}, "path": "bears/general/IndentationBear.py", "size": 22844}, {"hash": {"mode": "sha256", "value": "b-6mNrFFEsYp5rwtM-d2eS5ooHFRizo0-J4xRikpme4"}, "path": "bears/general/InvalidLinkBear.py", "size": 8605}, {"hash": {"mode": "sha256", "value": "ik2n5vSPGS636Nl0wlfqPXoV1q_jQL5H99EpXir9bJY"}, "path": "bears/general/KeywordBear.py", "size": 5129}, {"hash": {"mode": "sha256", "value": "X8BqQZ2YuAG1WT6Mbj5szCW8J8zsvPAeh-tL7xlTb08"}, "path": "bears/general/LineCountBear.py", "size": 1107}, {"hash": {"mode": "sha256", "value": "YwtDN5ku0090O80pDendObwD1Y4c-NRoqictQ0W1u1s"}, "path": "bears/general/LineLengthBear.py", "size": 2121}, {"hash": {"mode": "sha256", "value": "wsw6p7ilWR7lvgGeU66HX2BJc1ho9moj5UBNiuN0nsE"}, "path": "bears/general/QuotesBear.py", "size": 3280}, {"hash": {"mode": "sha256", "value": "t1vAcEztrf9hxgOkvvecXcoCvwuC4pSzhfolyNyJZ9Y"}, "path": "bears/general/SpaceConsistencyBear.py", "size": 4210}, {"hash": {"mode": "sha256", "value": "4FIVV2iNkb_3p2AouHdN96ovkw9QXnOCEDiUtqkzK1c"}, "path": "bears/general/__init__.py", "size": 38}, {"hash": null, "path": "bears/general/__pycache__/AnnotationBear.cpython-37.pyc", "size": null}, {"hash": null, "path": "bears/general/__pycache__/CPDBear.cpython-37.pyc", "size": null}, {"hash": null, "path": "bears/general/__pycache__/FilenameBear.cpython-37.pyc", "size": null}, {"hash": null, "path": "bears/general/__pycache__/IndentationBear.cpython-37.pyc", "size": null}, {"hash": null, "path": "bears/general/__pycache__/InvalidLinkBear.cpython-37.pyc", "size": null}, {"hash": null, "path": "bears/general/__pycache__/KeywordBear.cpython-37.pyc", "size": null}, {"hash": null, "path": "bears/general/__pycache__/LineCountBear.cpython-37.pyc", "size": null}, {"hash": null, "path": "bears/general/__pycache__/LineLengthBear.cpython-37.pyc", "size": null}, {"hash": null, "path": "bears/general/__pycache__/QuotesBear.cpython-37.pyc", "size": null}, {"hash": null, "path": "bears/general/__pycache__/SpaceConsistencyBear.cpython-37.pyc", "size": null}, {"hash": null, "path": "bears/general/__pycache__/__init__.cpython-37.pyc", "size": null}, {"hash": null, "path": "bears/general/__pycache__/coalaBear.cpython-37.pyc", "size": null}, {"hash": {"mode": "sha256", "value": "DfjPbKLgdIeFN-O0kMvvvDvC9jPcAQJxF0_NiqYnEO0"}, "path": "bears/general/coalaBear.py", "size": 1229}, {"hash": {"mode": "sha256", "value": "Oakl1IaohhxwZDKFVPXl996b2-HlkacHDQvvO5r6bS0"}, "path": "bears/generate_package.py", "size": 6620}, {"hash": {"mode": "sha256", "value": "i3-cohEM_ZyyUp0uMagKPDNZ0Ml-DOF1-9a5D4RgDxY"}, "path": "bears/gettext/DennisBear.py", "size": 1583}, {"hash": {"mode": "sha256", "value": "47DEQpj8HBSa-_TImW-5JCeuQeRkm5NMpJWZG3hSuFU"}, "path": "bears/gettext/__init__.py", "size": 0}, {"hash": null, "path": "bears/gettext/__pycache__/DennisBear.cpython-37.pyc", "size": null}, {"hash": null, "path": "bears/gettext/__pycache__/__init__.cpython-37.pyc", "size": null}, {"hash": {"mode": "sha256", "value": "hsT4tQQ9YfwtIJ6sZmTIfa9F4op_PlxfQ2Tta1Ic_rY"}, "path": "bears/go/GoErrCheckBear.py", "size": 2453}, {"hash": {"mode": "sha256", "value": "oEArmFc03os3YMxIrvdsmUU8-YceSDCMorACMxDeoxg"}, "path": "bears/go/GoImportsBear.py", "size": 741}, {"hash": {"mode": "sha256", "value": "TBrq3tTIaHQYjEX0aApXBUbchhTWb6jGEKFkfjQoLAk"}, "path": "bears/go/GoLintBear.py", "size": 1045}, {"hash": {"mode": "sha256", "value": "o-PW7_B2nk9wvexZZjVturZY6gTqwFlzaP0u53EbWK4"}, "path": "bears/go/GoReturnsBear.py", "size": 743}, {"hash": {"mode": "sha256", "value": "Sh3xCT0H_NjcTdTUX7WiUFJ20ktgkDx9xYfe2oK3YkU"}, "path": "bears/go/GoTypeBear.py", "size": 867}, {"hash": {"mode": "sha256", "value": "zQmQQxn5oMUDaa3Qc9fzMh09XCVeQ03pK65lqO72vX4"}, "path": "bears/go/GoVetBear.py", "size": 1051}, {"hash": {"mode": "sha256", "value": "CrYv-U_MJYOU_q5UyZSPoucQC4ZPyilHTrDrtPR97JU"}, "path": "bears/go/GofmtBear.py", "size": 944}, {"hash": {"mode": "sha256", "value": "EUCMT3IHxLpyjH1CFM0atvnJpwOtNs2i9zCJPgXwY3k"}, "path": "bears/go/__init__.py", "size": 26}, {"hash": null, "path": "bears/go/__pycache__/GoErrCheckBear.cpython-37.pyc", "size": null}, {"hash": null, "path": "bears/go/__pycache__/GoImportsBear.cpython-37.pyc", "size": null}, {"hash": null, "path": "bears/go/__pycache__/GoLintBear.cpython-37.pyc", "size": null}, {"hash": null, "path": "bears/go/__pycache__/GoReturnsBear.cpython-37.pyc", "size": null}, {"hash": null, "path": "bears/go/__pycache__/GoTypeBear.cpython-37.pyc", "size": null}, {"hash": null, "path": "bears/go/__pycache__/GoVetBear.cpython-37.pyc", "size": null}, {"hash": null, "path": "bears/go/__pycache__/GofmtBear.cpython-37.pyc", "size": null}, {"hash": null, "path": "bears/go/__pycache__/__init__.cpython-37.pyc", "size": null}, {"hash": {"mode": "sha256", "value": "hyudPqNor_GURHFFmxkoylGS5P8O7FVbP2DRDMJtjYA"}, "path": "bears/haskell/GhcModBear.py", "size": 966}, {"hash": {"mode": "sha256", "value": "q1vTtYq9HYowA8AjOhr_vRszFu3ZdP3MzOk0jM5cinY"}, "path": "bears/haskell/HaskellLintBear.py", "size": 2264}, {"hash": {"mode": "sha256", "value": "47DEQpj8HBSa-_TImW-5JCeuQeRkm5NMpJWZG3hSuFU"}, "path": "bears/haskell/__init__.py", "size": 0}, {"hash": null, "path": "bears/haskell/__pycache__/GhcModBear.cpython-37.pyc", "size": null}, {"hash": null, "path": "bears/haskell/__pycache__/HaskellLintBear.cpython-37.pyc", "size": null}, {"hash": null, "path": "bears/haskell/__pycache__/__init__.cpython-37.pyc", "size": null}, {"hash": {"mode": "sha256", "value": "JQfDPDFYCGkFWZyCOY50qyVXGz4a5rsEukPT7_1bjns"}, "path": "bears/hypertext/BootLintBear.py", "size": 1414}, {"hash": {"mode": "sha256", "value": "IDmoKyFRBkTbcDWS-BmLSwrdTvrnCPYpEbWBlKZKNYE"}, "path": "bears/hypertext/HTMLLintBear.py", "size": 1215}, {"hash": {"mode": "sha256", "value": "47DEQpj8HBSa-_TImW-5JCeuQeRkm5NMpJWZG3hSuFU"}, "path": "bears/hypertext/__init__.py", "size": 0}, {"hash": null, "path": "bears/hypertext/__pycache__/BootLintBear.cpython-37.pyc", "size": null}, {"hash": null, "path": "bears/hypertext/__pycache__/HTMLLintBear.cpython-37.pyc", "size": null}, {"hash": null, "path": "bears/hypertext/__pycache__/__init__.cpython-37.pyc", "size": null}, {"hash": {"mode": "sha256", "value": "KKyiKwdh9G_iFh-_fyFf1Yf-xyoISeWjQmM9EemE2qI"}, "path": "bears/java/CheckstyleBear.py", "size": 3866}, {"hash": {"mode": "sha256", "value": "THW_OLFxv2cX0Dlf5Ii1cF0oUda7MEPjEN3RP3cWV6g"}, "path": "bears/java/InferBear.py", "size": 663}, {"hash": {"mode": "sha256", "value": "pc7WPS_jjnO9_iO5JCqXA_8yydE_2Xs5_TafpLT1oZI"}, "path": "bears/java/JavaPMDBear.py", "size": 4144}, {"hash": {"mode": "sha256", "value": "W2pLA5TY-LpE-O-Z-HPNmPQSZwUQbLm8R0il23n3Gg0"}, "path": "bears/java/__init__.py", "size": 37}, {"hash": null, "path": "bears/java/__pycache__/CheckstyleBear.cpython-37.pyc", "size": null}, {"hash": null, "path": "bears/java/__pycache__/InferBear.cpython-37.pyc", "size": null}, {"hash": null, "path": "bears/java/__pycache__/JavaPMDBear.cpython-37.pyc", "size": null}, {"hash": null, "path": "bears/java/__pycache__/__init__.cpython-37.pyc", "size": null}, {"hash": {"mode": "sha256", "value": "j-9ugs-nin8FtojJXi7HYSkySskjvb13U_WXlsMRbNo"}, "path": "bears/jinja2/Jinja2Bear.py", "size": 15024}, {"hash": {"mode": "sha256", "value": "47DEQpj8HBSa-_TImW-5JCeuQeRkm5NMpJWZG3hSuFU"}, "path": "bears/jinja2/__init__.py", "size": 0}, {"hash": null, "path": "bears/jinja2/__pycache__/Jinja2Bear.cpython-37.pyc", "size": null}, {"hash": null, "path": "bears/jinja2/__pycache__/__init__.cpython-37.pyc", "size": null}, {"hash": {"mode": "sha256", "value": "nQNhDbbwRpvZtUtLVIXTL0yu7-csgrcoqEV_mpmJ0f4"}, "path": "bears/js/ESLintBear.py", "size": 3071}, {"hash": {"mode": "sha256", "value": "SkXw3XbMraY6gWXJ0u14mS26p1Yy4I47BvU2FChoNKc"}, "path": "bears/js/HappinessLintBear.py", "size": 852}, {"hash": {"mode": "sha256", "value": "wJWL8vIclPLqZ04xBKrmE09Z8AzHu-Wgo9d11W06PA0"}, "path": "bears/js/JSComplexityBear.py", "size": 2267}, {"hash": {"mode": "sha256", "value": "6iBt73BmXpYG6tgzlblS2dGkO64Uby_XmgRKMU1p-Ro"}, "path": "bears/js/JSHintBear.py", "size": 20219}, {"hash": {"mode": "sha256", "value": "JnUWvntdm7SWQVaViyD3ibbVDcKNWY4Ri1t_G4nOgFM"}, "path": "bears/js/JSONFormatBear.py", "size": 2527}, {"hash": {"mode": "sha256", "value": "47DEQpj8HBSa-_TImW-5JCeuQeRkm5NMpJWZG3hSuFU"}, "path": "bears/js/__init__.py", "size": 0}, {"hash": null, "path": "bears/js/__pycache__/ESLintBear.cpython-37.pyc", "size": null}, {"hash": null, "path": "bears/js/__pycache__/HappinessLintBear.cpython-37.pyc", "size": null}, {"hash": null, "path": "bears/js/__pycache__/JSComplexityBear.cpython-37.pyc", "size": null}, {"hash": null, "path": "bears/js/__pycache__/JSHintBear.cpython-37.pyc", "size": null}, {"hash": null, "path": "bears/js/__pycache__/JSONFormatBear.cpython-37.pyc", "size": null}, {"hash": null, "path": "bears/js/__pycache__/__init__.cpython-37.pyc", "size": null}, {"hash": {"mode": "sha256", "value": "dvL9ifxKb6i5-FHnkZYzhhy1ehkln0JtbYqJPAtvdjg"}, "path": "bears/julia/JuliaLintBear.py", "size": 1758}, {"hash": {"mode": "sha256", "value": "47DEQpj8HBSa-_TImW-5JCeuQeRkm5NMpJWZG3hSuFU"}, "path": "bears/julia/__init__.py", "size": 0}, {"hash": null, "path": "bears/julia/__pycache__/JuliaLintBear.cpython-37.pyc", "size": null}, {"hash": null, "path": "bears/julia/__pycache__/__init__.cpython-37.pyc", "size": null}, {"hash": {"mode": "sha256", "value": "qgVDVBqI73oI_4gCdP2q0HuOUI4wF61Yu2w61Hv6reE"}, "path": "bears/latex/LatexLintBear.py", "size": 869}, {"hash": {"mode": "sha256", "value": "47DEQpj8HBSa-_TImW-5JCeuQeRkm5NMpJWZG3hSuFU"}, "path": "bears/latex/__init__.py", "size": 0}, {"hash": null, "path": "bears/latex/__pycache__/LatexLintBear.cpython-37.pyc", "size": null}, {"hash": null, "path": "bears/latex/__pycache__/__init__.cpython-37.pyc", "size": null}, {"hash": {"mode": "sha256", "value": "4FyLth73-KURvkCZVWuS8trb6P7C0doLkAwT_VMutd0"}, "path": "bears/lua/LuaLintBear.py", "size": 1008}, {"hash": {"mode": "sha256", "value": "47DEQpj8HBSa-_TImW-5JCeuQeRkm5NMpJWZG3hSuFU"}, "path": "bears/lua/__init__.py", "size": 0}, {"hash": null, "path": "bears/lua/__pycache__/LuaLintBear.cpython-37.pyc", "size": null}, {"hash": null, "path": "bears/lua/__pycache__/__init__.cpython-37.pyc", "size": null}, {"hash": {"mode": "sha256", "value": "oNXaKlLYcnrbeCBtx2wczw26ZaaW_A0DUGqmaZKG2zs"}, "path": "bears/markdown/MarkdownBear.py", "size": 6960}, {"hash": {"mode": "sha256", "value": "47DEQpj8HBSa-_TImW-5JCeuQeRkm5NMpJWZG3hSuFU"}, "path": "bears/markdown/__init__.py", "size": 0}, {"hash": null, "path": "bears/markdown/__pycache__/MarkdownBear.cpython-37.pyc", "size": null}, {"hash": null, "path": "bears/markdown/__pycache__/__init__.cpython-37.pyc", "size": null}, {"hash": {"mode": "sha256", "value": "5xKGXRPRDatZAEfmxkRm9AJaeJzulhtLZ5jsVLfmVLw"}, "path": "bears/matlab/MatlabIndentationBear.py", "size": 2520}, {"hash": {"mode": "sha256", "value": "47DEQpj8HBSa-_TImW-5JCeuQeRkm5NMpJWZG3hSuFU"}, "path": "bears/matlab/__init__.py", "size": 0}, {"hash": null, "path": "bears/matlab/__pycache__/MatlabIndentationBear.cpython-37.pyc", "size": null}, {"hash": null, "path": "bears/matlab/__pycache__/__init__.cpython-37.pyc", "size": null}, {"hash": {"mode": "sha256", "value": "16Xr-vXbUG4mCd7X5xGUm3NSDCDpMEmnC_nA5gCtQu0"}, "path": "bears/natural_language/AlexBear.py", "size": 2069}, {"hash": {"mode": "sha256", "value": "NjRh-Sy4DLPCIhQax_yCtD12Px8LOCb3DEcOMEw2vRo"}, "path": "bears/natural_language/LanguageToolBear.py", "size": 3352}, {"hash": {"mode": "sha256", "value": "AB_p2Cvao4h-rN2BO5-5aefwTXElmpguTeAFCFloGWE"}, "path": "bears/natural_language/ProseLintBear.py", "size": 813}, {"hash": {"mode": "sha256", "value": "cJtTIxGH24VNHP6Y9tYveI1o7q1i4ByzpSXS2PGzjvY"}, "path": "bears/natural_language/SpellCheckBear.py", "size": 1292}, {"hash": {"mode": "sha256", "value": "McEh0d2DhfxxnVh1Wl1MFVoMDcf08M0JguUh2QcVuTY"}, "path": "bears/natural_language/WriteGoodLintBear.py", "size": 3750}, {"hash": {"mode": "sha256", "value": "47DEQpj8HBSa-_TImW-5JCeuQeRkm5NMpJWZG3hSuFU"}, "path": "bears/natural_language/__init__.py", "size": 0}, {"hash": null, "path": "bears/natural_language/__pycache__/AlexBear.cpython-37.pyc", "size": null}, {"hash": null, "path": "bears/natural_language/__pycache__/LanguageToolBear.cpython-37.pyc", "size": null}, {"hash": null, "path": "bears/natural_language/__pycache__/ProseLintBear.cpython-37.pyc", "size": null}, {"hash": null, "path": "bears/natural_language/__pycache__/SpellCheckBear.cpython-37.pyc", "size": null}, {"hash": null, "path": "bears/natural_language/__pycache__/WriteGoodLintBear.cpython-37.pyc", "size": null}, {"hash": null, "path": "bears/natural_language/__pycache__/__init__.cpython-37.pyc", "size": null}, {"hash": {"mode": "sha256", "value": "A4B4VCaQh7pCQXH2CWudpOhrvyYQieHWuXVn3iefRJY"}, "path": "bears/perl/PerlCriticBear.py", "size": 1746}, {"hash": {"mode": "sha256", "value": "47DEQpj8HBSa-_TImW-5JCeuQeRkm5NMpJWZG3hSuFU"}, "path": "bears/perl/__init__.py", "size": 0}, {"hash": null, "path": "bears/perl/__pycache__/PerlCriticBear.cpython-37.pyc", "size": null}, {"hash": null, "path": "bears/perl/__pycache__/__init__.cpython-37.pyc", "size": null}, {"hash": {"mode": "sha256", "value": "ThFydOxwM5COa3fJwiSMABWZuaGlKfS5lJUdUs1s44I"}, "path": "bears/php/PHPCodeSnifferBear.py", "size": 7022}, {"hash": {"mode": "sha256", "value": "kGtgfV7vIT_MLKFBJtwBXuh3e2I3Rk8OLCpmg_1CM0Q"}, "path": "bears/php/PHPLintBear.py", "size": 867}, {"hash": {"mode": "sha256", "value": "47DEQpj8HBSa-_TImW-5JCeuQeRkm5NMpJWZG3hSuFU"}, "path": "bears/php/__init__.py", "size": 0}, {"hash": null, "path": "bears/php/__pycache__/PHPCodeSnifferBear.cpython-37.pyc", "size": null}, {"hash": null, "path": "bears/php/__pycache__/PHPLintBear.cpython-37.pyc", "size": null}, {"hash": null, "path": "bears/php/__pycache__/__init__.cpython-37.pyc", "size": null}, {"hash": {"mode": "sha256", "value": "1Vm4CpSZJkEBMeXjnOewIj_Ore4QLujmRWvfTQG0PSE"}, "path": "bears/python/BanditBear.py", "size": 2394}, {"hash": {"mode": "sha256", "value": "rg3C0Ps9OUxkixdKwKNi_ABRftIMVMsvEHuNKHh3aqI"}, "path": "bears/python/MypyBear.py", "size": 5036}, {"hash": {"mode": "sha256", "value": "4NLhAohaDPyjMsHiR5Z8IJYdrNoS5DrYLHSQIDYh8K0"}, "path": "bears/python/PEP8Bear.py", "size": 2294}, {"hash": {"mode": "sha256", "value": "JWjq-EVNeBWxC-pRl60r5PRdjEVRwf3gr1NQBJJfGpk"}, "path": "bears/python/PEP8NotebookBear.py", "size": 4913}, {"hash": {"mode": "sha256", "value": "MCe2yXqYgAdqi43KKVJnPNJ_C5JKigJxcBm4di7rY3g"}, "path": "bears/python/PyCommentedCodeBear.py", "size": 1006}, {"hash": {"mode": "sha256", "value": "FsZnAf9rNsEEFXON6ZtUeM8496VH51yIOq02b_r6q6A"}, "path": "bears/python/PyDocStyleBear.py", "size": 1821}, {"hash": {"mode": "sha256", "value": "zKl5JD5bjayH9JK0sdIt3Fz1qtbXhAy253y8FV4AjPs"}, "path": "bears/python/PyFlakesBear.py", "size": 1050}, {"hash": {"mode": "sha256", "value": "D9xRIHOVNyuH1j4XplZtKUfit7XzBaLazOLS3F10fCc"}, "path": "bears/python/PyImportSortBear.py", "size": 9508}, {"hash": {"mode": "sha256", "value": "Ceuuv-cMXGtGVBUpRYgjhq2kP3NcjiGA-0wqbAYVnt0"}, "path": "bears/python/PyLintBear.py", "size": 2555}, {"hash": {"mode": "sha256", "value": "Bt4_H17g92owe2_m-jQzTJiteOZTCw3PhPeR239O6yM"}, "path": "bears/python/PyUnusedCodeBear.py", "size": 1470}, {"hash": {"mode": "sha256", "value": "VdIdUopal2qute7n7vHIMBH300pEvBcWkta4PwG_K34"}, "path": "bears/python/PycodestyleBear.py", "size": 1767}, {"hash": {"mode": "sha256", "value": "KKj2rfpexd_Cfdg3ohWn5lqtRqdm6UOzy5rI0FvyLGk"}, "path": "bears/python/PyromaBear.py", "size": 1634}, {"hash": {"mode": "sha256", "value": "29y7qzxYLhbiFrmlKXsWX2d_3rR166ZeWBfuQn_MHpQ"}, "path": "bears/python/PythonPackageInitBear.py", "size": 1039}, {"hash": {"mode": "sha256", "value": "QLQcsgElilwF43q21XEs5GABG2Vyl868u73qK6E1Tws"}, "path": "bears/python/RadonBear.py", "size": 2288}, {"hash": {"mode": "sha256", "value": "rD74AcCEALi_UrJ9q9PWwpyQ_qG6b-8r_Eskt6asSa0"}, "path": "bears/python/VultureBear.py", "size": 1653}, {"hash": {"mode": "sha256", "value": "eZ43a0B51QHI1oAHZ9d6XLp3-6JM5m41SGD8ar0_O8Q"}, "path": "bears/python/YapfBear.py", "size": 7698}, {"hash": {"mode": "sha256", "value": "47DEQpj8HBSa-_TImW-5JCeuQeRkm5NMpJWZG3hSuFU"}, "path": "bears/python/__init__.py", "size": 0}, {"hash": null, "path": "bears/python/__pycache__/BanditBear.cpython-37.pyc", "size": null}, {"hash": null, "path": "bears/python/__pycache__/MypyBear.cpython-37.pyc", "size": null}, {"hash": null, "path": "bears/python/__pycache__/PEP8Bear.cpython-37.pyc", "size": null}, {"hash": null, "path": "bears/python/__pycache__/PEP8NotebookBear.cpython-37.pyc", "size": null}, {"hash": null, "path": "bears/python/__pycache__/PyCommentedCodeBear.cpython-37.pyc", "size": null}, {"hash": null, "path": "bears/python/__pycache__/PyDocStyleBear.cpython-37.pyc", "size": null}, {"hash": null, "path": "bears/python/__pycache__/PyFlakesBear.cpython-37.pyc", "size": null}, {"hash": null, "path": "bears/python/__pycache__/PyImportSortBear.cpython-37.pyc", "size": null}, {"hash": null, "path": "bears/python/__pycache__/PyLintBear.cpython-37.pyc", "size": null}, {"hash": null, "path": "bears/python/__pycache__/PyUnusedCodeBear.cpython-37.pyc", "size": null}, {"hash": null, "path": "bears/python/__pycache__/PycodestyleBear.cpython-37.pyc", "size": null}, {"hash": null, "path": "bears/python/__pycache__/PyromaBear.cpython-37.pyc", "size": null}, {"hash": null, "path": "bears/python/__pycache__/PythonPackageInitBear.cpython-37.pyc", "size": null}, {"hash": null, "path": "bears/python/__pycache__/RadonBear.cpython-37.pyc", "size": null}, {"hash": null, "path": "bears/python/__pycache__/VultureBear.cpython-37.pyc", "size": null}, {"hash": null, "path": "bears/python/__pycache__/YapfBear.cpython-37.pyc", "size": null}, {"hash": null, "path": "bears/python/__pycache__/__init__.cpython-37.pyc", "size": null}, {"hash": {"mode": "sha256", "value": "ppAH2SY2XOJp-pPhytqGdNYS6_LMge1ezN1AkXUtA1g"}, "path": "bears/python/requirements/PinRequirementsBear.py", "size": 1232}, {"hash": {"mode": "sha256", "value": "1__H6oLZk15Og8l1fRtRtkktMfcs6CFKrFDHGPkR48U"}, "path": "bears/python/requirements/PySafetyBear.py", "size": 3252}, {"hash": {"mode": "sha256", "value": "47DEQpj8HBSa-_TImW-5JCeuQeRkm5NMpJWZG3hSuFU"}, "path": "bears/python/requirements/__init__.py", "size": 0}, {"hash": null, "path": "bears/python/requirements/__pycache__/PinRequirementsBear.cpython-37.pyc", "size": null}, {"hash": null, "path": "bears/python/requirements/__pycache__/PySafetyBear.cpython-37.pyc", "size": null}, {"hash": null, "path": "bears/python/requirements/__pycache__/__init__.cpython-37.pyc", "size": null}, {"hash": {"mode": "sha256", "value": "9JOh4X4CGLebVRgMUKQYbtCHrssIv2UTt552IY1-YIg"}, "path": "bears/r/FormatRBear.py", "size": 3447}, {"hash": {"mode": "sha256", "value": "3wAR3buDx4uIK4hNCD3rFJtLDYmlgvQOcE-wmnhPdIk"}, "path": "bears/r/RLintBear.py", "size": 1332}, {"hash": {"mode": "sha256", "value": "47DEQpj8HBSa-_TImW-5JCeuQeRkm5NMpJWZG3hSuFU"}, "path": "bears/r/__init__.py", "size": 0}, {"hash": null, "path": "bears/r/__pycache__/FormatRBear.cpython-37.pyc", "size": null}, {"hash": null, "path": "bears/r/__pycache__/RLintBear.cpython-37.pyc", "size": null}, {"hash": null, "path": "bears/r/__pycache__/__init__.cpython-37.pyc", "size": null}, {"hash": {"mode": "sha256", "value": "MXIDp6lqwQx1-NPngDmYeoSVMG3fi4Q7nK38FSRAk84"}, "path": "bears/rest/RSTcheckBear.py", "size": 1780}, {"hash": {"mode": "sha256", "value": "47DEQpj8HBSa-_TImW-5JCeuQeRkm5NMpJWZG3hSuFU"}, "path": "bears/rest/__init__.py", "size": 0}, {"hash": null, "path": "bears/rest/__pycache__/RSTcheckBear.cpython-37.pyc", "size": null}, {"hash": null, "path": "bears/rest/__pycache__/__init__.cpython-37.pyc", "size": null}, {"hash": null, "path": "bears/rest/__pycache__/reSTLintBear.cpython-37.pyc", "size": null}, {"hash": {"mode": "sha256", "value": "_RamVDUqW05bjIbhaSq4cl4FObjKtdc-Vs6QblS7DVY"}, "path": "bears/rest/reSTLintBear.py", "size": 1264}, {"hash": {"mode": "sha256", "value": "oy18ODkwIlrbVKeMTpvzx0XXiO5EB3MMnxZup2BRqis"}, "path": "bears/ruby/RuboCopBear.py", "size": 12216}, {"hash": {"mode": "sha256", "value": "BAtzMvWZsAFIHqIGN6X-Ae5BblmVLODCJalfEeXE4gY"}, "path": "bears/ruby/RubySmellBear.py", "size": 8585}, {"hash": {"mode": "sha256", "value": "XoDeySmH7-55PtpbVocRHDhQi1_aPPG5dg9xKlZ7IkE"}, "path": "bears/ruby/RubySyntaxBear.py", "size": 848}, {"hash": {"mode": "sha256", "value": "47DEQpj8HBSa-_TImW-5JCeuQeRkm5NMpJWZG3hSuFU"}, "path": "bears/ruby/__init__.py", "size": 0}, {"hash": null, "path": "bears/ruby/__pycache__/RuboCopBear.cpython-37.pyc", "size": null}, {"hash": null, "path": "bears/ruby/__pycache__/RubySmellBear.cpython-37.pyc", "size": null}, {"hash": null, "path": "bears/ruby/__pycache__/RubySyntaxBear.cpython-37.pyc", "size": null}, {"hash": null, "path": "bears/ruby/__pycache__/__init__.cpython-37.pyc", "size": null}, {"hash": {"mode": "sha256", "value": "MPypa2AdOkjW3Ey-Y6q4blfuUB4ACXRLj1mLT7uq3hw"}, "path": "bears/scala/ScalaLintBear.py", "size": 1428}, {"hash": {"mode": "sha256", "value": "47DEQpj8HBSa-_TImW-5JCeuQeRkm5NMpJWZG3hSuFU"}, "path": "bears/scala/__init__.py", "size": 0}, {"hash": null, "path": "bears/scala/__pycache__/ScalaLintBear.cpython-37.pyc", "size": null}, {"hash": null, "path": "bears/scala/__pycache__/__init__.cpython-37.pyc", "size": null}, {"hash": {"mode": "sha256", "value": "UoiPmgRXIZGdMcwtRM-CtwUTSaJLLZm9_bWaLkkkg_k"}, "path": "bears/scala/scalastyle_config.xml", "size": 225}, {"hash": {"mode": "sha256", "value": "id2qaBVxTNhfj4POACzXTR3JqUsO14YLXIHAd_7hEA0"}, "path": "bears/scss/SCSSLintBear.py", "size": 16994}, {"hash": {"mode": "sha256", "value": "47DEQpj8HBSa-_TImW-5JCeuQeRkm5NMpJWZG3hSuFU"}, "path": "bears/scss/__init__.py", "size": 0}, {"hash": null, "path": "bears/scss/__pycache__/SCSSLintBear.cpython-37.pyc", "size": null}, {"hash": null, "path": "bears/scss/__pycache__/__init__.cpython-37.pyc", "size": null}, {"hash": {"mode": "sha256", "value": "Fjzl31WTu-ZlZ5XIxPGad5LbohH2MQg5tyhRS9A-loM"}, "path": "bears/shell/ShellCheckBear.py", "size": 1020}, {"hash": {"mode": "sha256", "value": "47DEQpj8HBSa-_TImW-5JCeuQeRkm5NMpJWZG3hSuFU"}, "path": "bears/shell/__init__.py", "size": 0}, {"hash": null, "path": "bears/shell/__pycache__/ShellCheckBear.cpython-37.pyc", "size": null}, {"hash": null, "path": "bears/shell/__pycache__/__init__.cpython-37.pyc", "size": null}, {"hash": {"mode": "sha256", "value": "9z8ipFM0Q2O0o3I_rhH7xbJ3NK7OO4Y41AH65jyBitw"}, "path": "bears/sql/SQLintBear.py", "size": 858}, {"hash": {"mode": "sha256", "value": "47DEQpj8HBSa-_TImW-5JCeuQeRkm5NMpJWZG3hSuFU"}, "path": "bears/sql/__init__.py", "size": 0}, {"hash": null, "path": "bears/sql/__pycache__/SQLintBear.cpython-37.pyc", "size": null}, {"hash": null, "path": "bears/sql/__pycache__/__init__.cpython-37.pyc", "size": null}, {"hash": {"mode": "sha256", "value": "nDPG8IPunBdVwRoYQxIrj1w34qJ2wTCONHfpdnKwcxI"}, "path": "bears/swift/TailorBear.py", "size": 3730}, {"hash": {"mode": "sha256", "value": "47DEQpj8HBSa-_TImW-5JCeuQeRkm5NMpJWZG3hSuFU"}, "path": "bears/swift/__init__.py", "size": 0}, {"hash": null, "path": "bears/swift/__pycache__/TailorBear.cpython-37.pyc", "size": null}, {"hash": null, "path": "bears/swift/__pycache__/__init__.cpython-37.pyc", "size": null}, {"hash": {"mode": "sha256", "value": "rm8WbAuUNT6I2u6n-59VILMyGsl2JEiQgxrO1KoO8sc"}, "path": "bears/typescript/TSLintBear.py", "size": 1984}, {"hash": {"mode": "sha256", "value": "47DEQpj8HBSa-_TImW-5JCeuQeRkm5NMpJWZG3hSuFU"}, "path": "bears/typescript/__init__.py", "size": 0}, {"hash": null, "path": "bears/typescript/__pycache__/TSLintBear.cpython-37.pyc", "size": null}, {"hash": null, "path": "bears/typescript/__pycache__/__init__.cpython-37.pyc", "size": null}, {"hash": {"mode": "sha256", "value": "47DEQpj8HBSa-_TImW-5JCeuQeRkm5NMpJWZG3hSuFU"}, "path": "bears/vcs/__init__.py", "size": 0}, {"hash": null, "path": "bears/vcs/__pycache__/__init__.cpython-37.pyc", "size": null}, {"hash": {"mode": "sha256", "value": "QxRWhiPXIDHHYj83DCvqLmIrUsFDDXVDkN2rD5fmAUg"}, "path": "bears/vcs/git/GitCommitBear.py", "size": 14646}, {"hash": {"mode": "sha256", "value": "47DEQpj8HBSa-_TImW-5JCeuQeRkm5NMpJWZG3hSuFU"}, "path": "bears/vcs/git/__init__.py", "size": 0}, {"hash": null, "path": "bears/vcs/git/__pycache__/GitCommitBear.cpython-37.pyc", "size": null}, {"hash": null, "path": "bears/vcs/git/__pycache__/__init__.cpython-37.pyc", "size": null}, {"hash": {"mode": "sha256", "value": "AAb3IO2Jul2X_L5KdmvnWBfLOs_Vxbm8TBaAjN87OHg"}, "path": "bears/verilog/VerilogLintBear.py", "size": 1483}, {"hash": {"mode": "sha256", "value": "47DEQpj8HBSa-_TImW-5JCeuQeRkm5NMpJWZG3hSuFU"}, "path": "bears/verilog/__init__.py", "size": 0}, {"hash": null, "path": "bears/verilog/__pycache__/VerilogLintBear.cpython-37.pyc", "size": null}, {"hash": null, "path": "bears/verilog/__pycache__/__init__.cpython-37.pyc", "size": null}, {"hash": {"mode": "sha256", "value": "zVGfhfjnG6xE6dVCgblJLRwAmydOTU1tMdhIZpiMpcg"}, "path": "bears/vhdl/VHDLLintBear.py", "size": 1876}, {"hash": {"mode": "sha256", "value": "47DEQpj8HBSa-_TImW-5JCeuQeRkm5NMpJWZG3hSuFU"}, "path": "bears/vhdl/__init__.py", "size": 0}, {"hash": null, "path": "bears/vhdl/__pycache__/VHDLLintBear.cpython-37.pyc", "size": null}, {"hash": null, "path": "bears/vhdl/__pycache__/__init__.cpython-37.pyc", "size": null}, {"hash": {"mode": "sha256", "value": "jommfruu9UPoRTckT-g_7_SeDKHDCkmd7oLIfMfoGPI"}, "path": "bears/vimscript/VintBear.py", "size": 747}, {"hash": {"mode": "sha256", "value": "47DEQpj8HBSa-_TImW-5JCeuQeRkm5NMpJWZG3hSuFU"}, "path": "bears/vimscript/__init__.py", "size": 0}, {"hash": null, "path": "bears/vimscript/__pycache__/VintBear.cpython-37.pyc", "size": null}, {"hash": null, "path": "bears/vimscript/__pycache__/__init__.cpython-37.pyc", "size": null}, {"hash": {"mode": "sha256", "value": "uKH6zjQekjXMKnMYpLBaeR1As9uSvFdRYozjbBnI6Uc"}, "path": "bears/xml2/XMLBear.py", "size": 2476}, {"hash": {"mode": "sha256", "value": "47DEQpj8HBSa-_TImW-5JCeuQeRkm5NMpJWZG3hSuFU"}, "path": "bears/xml2/__init__.py", "size": 0}, {"hash": null, "path": "bears/xml2/__pycache__/XMLBear.cpython-37.pyc", "size": null}, {"hash": null, "path": "bears/xml2/__pycache__/__init__.cpython-37.pyc", "size": null}, {"hash": {"mode": "sha256", "value": "QQC6klQMCi7mMdvlIoXS8BWpB6N3u07N1fuI9VN3ECA"}, "path": "bears/yml/RAMLLintBear.py", "size": 956}, {"hash": {"mode": "sha256", "value": "bXOQ5f9ZZ3Qa7Z4KojOBG1nvlbzZ4gk4xkfmCnNW0Vg"}, "path": "bears/yml/YAMLLintBear.py", "size": 1798}, {"hash": {"mode": "sha256", "value": "47DEQpj8HBSa-_TImW-5JCeuQeRkm5NMpJWZG3hSuFU"}, "path": "bears/yml/__init__.py", "size": 0}, {"hash": null, "path": "bears/yml/__pycache__/RAMLLintBear.cpython-37.pyc", "size": null}, {"hash": null, "path": "bears/yml/__pycache__/YAMLLintBear.cpython-37.pyc", "size": null}, {"hash": null, "path": "bears/yml/__pycache__/__init__.cpython-37.pyc", "size": null}, {"hash": {"mode": "sha256", "value": "rarim2tA8NQX5upllCnmFsuA6THkp5E2gg80UoBnDlU"}, "path": "coala_bears-0.10.0.dev20170206045121.dist-info/DESCRIPTION.rst", "size": 7676}, {"hash": {"mode": "sha256", "value": "zuuue4knoyJ-UwPPXg8fezS7VCrXJQrAP7zeNuwvFQg"}, "path": "coala_bears-0.10.0.dev20170206045121.dist-info/INSTALLER", "size": 4}, {"hash": {"mode": "sha256", "value": "OEOVfMazULUX5KKklaNO3GxjoQC3ZLX6qw-T-cLCfuc"}, "path": "coala_bears-0.10.0.dev20170206045121.dist-info/METADATA", "size": 11778}, {"hash": null, "path": "coala_bears-0.10.0.dev20170206045121.dist-info/RECORD", "size": null}, {"hash": {"mode": "sha256", "value": "9Qw-i3pmyJGZFrRk6jX-C8Eas-BIzXdq-WID9m4yt7E"}, "path": "coala_bears-0.10.0.dev20170206045121.dist-info/WHEEL", "size": 131}, {"hash": {"mode": "sha256", "value": "kckkOquCWbkNw3Aeb1fwNycv7lpMRmM-WlQWhfa5T9U"}, "path": "coala_bears-0.10.0.dev20170206045121.dist-info/entry_points.txt", "size": 43}, {"hash": {"mode": "sha256", "value": "3i1Uw3RKjor7tnOGdglasbaHR1S2_TpFlQr1UBLDCuw"}, "path": "coala_bears-0.10.0.dev20170206045121.dist-info/metadata.json", "size": 3091}, {"hash": {"mode": "sha256", "value": "N0s9QNtAtuP5WbTVWWATloL2cSgFz2CoS4Bj-Hf4BuM"}, "path": "coala_bears-0.10.0.dev20170206045121.dist-info/top_level.txt", "size": 6}], "metadata": {"Author": "Lasse Schuirmann, Fabian Neuschmidt, Mischa Kr\u00fcger", "Author-email": "lasse.schuirmann@gmail.com, fabian@neuschmidt.de, makman@alice.de", "Classifier": ["Development Status :: 4 - Beta", "Environment :: Plugins", "Environment :: MacOS X", "Environment :: Win32 (MS Windows)", "Environment :: X11 Applications :: Gnome", "Intended Audience :: Science/Research", "Intended Audience :: Developers", "License :: OSI Approved :: GNU Affero General Public License v3 or later (AGPLv3+)", "Operating System :: OS Independent", "Programming Language :: Python :: Implementation :: CPython", "Programming Language :: Python :: 3.4", "Programming Language :: Python :: 3.5", "Programming Language :: Python :: 3 :: Only", "Topic :: Scientific/Engineering :: Information Analysis", "Topic :: Software Development :: Quality Assurance", "Topic :: Text Processing :: Linguistic"], "Home-page": "http://coala.rtfd.org/", "License": "AGPL-3.0", "Metadata-Version": "2.0", "Name": "coala-bears", "Platform": ["any"], "Provides-Extra": ["alldeps"], "Requires-Dist": ["autoflake (~=0.6.6)", "autopep8 (~=1.2)", "bandit (~=1.2)", "click (==6.6)", "cmakelint (~=1.3)", "coala (>=0.10.0.dev20170202144131)", "cppclean (~=0.12.0)", "cpplint (~=1.3)", "dennis (~=0.8)", "eradicate (~=0.1.6)", "guess-language-spirit (~=0.5.2)", "html-linter (~=0.3.0)", "isort (~=4.2)", "munkres3 (~=1.0)", "mypy-lang (~=0.4.6)", "nbformat (~=4.1)", "nltk (~=3.2)", "proselint (~=0.7.0)", "pycodestyle (~=2.2)", "pydocstyle (~=1.1)", "pyflakes (~=1.4.0)", "pylint (~=1.6)", "pyroma (~=2.2.0)", "pyyaml (~=3.12)", "radon (==1.4.0)", "restructuredtext-lint (~=0.17.2)", "rstcheck (~=2.2)", "safety (~=0.5.1)", "scspell3k (~=2.0)", "vim-vint (~=0.3.10)", "vulture (~=0.10.0)", "yamllint (~=1.5)", "yapf (~=0.14.0)", "autoflake (~=0.6.6); extra == 'alldeps'", "autopep8 (~=1.2); extra == 'alldeps'", "bandit (~=1.2); extra == 'alldeps'", "click (==6.6); extra == 'alldeps'", "cmakelint (~=1.3); extra == 'alldeps'", "cppclean (~=0.12.0); extra == 'alldeps'", "cpplint (~=1.3); extra == 'alldeps'", "dennis (~=0.8); extra == 'alldeps'", "eradicate (~=0.1.6); extra == 'alldeps'", "guess-language-spirit (~=0.5.2); extra == 'alldeps'", "html-linter (~=0.3.0); extra == 'alldeps'", "isort (~=4.2); extra == 'alldeps'", "language-check (~=0.8); extra == 'alldeps'", "munkres3 (~=1.0); extra == 'alldeps'", "mypy-lang (~=0.4.6); extra == 'alldeps'", "nbformat (~=4.1); extra == 'alldeps'", "nltk (~=3.2); extra == 'alldeps'", "proselint (~=0.7.0); extra == 'alldeps'", "pycodestyle (~=2.2); extra == 'alldeps'", "pydocstyle (~=1.1); extra == 'alldeps'", "pyflakes (~=1.4.0); extra == 'alldeps'", "pylint (~=1.6); extra == 'alldeps'", "pyroma (~=2.2.0); extra == 'alldeps'", "pyyaml (~=3.12); extra == 'alldeps'", "radon (==1.4.0); extra == 'alldeps'", "restructuredtext-lint (~=0.17.2); extra == 'alldeps'", "rstcheck (~=2.2); extra == 'alldeps'", "safety (~=0.5.1); extra == 'alldeps'", "scspell3k (~=2.0); extra == 'alldeps'", "vim-vint (~=0.3.10); extra == 'alldeps'", "vulture (~=0.10.0); extra == 'alldeps'", "yamllint (~=1.5); extra == 'alldeps'", "yapf (~=0.14.0); extra == 'alldeps'"], "Summary": "Bears for coala (Code Analysis Application)", "Version": "0.10.0.dev20170206045121"}, "requires": ["autoflake (~=0.6.6)", "autopep8 (~=1.2)", "bandit (~=1.2)", "click (==6.6)", "cmakelint (~=1.3)", "coala (>=0.10.0.dev20170202144131)", "cppclean (~=0.12.0)", "cpplint (~=1.3)", "dennis (~=0.8)", "eradicate (~=0.1.6)", "guess-language-spirit (~=0.5.2)", "html-linter (~=0.3.0)", "isort (~=4.2)", "munkres3 (~=1.0)", "mypy-lang (~=0.4.6)", "nbformat (~=4.1)", "nltk (~=3.2)", "proselint (~=0.7.0)", "pycodestyle (~=2.2)", "pydocstyle (~=1.1)", "pyflakes (~=1.4.0)", "pylint (~=1.6)", "pyroma (~=2.2.0)", "pyyaml (~=3.12)", "radon (==1.4.0)", "restructuredtext-lint (~=0.17.2)", "rstcheck (~=2.2)", "safety (~=0.5.1)", "scspell3k (~=2.0)", "vim-vint (~=0.3.10)", "vulture (~=0.10.0)", "yamllint (~=1.5)", "yapf (~=0.14.0)", "autoflake (~=0.6.6); extra == 'alldeps'", "autopep8 (~=1.2); extra == 'alldeps'", "bandit (~=1.2); extra == 'alldeps'", "click (==6.6); extra == 'alldeps'", "cmakelint (~=1.3); extra == 'alldeps'", "cppclean (~=0.12.0); extra == 'alldeps'", "cpplint (~=1.3); extra == 'alldeps'", "dennis (~=0.8); extra == 'alldeps'", "eradicate (~=0.1.6); extra == 'alldeps'", "guess-language-spirit (~=0.5.2); extra == 'alldeps'", "html-linter (~=0.3.0); extra == 'alldeps'", "isort (~=4.2); extra == 'alldeps'", "language-check (~=0.8); extra == 'alldeps'", "munkres3 (~=1.0); extra == 'alldeps'", "mypy-lang (~=0.4.6); extra == 'alldeps'", "nbformat (~=4.1); extra == 'alldeps'", "nltk (~=3.2); extra == 'alldeps'", "proselint (~=0.7.0); extra == 'alldeps'", "pycodestyle (~=2.2); extra == 'alldeps'", "pydocstyle (~=1.1); extra == 'alldeps'", "pyflakes (~=1.4.0); extra == 'alldeps'", "pylint (~=1.6); extra == 'alldeps'", "pyroma (~=2.2.0); extra == 'alldeps'", "pyyaml (~=3.12); extra == 'alldeps'", "radon (==1.4.0); extra == 'alldeps'", "restructuredtext-lint (~=0.17.2); extra == 'alldeps'", "rstcheck (~=2.2); extra == 'alldeps'", "safety (~=0.5.1); extra == 'alldeps'", "scspell3k (~=2.0); extra == 'alldeps'", "vim-vint (~=0.3.10); extra == 'alldeps'", "vulture (~=0.10.0); extra == 'alldeps'", "yamllint (~=1.5); extra == 'alldeps'", "yapf (~=0.14.0); extra == 'alldeps'"], "version": "0.10.0.dev20170206045121"}, "index_url": "https://pypi.org/simple", "package_name": "coala-bears", "package_version": "0.10.0.dev20170206045121", "package_version_requested": "0.10.0.dev20170206045121", "sha256": ["041a83dc938f89b73892d0957199823520c8027e940dcdceeb62352b2ac445b4", "2383695a136042b2f0c51341fdec35ce7fb898563419b021424bacd395ebae50"]}], "unparsed": [], "unresolved": []}}