{"metadata": {"analyzer": "thoth-solver", "analyzer_version": "1.4.1", "arguments": {"python": {"exclude_packages": null, "index": "https://pypi.org/simple", "no_pretty": false, "no_transitive": true, "output": "http://result-api/api/v1/solver-result", "requirements": "django-dirtyfields==0.5", "virtualenv": "/home/solver/venv"}, "thoth-solver": {"verbose": false}}, "datetime": "2019-12-27T16:42:23.757188", "distribution": {"codename": "", "id": "fedora", "like": "", "version": "31", "version_parts": {"build_number": "", "major": "31", "minor": ""}}, "document_id": "solver-fedora-31-py37-03f89e0d", "duration": 3, "hostname": "solver-fedora-31-py37-03f89e0d-9lg8g", "os_release": {"id": "fedora", "name": "Fedora", "platform_id": "platform:f31", "redhat_bugzilla_product": "Fedora", "redhat_bugzilla_product_version": "31", "redhat_support_product": "Fedora", "redhat_support_product_version": "31", "variant_id": "container", "version": "31 (Container Image)", "version_id": "31"}, "python": {"api_version": 1013, "implementation_name": "cpython", "major": 3, "micro": 5, "minor": 7, "releaselevel": "final", "serial": 0}, "thoth_deployment_name": "thoth-psi-stage", "timestamp": 1577464943}, "result": {"environment": {"implementation_name": "cpython", "implementation_version": "3.7.5", "os_name": "posix", "platform_machine": "x86_64", "platform_python_implementation": "CPython", "platform_release": "3.10.0-957.21.2.el7.x86_64", "platform_system": "Linux", "platform_version": "#1 SMP Tue May 28 09:26:43 UTC 2019", "python_full_version": "3.7.5", "python_version": "3.7", "sys_platform": "linux"}, "environment_packages": [{"package_name": "pipdeptree", "package_version": "0.13.2"}], "errors": [], "tree": [{"dependencies": [{"extra": [], "extras": [], "marker": null, "marker_evaluated": null, "marker_evaluation_error": null, "marker_evaluation_result": true, "normalized_package_name": "django", "package_name": "Django", "resolved_versions": [{"index": "https://pypi.org/simple", "versions": ["1.10", "1.10.1", "1.10.2", "1.10.3", "1.10.4", "1.10.5", "1.10.6", "1.10.7", "1.10.8", "1.11", "1.11.1", "1.11.10", "1.11.11", "1.11.12", "1.11.13", "1.11.14", "1.11.15", "1.11.16", "1.11.17", "1.11.18", "1.11.2", "1.11.20", "1.11.21", "1.11.22", "1.11.23", "1.11.24", "1.11.25", "1.11.26", "1.11.27", "1.11.3", "1.11.4", "1.11.5", "1.11.6", "1.11.7", "1.11.8", "1.11.9", "1.2", "1.2.1", "1.2.2", "1.2.3", "1.2.4", "1.2.5", "1.2.6", "1.2.7", "1.3", "1.3.1", "1.3.2", "1.3.3", "1.3.4", "1.3.5", "1.3.6", "1.3.7", "1.4", "1.4.1", "1.4.10", "1.4.11", "1.4.12", "1.4.13", "1.4.14", "1.4.15", "1.4.16", "1.4.17", "1.4.18", "1.4.19", "1.4.2", "1.4.20", "1.4.21", "1.4.22", "1.4.3", "1.4.4", "1.4.5", "1.4.6", "1.4.7", "1.4.8", "1.4.9", "1.5", "1.5.1", "1.5.10", "1.5.11", "1.5.12", "1.5.2", "1.5.3", "1.5.4", "1.5.5", "1.5.6", "1.5.7", "1.5.8", "1.5.9", "1.6", "1.6.1", "1.6.10", "1.6.11", "1.6.2", "1.6.3", "1.6.4", "1.6.5", "1.6.6", "1.6.7", "1.6.8", "1.6.9", "1.7", "1.7.1", "1.7.10", "1.7.11", "1.7.2", "1.7.3", "1.7.4", "1.7.5", "1.7.6", "1.7.7", "1.7.8", "1.7.9", "1.8", "1.8.1", "1.8.10", "1.8.11", "1.8.12", "1.8.13", "1.8.14", "1.8.15", "1.8.16", "1.8.17", "1.8.18", "1.8.19", "1.8.2", "1.8.3", "1.8.4", "1.8.5", "1.8.6", "1.8.7", "1.8.8", "1.8.9", "1.9", "1.9.1", "1.9.10", "1.9.11", "1.9.12", "1.9.13", "1.9.2", "1.9.3", "1.9.4", "1.9.5", "1.9.6", "1.9.7", "1.9.8", "1.9.9", "2.0", "2.0.1", "2.0.10", "2.0.12", "2.0.13", "2.0.2", "2.0.3", "2.0.4", "2.0.5", "2.0.6", "2.0.7", "2.0.8", "2.0.9", "2.1", "2.1.1", "2.1.10", "2.1.11", "2.1.12", "2.1.13", "2.1.14", "2.1.15", "2.1.2", "2.1.3", "2.1.4", "2.1.5", "2.1.7", "2.1.8", "2.1.9", "2.2", "2.2.1", "2.2.2", "2.2.3", "2.2.4", "2.2.5", "2.2.6", "2.2.7", "2.2.8", "2.2.9", "3.0", "3.0.1"]}], "specifier": ">=1.2"}], "importlib_metadata": {"entry_points": [], "files": [{"hash": {"mode": "sha256", "value": "vDIUtW56YopDJnXY5-0d7dr5b8HfrY7or5uAforv8ZE"}, "path": "dirtyfields/__init__.py", "size": 92}, {"hash": null, "path": "dirtyfields/__pycache__/__init__.cpython-37.pyc", "size": null}, {"hash": null, "path": "dirtyfields/__pycache__/dirtyfields.cpython-37.pyc", "size": null}, {"hash": {"mode": "sha256", "value": "i4flTY1QZSv7Cs0hKwpiMJY8popxSaiMf2Gip9ShA50"}, "path": "dirtyfields/dirtyfields.py", "size": 2034}, {"hash": {"mode": "sha256", "value": "zuuue4knoyJ-UwPPXg8fezS7VCrXJQrAP7zeNuwvFQg"}, "path": "django_dirtyfields-0.5.dist-info/INSTALLER", "size": 4}, {"hash": {"mode": "sha256", "value": "_x07XVaqU1qJxDI-z91MJSLUjJ1lFs6-kWaA1JsO3cY"}, "path": "django_dirtyfields-0.5.dist-info/LICENSE", "size": 1576}, {"hash": {"mode": "sha256", "value": "I6Gg1arn5rpJDux4orYifzEFA456HL2n5Dk7Ngd7Rag"}, "path": "django_dirtyfields-0.5.dist-info/METADATA", "size": 3955}, {"hash": null, "path": "django_dirtyfields-0.5.dist-info/RECORD", "size": null}, {"hash": {"mode": "sha256", "value": "wYBY2EO50FhAcckpWmO3c3Zwk2MALACx6lPAl6gVKnE"}, "path": "django_dirtyfields-0.5.dist-info/WHEEL", "size": 93}, {"hash": {"mode": "sha256", "value": "yWRZEKKReMs1Mwura9UeBIgTRordcA75ra_pDW_UQfY"}, "path": "django_dirtyfields-0.5.dist-info/top_level.txt", "size": 12}], "metadata": {"Author": "Simon de Haan", "Author-email": "UNKNOWN", "Classifier": ["Development Status :: 5 - Production/Stable", "Intended Audience :: Developers", "License :: OSI Approved :: BSD License", "Operating System :: OS Independent", "Programming Language :: Python", "Framework :: Django", "Topic :: Software Development :: Libraries :: Python Modules"], "Home-page": "http://github.com/smn/django-dirtyfields", "License": "BSD", "Metadata-Version": "2.1", "Name": "django-dirtyfields", "Platform": ["UNKNOWN"], "Requires-Dist": ["Django (>=1.2)"], "Summary": "Tracking dirty fields on a Django model instance", "Version": "0.5"}, "requires": ["Django (>=1.2)"], "version": "0.5"}, "index_url": "https://pypi.org/simple", "package_name": "django-dirtyfields", "package_version": "0.5", "package_version_requested": "0.5", "sha256": ["e3d9d078600980fbf0f879e8693df48858c80a7eec1467362d59ecaeabb22da5"]}], "unparsed": [], "unresolved": []}}