{"metadata": {"analyzer": "thoth-solver", "analyzer_version": "1.5.1", "arguments": {"python": {"exclude_packages": null, "index": "https://pypi.org/simple", "no_pretty": false, "no_transitive": true, "output": "/mnt/workdir/solver-fedora-31-py37-05294870", "requirements": "easypost===4.0.2", "virtualenv": "/home/solver/venv"}, "thoth-solver": {"verbose": false}}, "datetime": "2020-05-08T12:59:36.268425", "distribution": {"codename": "", "id": "fedora", "like": "", "version": "31", "version_parts": {"build_number": "", "major": "31", "minor": ""}}, "document_id": "solver-fedora-31-py37-05294870", "duration": 6, "hostname": "solver-fedora-31-py37-05294870-893101402", "os_release": {"id": "fedora", "name": "Fedora", "platform_id": "platform:f31", "redhat_bugzilla_product": "Fedora", "redhat_bugzilla_product_version": "31", "redhat_support_product": "Fedora", "redhat_support_product_version": "31", "variant_id": "container", "version": "31 (Container Image)", "version_id": "31"}, "python": {"api_version": 1013, "implementation_name": "cpython", "major": 3, "micro": 6, "minor": 7, "releaselevel": "final", "serial": 0}, "thoth_deployment_name": "thoth-psi-stage", "timestamp": 1588942776}, "result": {"environment": {"implementation_name": "cpython", "implementation_version": "3.7.6", "os_name": "posix", "platform_machine": "x86_64", "platform_python_implementation": "CPython", "platform_release": "3.10.0-957.21.2.el7.x86_64", "platform_system": "Linux", "platform_version": "#1 SMP Tue May 28 09:26:43 UTC 2019", "python_full_version": "3.7.6", "python_version": "3.7", "sys_platform": "linux"}, "environment_packages": [{"package_name": "pipdeptree", "package_version": "0.13.2"}], "errors": [], "tree": [{"dependencies": [{"extra": [], "extras": [], "marker": null, "marker_evaluated": null, "marker_evaluation_error": null, "marker_evaluation_result": true, "normalized_package_name": "requests", "package_name": "requests", "resolved_versions": [{"index": "https://pypi.org/simple", "versions": ["1.0.0", "1.0.1", "1.0.2", "1.0.3", "1.0.4", "1.1.0", "1.2.0", "1.2.1", "1.2.2", "1.2.3", "2.0.0", "2.0.1", "2.1.0", "2.10.0", "2.11.0", "2.11.1", "2.12.0", "2.12.1", "2.12.2", "2.12.3", "2.12.4", "2.12.5", "2.13.0", "2.14.0", "2.14.1", "2.14.2", "2.15.0", "2.15.1", "2.16.0", "2.16.1", "2.16.2", "2.16.3", "2.16.4", "2.16.5", "2.17.0", "2.17.1", "2.17.2", "2.17.3", "2.18.0", "2.18.1", "2.18.2", "2.18.3", "2.18.4", "2.19.0", "2.19.1", "2.2.0", "2.2.1", "2.20.0", "2.20.1", "2.21.0", "2.22.0", "2.23.0", "2.3.0", "2.4.0", "2.4.1", "2.4.2", "2.4.3", "2.5.0", "2.5.1", "2.5.2", "2.5.3", "2.6.0", "2.6.1", "2.6.2", "2.7.0", "2.8.0", "2.8.1", "2.9.0", "2.9.1", "2.9.2"]}], "specifier": ">=1.0.0"}, {"extra": [], "extras": [], "marker": null, "marker_evaluated": null, "marker_evaluation_error": null, "marker_evaluation_result": true, "normalized_package_name": "six", "package_name": "six", "resolved_versions": [{"index": "https://pypi.org/simple", "versions": ["0.9.0", "0.9.1", "0.9.2", "1.0.0", "1.1.0", "1.10.0", "1.11.0", "1.12.0", "1.13.0", "1.14.0", "1.2.0", "1.3.0", "1.4.0", "1.4.1", "1.5.0", "1.5.1", "1.5.2", "1.6.0", "1.6.1", "1.7.0", "1.7.1", "1.7.2", "1.7.3", "1.8.0", "1.9.0"]}], "specifier": null}], "importlib_metadata": {"entry_points": [], "files": [{"hash": {"mode": "sha256", "value": "zWMhrzdIL0nvwyZSSp_Nf8hpAqSNqNS709xxjSkMP-o"}, "path": "VERSION", "size": 6}, {"hash": {"mode": "sha256", "value": "zuuue4knoyJ-UwPPXg8fezS7VCrXJQrAP7zeNuwvFQg"}, "path": "easypost-4.0.2.dist-info/INSTALLER", "size": 4}, {"hash": {"mode": "sha256", "value": "svgCcKtUKiEN3s6gmBYY7Kvtzn_-NNWyQK8A7jfct8I"}, "path": "easypost-4.0.2.dist-info/LICENSE", "size": 1092}, {"hash": {"mode": "sha256", "value": "av9jO9LinJu7wt1lS0A28tCe3FXX6twZ13lBvm_G4oQ"}, "path": "easypost-4.0.2.dist-info/METADATA", "size": 5183}, {"hash": null, "path": "easypost-4.0.2.dist-info/RECORD", "size": null}, {"hash": {"mode": "sha256", "value": "MYFsq5fFBwF_oyJgrOoFmYYB1K6Sw7MxY-0897ZLbdM"}, "path": "easypost-4.0.2.dist-info/WHEEL", "size": 92}, {"hash": {"mode": "sha256", "value": "9V89h8Xknk6vW1r_rSkbkgUbi24_QQKFRU9-edGCJB4"}, "path": "easypost-4.0.2.dist-info/top_level.txt", "size": 9}, {"hash": {"mode": "sha256", "value": "9qcEdgt_Mc8rQRI_1gECjABad3crlNHJGleScO2N3ZE"}, "path": "easypost/__init__.py", "size": 32984}, {"hash": null, "path": "easypost/__pycache__/__init__.cpython-37.pyc", "size": null}, {"hash": null, "path": "easypost/__pycache__/version.cpython-37.pyc", "size": null}, {"hash": {"mode": "sha256", "value": "pEla0keHmmTqAl7B6UJK0nqR3uwjPITDn8WD02_0ZY8"}, "path": "easypost/version.py", "size": 230}], "metadata": {"Author": "EasyPost", "Author-email": "support@easypost.com", "Classifier": ["Development Status :: 5 - Production/Stable", "Environment :: Web Environment", "Programming Language :: Python", "Programming Language :: Python :: 2.7", "Programming Language :: Python :: 3.3", "Programming Language :: Python :: 3.4", "Programming Language :: Python :: 3.5", "Programming Language :: Python :: 3.6", "Programming Language :: Python :: 3.7", "Intended Audience :: Developers", "Operating System :: OS Independent", "License :: OSI Approved :: MIT License", "Topic :: Software Development :: Libraries"], "Description-Content-Type": "text/markdown", "Home-page": "https://easypost.com/", "License": "UNKNOWN", "Metadata-Version": "2.1", "Name": "easypost", "Platform": ["UNKNOWN"], "Project-URL": ["Docs, https://www.easypost.com/docs/api", "Tracker, https://github.com/EasyPost/easypost-python/issues", "Source, https://github.com/EasyPost/easypost-python", "CI, https://travis-ci.com/EasyPost/easypost-python"], "Requires-Dist": ["requests (>=1.0.0)", "six"], "Requires-Python": ">=2.7, !=3.0.*, !=3.1.*, !=3.2.*, <4", "Summary": "EasyPost Shipping API Client Library for Python", "Version": "4.0.2"}, "requires": ["requests (>=1.0.0)", "six"], "version": "4.0.2"}, "index_url": "https://pypi.org/simple", "package_name": "easypost", "package_version": "4.0.2", "package_version_requested": "4.0.2", "sha256": ["b4c92884134ae48df3ed02dee31296f8ea4bf27c9ae9d8ba14facee72a56aab6", "ca64f0ee25a6a2129a0bee9883f641384721850aa0b3b250ad5b469e98621e0f", "4c15fe8ce3f71142c8db8c8c13470664b46f8d3a8d60bf2ed7e4362555353725"]}], "unparsed": [], "unresolved": []}}