{"metadata": {"analyzer": "thoth-solver", "analyzer_version": "1.5.1", "arguments": {"python": {"exclude_packages": null, "index": "https://pypi.org/simple", "no_pretty": false, "no_transitive": true, "output": "/mnt/workdir/solver-fedora-31-py37-036dbfa0", "requirements": "prometheus-async===18.2.0", "virtualenv": "/home/solver/venv"}, "thoth-solver": {"verbose": false}}, "datetime": "2020-05-16T23:06:32.897224", "distribution": {"codename": "", "id": "fedora", "like": "", "version": "31", "version_parts": {"build_number": "", "major": "31", "minor": ""}}, "document_id": "solver-fedora-31-py37-036dbfa0", "duration": 7, "hostname": "solver-fedora-31-py37-036dbfa0-3249544013", "os_release": {"id": "fedora", "name": "Fedora", "platform_id": "platform:f31", "redhat_bugzilla_product": "Fedora", "redhat_bugzilla_product_version": "31", "redhat_support_product": "Fedora", "redhat_support_product_version": "31", "variant_id": "container", "version": "31 (Container Image)", "version_id": "31"}, "python": {"api_version": 1013, "implementation_name": "cpython", "major": 3, "micro": 6, "minor": 7, "releaselevel": "final", "serial": 0}, "thoth_deployment_name": "thoth-psi-stage", "timestamp": 1589670392}, "result": {"environment": {"implementation_name": "cpython", "implementation_version": "3.7.6", "os_name": "posix", "platform_machine": "x86_64", "platform_python_implementation": "CPython", "platform_release": "3.10.0-957.21.2.el7.x86_64", "platform_system": "Linux", "platform_version": "#1 SMP Tue May 28 09:26:43 UTC 2019", "python_full_version": "3.7.6", "python_version": "3.7", "sys_platform": "linux"}, "environment_packages": [{"package_name": "pipdeptree", "package_version": "0.13.2"}], "errors": [], "tree": [{"dependencies": [{"extra": [], "extras": [], "marker": null, "marker_evaluated": null, "marker_evaluation_error": null, "marker_evaluation_result": true, "normalized_package_name": "attrs", "package_name": "attrs", "resolved_versions": [{"index": "https://pypi.org/simple", "versions": ["15.0.0", "15.1.0", "15.2.0", "16.0.0", "16.1.0", "16.2.0", "16.3.0", "17.1.0", "17.2.0", "17.3.0", "17.4.0", "18.1.0", "18.2.0", "19.1.0", "19.2.0", "19.3.0"]}], "specifier": null}, {"extra": [], "extras": [], "marker": null, "marker_evaluated": null, "marker_evaluation_error": null, "marker_evaluation_result": true, "normalized_package_name": "prometheus-client", "package_name": "prometheus-client", "resolved_versions": [{"index": "https://pypi.org/simple", "versions": ["0.0.1", "0.0.10", "0.0.11", "0.0.12", "0.0.13", "0.0.14", "0.0.15", "0.0.16", "0.0.17", "0.0.18", "0.0.19", "0.0.2", "0.0.20", "0.0.21", "0.0.3", "0.0.4", "0.0.5", "0.0.6", "0.0.7", "0.0.8", "0.0.9", "0.1.0", "0.1.1", "0.2.0", "0.3.0", "0.3.1", "0.4.0", "0.4.1", "0.4.2", "0.5.0", "0.6.0", "0.7.0", "0.7.1"]}], "specifier": null}, {"extra": [], "extras": [], "marker": null, "marker_evaluated": null, "marker_evaluation_error": null, "marker_evaluation_result": true, "normalized_package_name": "six", "package_name": "six", "resolved_versions": [{"index": "https://pypi.org/simple", "versions": ["0.9.0", "0.9.1", "0.9.2", "1.0.0", "1.1.0", "1.10.0", "1.11.0", "1.12.0", "1.13.0", "1.14.0", "1.2.0", "1.3.0", "1.4.0", "1.4.1", "1.5.0", "1.5.1", "1.5.2", "1.6.0", "1.6.1", "1.7.0", "1.7.1", "1.7.2", "1.7.3", "1.8.0", "1.9.0"]}], "specifier": null}, {"extra": [], "extras": [], "marker": null, "marker_evaluated": null, "marker_evaluation_error": null, "marker_evaluation_result": true, "normalized_package_name": "wrapt", "package_name": "wrapt", "resolved_versions": [{"index": "https://pypi.org/simple", "versions": ["0.0.0", "1.0.0", "1.1.0", "1.1.1", "1.1.2", "1.1.3", "1.1.4", "1.10.0", "1.10.1", "1.10.10", "1.10.11", "1.10.2", "1.10.3", "1.10.4", "1.10.5", "1.10.6", "1.10.7", "1.10.8", "1.10.9", "1.11.0", "1.11.1", "1.11.2", "1.12.0", "1.12.1", "1.2.0", "1.2.1", "1.3.0", "1.3.1", "1.4.0", "1.4.1", "1.4.2", "1.5.0", "1.5.1", "1.6.0", "1.7.0", "1.8.0", "1.9.0"]}], "specifier": null}, {"extra": [], "extras": [], "marker": "python_version <= \"3.5\"", "marker_evaluated": "python_version <= \"3.5\"", "marker_evaluation_error": null, "marker_evaluation_result": false, "normalized_package_name": "monotonic", "package_name": "monotonic", "resolved_versions": [{"index": "https://pypi.org/simple", "versions": ["0.1", "0.2", "0.3", "0.4", "0.5", "0.6", "1.0", "1.1", "1.2", "1.3", "1.4", "1.5"]}], "specifier": null}, {"extra": ["aiohttp"], "extras": [], "marker": "extra == \"aiohttp\"", "marker_evaluated": "python_version >= \"0.0\"", "marker_evaluation_error": null, "marker_evaluation_result": true, "normalized_package_name": "aiohttp", "package_name": "aiohttp", "resolved_versions": [{"index": "https://pypi.org/simple", "versions": ["3.0.0", "3.0.1", "3.0.2", "3.0.3", "3.0.4", "3.0.5", "3.0.6", "3.0.7", "3.0.8", "3.0.9", "3.1.0", "3.1.1", "3.1.2", "3.1.3", "3.2.0", "3.2.1", "3.3.0", "3.3.1", "3.3.2", "3.4.0", "3.4.1", "3.4.2", "3.4.3", "3.4.4", "3.5.0", "3.5.1", "3.5.2", "3.5.3", "3.5.4", "3.6.0", "3.6.1", "3.6.2"]}], "specifier": ">=3"}, {"extra": ["consul"], "extras": [], "marker": "extra == \"consul\"", "marker_evaluated": "python_version >= \"0.0\"", "marker_evaluation_error": null, "marker_evaluation_result": true, "normalized_package_name": "aiohttp", "package_name": "aiohttp", "resolved_versions": [{"index": "https://pypi.org/simple", "versions": ["3.0.0", "3.0.1", "3.0.2", "3.0.3", "3.0.4", "3.0.5", "3.0.6", "3.0.7", "3.0.8", "3.0.9", "3.1.0", "3.1.1", "3.1.2", "3.1.3", "3.2.0", "3.2.1", "3.3.0", "3.3.1", "3.3.2", "3.4.0", "3.4.1", "3.4.2", "3.4.3", "3.4.4", "3.5.0", "3.5.1", "3.5.2", "3.5.3", "3.5.4", "3.6.0", "3.6.1", "3.6.2"]}], "specifier": ">=3"}, {"extra": ["dev"], "extras": [], "marker": "extra == \"dev\"", "marker_evaluated": "python_version >= \"0.0\"", "marker_evaluation_error": null, "marker_evaluation_result": true, "normalized_package_name": "aiohttp", "package_name": "aiohttp", "resolved_versions": [{"index": "https://pypi.org/simple", "versions": ["3.0.0", "3.0.1", "3.0.2", "3.0.3", "3.0.4", "3.0.5", "3.0.6", "3.0.7", "3.0.8", "3.0.9", "3.1.0", "3.1.1", "3.1.2", "3.1.3", "3.2.0", "3.2.1", "3.3.0", "3.3.1", "3.3.2", "3.4.0", "3.4.1", "3.4.2", "3.4.3", "3.4.4", "3.5.0", "3.5.1", "3.5.2", "3.5.3", "3.5.4", "3.6.0", "3.6.1", "3.6.2"]}], "specifier": ">=3"}, {"extra": ["dev"], "extras": [], "marker": "extra == \"dev\"", "marker_evaluated": "python_version >= \"0.0\"", "marker_evaluation_error": null, "marker_evaluation_result": true, "normalized_package_name": "aiohttp", "package_name": "aiohttp", "resolved_versions": [{"index": "https://pypi.org/simple", "versions": ["3.0.0", "3.0.1", "3.0.2", "3.0.3", "3.0.4", "3.0.5", "3.0.6", "3.0.7", "3.0.8", "3.0.9", "3.1.0", "3.1.1", "3.1.2", "3.1.3", "3.2.0", "3.2.1", "3.3.0", "3.3.1", "3.3.2", "3.4.0", "3.4.1", "3.4.2", "3.4.3", "3.4.4", "3.5.0", "3.5.1", "3.5.2", "3.5.3", "3.5.4", "3.6.0", "3.6.1", "3.6.2"]}], "specifier": ">=3"}, {"extra": ["dev"], "extras": [], "marker": "extra == \"dev\"", "marker_evaluated": "python_version >= \"0.0\"", "marker_evaluation_error": null, "marker_evaluation_result": true, "normalized_package_name": "twisted", "package_name": "twisted", "resolved_versions": [{"index": "https://pypi.org/simple", "versions": ["1.0.1", "1.0.3", "1.0.4", "1.0.5", "1.0.6", "1.0.7", "1.1.0", "1.1.1", "1.2.0", "10.0.0", "10.1.0", "10.2.0", "11.0.0", "11.1.0", "12.0.0", "12.1.0", "12.2.0", "12.3.0", "13.0.0", "13.1.0", "13.2.0", "14.0.0", "14.0.1", "14.0.2", "15.0.0", "15.1.0", "15.2.0", "15.2.1", "15.3.0", "15.4.0", "15.5.0", "16.0.0", "16.1.0", "16.1.1", "16.2.0", "16.3.0", "16.3.1", "16.3.2", "16.4.0", "16.4.1", "16.5.0", "16.6.0", "17.1.0", "17.5.0", "17.9.0", "18.4.0", "18.7.0", "18.9.0", "19.10.0", "19.2.0", "19.2.1", "19.7.0", "2.1.0", "2.4.0", "2.5.0", "20.3.0", "8.0.0", "8.0.1", "8.1.0", "8.2.0", "9.0.0"]}], "specifier": null}, {"extra": ["dev"], "extras": [], "marker": "extra == \"dev\"", "marker_evaluated": "python_version >= \"0.0\"", "marker_evaluation_error": null, "marker_evaluation_result": true, "normalized_package_name": "aiohttp", "package_name": "aiohttp", "resolved_versions": [{"index": "https://pypi.org/simple", "versions": ["0.1", "0.10.0", "0.10.1", "0.10.2", "0.11.0", "0.12.0", "0.13.0", "0.13.1", "0.14.0", "0.14.1", "0.14.2", "0.14.3", "0.14.4", "0.15.0", "0.15.1", "0.15.2", "0.15.3", "0.16.0", "0.16.1", "0.16.2", "0.16.3", "0.16.4", "0.16.5", "0.16.6", "0.17.0", "0.17.1", "0.17.2", "0.17.3", "0.17.4", "0.18.0", "0.18.1", "0.18.2", "0.18.3", "0.18.4", "0.19.0", "0.2", "0.20.0", "0.20.1", "0.20.2", "0.21.0", "0.21.1", "0.21.2", "0.21.4", "0.21.5", "0.21.6", "0.22.0", "0.22.1", "0.22.2", "0.22.3", "0.22.4", "0.22.5", "0.3", "0.4", "0.4.1", "0.4.2", "0.4.3", "0.4.4", "0.5.0", "0.6.0", "0.6.1", "0.6.2", "0.6.3", "0.6.4", "0.6.5", "0.7.0", "0.7.1", "0.7.2", "0.7.3", "0.8.0", "0.8.1", "0.8.2", "0.8.3", "0.8.4", "0.9.0", "0.9.1", "0.9.2", "0.9.3", "1.0.0", "1.0.1", "1.0.2", "1.0.3", "1.0.5", "1.1.0", "1.1.1", "1.1.2", "1.1.3", "1.1.4", "1.1.5", "1.1.6", "1.2.0", "1.3.0", "1.3.1", "1.3.2", "1.3.3", "1.3.4", "1.3.5", "2.0.0", "2.0.1", "2.0.2", "2.0.3", "2.0.4", "2.0.5", "2.0.6", "2.0.7", "2.1.0", "2.2.0", "2.2.1", "2.2.2", "2.2.3", "2.2.4", "2.2.5", "2.3.0", "2.3.1", "2.3.10", "2.3.2", "2.3.3", "2.3.4", "2.3.5", "2.3.6", "2.3.7", "2.3.8", "2.3.9", "3.0.0", "3.0.1", "3.0.2", "3.0.3", "3.0.4", "3.0.5", "3.0.6", "3.0.7", "3.0.8", "3.0.9", "3.1.0", "3.1.1", "3.1.2", "3.1.3", "3.2.0", "3.2.1", "3.3.0", "3.3.1", "3.3.2", "3.4.0", "3.4.1", "3.4.2", "3.4.3", "3.4.4", "3.5.0", "3.5.1", "3.5.2", "3.5.3", "3.5.4", "3.6.0", "3.6.1", "3.6.2"]}], "specifier": null}, {"extra": ["dev"], "extras": [], "marker": "extra == \"dev\"", "marker_evaluated": "python_version >= \"0.0\"", "marker_evaluation_error": null, "marker_evaluation_result": true, "normalized_package_name": "sphinx", "package_name": "sphinx", "resolved_versions": [{"index": "https://pypi.org/simple", "versions": ["0.1.61611", "0.1.61798", "0.1.61843", "0.1.61945", "0.1.61950", "0.2", "0.3", "0.4", "0.4.1", "0.4.2", "0.4.3", "0.5", "0.5.1", "0.5.2", "0.6", "0.6.1", "0.6.2", "0.6.3", "0.6.4", "0.6.5", "0.6.6", "0.6.7", "1.0", "1.0.1", "1.0.2", "1.0.3", "1.0.4", "1.0.5", "1.0.6", "1.0.7", "1.0.8", "1.1", "1.1.1", "1.1.2", "1.1.3", "1.2", "1.2.1", "1.2.2", "1.2.3", "1.3", "1.3.1", "1.3.2", "1.3.3", "1.3.4", "1.3.5", "1.3.6", "1.4", "1.4.1", "1.4.2", "1.4.3", "1.4.4", "1.4.5", "1.4.6", "1.4.7", "1.4.8", "1.4.9", "1.5", "1.5.1", "1.5.2", "1.5.3", "1.5.4", "1.5.5", "1.5.6", "1.6.1", "1.6.2", "1.6.3", "1.6.4", "1.6.5", "1.6.6", "1.6.7", "1.7.0", "1.7.1", "1.7.2", "1.7.3", "1.7.4", "1.7.5", "1.7.6", "1.7.7", "1.7.8", "1.7.9", "1.8.0", "1.8.1", "1.8.2", "1.8.3", "1.8.4", "1.8.5", "2.0.0", "2.0.1", "2.1.0", "2.1.1", "2.1.2", "2.2.0", "2.2.1", "2.2.2", "2.3.0", "2.3.1", "2.4.0", "2.4.1", "2.4.2", "2.4.3", "2.4.4", "3.0.0", "3.0.1", "3.0.2", "3.0.3"]}], "specifier": null}, {"extra": ["dev"], "extras": [], "marker": "extra == \"dev\"", "marker_evaluated": "python_version >= \"0.0\"", "marker_evaluation_error": null, "marker_evaluation_result": true, "normalized_package_name": "sphinxcontrib-asyncio", "package_name": "sphinxcontrib-asyncio", "resolved_versions": [{"index": "https://pypi.org/simple", "versions": ["0.0.1", "0.1.0", "0.1.1", "0.2.0"]}], "specifier": null}, {"extra": ["dev"], "extras": [], "marker": "extra == \"dev\"", "marker_evaluated": "python_version >= \"0.0\"", "marker_evaluation_error": null, "marker_evaluation_result": true, "normalized_package_name": "twisted", "package_name": "twisted", "resolved_versions": [{"index": "https://pypi.org/simple", "versions": ["1.0.1", "1.0.3", "1.0.4", "1.0.5", "1.0.6", "1.0.7", "1.1.0", "1.1.1", "1.2.0", "10.0.0", "10.1.0", "10.2.0", "11.0.0", "11.1.0", "12.0.0", "12.1.0", "12.2.0", "12.3.0", "13.0.0", "13.1.0", "13.2.0", "14.0.0", "14.0.1", "14.0.2", "15.0.0", "15.1.0", "15.2.0", "15.2.1", "15.3.0", "15.4.0", "15.5.0", "16.0.0", "16.1.0", "16.1.1", "16.2.0", "16.3.0", "16.3.1", "16.3.2", "16.4.0", "16.4.1", "16.5.0", "16.6.0", "17.1.0", "17.5.0", "17.9.0", "18.4.0", "18.7.0", "18.9.0", "19.10.0", "19.2.0", "19.2.1", "19.7.0", "2.1.0", "2.4.0", "2.5.0", "20.3.0", "8.0.0", "8.0.1", "8.1.0", "8.2.0", "9.0.0"]}], "specifier": null}, {"extra": ["dev"], "extras": [], "marker": "extra == \"dev\"", "marker_evaluated": "python_version >= \"0.0\"", "marker_evaluation_error": null, "marker_evaluation_result": true, "normalized_package_name": "coverage", "package_name": "coverage", "resolved_versions": [{"index": "https://pypi.org/simple", "versions": ["2.5", "2.6", "2.75", "2.76", "2.77", "2.78", "2.8", "2.80", "2.85", "3.0", "3.0.1", "3.1", "3.2", "3.3", "3.3.1", "3.4", "3.5", "3.5.1", "3.5.2", "3.5.3", "3.6", "3.7", "3.7.1", "4.0", "4.0.1", "4.0.2", "4.0.3", "4.1", "4.2", "4.3", "4.3.1", "4.3.2", "4.3.3", "4.3.4", "4.4", "4.4.1", "4.4.2", "4.5", "4.5.1", "4.5.2", "4.5.3", "4.5.4", "5.0", "5.0.1", "5.0.2", "5.0.3", "5.0.4", "5.1"]}], "specifier": null}, {"extra": ["dev"], "extras": [], "marker": "extra == \"dev\"", "marker_evaluated": "python_version >= \"0.0\"", "marker_evaluation_error": null, "marker_evaluation_result": true, "normalized_package_name": "pytest", "package_name": "pytest", "resolved_versions": [{"index": "https://pypi.org/simple", "versions": ["2.0.0", "2.0.1", "2.0.2", "2.0.3", "2.1.0", "2.1.1", "2.1.2", "2.1.3", "2.2.0", "2.2.1", "2.2.2", "2.2.3", "2.2.4", "2.3.0", "2.3.1", "2.3.2", "2.3.3", "2.3.4", "2.3.5", "2.4.0", "2.4.1", "2.4.2", "2.5.0", "2.5.1", "2.5.2", "2.6.0", "2.6.1", "2.6.2", "2.6.3", "2.6.4", "2.7.0", "2.7.1", "2.7.2", "2.7.3", "2.8.0", "2.8.1", "2.8.2", "2.8.3", "2.8.4", "2.8.5", "2.8.6", "2.8.7", "2.9.0", "2.9.1", "2.9.2", "3.0.0", "3.0.1", "3.0.2", "3.0.3", "3.0.4", "3.0.5", "3.0.6", "3.0.7", "3.1.0", "3.1.1", "3.1.2", "3.1.3", "3.10.0", "3.10.1", "3.2.0", "3.2.1", "3.2.2", "3.2.3", "3.2.4", "3.2.5", "3.3.0", "3.3.1", "3.3.2", "3.4.0", "3.4.1", "3.4.2", "3.5.0", "3.5.1", "3.6.0", "3.6.1", "3.6.2", "3.6.3", "3.6.4", "3.7.0", "3.7.1", "3.7.2", "3.7.3", "3.7.4", "3.8.0", "3.8.1", "3.8.2", "3.9.1", "3.9.2", "3.9.3", "4.0.0", "4.0.1", "4.0.2", "4.1.0", "4.1.1", "4.2.0", "4.2.1", "4.3.0", "4.3.1", "4.4.0", "4.4.1", "4.4.2", "4.5.0", "4.6.0", "4.6.1", "4.6.10", "4.6.2", "4.6.3", "4.6.4", "4.6.5", "4.6.6", "4.6.7", "4.6.8", "4.6.9", "5.0.0", "5.0.1", "5.1.0", "5.1.1", "5.1.2", "5.1.3", "5.2.0", "5.2.1", "5.2.2", "5.2.3", "5.2.4", "5.3.0", "5.3.1", "5.3.2", "5.3.3", "5.3.4", "5.3.5", "5.4.0", "5.4.1", "5.4.2"]}], "specifier": null}, {"extra": ["dev"], "extras": [], "marker": "extra == \"dev\"", "marker_evaluated": "python_version >= \"0.0\"", "marker_evaluation_error": null, "marker_evaluation_result": true, "normalized_package_name": "pytest-twisted", "package_name": "pytest-twisted", "resolved_versions": [{"index": "https://pypi.org/simple", "versions": ["1.0", "1.1", "1.10", "1.11", "1.12", "1.2", "1.3", "1.4", "1.5", "1.6", "1.7", "1.7.1", "1.8", "1.9"]}], "specifier": null}, {"extra": ["dev"], "extras": [], "marker": "python_version >= \"3.5\" and extra == \"dev\"", "marker_evaluated": "python_version >= \"3.5\" and python_version >= \"0.0\"", "marker_evaluation_error": null, "marker_evaluation_result": true, "normalized_package_name": "pytest-asyncio", "package_name": "pytest-asyncio", "resolved_versions": [{"index": "https://pypi.org/simple", "versions": ["0.1", "0.1.1", "0.1.2", "0.1.3", "0.10.0", "0.11.0", "0.12.0", "0.2.0", "0.3.0", "0.4.1", "0.5.0", "0.6.0", "0.7.0", "0.8.0", "0.9.0"]}], "specifier": null}, {"extra": ["docs"], "extras": [], "marker": "extra == \"docs\"", "marker_evaluated": "python_version >= \"0.0\"", "marker_evaluation_error": null, "marker_evaluation_result": true, "normalized_package_name": "aiohttp", "package_name": "aiohttp", "resolved_versions": [{"index": "https://pypi.org/simple", "versions": ["0.1", "0.10.0", "0.10.1", "0.10.2", "0.11.0", "0.12.0", "0.13.0", "0.13.1", "0.14.0", "0.14.1", "0.14.2", "0.14.3", "0.14.4", "0.15.0", "0.15.1", "0.15.2", "0.15.3", "0.16.0", "0.16.1", "0.16.2", "0.16.3", "0.16.4", "0.16.5", "0.16.6", "0.17.0", "0.17.1", "0.17.2", "0.17.3", "0.17.4", "0.18.0", "0.18.1", "0.18.2", "0.18.3", "0.18.4", "0.19.0", "0.2", "0.20.0", "0.20.1", "0.20.2", "0.21.0", "0.21.1", "0.21.2", "0.21.4", "0.21.5", "0.21.6", "0.22.0", "0.22.1", "0.22.2", "0.22.3", "0.22.4", "0.22.5", "0.3", "0.4", "0.4.1", "0.4.2", "0.4.3", "0.4.4", "0.5.0", "0.6.0", "0.6.1", "0.6.2", "0.6.3", "0.6.4", "0.6.5", "0.7.0", "0.7.1", "0.7.2", "0.7.3", "0.8.0", "0.8.1", "0.8.2", "0.8.3", "0.8.4", "0.9.0", "0.9.1", "0.9.2", "0.9.3", "1.0.0", "1.0.1", "1.0.2", "1.0.3", "1.0.5", "1.1.0", "1.1.1", "1.1.2", "1.1.3", "1.1.4", "1.1.5", "1.1.6", "1.2.0", "1.3.0", "1.3.1", "1.3.2", "1.3.3", "1.3.4", "1.3.5", "2.0.0", "2.0.1", "2.0.2", "2.0.3", "2.0.4", "2.0.5", "2.0.6", "2.0.7", "2.1.0", "2.2.0", "2.2.1", "2.2.2", "2.2.3", "2.2.4", "2.2.5", "2.3.0", "2.3.1", "2.3.10", "2.3.2", "2.3.3", "2.3.4", "2.3.5", "2.3.6", "2.3.7", "2.3.8", "2.3.9", "3.0.0", "3.0.1", "3.0.2", "3.0.3", "3.0.4", "3.0.5", "3.0.6", "3.0.7", "3.0.8", "3.0.9", "3.1.0", "3.1.1", "3.1.2", "3.1.3", "3.2.0", "3.2.1", "3.3.0", "3.3.1", "3.3.2", "3.4.0", "3.4.1", "3.4.2", "3.4.3", "3.4.4", "3.5.0", "3.5.1", "3.5.2", "3.5.3", "3.5.4", "3.6.0", "3.6.1", "3.6.2"]}], "specifier": null}, {"extra": ["docs"], "extras": [], "marker": "extra == \"docs\"", "marker_evaluated": "python_version >= \"0.0\"", "marker_evaluation_error": null, "marker_evaluation_result": true, "normalized_package_name": "sphinx", "package_name": "sphinx", "resolved_versions": [{"index": "https://pypi.org/simple", "versions": ["0.1.61611", "0.1.61798", "0.1.61843", "0.1.61945", "0.1.61950", "0.2", "0.3", "0.4", "0.4.1", "0.4.2", "0.4.3", "0.5", "0.5.1", "0.5.2", "0.6", "0.6.1", "0.6.2", "0.6.3", "0.6.4", "0.6.5", "0.6.6", "0.6.7", "1.0", "1.0.1", "1.0.2", "1.0.3", "1.0.4", "1.0.5", "1.0.6", "1.0.7", "1.0.8", "1.1", "1.1.1", "1.1.2", "1.1.3", "1.2", "1.2.1", "1.2.2", "1.2.3", "1.3", "1.3.1", "1.3.2", "1.3.3", "1.3.4", "1.3.5", "1.3.6", "1.4", "1.4.1", "1.4.2", "1.4.3", "1.4.4", "1.4.5", "1.4.6", "1.4.7", "1.4.8", "1.4.9", "1.5", "1.5.1", "1.5.2", "1.5.3", "1.5.4", "1.5.5", "1.5.6", "1.6.1", "1.6.2", "1.6.3", "1.6.4", "1.6.5", "1.6.6", "1.6.7", "1.7.0", "1.7.1", "1.7.2", "1.7.3", "1.7.4", "1.7.5", "1.7.6", "1.7.7", "1.7.8", "1.7.9", "1.8.0", "1.8.1", "1.8.2", "1.8.3", "1.8.4", "1.8.5", "2.0.0", "2.0.1", "2.1.0", "2.1.1", "2.1.2", "2.2.0", "2.2.1", "2.2.2", "2.3.0", "2.3.1", "2.4.0", "2.4.1", "2.4.2", "2.4.3", "2.4.4", "3.0.0", "3.0.1", "3.0.2", "3.0.3"]}], "specifier": null}, {"extra": ["docs"], "extras": [], "marker": "extra == \"docs\"", "marker_evaluated": "python_version >= \"0.0\"", "marker_evaluation_error": null, "marker_evaluation_result": true, "normalized_package_name": "sphinxcontrib-asyncio", "package_name": "sphinxcontrib-asyncio", "resolved_versions": [{"index": "https://pypi.org/simple", "versions": ["0.0.1", "0.1.0", "0.1.1", "0.2.0"]}], "specifier": null}, {"extra": ["docs"], "extras": [], "marker": "extra == \"docs\"", "marker_evaluated": "python_version >= \"0.0\"", "marker_evaluation_error": null, "marker_evaluation_result": true, "normalized_package_name": "twisted", "package_name": "twisted", "resolved_versions": [{"index": "https://pypi.org/simple", "versions": ["1.0.1", "1.0.3", "1.0.4", "1.0.5", "1.0.6", "1.0.7", "1.1.0", "1.1.1", "1.2.0", "10.0.0", "10.1.0", "10.2.0", "11.0.0", "11.1.0", "12.0.0", "12.1.0", "12.2.0", "12.3.0", "13.0.0", "13.1.0", "13.2.0", "14.0.0", "14.0.1", "14.0.2", "15.0.0", "15.1.0", "15.2.0", "15.2.1", "15.3.0", "15.4.0", "15.5.0", "16.0.0", "16.1.0", "16.1.1", "16.2.0", "16.3.0", "16.3.1", "16.3.2", "16.4.0", "16.4.1", "16.5.0", "16.6.0", "17.1.0", "17.5.0", "17.9.0", "18.4.0", "18.7.0", "18.9.0", "19.10.0", "19.2.0", "19.2.1", "19.7.0", "2.1.0", "2.4.0", "2.5.0", "20.3.0", "8.0.0", "8.0.1", "8.1.0", "8.2.0", "9.0.0"]}], "specifier": null}, {"extra": ["tests"], "extras": [], "marker": "extra == \"tests\"", "marker_evaluated": "python_version >= \"0.0\"", "marker_evaluation_error": null, "marker_evaluation_result": true, "normalized_package_name": "coverage", "package_name": "coverage", "resolved_versions": [{"index": "https://pypi.org/simple", "versions": ["2.5", "2.6", "2.75", "2.76", "2.77", "2.78", "2.8", "2.80", "2.85", "3.0", "3.0.1", "3.1", "3.2", "3.3", "3.3.1", "3.4", "3.5", "3.5.1", "3.5.2", "3.5.3", "3.6", "3.7", "3.7.1", "4.0", "4.0.1", "4.0.2", "4.0.3", "4.1", "4.2", "4.3", "4.3.1", "4.3.2", "4.3.3", "4.3.4", "4.4", "4.4.1", "4.4.2", "4.5", "4.5.1", "4.5.2", "4.5.3", "4.5.4", "5.0", "5.0.1", "5.0.2", "5.0.3", "5.0.4", "5.1"]}], "specifier": null}, {"extra": ["tests"], "extras": [], "marker": "extra == \"tests\"", "marker_evaluated": "python_version >= \"0.0\"", "marker_evaluation_error": null, "marker_evaluation_result": true, "normalized_package_name": "pytest", "package_name": "pytest", "resolved_versions": [{"index": "https://pypi.org/simple", "versions": ["2.0.0", "2.0.1", "2.0.2", "2.0.3", "2.1.0", "2.1.1", "2.1.2", "2.1.3", "2.2.0", "2.2.1", "2.2.2", "2.2.3", "2.2.4", "2.3.0", "2.3.1", "2.3.2", "2.3.3", "2.3.4", "2.3.5", "2.4.0", "2.4.1", "2.4.2", "2.5.0", "2.5.1", "2.5.2", "2.6.0", "2.6.1", "2.6.2", "2.6.3", "2.6.4", "2.7.0", "2.7.1", "2.7.2", "2.7.3", "2.8.0", "2.8.1", "2.8.2", "2.8.3", "2.8.4", "2.8.5", "2.8.6", "2.8.7", "2.9.0", "2.9.1", "2.9.2", "3.0.0", "3.0.1", "3.0.2", "3.0.3", "3.0.4", "3.0.5", "3.0.6", "3.0.7", "3.1.0", "3.1.1", "3.1.2", "3.1.3", "3.10.0", "3.10.1", "3.2.0", "3.2.1", "3.2.2", "3.2.3", "3.2.4", "3.2.5", "3.3.0", "3.3.1", "3.3.2", "3.4.0", "3.4.1", "3.4.2", "3.5.0", "3.5.1", "3.6.0", "3.6.1", "3.6.2", "3.6.3", "3.6.4", "3.7.0", "3.7.1", "3.7.2", "3.7.3", "3.7.4", "3.8.0", "3.8.1", "3.8.2", "3.9.1", "3.9.2", "3.9.3", "4.0.0", "4.0.1", "4.0.2", "4.1.0", "4.1.1", "4.2.0", "4.2.1", "4.3.0", "4.3.1", "4.4.0", "4.4.1", "4.4.2", "4.5.0", "4.6.0", "4.6.1", "4.6.10", "4.6.2", "4.6.3", "4.6.4", "4.6.5", "4.6.6", "4.6.7", "4.6.8", "4.6.9", "5.0.0", "5.0.1", "5.1.0", "5.1.1", "5.1.2", "5.1.3", "5.2.0", "5.2.1", "5.2.2", "5.2.3", "5.2.4", "5.3.0", "5.3.1", "5.3.2", "5.3.3", "5.3.4", "5.3.5", "5.4.0", "5.4.1", "5.4.2"]}], "specifier": null}, {"extra": ["tests"], "extras": [], "marker": "python_version >= \"3.5\" and extra == \"tests\"", "marker_evaluated": "python_version >= \"3.5\" and python_version >= \"0.0\"", "marker_evaluation_error": null, "marker_evaluation_result": true, "normalized_package_name": "pytest-asyncio", "package_name": "pytest-asyncio", "resolved_versions": [{"index": "https://pypi.org/simple", "versions": ["0.1", "0.1.1", "0.1.2", "0.1.3", "0.10.0", "0.11.0", "0.12.0", "0.2.0", "0.3.0", "0.4.1", "0.5.0", "0.6.0", "0.7.0", "0.8.0", "0.9.0"]}], "specifier": null}, {"extra": ["twisted"], "extras": [], "marker": "extra == \"twisted\"", "marker_evaluated": "python_version >= \"0.0\"", "marker_evaluation_error": null, "marker_evaluation_result": true, "normalized_package_name": "twisted", "package_name": "twisted", "resolved_versions": [{"index": "https://pypi.org/simple", "versions": ["1.0.1", "1.0.3", "1.0.4", "1.0.5", "1.0.6", "1.0.7", "1.1.0", "1.1.1", "1.2.0", "10.0.0", "10.1.0", "10.2.0", "11.0.0", "11.1.0", "12.0.0", "12.1.0", "12.2.0", "12.3.0", "13.0.0", "13.1.0", "13.2.0", "14.0.0", "14.0.1", "14.0.2", "15.0.0", "15.1.0", "15.2.0", "15.2.1", "15.3.0", "15.4.0", "15.5.0", "16.0.0", "16.1.0", "16.1.1", "16.2.0", "16.3.0", "16.3.1", "16.3.2", "16.4.0", "16.4.1", "16.5.0", "16.6.0", "17.1.0", "17.5.0", "17.9.0", "18.4.0", "18.7.0", "18.9.0", "19.10.0", "19.2.0", "19.2.1", "19.7.0", "2.1.0", "2.4.0", "2.5.0", "20.3.0", "8.0.0", "8.0.1", "8.1.0", "8.2.0", "9.0.0"]}], "specifier": null}], "importlib_metadata": {"entry_points": [], "files": [{"hash": {"mode": "sha256", "value": "zuuue4knoyJ-UwPPXg8fezS7VCrXJQrAP7zeNuwvFQg"}, "path": "prometheus_async-18.2.0.dist-info/INSTALLER", "size": 4}, {"hash": {"mode": "sha256", "value": "xazLvYVG6Uw0rtJK_miaYXYn0Y7tWmxIJ35I21fCOFE"}, "path": "prometheus_async-18.2.0.dist-info/LICENSE.txt", "size": 11356}, {"hash": {"mode": "sha256", "value": "IXsoJQ_1wacXDyZtX7L0ePjix571twqFEg7PyBzORCA"}, "path": "prometheus_async-18.2.0.dist-info/METADATA", "size": 5603}, {"hash": null, "path": "prometheus_async-18.2.0.dist-info/RECORD", "size": null}, {"hash": {"mode": "sha256", "value": "gduuPyBvFJQSQ0zdyxF7k0zynDXbIbvg5ZBHoXum5uk"}, "path": "prometheus_async-18.2.0.dist-info/WHEEL", "size": 110}, {"hash": {"mode": "sha256", "value": "KWq1XxEc6YkVEtN6k-fNvdM3i4tBeVeNC75RyYd0Kig"}, "path": "prometheus_async-18.2.0.dist-info/top_level.txt", "size": 17}, {"hash": {"mode": "sha256", "value": "Ll181PlezggEJ_L1g5EE1ssxF2Vc7xaWwN5r2AVRt4Y"}, "path": "prometheus_async/__init__.py", "size": 1302}, {"hash": null, "path": "prometheus_async/__pycache__/__init__.cpython-37.pyc", "size": null}, {"hash": null, "path": "prometheus_async/__pycache__/_utils.cpython-37.pyc", "size": null}, {"hash": {"mode": "sha256", "value": "TSFHpbLu-maxwdH8g_g9KqvkiAvW6fiF8MMI640pJxI"}, "path": "prometheus_async/_utils.py", "size": 922}, {"hash": {"mode": "sha256", "value": "Ptb9AUAs0xJ5pkpd_x5yPZ65CvNJr8OLaOJgUQjzLVg"}, "path": "prometheus_async/aio/__init__.py", "size": 782}, {"hash": null, "path": "prometheus_async/aio/__pycache__/__init__.cpython-37.pyc", "size": null}, {"hash": null, "path": "prometheus_async/aio/__pycache__/_decorators.cpython-37.pyc", "size": null}, {"hash": null, "path": "prometheus_async/aio/__pycache__/sd.cpython-37.pyc", "size": null}, {"hash": null, "path": "prometheus_async/aio/__pycache__/web.cpython-37.pyc", "size": null}, {"hash": {"mode": "sha256", "value": "Cu0V54uKl9MCcgyH-HiYYZnTu7ncqI1x_McKqg1-Z-w"}, "path": "prometheus_async/aio/_decorators.py", "size": 3086}, {"hash": {"mode": "sha256", "value": "qhO5O4wt31ztzrejPwJipjuFgbksM9t4CjFG7bKysHk"}, "path": "prometheus_async/aio/sd.py", "size": 3897}, {"hash": {"mode": "sha256", "value": "na53K_5xmeriD40i23ugvG2yUegzLfy8RnXPVsoPzAE"}, "path": "prometheus_async/aio/web.py", "size": 7170}, {"hash": {"mode": "sha256", "value": "7x1ns5bX1TDG1sLXxPPA58RK7pfgxFSTGaGWWPBgk1s"}, "path": "prometheus_async/tx/__init__.py", "size": 747}, {"hash": null, "path": "prometheus_async/tx/__pycache__/__init__.cpython-37.pyc", "size": null}, {"hash": null, "path": "prometheus_async/tx/__pycache__/_decorators.cpython-37.pyc", "size": null}, {"hash": {"mode": "sha256", "value": "GVqObXJoUqUB-_7UzDfr2ep-TBgNwCXEbXkkpigJoe0"}, "path": "prometheus_async/tx/_decorators.py", "size": 3094}], "metadata": {"Author": "Hynek Schlawack", "Author-email": "hs@ox.cx", "Classifier": ["Development Status :: 5 - Production/Stable", "Intended Audience :: Developers", "License :: OSI Approved :: Apache Software License", "Natural Language :: English", "Operating System :: OS Independent", "Programming Language :: Python :: 2", "Programming Language :: Python :: 2.7", "Programming Language :: Python :: 3", "Programming Language :: Python :: 3.5", "Programming Language :: Python :: 3.6", "Programming Language :: Python :: 3.7", "Programming Language :: Python", "Topic :: Software Development :: Libraries :: Python Modules"], "Home-page": "https://prometheus-async.readthedocs.io/", "Keywords": "metrics,prometheus,twisted,asyncio", "License": "Apache License, Version 2.0", "Maintainer": "Hynek Schlawack", "Maintainer-email": "hs@ox.cx", "Metadata-Version": "2.1", "Name": "prometheus-async", "Platform": ["UNKNOWN"], "Provides-Extra": ["aiohttp", "docs", "dev", "tests", "consul", "twisted", "aiohttp", "consul", "dev", "dev", "docs", "tests", "tests", "twisted"], "Requires-Dist": ["attrs", "prometheus-client", "six", "wrapt", "monotonic; python_version <= \"3.5\"", "aiohttp (>=3); extra == 'aiohttp'", "aiohttp (>=3); extra == 'consul'", "aiohttp (>=3); extra == 'dev'", "aiohttp (>=3); extra == 'dev'", "twisted; extra == 'dev'", "aiohttp; extra == 'dev'", "sphinx; extra == 'dev'", "sphinxcontrib-asyncio; extra == 'dev'", "twisted; extra == 'dev'", "coverage; extra == 'dev'", "pytest; extra == 'dev'", "pytest-twisted; extra == 'dev'", "pytest-asyncio; (python_version >= \"3.5\") and extra == 'dev'", "aiohttp; extra == 'docs'", "sphinx; extra == 'docs'", "sphinxcontrib-asyncio; extra == 'docs'", "twisted; extra == 'docs'", "coverage; extra == 'tests'", "pytest; extra == 'tests'", "pytest-asyncio; (python_version >= \"3.5\") and extra == 'tests'", "twisted; extra == 'twisted'"], "Requires-Python": ">=2.7, !=3.0, !=3.1, !=3.2, !=3.3, !=3.4", "Summary": "Async helpers for prometheus_client.", "Version": "18.2.0"}, "requires": ["attrs", "prometheus-client", "six", "wrapt", "monotonic; python_version <= \"3.5\"", "aiohttp (>=3); extra == 'aiohttp'", "aiohttp (>=3); extra == 'consul'", "aiohttp (>=3); extra == 'dev'", "aiohttp (>=3); extra == 'dev'", "twisted; extra == 'dev'", "aiohttp; extra == 'dev'", "sphinx; extra == 'dev'", "sphinxcontrib-asyncio; extra == 'dev'", "twisted; extra == 'dev'", "coverage; extra == 'dev'", "pytest; extra == 'dev'", "pytest-twisted; extra == 'dev'", "pytest-asyncio; (python_version >= \"3.5\") and extra == 'dev'", "aiohttp; extra == 'docs'", "sphinx; extra == 'docs'", "sphinxcontrib-asyncio; extra == 'docs'", "twisted; extra == 'docs'", "coverage; extra == 'tests'", "pytest; extra == 'tests'", "pytest-asyncio; (python_version >= \"3.5\") and extra == 'tests'", "twisted; extra == 'twisted'"], "version": "18.2.0"}, "index_url": "https://pypi.org/simple", "package_name": "prometheus-async", "package_version": "18.2.0", "package_version_requested": "18.2.0", "sha256": ["f34dcf486c5528b80463ab7b237b36925d36893a29f27db9fbf6353de2d57a25", "e7c16eda560d80fb0faa525dce23f5d917d7818b58a0492d87ba2a4473c6195d"]}], "unparsed": [], "unresolved": []}}