{"metadata": {"analyzer": "thoth-solver", "analyzer_version": "1.4.1", "arguments": {"python": {"exclude_packages": null, "index": "https://pypi.org/simple", "no_pretty": false, "no_transitive": true, "output": "http://result-api/api/v1/solver-result", "requirements": "distributed==2.2.0", "virtualenv": "/home/solver/venv"}, "thoth-solver": {"verbose": false}}, "datetime": "2019-12-26T16:35:21.074914", "distribution": {"codename": "", "id": "fedora", "like": "", "version": "31", "version_parts": {"build_number": "", "major": "31", "minor": ""}}, "document_id": "solver-fedora-31-py37-024a33ac", "duration": 4, "hostname": "solver-fedora-31-py37-024a33ac-n72bs", "os_release": {"id": "fedora", "name": "Fedora", "platform_id": "platform:f31", "redhat_bugzilla_product": "Fedora", "redhat_bugzilla_product_version": "31", "redhat_support_product": "Fedora", "redhat_support_product_version": "31", "variant_id": "container", "version": "31 (Container Image)", "version_id": "31"}, "python": {"api_version": 1013, "implementation_name": "cpython", "major": 3, "micro": 5, "minor": 7, "releaselevel": "final", "serial": 0}, "thoth_deployment_name": "thoth-psi-stage", "timestamp": 1577378121}, "result": {"environment": {"implementation_name": "cpython", "implementation_version": "3.7.5", "os_name": "posix", "platform_machine": "x86_64", "platform_python_implementation": "CPython", "platform_release": "3.10.0-957.21.2.el7.x86_64", "platform_system": "Linux", "platform_version": "#1 SMP Tue May 28 09:26:43 UTC 2019", "python_full_version": "3.7.5", "python_version": "3.7", "sys_platform": "linux"}, "environment_packages": [{"package_name": "pipdeptree", "package_version": "0.13.2"}], "errors": [], "tree": [{"dependencies": [{"extra": [], "extras": [], "marker": null, "marker_evaluated": null, "marker_evaluation_error": null, "marker_evaluation_result": true, "normalized_package_name": "click", "package_name": "click", "resolved_versions": [{"index": "https://pypi.org/simple", "versions": ["6.6", "6.7", "7.0"]}], "specifier": ">=6.6"}, {"extra": [], "extras": [], "marker": null, "marker_evaluated": null, "marker_evaluation_error": null, "marker_evaluation_result": true, "normalized_package_name": "cloudpickle", "package_name": "cloudpickle", "resolved_versions": [{"index": "https://pypi.org/simple", "versions": ["0.2.2", "0.3.0", "0.3.1", "0.4.0", "0.4.1", "0.4.2", "0.4.3", "0.4.4", "0.5.0", "0.5.1", "0.5.2", "0.5.3", "0.5.4", "0.5.5", "0.5.6", "0.6.0", "0.6.1", "0.7.0", "0.8.0", "0.8.1", "1.0.0", "1.1.1", "1.2.0", "1.2.1", "1.2.2"]}], "specifier": ">=0.2.2"}, {"extra": [], "extras": [], "marker": null, "marker_evaluated": null, "marker_evaluation_error": null, "marker_evaluation_result": true, "normalized_package_name": "dask", "package_name": "dask", "resolved_versions": [{"index": "https://pypi.org/simple", "versions": ["2.0.0", "2.1.0", "2.2.0", "2.3.0", "2.4.0", "2.5.0", "2.5.2", "2.6.0", "2.7.0", "2.8.0", "2.8.1", "2.9.0"]}], "specifier": ">=2"}, {"extra": [], "extras": [], "marker": null, "marker_evaluated": null, "marker_evaluation_error": null, "marker_evaluation_result": true, "normalized_package_name": "msgpack", "package_name": "msgpack", "resolved_versions": [{"index": "https://pypi.org/simple", "versions": ["0.5.0", "0.5.1", "0.5.2", "0.5.3", "0.5.4", "0.5.5", "0.5.6", "0.6.0", "0.6.1", "0.6.2"]}], "specifier": null}, {"extra": [], "extras": [], "marker": null, "marker_evaluated": null, "marker_evaluation_error": null, "marker_evaluation_result": true, "normalized_package_name": "psutil", "package_name": "psutil", "resolved_versions": [{"index": "https://pypi.org/simple", "versions": ["5.0.0", "5.0.1", "5.1.0", "5.1.1", "5.1.2", "5.1.3", "5.2.0", "5.2.1", "5.2.2", "5.3.0", "5.3.1", "5.4.0", "5.4.1", "5.4.2", "5.4.3", "5.4.4", "5.4.5", "5.4.6", "5.4.7", "5.4.8", "5.5.0", "5.5.1", "5.6.0", "5.6.1", "5.6.2", "5.6.3", "5.6.4", "5.6.5", "5.6.6", "5.6.7"]}], "specifier": ">=5.0"}, {"extra": [], "extras": [], "marker": null, "marker_evaluated": null, "marker_evaluation_error": null, "marker_evaluation_result": true, "normalized_package_name": "six", "package_name": "six", "resolved_versions": [{"index": "https://pypi.org/simple", "versions": ["0.9.0", "0.9.1", "0.9.2", "1.0.0", "1.1.0", "1.10.0", "1.11.0", "1.12.0", "1.13.0", "1.2.0", "1.3.0", "1.4.0", "1.4.1", "1.5.0", "1.5.1", "1.5.2", "1.6.0", "1.6.1", "1.7.0", "1.7.1", "1.7.2", "1.7.3", "1.8.0", "1.9.0"]}], "specifier": null}, {"extra": [], "extras": [], "marker": null, "marker_evaluated": null, "marker_evaluation_error": null, "marker_evaluation_result": true, "normalized_package_name": "sortedcontainers", "package_name": "sortedcontainers", "resolved_versions": [{"index": "https://pypi.org/simple", "versions": ["0.5.0", "0.6.0", "0.7.0", "0.8.0", "0.8.1", "0.8.2", "0.8.3", "0.8.4", "0.8.5", "0.9.0", "0.9.1", "0.9.2", "0.9.3", "0.9.4", "0.9.5", "0.9.6", "1.4.2", "1.4.3", "1.4.4", "1.5.1", "1.5.10", "1.5.2", "1.5.3", "1.5.4", "1.5.5", "1.5.6", "1.5.7", "1.5.9", "2.0.2", "2.0.3", "2.0.4", "2.0.5", "2.1.0"]}], "specifier": "!=2.0.0,!=2.0.1"}, {"extra": [], "extras": [], "marker": null, "marker_evaluated": null, "marker_evaluation_error": null, "marker_evaluation_result": true, "normalized_package_name": "tblib", "package_name": "tblib", "resolved_versions": [{"index": "https://pypi.org/simple", "versions": ["0.0.1", "0.1", "0.1.0", "0.2.0", "1.0.0", "1.0.1", "1.1.0", "1.2.0", "1.3.0", "1.3.1", "1.3.2", "1.4.0", "1.5.0", "1.6.0"]}], "specifier": null}, {"extra": [], "extras": [], "marker": null, "marker_evaluated": null, "marker_evaluation_error": null, "marker_evaluation_result": true, "normalized_package_name": "toolz", "package_name": "toolz", "resolved_versions": [{"index": "https://pypi.org/simple", "versions": ["0.10.0", "0.7.4", "0.8.0", "0.8.1", "0.8.2", "0.9.0"]}], "specifier": ">=0.7.4"}, {"extra": [], "extras": [], "marker": null, "marker_evaluated": null, "marker_evaluation_error": null, "marker_evaluation_result": true, "normalized_package_name": "tornado", "package_name": "tornado", "resolved_versions": [{"index": "https://pypi.org/simple", "versions": ["5.0", "5.0.1", "5.0.2", "5.1", "5.1.1", "6.0", "6.0.1", "6.0.2", "6.0.3"]}], "specifier": ">=5"}, {"extra": [], "extras": [], "marker": null, "marker_evaluated": null, "marker_evaluation_error": null, "marker_evaluation_result": true, "normalized_package_name": "zict", "package_name": "zict", "resolved_versions": [{"index": "https://pypi.org/simple", "versions": ["0.1.3", "0.1.4", "1.0.0"]}], "specifier": ">=0.1.3"}, {"extra": [], "extras": [], "marker": null, "marker_evaluated": null, "marker_evaluation_error": null, "marker_evaluation_result": true, "normalized_package_name": "pyyaml", "package_name": "pyyaml", "resolved_versions": [{"index": "https://pypi.org/simple", "versions": ["3.01", "3.02", "3.03", "3.04", "3.05", "3.06", "3.07", "3.08", "3.09", "3.10", "3.11", "3.12", "3.13", "5.1", "5.1.1", "5.1.2", "5.2"]}], "specifier": null}], "importlib_metadata": {"entry_points": [{"group": "console_scripts", "name": "dask-ssh", "value": "distributed.cli.dask_ssh:go"}, {"group": "console_scripts", "name": "dask-submit", "value": "distributed.cli.dask_submit:go"}, {"group": "console_scripts", "name": "dask-remote", "value": "distributed.cli.dask_remote:go"}, {"group": "console_scripts", "name": "dask-scheduler", "value": "distributed.cli.dask_scheduler:go"}, {"group": "console_scripts", "name": "dask-worker", "value": "distributed.cli.dask_worker:go"}], "files": [{"hash": {"mode": "sha256", "value": "dy7thvRVHq6PknZo9Nh44r9uW7V_USQ4Oxr02dxsuco"}, "path": "../../../bin/dask-remote", "size": 235}, {"hash": {"mode": "sha256", "value": "4XnVT7AbuHs-BVwM5_PNZoj7CfhG5iF8YdZ8Yzg68rk"}, "path": "../../../bin/dask-scheduler", "size": 238}, {"hash": {"mode": "sha256", "value": "x5JnFitj0WWvqSuEqpxOR7QW7170EyuaXsoSF5lAxGU"}, "path": "../../../bin/dask-ssh", "size": 232}, {"hash": {"mode": "sha256", "value": "wrcT-1pNj2VtHhlNwovZsh6dqXxqIJ0KYhGyVbfrznw"}, "path": "../../../bin/dask-submit", "size": 235}, {"hash": {"mode": "sha256", "value": "TR_BQx8E12mu4IvGS8BBHUY0Kvt4cmkPtU_teWFgeDo"}, "path": "../../../bin/dask-worker", "size": 235}, {"hash": {"mode": "sha256", "value": "XmI4PJbbPFHbeTgvHhFjm2vsnTsI3hBM0PgPZbc0zUc"}, "path": "distributed-2.2.0.dist-info/AUTHORS.md", "size": 104}, {"hash": {"mode": "sha256", "value": "zuuue4knoyJ-UwPPXg8fezS7VCrXJQrAP7zeNuwvFQg"}, "path": "distributed-2.2.0.dist-info/INSTALLER", "size": 4}, {"hash": {"mode": "sha256", "value": "5Hzk-y4B32MaIVT-o6XNaab4psijVAWN2PgZYqK2fuo"}, "path": "distributed-2.2.0.dist-info/LICENSE.txt", "size": 1488}, {"hash": {"mode": "sha256", "value": "IAWzpnlGPCxOsASoX2OMuxYv3TuwHSfs3zK0NpHvokk"}, "path": "distributed-2.2.0.dist-info/METADATA", "size": 1310}, {"hash": null, "path": "distributed-2.2.0.dist-info/RECORD", "size": null}, {"hash": {"mode": "sha256", "value": "_NOXIqFgOaYmlm9RJLPQZ13BJuEIrp5jx5ptRD5uh3Y"}, "path": "distributed-2.2.0.dist-info/WHEEL", "size": 92}, {"hash": {"mode": "sha256", "value": "_CKn_FdouQ-JJ-u6_KPS9bZiQfOpF93XPZiZItreLkc"}, "path": "distributed-2.2.0.dist-info/entry_points.txt", "size": 288}, {"hash": {"mode": "sha256", "value": "99SxO5dWJJUqvBkQVStoWc7O-OjXw0P1o-JUiFKzvrI"}, "path": "distributed-2.2.0.dist-info/top_level.txt", "size": 12}, {"hash": {"mode": "sha256", "value": "UY1XRVXDNdI0us0F3T5fADHxFGCItn5dLvISaoyhNRA"}, "path": "distributed/__init__.py", "size": 968}, {"hash": null, "path": "distributed/__pycache__/__init__.cpython-37.pyc", "size": null}, {"hash": null, "path": "distributed/__pycache__/_concurrent_futures_thread.cpython-37.pyc", "size": null}, {"hash": null, "path": "distributed/__pycache__/_ipython_utils.cpython-37.pyc", "size": null}, {"hash": null, "path": "distributed/__pycache__/_version.cpython-37.pyc", "size": null}, {"hash": null, "path": "distributed/__pycache__/actor.cpython-37.pyc", "size": null}, {"hash": null, "path": "distributed/__pycache__/asyncio.cpython-37.pyc", "size": null}, {"hash": null, "path": "distributed/__pycache__/batched.cpython-37.pyc", "size": null}, {"hash": null, "path": "distributed/__pycache__/bokeh.cpython-37.pyc", "size": null}, {"hash": null, "path": "distributed/__pycache__/cfexecutor.cpython-37.pyc", "size": null}, {"hash": null, "path": "distributed/__pycache__/client.cpython-37.pyc", "size": null}, {"hash": null, "path": "distributed/__pycache__/compatibility.cpython-37.pyc", "size": null}, {"hash": null, "path": "distributed/__pycache__/config.cpython-37.pyc", "size": null}, {"hash": null, "path": "distributed/__pycache__/core.cpython-37.pyc", "size": null}, {"hash": null, "path": "distributed/__pycache__/counter.cpython-37.pyc", "size": null}, {"hash": null, "path": "distributed/__pycache__/diskutils.cpython-37.pyc", "size": null}, {"hash": null, "path": "distributed/__pycache__/joblib.cpython-37.pyc", "size": null}, {"hash": null, "path": "distributed/__pycache__/lock.cpython-37.pyc", "size": null}, {"hash": null, "path": "distributed/__pycache__/locket.cpython-37.pyc", "size": null}, {"hash": null, "path": "distributed/__pycache__/metrics.cpython-37.pyc", "size": null}, {"hash": null, "path": "distributed/__pycache__/nanny.cpython-37.pyc", "size": null}, {"hash": null, "path": "distributed/__pycache__/node.cpython-37.pyc", "size": null}, {"hash": null, "path": "distributed/__pycache__/preloading.cpython-37.pyc", "size": null}, {"hash": null, "path": "distributed/__pycache__/process.cpython-37.pyc", "size": null}, {"hash": null, "path": "distributed/__pycache__/proctitle.cpython-37.pyc", "size": null}, {"hash": null, "path": "distributed/__pycache__/profile.cpython-37.pyc", "size": null}, {"hash": null, "path": "distributed/__pycache__/publish.cpython-37.pyc", "size": null}, {"hash": null, "path": "distributed/__pycache__/pubsub.cpython-37.pyc", "size": null}, {"hash": null, "path": "distributed/__pycache__/pytest_resourceleaks.cpython-37.pyc", "size": null}, {"hash": null, "path": "distributed/__pycache__/queues.cpython-37.pyc", "size": null}, {"hash": null, "path": "distributed/__pycache__/recreate_exceptions.cpython-37.pyc", "size": null}, {"hash": null, "path": "distributed/__pycache__/scheduler.cpython-37.pyc", "size": null}, {"hash": null, "path": "distributed/__pycache__/security.cpython-37.pyc", "size": null}, {"hash": null, "path": "distributed/__pycache__/sizeof.cpython-37.pyc", "size": null}, {"hash": null, "path": "distributed/__pycache__/stealing.cpython-37.pyc", "size": null}, {"hash": null, "path": "distributed/__pycache__/submit.cpython-37.pyc", "size": null}, {"hash": null, "path": "distributed/__pycache__/system_monitor.cpython-37.pyc", "size": null}, {"hash": null, "path": "distributed/__pycache__/threadpoolexecutor.cpython-37.pyc", "size": null}, {"hash": null, "path": "distributed/__pycache__/utils.cpython-37.pyc", "size": null}, {"hash": null, "path": "distributed/__pycache__/utils_comm.cpython-37.pyc", "size": null}, {"hash": null, "path": "distributed/__pycache__/utils_perf.cpython-37.pyc", "size": null}, {"hash": null, "path": "distributed/__pycache__/utils_test.cpython-37.pyc", "size": null}, {"hash": null, "path": "distributed/__pycache__/variable.cpython-37.pyc", "size": null}, {"hash": null, "path": "distributed/__pycache__/versions.cpython-37.pyc", "size": null}, {"hash": null, "path": "distributed/__pycache__/worker.cpython-37.pyc", "size": null}, {"hash": null, "path": "distributed/__pycache__/worker_client.cpython-37.pyc", "size": null}, {"hash": {"mode": "sha256", "value": "45AFzSWQEOEeimrA0Y-SkNNxYa9j0Ea7ftSF7PxF3fA"}, "path": "distributed/_concurrent_futures_thread.py", "size": 5453}, {"hash": {"mode": "sha256", "value": "_Y90JU_gSjIx6xmUn6BOXhzcLmCwGK9p1Vfvp2rHFw4"}, "path": "distributed/_ipython_utils.py", "size": 7865}, {"hash": {"mode": "sha256", "value": "vTwjaj6CvWxE9mPBAAyTibbkGbXRXqJgh0-CtsIL-wA"}, "path": "distributed/_version.py", "size": 497}, {"hash": {"mode": "sha256", "value": "uYEOT8yWV2jedWsucVD_uAUgjhmD18DrB_hFmd47Tpg"}, "path": "distributed/actor.py", "size": 6664}, {"hash": {"mode": "sha256", "value": "aPIbUKd_K9qbLFBJTXOSQulPomLBBBG-md77gkTMZqE"}, "path": "distributed/asyncio.py", "size": 375}, {"hash": {"mode": "sha256", "value": "bNfzlHJzSoRS76Ea7yHrBSsPQIS-4oKKiSnsrZCaMUU"}, "path": "distributed/batched.py", "size": 4677}, {"hash": {"mode": "sha256", "value": "YgRNpgoAaUIgF38e1L2A3g-k7-RzTh5kJqQj2RjWios"}, "path": "distributed/bokeh.py", "size": 85}, {"hash": {"mode": "sha256", "value": "ZQEVApWVntQ4IL7TfohE4RIIjQrf5D-r5MF1fQ0ZZps"}, "path": "distributed/cfexecutor.py", "size": 5374}, {"hash": {"mode": "sha256", "value": "47DEQpj8HBSa-_TImW-5JCeuQeRkm5NMpJWZG3hSuFU"}, "path": "distributed/cli/__init__.py", "size": 0}, {"hash": null, "path": "distributed/cli/__pycache__/__init__.cpython-37.pyc", "size": null}, {"hash": null, "path": "distributed/cli/__pycache__/dask_remote.cpython-37.pyc", "size": null}, {"hash": null, "path": "distributed/cli/__pycache__/dask_scheduler.cpython-37.pyc", "size": null}, {"hash": null, "path": "distributed/cli/__pycache__/dask_ssh.cpython-37.pyc", "size": null}, {"hash": null, "path": "distributed/cli/__pycache__/dask_submit.cpython-37.pyc", "size": null}, {"hash": null, "path": "distributed/cli/__pycache__/dask_worker.cpython-37.pyc", "size": null}, {"hash": null, "path": "distributed/cli/__pycache__/utils.cpython-37.pyc", "size": null}, {"hash": {"mode": "sha256", "value": "T2CoHZoa2cwTrUoqAThp9_0eHv2O-Qu5aKMkfvQPNAw"}, "path": "distributed/cli/dask_remote.py", "size": 513}, {"hash": {"mode": "sha256", "value": "95gzadnciGHL0R2eKLKKio1tJvemBaHXfKhi84PbBRs"}, "path": "distributed/cli/dask_scheduler.py", "size": 6429}, {"hash": {"mode": "sha256", "value": "vI1qolEqMZXtItPuXMbqiPni9pejRpmX3FLuFX-rtSQ"}, "path": "distributed/cli/dask_ssh.py", "size": 4996}, {"hash": {"mode": "sha256", "value": "yuNyvzSUAgQyvoZhsb0cVHnN5OcjhRx9yoCxfzT5AoY"}, "path": "distributed/cli/dask_submit.py", "size": 773}, {"hash": {"mode": "sha256", "value": "4NlQv8TlNsfo2PH_OIXNjGLCD46ETj1QhItWoKcDlzA"}, "path": "distributed/cli/dask_worker.py", "size": 11099}, {"hash": null, "path": "distributed/cli/tests/__pycache__/test_dask_remote.cpython-37.pyc", "size": null}, {"hash": null, "path": "distributed/cli/tests/__pycache__/test_dask_scheduler.cpython-37.pyc", "size": null}, {"hash": null, "path": "distributed/cli/tests/__pycache__/test_dask_ssh.cpython-37.pyc", "size": null}, {"hash": null, "path": "distributed/cli/tests/__pycache__/test_dask_submit.cpython-37.pyc", "size": null}, {"hash": null, "path": "distributed/cli/tests/__pycache__/test_dask_worker.cpython-37.pyc", "size": null}, {"hash": null, "path": "distributed/cli/tests/__pycache__/test_tls_cli.cpython-37.pyc", "size": null}, {"hash": {"mode": "sha256", "value": "6lG5QRw6_HSsKEDE3ccEycl3g1mDcD88BVIbzkE7yAs"}, "path": "distributed/cli/tests/test_dask_remote.py", "size": 421}, {"hash": {"mode": "sha256", "value": "z61VLIgYZTykeOGGBlQyb0Ytz4NymcQUPWYkNHWVQlY"}, "path": "distributed/cli/tests/test_dask_scheduler.py", "size": 11919}, {"hash": {"mode": "sha256", "value": "Jpb_v4g37l7Hpm8hu-Pmy55w6i6Ye4YLjA7VLbNd2KM"}, "path": "distributed/cli/tests/test_dask_ssh.py", "size": 213}, {"hash": {"mode": "sha256", "value": "1kpsB-PBWYg2ZxujuJiIYvi0zIrO1K3WvxGzff3cCQs"}, "path": "distributed/cli/tests/test_dask_submit.py", "size": 437}, {"hash": {"mode": "sha256", "value": "plV9YMYpdy8z9Yb41eLCnkvoMFrWDNAEs6KG3d0m-Aw"}, "path": "distributed/cli/tests/test_dask_worker.py", "size": 11384}, {"hash": {"mode": "sha256", "value": "YPPVjnhhN4oyy7cHjUSq6oARoFasjtHHrhHXeR3XDCY"}, "path": "distributed/cli/tests/test_tls_cli.py", "size": 2249}, {"hash": {"mode": "sha256", "value": "RSYyiXRD6Eq9f_YUr-JCl8tDS1j8un9PMlG4pER1qKM"}, "path": "distributed/cli/utils.py", "size": 1977}, {"hash": {"mode": "sha256", "value": "lXJMebhuHFM84kd73g89wzJHpF6Ifg6tztIhCk-A2BM"}, "path": "distributed/client.py", "size": 150157}, {"hash": {"mode": "sha256", "value": "-44BIli75BHIr-f7E0ryaaJ1C_qFkJ9VuKkpQCWA0y8"}, "path": "distributed/comm/__init__.py", "size": 464}, {"hash": null, "path": "distributed/comm/__pycache__/__init__.cpython-37.pyc", "size": null}, {"hash": null, "path": "distributed/comm/__pycache__/addressing.cpython-37.pyc", "size": null}, {"hash": null, "path": "distributed/comm/__pycache__/core.cpython-37.pyc", "size": null}, {"hash": null, "path": "distributed/comm/__pycache__/inproc.cpython-37.pyc", "size": null}, {"hash": null, "path": "distributed/comm/__pycache__/registry.cpython-37.pyc", "size": null}, {"hash": null, "path": "distributed/comm/__pycache__/tcp.cpython-37.pyc", "size": null}, {"hash": null, "path": "distributed/comm/__pycache__/ucx.cpython-37.pyc", "size": null}, {"hash": null, "path": "distributed/comm/__pycache__/utils.cpython-37.pyc", "size": null}, {"hash": {"mode": "sha256", "value": "NDCcCV1JL4G4je0I5-Pwek3jBpehdrnMWTi58FOO5RA"}, "path": "distributed/comm/addressing.py", "size": 6933}, {"hash": {"mode": "sha256", "value": "Obat4MRZuHcg9se88S00e_qJiV7Ot3-rA133w-18TNA"}, "path": "distributed/comm/core.py", "size": 7152}, {"hash": {"mode": "sha256", "value": "UhQ-COedtH52XpNxf9J4AnnLMczCx95dVJMjXEScrBI"}, "path": "distributed/comm/inproc.py", "size": 9387}, {"hash": {"mode": "sha256", "value": "hldmLUZ__lQ3CEiGDkYEpYs1Vv3Vt7eNCj9IBAMYTTQ"}, "path": "distributed/comm/registry.py", "size": 1764}, {"hash": {"mode": "sha256", "value": "s9KTovPa2iKmOawZp6UGnnYcyX7jAryJZmtqwc8W-qw"}, "path": "distributed/comm/tcp.py", "size": 18042}, {"hash": {"mode": "sha256", "value": "47DEQpj8HBSa-_TImW-5JCeuQeRkm5NMpJWZG3hSuFU"}, "path": "distributed/comm/tests/__init__.py", "size": 0}, {"hash": null, "path": "distributed/comm/tests/__pycache__/__init__.cpython-37.pyc", "size": null}, {"hash": null, "path": "distributed/comm/tests/__pycache__/test_comms.cpython-37.pyc", "size": null}, {"hash": null, "path": "distributed/comm/tests/__pycache__/test_ucx.cpython-37.pyc", "size": null}, {"hash": {"mode": "sha256", "value": "hhFSr2E7Lpe-nRYVrqgxtrzQSYKF7XkqaQ-ckF-sO9I"}, "path": "distributed/comm/tests/test_comms.py", "size": 32377}, {"hash": {"mode": "sha256", "value": "2HdFWh4149ncpAK-z0BvlBSDSQa1PYbWj-n1iPegXco"}, "path": "distributed/comm/tests/test_ucx.py", "size": 8967}, {"hash": {"mode": "sha256", "value": "hRY59aiyogHm5KRopVDG3LAc6ZP_fD7RUhCQT2UlTfM"}, "path": "distributed/comm/ucx.py", "size": 9411}, {"hash": {"mode": "sha256", "value": "BM3Uliflo7eZpH1Lp-lcgWgZqyV1zTY-kCN-Xz4sebk"}, "path": "distributed/comm/utils.py", "size": 3205}, {"hash": {"mode": "sha256", "value": "1bM5CdyMDTLa5ECX2eh2tIvpRKL7BB9CkRoqBlHYYoY"}, "path": "distributed/compatibility.py", "size": 230}, {"hash": {"mode": "sha256", "value": "UnDxVeTUpjEUm0X3XZIhc0346WmQ7qJycxfj3hNU87s"}, "path": "distributed/config.py", "size": 4594}, {"hash": {"mode": "sha256", "value": "7wsTjpjVpATfORi3_fnpjEGf71Mczru0SUtQKn3ZNSU"}, "path": "distributed/core.py", "size": 32416}, {"hash": {"mode": "sha256", "value": "FgfL1h7I3VGbwC-srej9eKJTB3A2F-si5hokLCJQL-o"}, "path": "distributed/counter.py", "size": 2115}, {"hash": {"mode": "sha256", "value": "Lm_58XQGzQaakk2oJV8GEbhKo0K--WlRRWNipbdHnRM"}, "path": "distributed/dashboard/__init__.py", "size": 70}, {"hash": null, "path": "distributed/dashboard/__pycache__/__init__.cpython-37.pyc", "size": null}, {"hash": null, "path": "distributed/dashboard/__pycache__/components.cpython-37.pyc", "size": null}, {"hash": null, "path": "distributed/dashboard/__pycache__/core.cpython-37.pyc", "size": null}, {"hash": null, "path": "distributed/dashboard/__pycache__/export_tool.cpython-37.pyc", "size": null}, {"hash": null, "path": "distributed/dashboard/__pycache__/proxy.cpython-37.pyc", "size": null}, {"hash": null, "path": "distributed/dashboard/__pycache__/scheduler.cpython-37.pyc", "size": null}, {"hash": null, "path": "distributed/dashboard/__pycache__/scheduler_html.cpython-37.pyc", "size": null}, {"hash": null, "path": "distributed/dashboard/__pycache__/utils.cpython-37.pyc", "size": null}, {"hash": null, "path": "distributed/dashboard/__pycache__/worker.cpython-37.pyc", "size": null}, {"hash": null, "path": "distributed/dashboard/__pycache__/worker_html.cpython-37.pyc", "size": null}, {"hash": {"mode": "sha256", "value": "p8qVn23ZIjnm8zR9WawfX4vmmkSpGlzwMrLX9FJN1xE"}, "path": "distributed/dashboard/components.py", "size": 23641}, {"hash": {"mode": "sha256", "value": "Q2SwuzWlXN-zMxur8QeWsD_0v8DmYa7G3yObBCIw7vM"}, "path": "distributed/dashboard/core.py", "size": 3098}, {"hash": {"mode": "sha256", "value": "qr7Mq9J6uj_LR0Ol-xpdzXe702zBDwjoGv07Efg7gWY"}, "path": "distributed/dashboard/export_tool.coffee", "size": 1093}, {"hash": {"mode": "sha256", "value": "M2Zhzxwtwelm_Q1OKYBXNBLI9IDsddendQAjQkSoXWA"}, "path": "distributed/dashboard/export_tool.js", "size": 2313}, {"hash": {"mode": "sha256", "value": "C5bxUZSlMUEuFVM_tCJv4nd8IHxZPVqq53BIKLhtkbE"}, "path": "distributed/dashboard/export_tool.py", "size": 728}, {"hash": {"mode": "sha256", "value": "9ZTPwDZ7Qy57ykNnNGppdHJBJ7sRCawJa0Gzi9Wk-eI"}, "path": "distributed/dashboard/proxy.py", "size": 4248}, {"hash": {"mode": "sha256", "value": "rvONOQFZp3L3e2W_KtO3ySlWhEsLX2MAg3yqshx-01o"}, "path": "distributed/dashboard/scheduler.py", "size": 54089}, {"hash": {"mode": "sha256", "value": "Ymr-8ZT0pfaFGkdYGBVccaNE0VSMQjYAfjMASxsiSU4"}, "path": "distributed/dashboard/scheduler_html.py", "size": 7504}, {"hash": {"mode": "sha256", "value": "4QckcTaI0l8JA6q015SqiykdgIPgE2lHfXZhxf5GBoQ"}, "path": "distributed/dashboard/static/css/base.css", "size": 1593}, {"hash": {"mode": "sha256", "value": "lAg6i9gIPbGIPe0rRJ9RSj4RPkSH0uJrd2NRi6CXfpo"}, "path": "distributed/dashboard/static/css/status.css", "size": 859}, {"hash": {"mode": "sha256", "value": "rcBks2BAJBqhBynAkMDw_BQrPpqZfP5WgD7epecrwXk"}, "path": "distributed/dashboard/static/css/system.css", "size": 541}, {"hash": {"mode": "sha256", "value": "KwxvrtHxbWf_PiNO9wcla_DTBPJnGixDxQ6ai4f3Q_U"}, "path": "distributed/dashboard/static/images/dask-logo.svg", "size": 2387}, {"hash": {"mode": "sha256", "value": "WEoiKf7DFWD4CjDizYki4-0pVe0UtY0WWdoFfo0qx4I"}, "path": "distributed/dashboard/static/images/fa-bars.svg", "size": 552}, {"hash": {"mode": "sha256", "value": "L172kxSt8FPrNmjDv5QNZ6Q6PepN9xC3KE1wAqA6rZY"}, "path": "distributed/dashboard/templates/base.html", "size": 1838}, {"hash": {"mode": "sha256", "value": "oetT-DZ4Aaum8Dz4TppE2it7_Q-ysXGI9L6DNom9ZEM"}, "path": "distributed/dashboard/templates/call-stack.html", "size": 388}, {"hash": {"mode": "sha256", "value": "euVV_-_X_pPGRlVVg9fU_qWfn1NDZgoo-erQbPBheyM"}, "path": "distributed/dashboard/templates/json-index.html", "size": 276}, {"hash": {"mode": "sha256", "value": "XGhbNYAafBvalj_J2T0a-1P1JgWqCbufEGJSEZ4EvCA"}, "path": "distributed/dashboard/templates/logs.html", "size": 116}, {"hash": {"mode": "sha256", "value": "03mrlVDGpu-HNGWxcro6NeQDWK7U-p1K1m8aLy_sfXs"}, "path": "distributed/dashboard/templates/main.html", "size": 281}, {"hash": {"mode": "sha256", "value": "pMXDPXi9YrAR4KAebftUi6YkSpOHU_vSP9AYq3M6XlI"}, "path": "distributed/dashboard/templates/simple.html", "size": 95}, {"hash": {"mode": "sha256", "value": "RVVJHh7V-BLhUChds9Jn1lti86J-1SAxbqbo-xrflJI"}, "path": "distributed/dashboard/templates/status.html", "size": 542}, {"hash": {"mode": "sha256", "value": "VbRqzDJ5xptZ8lUKlKzT89uAMrbV58v6jxnaspCUPmU"}, "path": "distributed/dashboard/templates/system.html", "size": 348}, {"hash": {"mode": "sha256", "value": "ksQjBfcShurM7nfYTE3wZnCea_rePoLLRr_vPOEFD-I"}, "path": "distributed/dashboard/templates/task.html", "size": 4949}, {"hash": {"mode": "sha256", "value": "RBe24bOSZV3c-TySqYLwkqBXvCeVvS8WX37Ud_g6g18"}, "path": "distributed/dashboard/templates/worker-table.html", "size": 1243}, {"hash": {"mode": "sha256", "value": "nMx5F1RhhF9pfVWBKzXnsvlKGQJryyXQZSv6rJJ88Ic"}, "path": "distributed/dashboard/templates/worker.html", "size": 2024}, {"hash": {"mode": "sha256", "value": "5Kkn0I37Fu3EcwCmrpMxxr9s0iv6arWx8S4RPwzq_s4"}, "path": "distributed/dashboard/templates/workers.html", "size": 319}, {"hash": null, "path": "distributed/dashboard/tests/__pycache__/test_bokeh.cpython-37.pyc", "size": null}, {"hash": null, "path": "distributed/dashboard/tests/__pycache__/test_components.cpython-37.pyc", "size": null}, {"hash": null, "path": "distributed/dashboard/tests/__pycache__/test_scheduler_bokeh.cpython-37.pyc", "size": null}, {"hash": null, "path": "distributed/dashboard/tests/__pycache__/test_scheduler_bokeh_html.cpython-37.pyc", "size": null}, {"hash": null, "path": "distributed/dashboard/tests/__pycache__/test_worker_bokeh.cpython-37.pyc", "size": null}, {"hash": null, "path": "distributed/dashboard/tests/__pycache__/test_worker_bokeh_html.cpython-37.pyc", "size": null}, {"hash": {"mode": "sha256", "value": "oZ19EmoaOIfxh_BdOTDuJIqGwKNqR6jSSmFj8jNYdpE"}, "path": "distributed/dashboard/tests/test_bokeh.py", "size": 177}, {"hash": {"mode": "sha256", "value": "Fs5RrBA2qE_PeZahj6-bP7Ysgp_d-bpLNsaVp-4B1-k"}, "path": "distributed/dashboard/tests/test_components.py", "size": 1281}, {"hash": {"mode": "sha256", "value": "3kn00aVJgaq3SbbZN6RiimjqJoldap3H0I9lcGBtxCg"}, "path": "distributed/dashboard/tests/test_scheduler_bokeh.py", "size": 18839}, {"hash": {"mode": "sha256", "value": "gMPFjLyLicoY1CI_aHu0ukMuL1F8AyyzuCDeOt3Z0PA"}, "path": "distributed/dashboard/tests/test_scheduler_bokeh_html.py", "size": 4280}, {"hash": {"mode": "sha256", "value": "s_cPH-eCFX_TCtiFaG0hyfYhAk1wu7fjgkVcK0K4maA"}, "path": "distributed/dashboard/tests/test_worker_bokeh.py", "size": 5248}, {"hash": {"mode": "sha256", "value": "a7AW2shiZJjYbQuLJGx7Xpk3qrzehwZNp2duubpJ3PQ"}, "path": "distributed/dashboard/tests/test_worker_bokeh_html.py", "size": 1478}, {"hash": {"mode": "sha256", "value": "3JlLpTZxav4O2LucCKI-1U5uUHuaz8JhptrHT2NVrxw"}, "path": "distributed/dashboard/theme.yaml", "size": 112}, {"hash": {"mode": "sha256", "value": "b6ga01vY49WokqtfHRM3HmQWWmM5DBk-rHHf38FXJow"}, "path": "distributed/dashboard/utils.py", "size": 1172}, {"hash": {"mode": "sha256", "value": "pZn3jH0DBsJdMKe0WfBYICkwoWxg3ABXF4uD8LxVBSc"}, "path": "distributed/dashboard/worker.py", "size": 27193}, {"hash": {"mode": "sha256", "value": "ojag54_UdVQLo4Nc8oEKY45RxgjcgFxuatv1vq_nYXo"}, "path": "distributed/dashboard/worker_html.py", "size": 3479}, {"hash": {"mode": "sha256", "value": "3_JoFYwr_G6d6OCnfbof67VweaFh7nsFLOc5vMIPYiY"}, "path": "distributed/deploy/__init__.py", "size": 231}, {"hash": null, "path": "distributed/deploy/__pycache__/__init__.cpython-37.pyc", "size": null}, {"hash": null, "path": "distributed/deploy/__pycache__/adaptive.cpython-37.pyc", "size": null}, {"hash": null, "path": "distributed/deploy/__pycache__/cluster.cpython-37.pyc", "size": null}, {"hash": null, "path": "distributed/deploy/__pycache__/local.cpython-37.pyc", "size": null}, {"hash": null, "path": "distributed/deploy/__pycache__/spec.cpython-37.pyc", "size": null}, {"hash": null, "path": "distributed/deploy/__pycache__/ssh.cpython-37.pyc", "size": null}, {"hash": null, "path": "distributed/deploy/__pycache__/ssh2.cpython-37.pyc", "size": null}, {"hash": null, "path": "distributed/deploy/__pycache__/utils_test.cpython-37.pyc", "size": null}, {"hash": {"mode": "sha256", "value": "osrHAwCB0k8JaDtTgHasavm4C4vJnUaZgzPxNS-GXvo"}, "path": "distributed/deploy/adaptive.py", "size": 8528}, {"hash": {"mode": "sha256", "value": "E8tGHffR3bi9f1nmzz4LF61n45Gjr5MPSYWG06opNZg"}, "path": "distributed/deploy/cluster.py", "size": 7228}, {"hash": {"mode": "sha256", "value": "xgjY510uFMbvrcdZkF8i6p-lvxSrQ_aqPujA8j7sO70"}, "path": "distributed/deploy/local.py", "size": 8120}, {"hash": {"mode": "sha256", "value": "kvva1aETre-IssUH34dilZ9K1DpDU0PVw_lyKSm2xCQ"}, "path": "distributed/deploy/spec.py", "size": 18594}, {"hash": {"mode": "sha256", "value": "jQU3Q-gYbwEwfzm71BcqUsP9mEmRkLaiY5fUauoXFLM"}, "path": "distributed/deploy/ssh.py", "size": 13984}, {"hash": {"mode": "sha256", "value": "UJcpUxeKMIej9eOHqnOY1IkTEr7hRoamW7Bcx_q4MNM"}, "path": "distributed/deploy/ssh2.py", "size": 6204}, {"hash": null, "path": "distributed/deploy/tests/__pycache__/py3_test_deploy.cpython-37.pyc", "size": null}, {"hash": null, "path": "distributed/deploy/tests/__pycache__/test_adaptive.cpython-37.pyc", "size": null}, {"hash": null, "path": "distributed/deploy/tests/__pycache__/test_local.cpython-37.pyc", "size": null}, {"hash": null, "path": "distributed/deploy/tests/__pycache__/test_spec_cluster.cpython-37.pyc", "size": null}, {"hash": null, "path": "distributed/deploy/tests/__pycache__/test_ssh.cpython-37.pyc", "size": null}, {"hash": null, "path": "distributed/deploy/tests/__pycache__/test_ssh2.cpython-37.pyc", "size": null}, {"hash": {"mode": "sha256", "value": "dw_Mu4NIAvVedXjFg6ZjkbL01JWC-BEmVRSq-x5o49k"}, "path": "distributed/deploy/tests/py3_test_deploy.py", "size": 297}, {"hash": {"mode": "sha256", "value": "dw7iD49nT22b_75v4qfOayRHKsWSwIOOmoVg7-RJcxE"}, "path": "distributed/deploy/tests/test_adaptive.py", "size": 12197}, {"hash": {"mode": "sha256", "value": "3WuDyWFe8WeXqdz4MIXjese6xe_2r9WyWO1_tB-zUBw"}, "path": "distributed/deploy/tests/test_local.py", "size": 24613}, {"hash": {"mode": "sha256", "value": "c9GCWVPzAkMz_gnMgyXVDujbXYMfGOD7YSzAdf-Xl8E"}, "path": "distributed/deploy/tests/test_spec_cluster.py", "size": 8077}, {"hash": {"mode": "sha256", "value": "ZF_4Fs_jxnmAiKTFzlsdIN4GkX8WqJByxO8tgiNMObA"}, "path": "distributed/deploy/tests/test_ssh.py", "size": 793}, {"hash": {"mode": "sha256", "value": "a6e19Jx3o55K90FkSckUuFwfxXIsIe76FAirHCCnHJk"}, "path": "distributed/deploy/tests/test_ssh2.py", "size": 1321}, {"hash": {"mode": "sha256", "value": "T41y9GBUIHCLz-dQV3X_W8075zrBeFCtbQ8PDMymQLs"}, "path": "distributed/deploy/utils_test.py", "size": 873}, {"hash": {"mode": "sha256", "value": "svzOjJhuLhWvYTMi1fDZD6sxOA7TlUI0hwznHzRX_Mo"}, "path": "distributed/diagnostics/__init__.py", "size": 322}, {"hash": null, "path": "distributed/diagnostics/__pycache__/__init__.cpython-37.pyc", "size": null}, {"hash": null, "path": "distributed/diagnostics/__pycache__/eventstream.cpython-37.pyc", "size": null}, {"hash": null, "path": "distributed/diagnostics/__pycache__/graph_layout.cpython-37.pyc", "size": null}, {"hash": null, "path": "distributed/diagnostics/__pycache__/plugin.cpython-37.pyc", "size": null}, {"hash": null, "path": "distributed/diagnostics/__pycache__/progress.cpython-37.pyc", "size": null}, {"hash": null, "path": "distributed/diagnostics/__pycache__/progress_stream.cpython-37.pyc", "size": null}, {"hash": null, "path": "distributed/diagnostics/__pycache__/progressbar.cpython-37.pyc", "size": null}, {"hash": null, "path": "distributed/diagnostics/__pycache__/task_stream.cpython-37.pyc", "size": null}, {"hash": {"mode": "sha256", "value": "2Vt3yAhQxitY9sLnm8HDiVRtxLD5ie6G839lpDGiWsU"}, "path": "distributed/diagnostics/eventstream.py", "size": 2072}, {"hash": {"mode": "sha256", "value": "BmpxshEdu-_g85auit8GtxPVsv4mAbtzFYGo3gVGY_g"}, "path": "distributed/diagnostics/graph_layout.py", "size": 4835}, {"hash": {"mode": "sha256", "value": "qGa-tNgFLBKDtoSD7ITA0hVUyknRNZC7PuRO0JklupI"}, "path": "distributed/diagnostics/plugin.py", "size": 2342}, {"hash": {"mode": "sha256", "value": "ikytXdjqhGFBCQwm7wBL2lIpI4rPNbaxDRjnA0Tizus"}, "path": "distributed/diagnostics/progress.py", "size": 11517}, {"hash": {"mode": "sha256", "value": "soNF8OrmcElHkfWlL0Cg4nQSW3BaLl5jSYarW9zEbvg"}, "path": "distributed/diagnostics/progress_stream.py", "size": 6243}, {"hash": {"mode": "sha256", "value": "HXiG9cvWsiM5T6aZRY-nwAUWe-B-v6BWqZ0RaZWsqOc"}, "path": "distributed/diagnostics/progressbar.py", "size": 13749}, {"hash": {"mode": "sha256", "value": "THnNOnFlJVoSQc6_9QxebL2FPQR2UKO-JxUwb_9I_bA"}, "path": "distributed/diagnostics/task_stream.py", "size": 5275}, {"hash": null, "path": "distributed/diagnostics/tests/__pycache__/test_eventstream.cpython-37.pyc", "size": null}, {"hash": null, "path": "distributed/diagnostics/tests/__pycache__/test_graph_layout.cpython-37.pyc", "size": null}, {"hash": null, "path": "distributed/diagnostics/tests/__pycache__/test_plugin.cpython-37.pyc", "size": null}, {"hash": null, "path": "distributed/diagnostics/tests/__pycache__/test_progress.cpython-37.pyc", "size": null}, {"hash": null, "path": "distributed/diagnostics/tests/__pycache__/test_progress_stream.cpython-37.pyc", "size": null}, {"hash": null, "path": "distributed/diagnostics/tests/__pycache__/test_progressbar.cpython-37.pyc", "size": null}, {"hash": null, "path": "distributed/diagnostics/tests/__pycache__/test_task_stream.cpython-37.pyc", "size": null}, {"hash": null, "path": "distributed/diagnostics/tests/__pycache__/test_widgets.cpython-37.pyc", "size": null}, {"hash": {"mode": "sha256", "value": "b7nSs7hKMTqKi-QyBCe_DCJRmJ3E3rN7C3v3i8mKB34"}, "path": "distributed/diagnostics/tests/test_eventstream.py", "size": 1881}, {"hash": {"mode": "sha256", "value": "8k-OICfHXbND2ggWgUGbVf85CbKZgULxwIz8e9M3Z_o"}, "path": "distributed/diagnostics/tests/test_graph_layout.py", "size": 2258}, {"hash": {"mode": "sha256", "value": "_8G26KnYK13oteh5q2juSZogveYG6c3v8CFO2dlqpe0"}, "path": "distributed/diagnostics/tests/test_plugin.py", "size": 1722}, {"hash": {"mode": "sha256", "value": "3QN0_oYQ5wEYXEzRR0K6yEuPVdJ9IQe234Z315u_CWY"}, "path": "distributed/diagnostics/tests/test_progress.py", "size": 4940}, {"hash": {"mode": "sha256", "value": "c9cDv_wfAaMKbfBfTPD9GT8PFabzk1Zreylw775Cvf0"}, "path": "distributed/diagnostics/tests/test_progress_stream.py", "size": 3298}, {"hash": {"mode": "sha256", "value": "zHPxsHZBzVHw36XB1PLX1eV8Jks5bODpinQxhz_VvMY"}, "path": "distributed/diagnostics/tests/test_progressbar.py", "size": 2462}, {"hash": {"mode": "sha256", "value": "jjIAOzxiKxP_gAbqJKUAgAucpwvN_ikfiKGjFzxKu3Y"}, "path": "distributed/diagnostics/tests/test_task_stream.py", "size": 3691}, {"hash": {"mode": "sha256", "value": "LqZB56MWd_LwBT_aOsWDlDyJ_WMz18hZ4hUB275CEsY"}, "path": "distributed/diagnostics/tests/test_widgets.py", "size": 7601}, {"hash": {"mode": "sha256", "value": "_y5QBu1E3TnzkGAZ2EsGfp1Fgb81s05IjYlzr9zyjl0"}, "path": "distributed/diskutils.py", "size": 7999}, {"hash": {"mode": "sha256", "value": "H0CuQOc0Z1qpYRrMRkm4ji2g2CTi5DG7PVzaEd1IRjI"}, "path": "distributed/distributed.yaml", "size": 4104}, {"hash": {"mode": "sha256", "value": "2pZIueuGrT44bifLTiyMM3ZPsje4VKHICBCtv0X3_x0"}, "path": "distributed/joblib.py", "size": 481}, {"hash": {"mode": "sha256", "value": "JwFuwjh3WZHfs5a_iXn0xtWMna3FIrSlmDj79BvK_E4"}, "path": "distributed/lock.py", "size": 4891}, {"hash": {"mode": "sha256", "value": "R9RinAuSKqqW_wga8qlktY7kKDDoR7JXNKTFJkV91Ac"}, "path": "distributed/locket.py", "size": 5472}, {"hash": {"mode": "sha256", "value": "AIC_7SLLNT_L7my63I6CUTMy9Jh28aL_XN-BnS9twGQ"}, "path": "distributed/metrics.py", "size": 4000}, {"hash": {"mode": "sha256", "value": "fGkOd6WN2V0AEumZHBHsSGqUp7EoyR3HUjxba_NwJ00"}, "path": "distributed/nanny.py", "size": 22295}, {"hash": {"mode": "sha256", "value": "JUrcgaEJhLFjpNTmA_kVKSIXsUACUGGFRONvVgMEGWo"}, "path": "distributed/node.py", "size": 4918}, {"hash": {"mode": "sha256", "value": "H_ajWJDI4vL7d8v8V0NTFBiRxUMCqwcVPXGS3uOgtjw"}, "path": "distributed/preloading.py", "size": 4530}, {"hash": {"mode": "sha256", "value": "y92RfZkluIngAfKgZ4e8x5oBAGOeBoekwJoBSsibwvs"}, "path": "distributed/process.py", "size": 11125}, {"hash": {"mode": "sha256", "value": "3GIXf3_WfT_TYWG8u_pTMbOQHPoZThJYW22NC7cffvE"}, "path": "distributed/proctitle.py", "size": 875}, {"hash": {"mode": "sha256", "value": "V_HI9m-_C78sICgDmzaL2Z9pat5jkb4lCstxxmy7M8g"}, "path": "distributed/profile.py", "size": 13265}, {"hash": {"mode": "sha256", "value": "GWsRHzF0uwhDQSWoYt3BqLFuNa7wsKl828TGl-ly5QA"}, "path": "distributed/protocol/__init__.py", "size": 1952}, {"hash": null, "path": "distributed/protocol/__pycache__/__init__.cpython-37.pyc", "size": null}, {"hash": null, "path": "distributed/protocol/__pycache__/arrow.cpython-37.pyc", "size": null}, {"hash": null, "path": "distributed/protocol/__pycache__/compression.cpython-37.pyc", "size": null}, {"hash": null, "path": "distributed/protocol/__pycache__/core.cpython-37.pyc", "size": null}, {"hash": null, "path": "distributed/protocol/__pycache__/cuda.cpython-37.pyc", "size": null}, {"hash": null, "path": "distributed/protocol/__pycache__/cudf.cpython-37.pyc", "size": null}, {"hash": null, "path": "distributed/protocol/__pycache__/cupy.cpython-37.pyc", "size": null}, {"hash": null, "path": "distributed/protocol/__pycache__/h5py.cpython-37.pyc", "size": null}, {"hash": null, "path": "distributed/protocol/__pycache__/keras.cpython-37.pyc", "size": null}, {"hash": null, "path": "distributed/protocol/__pycache__/netcdf4.cpython-37.pyc", "size": null}, {"hash": null, "path": "distributed/protocol/__pycache__/numba.cpython-37.pyc", "size": null}, {"hash": null, "path": "distributed/protocol/__pycache__/numpy.cpython-37.pyc", "size": null}, {"hash": null, "path": "distributed/protocol/__pycache__/pickle.cpython-37.pyc", "size": null}, {"hash": null, "path": "distributed/protocol/__pycache__/serialize.cpython-37.pyc", "size": null}, {"hash": null, "path": "distributed/protocol/__pycache__/sparse.cpython-37.pyc", "size": null}, {"hash": null, "path": "distributed/protocol/__pycache__/torch.cpython-37.pyc", "size": null}, {"hash": null, "path": "distributed/protocol/__pycache__/utils.cpython-37.pyc", "size": null}, {"hash": {"mode": "sha256", "value": "4Oepde_dZ84mCdSme9-ZHjUWowOXILotolsMyj3jXFc"}, "path": "distributed/protocol/arrow.py", "size": 1280}, {"hash": {"mode": "sha256", "value": "u3p_7_tXtsv4PiDeQJ_n0PR8HHYbynVIoqQitySjyFI"}, "path": "distributed/protocol/compression.py", "size": 5391}, {"hash": {"mode": "sha256", "value": "F6LgPprS7teiQ5JHhwb8AvLTPj_D9TKrY8dwCuFh_Pw"}, "path": "distributed/protocol/core.py", "size": 5999}, {"hash": {"mode": "sha256", "value": "ONXeK8KK64XdVjvxNdwibv2EzLoGBZ_DqKe97TVtB8A"}, "path": "distributed/protocol/cuda.py", "size": 896}, {"hash": {"mode": "sha256", "value": "pq7ZdBT1S2Ql5Ofr_JYzkDLGyrYKTTRgJT9QLFCjMY4"}, "path": "distributed/protocol/cudf.py", "size": 2161}, {"hash": {"mode": "sha256", "value": "lACW5vpkMgxdAGoyxjZKnlWUMQ5toRXr8FB6gUrTIGM"}, "path": "distributed/protocol/cupy.py", "size": 1061}, {"hash": {"mode": "sha256", "value": "LQCkuxxkDKzV0BMXZLmi6TIyDg5mT769cj_DdForSLA"}, "path": "distributed/protocol/h5py.py", "size": 780}, {"hash": {"mode": "sha256", "value": "qWs84Fx7DZ9dND9cjaVlKZCBPKc12c6P6arwvxwYp5s"}, "path": "distributed/protocol/keras.py", "size": 1043}, {"hash": {"mode": "sha256", "value": "NMzwHMOZH7gHgthfM_TE_QIuQX8S5HWlObnpOo0lsdY"}, "path": "distributed/protocol/netcdf4.py", "size": 1389}, {"hash": {"mode": "sha256", "value": "6V6KZo8klYawsVg63CMpn4hNNnQga2gbCZl5lF4WpMA"}, "path": "distributed/protocol/numba.py", "size": 1670}, {"hash": {"mode": "sha256", "value": "OKEEeRwqp9JeOVRzYmq9Nv8Ri8Y_wwDWb8embuLGQRk"}, "path": "distributed/protocol/numpy.py", "size": 4478}, {"hash": {"mode": "sha256", "value": "G0j403tFBbfIn_iBJ4h2MpEKugGRtGVPE-5WlQYwZFg"}, "path": "distributed/protocol/pickle.py", "size": 1651}, {"hash": {"mode": "sha256", "value": "5qZM-zKPWdMWFme6u55SuZB-TS13UMow5dtTuL1tBH4"}, "path": "distributed/protocol/serialize.py", "size": 15774}, {"hash": {"mode": "sha256", "value": "pYivRz5zwn6IIEhFJmD89gjkG-TOdkTJTEYihPrGd0M"}, "path": "distributed/protocol/sparse.py", "size": 879}, {"hash": null, "path": "distributed/protocol/tests/__pycache__/test_arrow.cpython-37.pyc", "size": null}, {"hash": null, "path": "distributed/protocol/tests/__pycache__/test_cupy.cpython-37.pyc", "size": null}, {"hash": null, "path": "distributed/protocol/tests/__pycache__/test_h5py.cpython-37.pyc", "size": null}, {"hash": null, "path": "distributed/protocol/tests/__pycache__/test_keras.cpython-37.pyc", "size": null}, {"hash": null, "path": "distributed/protocol/tests/__pycache__/test_netcdf4.cpython-37.pyc", "size": null}, {"hash": null, "path": "distributed/protocol/tests/__pycache__/test_numpy.cpython-37.pyc", "size": null}, {"hash": null, "path": "distributed/protocol/tests/__pycache__/test_pandas.cpython-37.pyc", "size": null}, {"hash": null, "path": "distributed/protocol/tests/__pycache__/test_pickle.cpython-37.pyc", "size": null}, {"hash": null, "path": "distributed/protocol/tests/__pycache__/test_protocol.cpython-37.pyc", "size": null}, {"hash": null, "path": "distributed/protocol/tests/__pycache__/test_protocol_utils.cpython-37.pyc", "size": null}, {"hash": null, "path": "distributed/protocol/tests/__pycache__/test_serialize.cpython-37.pyc", "size": null}, {"hash": null, "path": "distributed/protocol/tests/__pycache__/test_sklearn.cpython-37.pyc", "size": null}, {"hash": null, "path": "distributed/protocol/tests/__pycache__/test_sparse.cpython-37.pyc", "size": null}, {"hash": null, "path": "distributed/protocol/tests/__pycache__/test_torch.cpython-37.pyc", "size": null}, {"hash": {"mode": "sha256", "value": "ab48J7Za1UVEWVU6ZqAxNnamklpLnb7nug98Amq_hFY"}, "path": "distributed/protocol/tests/test_arrow.py", "size": 1038}, {"hash": {"mode": "sha256", "value": "P-znEzvq24QvK1seCeK18QT3JK8B_mrob9bMlbXAy84"}, "path": "distributed/protocol/tests/test_cupy.py", "size": 348}, {"hash": {"mode": "sha256", "value": "V972T4RSzxzumfGPhL_BzT40PyYucR15fwHKA9CANTA"}, "path": "distributed/protocol/tests/test_h5py.py", "size": 3698}, {"hash": {"mode": "sha256", "value": "KDFZ0-ver-5c3OJdAPkAOwIpu2EIIlPUz3pPzv_9HLQ"}, "path": "distributed/protocol/tests/test_keras.py", "size": 772}, {"hash": {"mode": "sha256", "value": "UhmBBOp5IWBW7fvR6z-uRv8CGVd5FRjMtCmqchZuZeE"}, "path": "distributed/protocol/tests/test_netcdf4.py", "size": 2859}, {"hash": {"mode": "sha256", "value": "D9v_ozdAlYAdULZ6Gn3K3K8h4GY3ds9MVWOuTfbhfLI"}, "path": "distributed/protocol/tests/test_numpy.py", "size": 8109}, {"hash": {"mode": "sha256", "value": "76G-yhR4_dlYqqNJOntlHqOIx_hg5WjdOBue7rc78CA"}, "path": "distributed/protocol/tests/test_pandas.py", "size": 1501}, {"hash": {"mode": "sha256", "value": "sX2Tem6bOgasSbr3aD_XOUmIyjynAIzeBGYGKYq1x2A"}, "path": "distributed/protocol/tests/test_pickle.py", "size": 986}, {"hash": {"mode": "sha256", "value": "d8h7r7DMifdDp88AKt3DPQwoXiNlmd3MO8_wTtc4s8I"}, "path": "distributed/protocol/tests/test_protocol.py", "size": 6611}, {"hash": {"mode": "sha256", "value": "xNXz8nuOMYySoyZifGGCYchcpSh92EICsiZKVhao2_E"}, "path": "distributed/protocol/tests/test_protocol_utils.py", "size": 638}, {"hash": {"mode": "sha256", "value": "X5i37JRxAmv1JBNYkPrGXJfM9i_0jD6Z1dyt63AXJiY"}, "path": "distributed/protocol/tests/test_serialize.py", "size": 8951}, {"hash": {"mode": "sha256", "value": "ioAFf5tg96n_I8D4Y3p48J4n7UUAYSN_Y_mwyB20EXE"}, "path": "distributed/protocol/tests/test_sklearn.py", "size": 607}, {"hash": {"mode": "sha256", "value": "qrPo2ECkuZ_cIGzLUkzv3N9xYiCCfQCLqRh1gW3X6A8"}, "path": "distributed/protocol/tests/test_sparse.py", "size": 774}, {"hash": {"mode": "sha256", "value": "EHP7EVp0_-Y6qW3-eL0u6VptePGBN54dTTmJOTYwJ8E"}, "path": "distributed/protocol/tests/test_torch.py", "size": 1323}, {"hash": {"mode": "sha256", "value": "jEubAxQl1Az7lN7-bCrs8TqV4MGczPSE1C6u_RluoSs"}, "path": "distributed/protocol/torch.py", "size": 1900}, {"hash": {"mode": "sha256", "value": "PJaAxD59mHmcBMImfyWhoyt4vg-0Afo5qyVJv3k-VIA"}, "path": "distributed/protocol/utils.py", "size": 3495}, {"hash": {"mode": "sha256", "value": "-cAZcRo9JlHOJIGGwKpoMvrSqkC82zkK6Ifr-FY3dSc"}, "path": "distributed/publish.py", "size": 2224}, {"hash": {"mode": "sha256", "value": "1553TmWVwHD5xNZjRX_ez69AC8n58GcyxyavoCxCHMQ"}, "path": "distributed/pubsub.py", "size": 14623}, {"hash": {"mode": "sha256", "value": "MDoUyOeZp5xXS_AFr-fAOWboQQV9FVjldEzGU6I8ndw"}, "path": "distributed/pytest_resourceleaks.py", "size": 13949}, {"hash": {"mode": "sha256", "value": "Ze7A70mfUfBRzfVoK92kwqt63JCSk3JkgjqfqzDeUGc"}, "path": "distributed/queues.py", "size": 9263}, {"hash": {"mode": "sha256", "value": "EJt5ptibfC-2m4N_AWh3p6XeLti-6vlowS3uyowBdao"}, "path": "distributed/recreate_exceptions.py", "size": 6511}, {"hash": {"mode": "sha256", "value": "RL_tU9Pe218OeETfU7ZckcpQxjcGaP0rQpHWcJXUkeo"}, "path": "distributed/scheduler.py", "size": 168719}, {"hash": {"mode": "sha256", "value": "OKFNgboFnrfPE4PZHPDelEt9hTvT_GX0AMkIKcSI4wE"}, "path": "distributed/security.py", "size": 5142}, {"hash": {"mode": "sha256", "value": "wXad5n7pJp6CsS3aY7pfynRZLtdgMFcfl2KAQlRixD8"}, "path": "distributed/sizeof.py", "size": 447}, {"hash": {"mode": "sha256", "value": "GzYZkkbLDXwz9ch5XGkVBiVgVkErd5ptwj9KaWJB3P4"}, "path": "distributed/stealing.py", "size": 14565}, {"hash": {"mode": "sha256", "value": "SuAo1DMbcuDBqUZG5yj53oe_eCByEbu9ulKIs1QHqrQ"}, "path": "distributed/submit.py", "size": 2979}, {"hash": {"mode": "sha256", "value": "BzM9mG9ReFDuCTT8Q2doyCssEiP2jZoXH8CFDWVys_4"}, "path": "distributed/system_monitor.py", "size": 3090}, {"hash": null, "path": "distributed/tests/__pycache__/make_tls_certs.cpython-37.pyc", "size": null}, {"hash": null, "path": "distributed/tests/__pycache__/py3_test_client.cpython-37.pyc", "size": null}, {"hash": null, "path": "distributed/tests/__pycache__/py3_test_pubsub.cpython-37.pyc", "size": null}, {"hash": null, "path": "distributed/tests/__pycache__/py3_test_utils_tst.cpython-37.pyc", "size": null}, {"hash": null, "path": "distributed/tests/__pycache__/test_actor.cpython-37.pyc", "size": null}, {"hash": null, "path": "distributed/tests/__pycache__/test_as_completed.cpython-37.pyc", "size": null}, {"hash": null, "path": "distributed/tests/__pycache__/test_asyncprocess.cpython-37.pyc", "size": null}, {"hash": null, "path": "distributed/tests/__pycache__/test_batched.cpython-37.pyc", "size": null}, {"hash": null, "path": "distributed/tests/__pycache__/test_client.cpython-37.pyc", "size": null}, {"hash": null, "path": "distributed/tests/__pycache__/test_client_executor.cpython-37.pyc", "size": null}, {"hash": null, "path": "distributed/tests/__pycache__/test_collections.cpython-37.pyc", "size": null}, {"hash": null, "path": "distributed/tests/__pycache__/test_config.cpython-37.pyc", "size": null}, {"hash": null, "path": "distributed/tests/__pycache__/test_core.cpython-37.pyc", "size": null}, {"hash": null, "path": "distributed/tests/__pycache__/test_counter.cpython-37.pyc", "size": null}, {"hash": null, "path": "distributed/tests/__pycache__/test_diskutils.cpython-37.pyc", "size": null}, {"hash": null, "path": "distributed/tests/__pycache__/test_failed_workers.cpython-37.pyc", "size": null}, {"hash": null, "path": "distributed/tests/__pycache__/test_ipython.cpython-37.pyc", "size": null}, {"hash": null, "path": "distributed/tests/__pycache__/test_locks.cpython-37.pyc", "size": null}, {"hash": null, "path": "distributed/tests/__pycache__/test_metrics.cpython-37.pyc", "size": null}, {"hash": null, "path": "distributed/tests/__pycache__/test_nanny.cpython-37.pyc", "size": null}, {"hash": null, "path": "distributed/tests/__pycache__/test_preload.cpython-37.pyc", "size": null}, {"hash": null, "path": "distributed/tests/__pycache__/test_priorities.cpython-37.pyc", "size": null}, {"hash": null, "path": "distributed/tests/__pycache__/test_profile.cpython-37.pyc", "size": null}, {"hash": null, "path": "distributed/tests/__pycache__/test_publish.cpython-37.pyc", "size": null}, {"hash": null, "path": "distributed/tests/__pycache__/test_pubsub.cpython-37.pyc", "size": null}, {"hash": null, "path": "distributed/tests/__pycache__/test_queues.cpython-37.pyc", "size": null}, {"hash": null, "path": "distributed/tests/__pycache__/test_resources.cpython-37.pyc", "size": null}, {"hash": null, "path": "distributed/tests/__pycache__/test_scheduler.cpython-37.pyc", "size": null}, {"hash": null, "path": "distributed/tests/__pycache__/test_security.cpython-37.pyc", "size": null}, {"hash": null, "path": "distributed/tests/__pycache__/test_steal.cpython-37.pyc", "size": null}, {"hash": null, "path": "distributed/tests/__pycache__/test_stress.cpython-37.pyc", "size": null}, {"hash": null, "path": "distributed/tests/__pycache__/test_submit_cli.cpython-37.pyc", "size": null}, {"hash": null, "path": "distributed/tests/__pycache__/test_submit_remote_client.cpython-37.pyc", "size": null}, {"hash": null, "path": "distributed/tests/__pycache__/test_system_monitor.cpython-37.pyc", "size": null}, {"hash": null, "path": "distributed/tests/__pycache__/test_threadpoolexecutor.cpython-37.pyc", "size": null}, {"hash": null, "path": "distributed/tests/__pycache__/test_tls_functional.cpython-37.pyc", "size": null}, {"hash": null, "path": "distributed/tests/__pycache__/test_utils.cpython-37.pyc", "size": null}, {"hash": null, "path": "distributed/tests/__pycache__/test_utils_comm.cpython-37.pyc", "size": null}, {"hash": null, "path": "distributed/tests/__pycache__/test_utils_perf.cpython-37.pyc", "size": null}, {"hash": null, "path": "distributed/tests/__pycache__/test_utils_test.cpython-37.pyc", "size": null}, {"hash": null, "path": "distributed/tests/__pycache__/test_variable.cpython-37.pyc", "size": null}, {"hash": null, "path": "distributed/tests/__pycache__/test_worker.cpython-37.pyc", "size": null}, {"hash": null, "path": "distributed/tests/__pycache__/test_worker_client.cpython-37.pyc", "size": null}, {"hash": null, "path": "distributed/tests/__pycache__/test_worker_plugins.cpython-37.pyc", "size": null}, {"hash": {"mode": "sha256", "value": "2DCquHPiffIRBY9aW_WWCm815wBT6ZfYuPxGX27M1QU"}, "path": "distributed/tests/make_tls_certs.py", "size": 5877}, {"hash": {"mode": "sha256", "value": "Nha7_7CWCMrsXVUMa8sggaHox0JfIob48k94oeevQqY"}, "path": "distributed/tests/py3_test_client.py", "size": 5008}, {"hash": {"mode": "sha256", "value": "okijCPVFqrD5BtTDXfSrD34Wi83lA1RPUqcBgSSLBFA"}, "path": "distributed/tests/py3_test_pubsub.py", "size": 925}, {"hash": {"mode": "sha256", "value": "nFNoMPG5SahNZQUcdqSKJ2OBJNNwMnJJZjS8Qb2WCt8"}, "path": "distributed/tests/py3_test_utils_tst.py", "size": 440}, {"hash": {"mode": "sha256", "value": "8UinWwDRFQwLe-EXuFz_Mjl6-bG8OmMPPlcQNwSKmLc"}, "path": "distributed/tests/test_actor.py", "size": 13554}, {"hash": {"mode": "sha256", "value": "KhxY3iUqq86vEtoes6V9YiKfsRaeR1iJVflqPDS3T8g"}, "path": "distributed/tests/test_as_completed.py", "size": 6350}, {"hash": {"mode": "sha256", "value": "944Ng5AjjSo11QDZqYOsNpQu3cJnut_oT2SqOVqdyIQ"}, "path": "distributed/tests/test_asyncprocess.py", "size": 12183}, {"hash": {"mode": "sha256", "value": "FxePSPI_8PYMwTmK1NVY0cShsjPu9Eg_GsOwGAoN-Dc"}, "path": "distributed/tests/test_batched.py", "size": 6536}, {"hash": {"mode": "sha256", "value": "p1rnfcRUNdJWQAEuoawVnV7Naix5ZXXB7IUoNOlk7jE"}, "path": "distributed/tests/test_client.py", "size": 149849}, {"hash": {"mode": "sha256", "value": "KXTMd-UYyA7Qg9rf6sY31xi50JhCEZ0tkQ0xjtEN5Io"}, "path": "distributed/tests/test_client_executor.py", "size": 7295}, {"hash": {"mode": "sha256", "value": "irvVbdYbLJknG7EJdjnZekLLj-z6fXZiowseCghR57s"}, "path": "distributed/tests/test_collections.py", "size": 5547}, {"hash": {"mode": "sha256", "value": "Bff7WZISUYsuoW1Rq0oHbVFQcIYTxzNfFOxLhEPcbJU"}, "path": "distributed/tests/test_config.py", "size": 7774}, {"hash": {"mode": "sha256", "value": "AiK8vC2pewFL3YvQuGc-ngINVZv7BCIBn4SXOR_DS8k"}, "path": "distributed/tests/test_core.py", "size": 19325}, {"hash": {"mode": "sha256", "value": "0gSAuXz-jhqT_8-YXCJKUdDj3i9YU_gAZ1jxxigYWuc"}, "path": "distributed/tests/test_counter.py", "size": 1085}, {"hash": {"mode": "sha256", "value": "E1phMqaSBZQ10HP8YP8L5yNQuWOOQxLh767v_oetEa8"}, "path": "distributed/tests/test_diskutils.py", "size": 8523}, {"hash": {"mode": "sha256", "value": "7yDfZu6ham59poPGSGacFGrPvOpvM1RRBpMrYaDHdO4"}, "path": "distributed/tests/test_failed_workers.py", "size": 11523}, {"hash": {"mode": "sha256", "value": "YsM2UOOwIG4ETBA03qRjY3WfeKPrpvCRWanVAygqSeE"}, "path": "distributed/tests/test_ipython.py", "size": 6468}, {"hash": {"mode": "sha256", "value": "ioLmICzgTKhZXEocSvPZgXmlEA83pEjz51XpMXAUweM"}, "path": "distributed/tests/test_locks.py", "size": 3317}, {"hash": {"mode": "sha256", "value": "yx22gWILqw8JwGBnHvp_V6mHdtaMeBS8zmegzgEkdfI"}, "path": "distributed/tests/test_metrics.py", "size": 1662}, {"hash": {"mode": "sha256", "value": "k_ff0lmIJQqhBcdByd8yBY8xjUMGTrQP7JXE3rQF6Hw"}, "path": "distributed/tests/test_nanny.py", "size": 12001}, {"hash": {"mode": "sha256", "value": "AJKRdJmP5jsMcfKSNrNDdxFqMmquzNPg5WsMT0nydXA"}, "path": "distributed/tests/test_preload.py", "size": 1669}, {"hash": {"mode": "sha256", "value": "OQGi2MYa7ObLl0WFAQHtQ-fqUwedrADzy0HUmUDUkrg"}, "path": "distributed/tests/test_priorities.py", "size": 4031}, {"hash": {"mode": "sha256", "value": "TVZ-SiyRAiQeFLxuqTiwv9gAUl8HVq76xFrmPqDyaBI"}, "path": "distributed/tests/test_profile.py", "size": 4968}, {"hash": {"mode": "sha256", "value": "DWTfbB4GNRMPMcHO7lTwK0U68f3kO4cR0LDlS9iiQB4"}, "path": "distributed/tests/test_publish.py", "size": 6787}, {"hash": {"mode": "sha256", "value": "tCs6ZWTIGxjP7eWxDQ-VKqVYYqCw4sC-E1dUuKNEHaY"}, "path": "distributed/tests/test_pubsub.py", "size": 2936}, {"hash": {"mode": "sha256", "value": "_LWbKuePAaBwIWqvcYumvIjeJIZjtxR4sNWeoDSNReU"}, "path": "distributed/tests/test_queues.py", "size": 6127}, {"hash": {"mode": "sha256", "value": "OI-BhavQlMxAdp3M-L3ZoEKPnHNbFsh2hhpeE4bYhZg"}, "path": "distributed/tests/test_resources.py", "size": 10449}, {"hash": {"mode": "sha256", "value": "xelyaypesL3W3Cozuvk28_bNDMDCa6V9YbNS6nnTUv4"}, "path": "distributed/tests/test_scheduler.py", "size": 43835}, {"hash": {"mode": "sha256", "value": "0CNrsly8Qr60mtHL5ZnzETr4U4VDHNYzUigReU5HQII"}, "path": "distributed/tests/test_security.py", "size": 11312}, {"hash": {"mode": "sha256", "value": "hdo_ZzKs0y9Fbz3WRncQE9q26-oXadgwlYqxZ2TK_yo"}, "path": "distributed/tests/test_steal.py", "size": 19260}, {"hash": {"mode": "sha256", "value": "zS_VR0M2t-aCKRRXrtoySO_LjHeWg6OrIU9OhO_I9GE"}, "path": "distributed/tests/test_stress.py", "size": 8035}, {"hash": {"mode": "sha256", "value": "RqDq9dHjiy4JcFGUU-9cS-YnyV8LKnWwGMobjRwNPKQ"}, "path": "distributed/tests/test_submit_cli.py", "size": 1691}, {"hash": {"mode": "sha256", "value": "KS5VSaq2UYByM_1mMDTNfhPhWD5iKwm3cfXbhUEgJZQ"}, "path": "distributed/tests/test_submit_remote_client.py", "size": 1953}, {"hash": {"mode": "sha256", "value": "KJRLLf7Pk0InZMC_OnZajhc7En2DiHKakdaf_N6Id5M"}, "path": "distributed/tests/test_system_monitor.py", "size": 1229}, {"hash": {"mode": "sha256", "value": "KLLG5zjvHJwo4WobabMjkRbircSd57WG5kHr65yQmQQ"}, "path": "distributed/tests/test_threadpoolexecutor.py", "size": 3129}, {"hash": {"mode": "sha256", "value": "7yHLNa8fRgqm3AgV-oUeDhMfRrf0PgY_W32yjX27TL0"}, "path": "distributed/tests/test_tls_functional.py", "size": 4376}, {"hash": {"mode": "sha256", "value": "f59KJSHQw9bSvJj7V49Pc5N-gT2LOwGcXcK11QM6i3c"}, "path": "distributed/tests/test_utils.py", "size": 14214}, {"hash": {"mode": "sha256", "value": "VK9sknnY6MtBjnwuCE2tG2xW1yiN7DFwsJfXPlDwqgY"}, "path": "distributed/tests/test_utils_comm.py", "size": 787}, {"hash": {"mode": "sha256", "value": "ad8V7rJgPP4CbHTdhLcQIDpQlZd_UiaMgDomorIrwKk"}, "path": "distributed/tests/test_utils_perf.py", "size": 4224}, {"hash": {"mode": "sha256", "value": "0gs8MDIZplEM8xdeLZhZNIFviEWhwkmVDBmmZYkY0P0"}, "path": "distributed/tests/test_utils_test.py", "size": 4168}, {"hash": {"mode": "sha256", "value": "al9nAAiDXtxQcJK-B6d2HBzPiIKnO_asjzwHVzuO5Pg"}, "path": "distributed/tests/test_variable.py", "size": 5229}, {"hash": {"mode": "sha256", "value": "0wZ7pyX8hv1Uueq9iWAQZnFqYNfi2qQ1deTW-p2jIh8"}, "path": "distributed/tests/test_worker.py", "size": 42472}, {"hash": {"mode": "sha256", "value": "Ki3QgAthE6HGnJhMQqQan1ds4iUletL3rzFdQzC73Ms"}, "path": "distributed/tests/test_worker_client.py", "size": 8148}, {"hash": {"mode": "sha256", "value": "oOE124DzhrIhuoPr-U1BEx0pmOk_OOd_OfZYCWrFcMM"}, "path": "distributed/tests/test_worker_plugins.py", "size": 1884}, {"hash": {"mode": "sha256", "value": "ixO-_wBKAK5bl_l_vVppTsvo-AWUkkh6gtSNfXBx8g0"}, "path": "distributed/tests/tls-ca-cert.pem", "size": 4260}, {"hash": {"mode": "sha256", "value": "hdWJZK_RmTc-zI3bqA9EdoDqQHCOiPSPqm5OvnpG6-M"}, "path": "distributed/tests/tls-ca-key.pem", "size": 1704}, {"hash": {"mode": "sha256", "value": "hWEXgLcmrkpEHCQMntTYMvb1LkSITo2NtTuLOg1x9FQ"}, "path": "distributed/tests/tls-cert-chain.pem", "size": 8105}, {"hash": {"mode": "sha256", "value": "UV8KLf3XAHuvU5JN282ofEdboMH-Ojo5liX3SlhTgrw"}, "path": "distributed/tests/tls-cert.pem", "size": 3845}, {"hash": {"mode": "sha256", "value": "_qU3X8qy0yhY8Zv2Mc4vPJ5x8aNyke90TOSYnWPS70w"}, "path": "distributed/tests/tls-key-cert.pem", "size": 5549}, {"hash": {"mode": "sha256", "value": "kbUPK3RL3kOIIkaunfeCrewUV98puA2H28aKnfYzGVs"}, "path": "distributed/tests/tls-key.pem", "size": 1704}, {"hash": {"mode": "sha256", "value": "9yUUQ-GvRNjrGtl3D62MB7SkZAXy8ct5YVmA10kzKbY"}, "path": "distributed/tests/tls-self-signed-cert.pem", "size": 1184}, {"hash": {"mode": "sha256", "value": "xuZ3_QdWouLzm9wz4wsStxIun2TjksppcPAVi_HQgjY"}, "path": "distributed/tests/tls-self-signed-key.pem", "size": 1704}, {"hash": {"mode": "sha256", "value": "a9z2ozLpYmoQRFrPf2BRoFtdWdDPgxy4HTcjmZ4pEmY"}, "path": "distributed/threadpoolexecutor.py", "size": 7071}, {"hash": {"mode": "sha256", "value": "rTmcBCaxSVK-qNT1jvJO_X9Mwf9FxLwulGlStUpMTjI"}, "path": "distributed/utils.py", "size": 38597}, {"hash": {"mode": "sha256", "value": "sJWmTjC3xcUegnAEUSnzJF3MSSx3w53mdkRmuzRSLK8"}, "path": "distributed/utils_comm.py", "size": 7826}, {"hash": {"mode": "sha256", "value": "vyHIjXc31nOX51-tnZN0vEEgZPPZqRxd-WlMvbguIIE"}, "path": "distributed/utils_perf.py", "size": 8343}, {"hash": {"mode": "sha256", "value": "rKjpIBeHYUqQpCPObQ4mEdPisd3mwqQ-ZwLrW7YU0qs"}, "path": "distributed/utils_test.py", "size": 42264}, {"hash": {"mode": "sha256", "value": "KbywbLcy4umawVd7mzsnZ3CCUw4ljNgJMbqQHgBev-s"}, "path": "distributed/variable.py", "size": 7219}, {"hash": {"mode": "sha256", "value": "IwQdSU5zBUVvPQ_0-KHZ9WTYqFu5guVCr1T--C_T2sU"}, "path": "distributed/versions.py", "size": 2723}, {"hash": {"mode": "sha256", "value": "GKZgs0EMQjTEVIf8Y6peFMNr6seRootYc5aHC22f3-M"}, "path": "distributed/worker.py", "size": 117310}, {"hash": {"mode": "sha256", "value": "Jn3ooJi17IGfZpT65vb8ctgST7TvJhhbfjqQ4mUo7tI"}, "path": "distributed/worker_client.py", "size": 1625}], "metadata": {"Classifier": ["Development Status :: 5 - Production/Stable", "Intended Audience :: Developers", "Intended Audience :: Science/Research", "License :: OSI Approved :: BSD License", "Operating System :: OS Independent", "Programming Language :: Python", "Programming Language :: Python :: 3.5", "Programming Language :: Python :: 3.6", "Programming Language :: Python :: 3.7", "Topic :: Scientific/Engineering", "Topic :: System :: Distributed Computing"], "Home-page": "https://distributed.dask.org", "License": "BSD", "Maintainer": "Matthew Rocklin", "Maintainer-email": "mrocklin@gmail.com", "Metadata-Version": "2.1", "Name": "distributed", "Platform": ["UNKNOWN"], "Requires-Dist": ["click (>=6.6)", "cloudpickle (>=0.2.2)", "dask (>=2)", "msgpack", "psutil (>=5.0)", "six", "sortedcontainers (!=2.0.0,!=2.0.1)", "tblib", "toolz (>=0.7.4)", "tornado (>=5)", "zict (>=0.1.3)", "pyyaml"], "Requires-Python": ">=3.5", "Summary": "Distributed scheduler for Dask", "Version": "2.2.0"}, "requires": ["click (>=6.6)", "cloudpickle (>=0.2.2)", "dask (>=2)", "msgpack", "psutil (>=5.0)", "six", "sortedcontainers (!=2.0.0,!=2.0.1)", "tblib", "toolz (>=0.7.4)", "tornado (>=5)", "zict (>=0.1.3)", "pyyaml"], "version": "2.2.0"}, "index_url": "https://pypi.org/simple", "package_name": "distributed", "package_version": "2.2.0", "package_version_requested": "2.2.0", "sha256": ["f7deb23071e6f3e9a3bf6725b752f113a6ac6522e2da8d2822ba86f21fbea8a5", "1101d441137d5aa345cd17c136f5f2f0ea186ee0857dfb0c6c12a6e262e2de35"]}], "unparsed": [], "unresolved": []}}