{"metadata": {"analyzer": "thoth-solver", "analyzer_version": "1.4.1", "arguments": {"python": {"exclude_packages": null, "index": "https://pypi.org/simple", "no_pretty": false, "no_transitive": true, "output": "http://result-api/api/v1/solver-result", "requirements": "oci-cli==2.4.9", "virtualenv": "/home/solver/venv"}, "thoth-solver": {"verbose": false}}, "datetime": "2019-12-24T16:58:36.413616", "distribution": {"codename": "", "id": "fedora", "like": "", "version": "31", "version_parts": {"build_number": "", "major": "31", "minor": ""}}, "document_id": "solver-fedora-31-py37-053baada", "duration": 4, "hostname": "solver-fedora-31-py37-053baada-hvl9v", "os_release": {"id": "fedora", "name": "Fedora", "platform_id": "platform:f31", "redhat_bugzilla_product": "Fedora", "redhat_bugzilla_product_version": "31", "redhat_support_product": "Fedora", "redhat_support_product_version": "31", "variant_id": "container", "version": "31 (Container Image)", "version_id": "31"}, "python": {"api_version": 1013, "implementation_name": "cpython", "major": 3, "micro": 5, "minor": 7, "releaselevel": "final", "serial": 0}, "thoth_deployment_name": "thoth-psi-stage", "timestamp": 1577206716}, "result": {"environment": {"implementation_name": "cpython", "implementation_version": "3.7.5", "os_name": "posix", "platform_machine": "x86_64", "platform_python_implementation": "CPython", "platform_release": "3.10.0-957.21.2.el7.x86_64", "platform_system": "Linux", "platform_version": "#1 SMP Tue May 28 09:26:43 UTC 2019", "python_full_version": "3.7.5", "python_version": "3.7", "sys_platform": "linux"}, "environment_packages": [{"package_name": "pipdeptree", "package_version": "0.13.2"}], "errors": [], "tree": [{"dependencies": [{"extra": [], "extras": [], "marker": null, "marker_evaluated": null, "marker_evaluation_error": null, "marker_evaluation_result": true, "normalized_package_name": "certifi", "package_name": "certifi", "resolved_versions": [{"index": "https://pypi.org/simple", "versions": ["0", "0.0.1", "0.0.2", "0.0.3", "0.0.4", "0.0.5", "0.0.6", "0.0.7", "0.0.8", "1.0.0", "1.0.1", "14.05.14", "2015.04.28", "2015.11.20", "2015.11.20.1", "2015.9.6", "2015.9.6.1", "2015.9.6.2", "2016.2.28", "2016.8.2", "2016.8.31", "2016.8.8", "2016.9.26", "2017.1.23", "2017.11.5", "2017.4.17", "2017.7.27", "2017.7.27.1", "2018.1.18", "2018.10.15", "2018.11.29", "2018.4.16", "2018.8.13", "2018.8.24", "2019.11.28", "2019.3.9", "2019.6.16", "2019.9.11"]}], "specifier": null}, {"extra": [], "extras": [], "marker": null, "marker_evaluated": null, "marker_evaluation_error": null, "marker_evaluation_result": true, "normalized_package_name": "click", "package_name": "click", "resolved_versions": [{"index": "https://pypi.org/simple", "versions": ["6.7"]}], "specifier": "==6.7"}, {"extra": [], "extras": [], "marker": null, "marker_evaluated": null, "marker_evaluation_error": null, "marker_evaluation_result": true, "normalized_package_name": "configparser", "package_name": "configparser", "resolved_versions": [{"index": "https://pypi.org/simple", "versions": ["3.5.0"]}], "specifier": "==3.5.0"}, {"extra": [], "extras": [], "marker": null, "marker_evaluated": null, "marker_evaluation_error": null, "marker_evaluation_result": true, "normalized_package_name": "cryptography", "package_name": "cryptography", "resolved_versions": [{"index": "https://pypi.org/simple", "versions": ["1.8.2"]}], "specifier": "==1.8.2"}, {"extra": [], "extras": [], "marker": null, "marker_evaluated": null, "marker_evaluation_error": null, "marker_evaluation_result": true, "normalized_package_name": "httpsig-cffi", "package_name": "httpsig-cffi", "resolved_versions": [{"index": "https://pypi.org/simple", "versions": ["15.0.0"]}], "specifier": "==15.0.0"}, {"extra": [], "extras": [], "marker": null, "marker_evaluated": null, "marker_evaluation_error": null, "marker_evaluation_result": true, "normalized_package_name": "oci", "package_name": "oci", "resolved_versions": [{"index": "https://pypi.org/simple", "versions": ["1.3.7"]}], "specifier": "==1.3.7"}, {"extra": [], "extras": [], "marker": null, "marker_evaluated": null, "marker_evaluation_error": null, "marker_evaluation_result": true, "normalized_package_name": "pyopenssl", "package_name": "pyOpenSSL", "resolved_versions": [{"index": "https://pypi.org/simple", "versions": ["0.10", "0.11", "0.12", "0.13", "0.13.1", "0.14", "0.15", "0.15.1", "0.6", "0.7", "0.8", "0.9", "16.0.0", "16.1.0", "16.2.0", "17.0.0"]}], "specifier": "<=17.0.0"}, {"extra": [], "extras": [], "marker": null, "marker_evaluated": null, "marker_evaluation_error": null, "marker_evaluation_result": true, "normalized_package_name": "python-dateutil", "package_name": "python-dateutil", "resolved_versions": [{"index": "https://pypi.org/simple", "versions": ["2.5.3"]}], "specifier": "==2.5.3"}, {"extra": [], "extras": [], "marker": null, "marker_evaluated": null, "marker_evaluation_error": null, "marker_evaluation_result": true, "normalized_package_name": "pytz", "package_name": "pytz", "resolved_versions": [{"index": "https://pypi.org/simple", "versions": ["2016.7"]}], "specifier": "==2016.7"}, {"extra": [], "extras": ["security"], "marker": null, "marker_evaluated": null, "marker_evaluation_error": null, "marker_evaluation_result": true, "normalized_package_name": "requests", "package_name": "requests", "resolved_versions": [{"index": "https://pypi.org/simple", "versions": ["2.11.1"]}], "specifier": "==2.11.1"}, {"extra": [], "extras": [], "marker": null, "marker_evaluated": null, "marker_evaluation_error": null, "marker_evaluation_result": true, "normalized_package_name": "retrying", "package_name": "retrying", "resolved_versions": [{"index": "https://pypi.org/simple", "versions": ["1.3.3"]}], "specifier": "==1.3.3"}, {"extra": [], "extras": [], "marker": null, "marker_evaluated": null, "marker_evaluation_error": null, "marker_evaluation_result": true, "normalized_package_name": "six", "package_name": "six", "resolved_versions": [{"index": "https://pypi.org/simple", "versions": ["1.10.0"]}], "specifier": "==1.10.0"}, {"extra": [], "extras": [], "marker": null, "marker_evaluated": null, "marker_evaluation_error": null, "marker_evaluation_result": true, "normalized_package_name": "terminaltables", "package_name": "terminaltables", "resolved_versions": [{"index": "https://pypi.org/simple", "versions": ["3.1.0"]}], "specifier": "==3.1.0"}], "importlib_metadata": {"entry_points": [{"group": "console_scripts", "name": "bmcs", "value": "oci_cli.cli:cli"}, {"group": "console_scripts", "name": "oci", "value": "oci_cli.cli:cli"}], "files": [{"hash": {"mode": "sha256", "value": "1CPVxxo6w8DXEaqZEufXQ8Zw-uYLkXwnhWeUV8iXEnk"}, "path": "../../../bin/bmcs", "size": 221}, {"hash": {"mode": "sha256", "value": "1CPVxxo6w8DXEaqZEufXQ8Zw-uYLkXwnhWeUV8iXEnk"}, "path": "../../../bin/oci", "size": 221}, {"hash": {"mode": "sha256", "value": "J5D_oSE0a7XC8945q8Rm7CvQ8_Xa7DzDQkyYw1EL09k"}, "path": "oci_cli-2.4.9.dist-info/DESCRIPTION.rst", "size": 2164}, {"hash": {"mode": "sha256", "value": "zuuue4knoyJ-UwPPXg8fezS7VCrXJQrAP7zeNuwvFQg"}, "path": "oci_cli-2.4.9.dist-info/INSTALLER", "size": 4}, {"hash": {"mode": "sha256", "value": "hoKehBI68PFkHIR7-uyVulaNg6ud8z1fFqtpp3nuVow"}, "path": "oci_cli-2.4.9.dist-info/LICENSE.txt", "size": 41211}, {"hash": {"mode": "sha256", "value": "9P3MCTYNuoDIgDJK6ubCp2qH-drVeMLnAmoHQLICkKg"}, "path": "oci_cli-2.4.9.dist-info/METADATA", "size": 3350}, {"hash": null, "path": "oci_cli-2.4.9.dist-info/RECORD", "size": null}, {"hash": {"mode": "sha256", "value": "o2k-Qa-RMNIJmUdIc7KU6VWR_ErNRbWNlxDIpl7lm34"}, "path": "oci_cli-2.4.9.dist-info/WHEEL", "size": 110}, {"hash": {"mode": "sha256", "value": "2skUmCWiWbNRtxvoslq6ZcMVRCIQbd91f-_NtV3HHkY"}, "path": "oci_cli-2.4.9.dist-info/entry_points.txt", "size": 64}, {"hash": {"mode": "sha256", "value": "HeobblXojkTktZuMM9BNDC80PQlepbsbeADspK05tiw"}, "path": "oci_cli-2.4.9.dist-info/metadata.json", "size": 1421}, {"hash": {"mode": "sha256", "value": "GQNfKjJ-JGk-pcxpmRmFlAseq39NbDGN-alu68p3o6A"}, "path": "oci_cli-2.4.9.dist-info/top_level.txt", "size": 8}, {"hash": {"mode": "sha256", "value": "jfr_yoX8wLItWA1utp7DGMmpnH6j_ssk2t1sx90ywdc"}, "path": "oci_cli/__init__.py", "size": 881}, {"hash": null, "path": "oci_cli/__pycache__/__init__.cpython-37.pyc", "size": null}, {"hash": null, "path": "oci_cli/__pycache__/cli.cpython-37.pyc", "size": null}, {"hash": null, "path": "oci_cli/__pycache__/cli_root.cpython-37.pyc", "size": null}, {"hash": null, "path": "oci_cli/__pycache__/cli_setup.cpython-37.pyc", "size": null}, {"hash": null, "path": "oci_cli/__pycache__/cli_util.cpython-37.pyc", "size": null}, {"hash": null, "path": "oci_cli/__pycache__/core_cli_extended.cpython-37.pyc", "size": null}, {"hash": null, "path": "oci_cli/__pycache__/database_cli_extended.cpython-37.pyc", "size": null}, {"hash": null, "path": "oci_cli/__pycache__/final_command_processor.cpython-37.pyc", "size": null}, {"hash": null, "path": "oci_cli/__pycache__/formatting.cpython-37.pyc", "size": null}, {"hash": null, "path": "oci_cli/__pycache__/identity_cli_extended.cpython-37.pyc", "size": null}, {"hash": null, "path": "oci_cli/__pycache__/object_storage_cli.cpython-37.pyc", "size": null}, {"hash": null, "path": "oci_cli/__pycache__/retry_utils.cpython-37.pyc", "size": null}, {"hash": null, "path": "oci_cli/__pycache__/version.cpython-37.pyc", "size": null}, {"hash": {"mode": "sha256", "value": "5E2e9M4ly47H_TOgXbMVIYxk2foWG21k5ydABJsj_74"}, "path": "oci_cli/bin/oci_autocomplete.sh", "size": 539}, {"hash": {"mode": "sha256", "value": "qIeVYw-Hmf7gyA9x_pgD0uqnHn2c8uoJJbZ9gcMc9K4"}, "path": "oci_cli/cli.py", "size": 746}, {"hash": {"mode": "sha256", "value": "WN9DnXe-xmI4288Tptr5i_v14IEzxj7SN5IeCH8iM-k"}, "path": "oci_cli/cli_root.py", "size": 3759}, {"hash": {"mode": "sha256", "value": "Z8vemVgmqN45kdpAs_y-TfypHZRWBC51EGnOm3V2T5I"}, "path": "oci_cli/cli_setup.py", "size": 15102}, {"hash": {"mode": "sha256", "value": "P8lCWCqv7UUPy0Q55z5yVcwHm19VmzCnGj3EF2JvAXo"}, "path": "oci_cli/cli_util.py", "size": 13705}, {"hash": {"mode": "sha256", "value": "GKjMc_K8wzRzHgzBGGRyL60RSjQzjVttd65LgRyxTeI"}, "path": "oci_cli/core_cli_extended.py", "size": 37883}, {"hash": {"mode": "sha256", "value": "hUUkhReXDBA7aMP7IyVNb5MWqgxuzT5Xa8qkhUp_zFA"}, "path": "oci_cli/database_cli_extended.py", "size": 16110}, {"hash": {"mode": "sha256", "value": "M8YFNeHm5cLOmzoEf7WmIf4cTkVcQTCid0-hK4PxIdQ"}, "path": "oci_cli/final_command_processor.py", "size": 1563}, {"hash": {"mode": "sha256", "value": "OXTHZRNv8sDSzRkhJov8UlIxI4bJzFucc3ZPcq9XAC0"}, "path": "oci_cli/formatting.py", "size": 1305}, {"hash": {"mode": "sha256", "value": "pNd494wVYqA2mHkE9VWaYiY7ufAV5nPT7TL6E3EpjLU"}, "path": "oci_cli/generated/__init__.py", "size": 95}, {"hash": null, "path": "oci_cli/generated/__pycache__/__init__.cpython-37.pyc", "size": null}, {"hash": null, "path": "oci_cli/generated/__pycache__/blockstorage_cli.cpython-37.pyc", "size": null}, {"hash": null, "path": "oci_cli/generated/__pycache__/compute_cli.cpython-37.pyc", "size": null}, {"hash": null, "path": "oci_cli/generated/__pycache__/database_cli.cpython-37.pyc", "size": null}, {"hash": null, "path": "oci_cli/generated/__pycache__/identity_cli.cpython-37.pyc", "size": null}, {"hash": null, "path": "oci_cli/generated/__pycache__/virtualnetwork_cli.cpython-37.pyc", "size": null}, {"hash": {"mode": "sha256", "value": "793MrLHGQNrDIiLGlpkLFZbYBkwU0RGpCOI_aYkufPo"}, "path": "oci_cli/generated/blockstorage_cli.py", "size": 13468}, {"hash": {"mode": "sha256", "value": "yfr18aJneO2bJNDBvUSzw95ttfxKq-N8YLZFIb0PylM"}, "path": "oci_cli/generated/compute_cli.py", "size": 45425}, {"hash": {"mode": "sha256", "value": "ueZyXTM26yxqvprLLM5rNMJtYe1LqBnpufVD-W_Tvpo"}, "path": "oci_cli/generated/database_cli.py", "size": 25481}, {"hash": {"mode": "sha256", "value": "JXyA-vEMFma-jVdzZLbwBhMdb0bAgMnpfBORJyHt9fo"}, "path": "oci_cli/generated/identity_cli.py", "size": 74200}, {"hash": {"mode": "sha256", "value": "qv-nqvSJRdRFlxNvLPfNsj4RDwhYqjfiL0Tm2t7Adzk"}, "path": "oci_cli/generated/virtualnetwork_cli.py", "size": 130782}, {"hash": {"mode": "sha256", "value": "MCt1rxwsbZ-SnY-Z547-AoH3g8ejAZXxAP6O-PjukTw"}, "path": "oci_cli/identity_cli_extended.py", "size": 8903}, {"hash": {"mode": "sha256", "value": "x5gkDPWmEFclSnLE9z8X0FjzvIrMqWU_RzzpdSDzBRE"}, "path": "oci_cli/object_storage_cli.py", "size": 75878}, {"hash": {"mode": "sha256", "value": "dNLfJGE915MWfLFMS3ziXjSNyAB8F8alJUrUiLvqBsY"}, "path": "oci_cli/retry_utils.py", "size": 659}, {"hash": {"mode": "sha256", "value": "5QCRBbQv74sdnURsoQ18hKcWVnt0msXg4e1IpDUcGIM"}, "path": "oci_cli/version.py", "size": 118}], "metadata": {"Author": "Oracle", "Author-email": "joe.levy@oracle.com", "Classifier": ["Development Status :: 5 - Production/Stable", "Environment :: Console", "Intended Audience :: Information Technology", "Intended Audience :: Developers", "License :: OSI Approved :: Apache Software License", "License :: OSI Approved :: Universal Permissive License (UPL)", "Programming Language :: Python :: 2.7", "Programming Language :: Python :: 3.5"], "Home-page": "https://docs.us-phoenix-1.oraclecloud.com/Content/API/SDKDocs/cli.htm", "License": "Universal Permissive License 1.0 or Apache License 2.0", "Metadata-Version": "2.0", "Name": "oci-cli", "Platform": ["UNKNOWN"], "Requires-Dist": ["certifi", "click (==6.7)", "configparser (==3.5.0)", "cryptography (==1.8.2)", "httpsig-cffi (==15.0.0)", "oci (==1.3.7)", "pyOpenSSL (<=17.0.0)", "python-dateutil (==2.5.3)", "pytz (==2016.7)", "requests[security] (==2.11.1)", "retrying (==1.3.3)", "six (==1.10.0)", "terminaltables (==3.1.0)"], "Summary": "Oracle Cloud Infrastructure CLI", "Version": "2.4.9"}, "requires": ["certifi", "click (==6.7)", "configparser (==3.5.0)", "cryptography (==1.8.2)", "httpsig-cffi (==15.0.0)", "oci (==1.3.7)", "pyOpenSSL (<=17.0.0)", "python-dateutil (==2.5.3)", "pytz (==2016.7)", "requests[security] (==2.11.1)", "retrying (==1.3.3)", "six (==1.10.0)", "terminaltables (==3.1.0)"], "version": "2.4.9"}, "index_url": "https://pypi.org/simple", "package_name": "oci-cli", "package_version": "2.4.9", "package_version_requested": "2.4.9", "sha256": ["71d1e8aed26f4770b92fed56e6922107b5412b1f9da7b5960095f22ff1fa0fd3", "ec09caadc632996d0bcabf2dede81e894c9ccea88df05b714e27abc3512f7fd3"]}], "unparsed": [], "unresolved": []}}