{"metadata": {"analyzer": "thoth-solver", "analyzer_version": "1.4.1", "arguments": {"python": {"exclude_packages": null, "index": "https://pypi.org/simple", "no_pretty": false, "no_transitive": true, "output": "/mnt/workdir/solver-fedora-31-py37-03e59193", "requirements": "ddtrace===0.36.0", "virtualenv": "/home/solver/venv"}, "thoth-solver": {"verbose": false}}, "datetime": "2020-04-07T01:21:57.838619", "distribution": {"codename": "", "id": "fedora", "like": "", "version": "31", "version_parts": {"build_number": "", "major": "31", "minor": ""}}, "document_id": "solver-fedora-31-py37-03e59193", "duration": 7, "hostname": "solver-fedora-31-py37-03e59193-1379537678", "os_release": {"id": "fedora", "name": "Fedora", "platform_id": "platform:f31", "redhat_bugzilla_product": "Fedora", "redhat_bugzilla_product_version": "31", "redhat_support_product": "Fedora", "redhat_support_product_version": "31", "variant_id": "container", "version": "31 (Container Image)", "version_id": "31"}, "python": {"api_version": 1013, "implementation_name": "cpython", "major": 3, "micro": 5, "minor": 7, "releaselevel": "final", "serial": 0}, "thoth_deployment_name": "thoth-psi-stage", "timestamp": 1586222517}, "result": {"environment": {"implementation_name": "cpython", "implementation_version": "3.7.5", "os_name": "posix", "platform_machine": "x86_64", "platform_python_implementation": "CPython", "platform_release": "3.10.0-957.21.2.el7.x86_64", "platform_system": "Linux", "platform_version": "#1 SMP Tue May 28 09:26:43 UTC 2019", "python_full_version": "3.7.5", "python_version": "3.7", "sys_platform": "linux"}, "environment_packages": [{"package_name": "pipdeptree", "package_version": "0.13.2"}], "errors": [], "tree": [{"dependencies": [{"extra": [], "extras": [], "marker": null, "marker_evaluated": null, "marker_evaluation_error": null, "marker_evaluation_result": true, "normalized_package_name": "msgpack", "package_name": "msgpack", "resolved_versions": [{"index": "https://pypi.org/simple", "versions": ["0.5.0", "0.5.1", "0.5.2", "0.5.3", "0.5.4", "0.5.5", "0.5.6", "0.6.0", "0.6.1", "0.6.2", "1.0.0"]}], "specifier": ">=0.5.0"}, {"extra": [], "extras": [], "marker": "python_version < \"3.4\"", "marker_evaluated": "python_version < \"3.4\"", "marker_evaluation_error": null, "marker_evaluation_result": false, "normalized_package_name": "enum34", "package_name": "enum34", "resolved_versions": [{"index": "https://pypi.org/simple", "versions": ["0.9", "0.9.1", "0.9.11", "0.9.12", "0.9.13", "0.9.14", "0.9.15", "0.9.16", "0.9.17", "0.9.18", "0.9.19", "0.9.20", "0.9.21", "0.9.22", "0.9.23", "1.0", "1.0.1", "1.0.2", "1.0.3", "1.0.4", "1.1.0", "1.1.1", "1.1.10", "1.1.2", "1.1.3", "1.1.4", "1.1.5", "1.1.6", "1.1.8", "1.1.9"]}], "specifier": null}, {"extra": [], "extras": [], "marker": "python_version == \"2.7\"", "marker_evaluated": "python_version == \"2.7\"", "marker_evaluation_error": null, "marker_evaluation_result": false, "normalized_package_name": "funcsigs", "package_name": "funcsigs", "resolved_versions": [{"index": "https://pypi.org/simple", "versions": ["1.0.0", "1.0.1", "1.0.2"]}], "specifier": ">=1.0.0"}, {"extra": ["opentracing"], "extras": [], "marker": "extra == \"opentracing\"", "marker_evaluated": "python_version >= \"0.0\"", "marker_evaluation_error": null, "marker_evaluation_result": true, "normalized_package_name": "opentracing", "package_name": "opentracing", "resolved_versions": [{"index": "https://pypi.org/simple", "versions": ["2.0.0", "2.1.0", "2.2.0", "2.3.0"]}], "specifier": ">=2.0.0"}, {"extra": ["profile"], "extras": [], "marker": "extra == \"profile\"", "marker_evaluated": "python_version >= \"0.0\"", "marker_evaluation_error": null, "marker_evaluation_result": true, "normalized_package_name": "protobuf", "package_name": "protobuf", "resolved_versions": [{"index": "https://pypi.org/simple", "versions": ["3.0.0", "3.1.0", "3.1.0.post1", "3.10.0", "3.11.0", "3.11.1", "3.11.2", "3.11.3", "3.2.0", "3.3.0", "3.4.0", "3.5.0.post1", "3.5.1", "3.5.2", "3.5.2.post1", "3.6.0", "3.6.1", "3.7.0", "3.7.1", "3.8.0", "3.9.0", "3.9.1", "3.9.2"]}], "specifier": ">=3"}, {"extra": ["profile"], "extras": [], "marker": "extra == \"profile\"", "marker_evaluated": "python_version >= \"0.0\"", "marker_evaluation_error": null, "marker_evaluation_result": true, "normalized_package_name": "intervaltree", "package_name": "intervaltree", "resolved_versions": [{"index": "https://pypi.org/simple", "versions": ["1.0.0", "1.0.1", "1.0.2", "1.1.0", "1.1.1", "2.0.0", "2.0.1", "2.0.2", "2.0.3", "2.0.4", "2.1.0", "3.0.0", "3.0.1", "3.0.2"]}], "specifier": null}, {"extra": ["profiling"], "extras": [], "marker": "extra == \"profiling\"", "marker_evaluated": "python_version >= \"0.0\"", "marker_evaluation_error": null, "marker_evaluation_result": true, "normalized_package_name": "protobuf", "package_name": "protobuf", "resolved_versions": [{"index": "https://pypi.org/simple", "versions": ["3.0.0", "3.1.0", "3.1.0.post1", "3.10.0", "3.11.0", "3.11.1", "3.11.2", "3.11.3", "3.2.0", "3.3.0", "3.4.0", "3.5.0.post1", "3.5.1", "3.5.2", "3.5.2.post1", "3.6.0", "3.6.1", "3.7.0", "3.7.1", "3.8.0", "3.9.0", "3.9.1", "3.9.2"]}], "specifier": ">=3"}, {"extra": ["profiling"], "extras": [], "marker": "extra == \"profiling\"", "marker_evaluated": "python_version >= \"0.0\"", "marker_evaluation_error": null, "marker_evaluation_result": true, "normalized_package_name": "intervaltree", "package_name": "intervaltree", "resolved_versions": [{"index": "https://pypi.org/simple", "versions": ["1.0.0", "1.0.1", "1.0.2", "1.1.0", "1.1.1", "2.0.0", "2.0.1", "2.0.2", "2.0.3", "2.0.4", "2.1.0", "3.0.0", "3.0.1", "3.0.2"]}], "specifier": null}], "importlib_metadata": {"entry_points": [{"group": "console_scripts", "name": "ddtrace-run", "value": "ddtrace.commands.ddtrace_run:main"}, {"group": "console_scripts", "name": "pyddprofile", "value": "ddtrace.profiling.__main__:main"}], "files": [{"hash": {"mode": "sha256", "value": "2fR2kMxIoroxU41BYcvsRBWNkW8SmYN4J5CH3m8dlnA"}, "path": "../../../bin/ddtrace-run", "size": 240}, {"hash": {"mode": "sha256", "value": "DR4PWuOvx-Q45Jj2q8LHYd78Qvf_eXPcOvL0l-g0zNo"}, "path": "../../../bin/pyddprofile", "size": 238}, {"hash": {"mode": "sha256", "value": "zuuue4knoyJ-UwPPXg8fezS7VCrXJQrAP7zeNuwvFQg"}, "path": "ddtrace-0.36.0.dist-info/INSTALLER", "size": 4}, {"hash": {"mode": "sha256", "value": "OZvn-IQ0kjk6HmSP8Yi2WQqZBzGRJQmvBO5w9KBdD3o"}, "path": "ddtrace-0.36.0.dist-info/LICENSE", "size": 186}, {"hash": {"mode": "sha256", "value": "5V2RruBHZQIcPyceiv51DjjvdvhgsgS4pnXAOHDuZkQ"}, "path": "ddtrace-0.36.0.dist-info/LICENSE.Apache", "size": 11342}, {"hash": {"mode": "sha256", "value": "J9S_Tq-hhvteDV2W8R0rqht5DZHkmvgdx3gnLZg4j6Q"}, "path": "ddtrace-0.36.0.dist-info/LICENSE.BSD3", "size": 1493}, {"hash": {"mode": "sha256", "value": "qyM2F-4ruG6_DmnYUgsJB9ySBpgbCJr9x4jITwOH-uU"}, "path": "ddtrace-0.36.0.dist-info/METADATA", "size": 1864}, {"hash": {"mode": "sha256", "value": "Wmf6iXVNfb58zWLK5pIkcbqMflb7pl38JhxjMwmjtyc"}, "path": "ddtrace-0.36.0.dist-info/NOTICE", "size": 146}, {"hash": null, "path": "ddtrace-0.36.0.dist-info/RECORD", "size": null}, {"hash": {"mode": "sha256", "value": "fgEDqTvJ7t6Dks7wJIP8MuGNJfT7rZstMDs3LUSwCl8"}, "path": "ddtrace-0.36.0.dist-info/WHEEL", "size": 112}, {"hash": {"mode": "sha256", "value": "d4JhP8U0zVlI_LBKoumNdec4qcu3o0feqJ7Uy7ozssY"}, "path": "ddtrace-0.36.0.dist-info/entry_points.txt", "size": 113}, {"hash": {"mode": "sha256", "value": "jPd7qTCAnWevz7DZiI0jdVlnFB3cautvluLsO-iMgQY"}, "path": "ddtrace-0.36.0.dist-info/top_level.txt", "size": 8}, {"hash": {"mode": "sha256", "value": "WCexa2B40N2epjGvn16ZRwQtk4L78jAsPrQ9lti10Oc"}, "path": "ddtrace/__init__.py", "size": 1046}, {"hash": null, "path": "ddtrace/__pycache__/__init__.cpython-37.pyc", "size": null}, {"hash": null, "path": "ddtrace/__pycache__/_worker.cpython-37.pyc", "size": null}, {"hash": null, "path": "ddtrace/__pycache__/api.cpython-37.pyc", "size": null}, {"hash": null, "path": "ddtrace/__pycache__/compat.cpython-37.pyc", "size": null}, {"hash": null, "path": "ddtrace/__pycache__/constants.cpython-37.pyc", "size": null}, {"hash": null, "path": "ddtrace/__pycache__/context.cpython-37.pyc", "size": null}, {"hash": null, "path": "ddtrace/__pycache__/encoding.cpython-37.pyc", "size": null}, {"hash": null, "path": "ddtrace/__pycache__/filters.cpython-37.pyc", "size": null}, {"hash": null, "path": "ddtrace/__pycache__/helpers.cpython-37.pyc", "size": null}, {"hash": null, "path": "ddtrace/__pycache__/monkey.cpython-37.pyc", "size": null}, {"hash": null, "path": "ddtrace/__pycache__/payload.cpython-37.pyc", "size": null}, {"hash": null, "path": "ddtrace/__pycache__/pin.cpython-37.pyc", "size": null}, {"hash": null, "path": "ddtrace/__pycache__/provider.cpython-37.pyc", "size": null}, {"hash": null, "path": "ddtrace/__pycache__/sampler.cpython-37.pyc", "size": null}, {"hash": null, "path": "ddtrace/__pycache__/span.cpython-37.pyc", "size": null}, {"hash": null, "path": "ddtrace/__pycache__/tracer.cpython-37.pyc", "size": null}, {"hash": null, "path": "ddtrace/__pycache__/util.cpython-37.pyc", "size": null}, {"hash": {"mode": "sha256", "value": "QkkGr08RTnXdmz-q3ll3cz8qxmqliBsdRDoK23mmdHw"}, "path": "ddtrace/_worker.py", "size": 2594}, {"hash": {"mode": "sha256", "value": "2un09WoO_x9MK6xtCBsQT_11ebqAvqMIEfEopRb8jzU"}, "path": "ddtrace/api.py", "size": 10731}, {"hash": {"mode": "sha256", "value": "47DEQpj8HBSa-_TImW-5JCeuQeRkm5NMpJWZG3hSuFU"}, "path": "ddtrace/bootstrap/__init__.py", "size": 0}, {"hash": null, "path": "ddtrace/bootstrap/__pycache__/__init__.cpython-37.pyc", "size": null}, {"hash": null, "path": "ddtrace/bootstrap/__pycache__/sitecustomize.cpython-37.pyc", "size": null}, {"hash": {"mode": "sha256", "value": "l-OQ7Df4bzvtBR4wh2LrVAWSHCxT2kZDy08BfXuOCKU"}, "path": "ddtrace/bootstrap/sitecustomize.py", "size": 4705}, {"hash": {"mode": "sha256", "value": "47DEQpj8HBSa-_TImW-5JCeuQeRkm5NMpJWZG3hSuFU"}, "path": "ddtrace/commands/__init__.py", "size": 0}, {"hash": null, "path": "ddtrace/commands/__pycache__/__init__.cpython-37.pyc", "size": null}, {"hash": null, "path": "ddtrace/commands/__pycache__/ddtrace_run.cpython-37.pyc", "size": null}, {"hash": {"mode": "sha256", "value": "1SouOIOQiZJkR4jgfeHO6f44aJoIHuwCpN7oGw6W9AM"}, "path": "ddtrace/commands/ddtrace_run.py", "size": 1963}, {"hash": {"mode": "sha256", "value": "bUiZzlNDT2CAZ4WMeADlvo0F_AoM5B_v1sm7XolRQRU"}, "path": "ddtrace/compat.py", "size": 8423}, {"hash": {"mode": "sha256", "value": "DIj7z17gvBUhwuXC5XOCRwb-2lZn1SZBL8YPGDh8sxQ"}, "path": "ddtrace/constants.py", "size": 591}, {"hash": {"mode": "sha256", "value": "hwD2sTpYrqgB2nhxDRGzbkB4ADblGFjk4A7FAargnUE"}, "path": "ddtrace/context.py", "size": 8718}, {"hash": {"mode": "sha256", "value": "u_r1BC4Yj4LBCXoiiGrXwhrJ0LPn-G-rIoDz4jIb_hI"}, "path": "ddtrace/contrib/__init__.py", "size": 78}, {"hash": null, "path": "ddtrace/contrib/__pycache__/__init__.cpython-37.pyc", "size": null}, {"hash": null, "path": "ddtrace/contrib/__pycache__/util.cpython-37.pyc", "size": null}, {"hash": {"mode": "sha256", "value": "nqmNJEZJu-CqhApFMw8hVwi-eMhIhxy4SoETJu8ARII"}, "path": "ddtrace/contrib/aiobotocore/__init__.py", "size": 873}, {"hash": null, "path": "ddtrace/contrib/aiobotocore/__pycache__/__init__.cpython-37.pyc", "size": null}, {"hash": null, "path": "ddtrace/contrib/aiobotocore/__pycache__/patch.cpython-37.pyc", "size": null}, {"hash": {"mode": "sha256", "value": "0tv_95m7JnfxkDyyK2nnktdoWdEd7w8WSLAtjmhsb8s"}, "path": "ddtrace/contrib/aiobotocore/patch.py", "size": 4751}, {"hash": {"mode": "sha256", "value": "eXuHhk3C7uO0G6sYi3hPREmE4gJBg9cKHcK5qQ4jn_0"}, "path": "ddtrace/contrib/aiohttp/__init__.py", "size": 2243}, {"hash": null, "path": "ddtrace/contrib/aiohttp/__pycache__/__init__.cpython-37.pyc", "size": null}, {"hash": null, "path": "ddtrace/contrib/aiohttp/__pycache__/middlewares.cpython-37.pyc", "size": null}, {"hash": null, "path": "ddtrace/contrib/aiohttp/__pycache__/patch.cpython-37.pyc", "size": null}, {"hash": null, "path": "ddtrace/contrib/aiohttp/__pycache__/template.cpython-37.pyc", "size": null}, {"hash": {"mode": "sha256", "value": "8jCWNPv-iMmDCY6Acf5WVjOtBaZJEFKRu5xpm5J3x8g"}, "path": "ddtrace/contrib/aiohttp/middlewares.py", "size": 5380}, {"hash": {"mode": "sha256", "value": "LXVRrtobuHZnhglOTTGJRjAZdCP7uM1neDUqMxTZwW0"}, "path": "ddtrace/contrib/aiohttp/patch.py", "size": 1059}, {"hash": {"mode": "sha256", "value": "VKsHlYs01w-lTn3HCRpPxuFS8MiuGMrboXUtOweshbY"}, "path": "ddtrace/contrib/aiohttp/template.py", "size": 900}, {"hash": {"mode": "sha256", "value": "JYriyU-fmWpe96TAU_FpGeGSzythOdNLeInz40vSkKI"}, "path": "ddtrace/contrib/aiopg/__init__.py", "size": 764}, {"hash": null, "path": "ddtrace/contrib/aiopg/__pycache__/__init__.cpython-37.pyc", "size": null}, {"hash": null, "path": "ddtrace/contrib/aiopg/__pycache__/connection.cpython-37.pyc", "size": null}, {"hash": null, "path": "ddtrace/contrib/aiopg/__pycache__/patch.cpython-37.pyc", "size": null}, {"hash": {"mode": "sha256", "value": "g50Lfol3IAF0ZEAYwLyP2-d3UBJq6ZyeyvW0008en3w"}, "path": "ddtrace/contrib/aiopg/connection.py", "size": 3437}, {"hash": {"mode": "sha256", "value": "s7KYwL96zLqbP6F16EKwNhVm58PCPk316TRIoIxJR5E"}, "path": "ddtrace/contrib/aiopg/patch.py", "size": 1695}, {"hash": {"mode": "sha256", "value": "z7gecSemznz21FdM5HZQPSeZXLfGQpZ3eL9v7AFWZfU"}, "path": "ddtrace/contrib/algoliasearch/__init__.py", "size": 873}, {"hash": null, "path": "ddtrace/contrib/algoliasearch/__pycache__/__init__.cpython-37.pyc", "size": null}, {"hash": null, "path": "ddtrace/contrib/algoliasearch/__pycache__/patch.cpython-37.pyc", "size": null}, {"hash": {"mode": "sha256", "value": "8oTdVe-6hJ0qAO_gE0jIxqIzhouVSSz0XF_Qo99q5Uc"}, "path": "ddtrace/contrib/algoliasearch/patch.py", "size": 4991}, {"hash": {"mode": "sha256", "value": "NUwKtT5eK2j2mliCrTmh86THfaWP86yXLD3cVjIoJJs"}, "path": "ddtrace/contrib/asyncio/__init__.py", "size": 2752}, {"hash": null, "path": "ddtrace/contrib/asyncio/__pycache__/__init__.cpython-37.pyc", "size": null}, {"hash": null, "path": "ddtrace/contrib/asyncio/__pycache__/compat.cpython-37.pyc", "size": null}, {"hash": null, "path": "ddtrace/contrib/asyncio/__pycache__/helpers.cpython-37.pyc", "size": null}, {"hash": null, "path": "ddtrace/contrib/asyncio/__pycache__/patch.cpython-37.pyc", "size": null}, {"hash": null, "path": "ddtrace/contrib/asyncio/__pycache__/provider.cpython-37.pyc", "size": null}, {"hash": null, "path": "ddtrace/contrib/asyncio/__pycache__/wrappers.cpython-37.pyc", "size": null}, {"hash": {"mode": "sha256", "value": "ufUvHBWMzdNMzPyXL1HI1j7AR0oc97259uhE2pvbZsc"}, "path": "ddtrace/contrib/asyncio/compat.py", "size": 304}, {"hash": {"mode": "sha256", "value": "Jy6vt8wRhYWtDq--C0aWuvJUrXJlpaxQIb3OgPWlLTA"}, "path": "ddtrace/contrib/asyncio/helpers.py", "size": 3150}, {"hash": {"mode": "sha256", "value": "ug3iqsUCLg7r56d0IyDbbmpkbmtrLhKpOWD3AceOXcY"}, "path": "ddtrace/contrib/asyncio/patch.py", "size": 937}, {"hash": {"mode": "sha256", "value": "Ujab4U4TZi9bz0raQ7Y2nz2AkWQYwzrQkvEl17eGoCY"}, "path": "ddtrace/contrib/asyncio/provider.py", "size": 3321}, {"hash": {"mode": "sha256", "value": "acR9mdE5GDql57Mk1mCJWfqzBpe-5wgxegtLiLukVQ8"}, "path": "ddtrace/contrib/asyncio/wrappers.py", "size": 2158}, {"hash": {"mode": "sha256", "value": "gEjgG6u0212YKPkC74u0j48dSJrn0jamogkdmvbVguk"}, "path": "ddtrace/contrib/boto/__init__.py", "size": 682}, {"hash": null, "path": "ddtrace/contrib/boto/__pycache__/__init__.cpython-37.pyc", "size": null}, {"hash": null, "path": "ddtrace/contrib/boto/__pycache__/patch.cpython-37.pyc", "size": null}, {"hash": {"mode": "sha256", "value": "qQuoNlWl3nVG8xslFc_R2jLqW7LBqIuam7eklqNyFiw"}, "path": "ddtrace/contrib/boto/patch.py", "size": 5649}, {"hash": {"mode": "sha256", "value": "MtjOqTN0Ca1x1NEFht75xU0t_f2zk2IK3qR7Vaqf680"}, "path": "ddtrace/contrib/botocore/__init__.py", "size": 854}, {"hash": null, "path": "ddtrace/contrib/botocore/__pycache__/__init__.cpython-37.pyc", "size": null}, {"hash": null, "path": "ddtrace/contrib/botocore/__pycache__/patch.cpython-37.pyc", "size": null}, {"hash": {"mode": "sha256", "value": "CueisPeTa5FW-fsvwSbm1Fl6HjALOPbOdvZEVFzpEdQ"}, "path": "ddtrace/contrib/botocore/patch.py", "size": 2706}, {"hash": {"mode": "sha256", "value": "Bh99SP8t1HOeKVyknIhn7eBqXwtk261ZNI6GtUB2Vp8"}, "path": "ddtrace/contrib/bottle/__init__.py", "size": 585}, {"hash": null, "path": "ddtrace/contrib/bottle/__pycache__/__init__.cpython-37.pyc", "size": null}, {"hash": null, "path": "ddtrace/contrib/bottle/__pycache__/patch.cpython-37.pyc", "size": null}, {"hash": null, "path": "ddtrace/contrib/bottle/__pycache__/trace.cpython-37.pyc", "size": null}, {"hash": {"mode": "sha256", "value": "OByhA6YyugW3s1T3akcyTB-TbM-LFzXADOqP4vyzH58"}, "path": "ddtrace/contrib/bottle/patch.py", "size": 556}, {"hash": {"mode": "sha256", "value": "HPs5xl4qoHPhEERhME7tmEH7spg4Z9EO2jB4xaAk4OQ"}, "path": "ddtrace/contrib/bottle/trace.py", "size": 3258}, {"hash": {"mode": "sha256", "value": "SnOE6RczWxg0kN3I5bXlMGVdaWJojsIwmmXSndI36Z4"}, "path": "ddtrace/contrib/cassandra/__init__.py", "size": 1197}, {"hash": null, "path": "ddtrace/contrib/cassandra/__pycache__/__init__.cpython-37.pyc", "size": null}, {"hash": null, "path": "ddtrace/contrib/cassandra/__pycache__/patch.cpython-37.pyc", "size": null}, {"hash": null, "path": "ddtrace/contrib/cassandra/__pycache__/session.cpython-37.pyc", "size": null}, {"hash": {"mode": "sha256", "value": "PEkyto5H96PqEzQQuwI9DYTbFJlE9rJ3WcrvCEl8sVM"}, "path": "ddtrace/contrib/cassandra/patch.py", "size": 68}, {"hash": {"mode": "sha256", "value": "eAFfGVRN5qKm5vKHL3zYFMI8cJCNaKy0A4VnG08hezU"}, "path": "ddtrace/contrib/cassandra/session.py", "size": 9797}, {"hash": {"mode": "sha256", "value": "PXWg9-ndAypgIZdBzo3y_jRjI4nR7F203TqIIaiXe94"}, "path": "ddtrace/contrib/celery/__init__.py", "size": 1560}, {"hash": null, "path": "ddtrace/contrib/celery/__pycache__/__init__.cpython-37.pyc", "size": null}, {"hash": null, "path": "ddtrace/contrib/celery/__pycache__/app.cpython-37.pyc", "size": null}, {"hash": null, "path": "ddtrace/contrib/celery/__pycache__/constants.cpython-37.pyc", "size": null}, {"hash": null, "path": "ddtrace/contrib/celery/__pycache__/patch.cpython-37.pyc", "size": null}, {"hash": null, "path": "ddtrace/contrib/celery/__pycache__/signals.cpython-37.pyc", "size": null}, {"hash": null, "path": "ddtrace/contrib/celery/__pycache__/task.cpython-37.pyc", "size": null}, {"hash": null, "path": "ddtrace/contrib/celery/__pycache__/utils.cpython-37.pyc", "size": null}, {"hash": {"mode": "sha256", "value": "pKCOc1_jq494w-XWTWWwB1NCUGovLwrLM0t2ezMYnME"}, "path": "ddtrace/contrib/celery/app.py", "size": 1794}, {"hash": {"mode": "sha256", "value": "aS3BNpQeSTenQbcoY5AIub5d7Fp7-v-FEOthyzwVEuk"}, "path": "ddtrace/contrib/celery/constants.py", "size": 484}, {"hash": {"mode": "sha256", "value": "lmo0NMQxu5hE_EZ9ZhWu29y4HHOslHijxPJTOE3OgIw"}, "path": "ddtrace/contrib/celery/patch.py", "size": 873}, {"hash": {"mode": "sha256", "value": "x3x2KzK8Z1z6U9Fz_JE5XHHnHZE6CkKC47qekMaZECk"}, "path": "ddtrace/contrib/celery/signals.py", "size": 5839}, {"hash": {"mode": "sha256", "value": "ZC1kZaHDaPnM-Lx56O2sJ19NZXjxkBdcPeCseryyW7U"}, "path": "ddtrace/contrib/celery/task.py", "size": 927}, {"hash": {"mode": "sha256", "value": "NoYnGYLN8J-M4nBnxx344uOKcevohyA12xgyKhUHWrY"}, "path": "ddtrace/contrib/celery/utils.py", "size": 3765}, {"hash": {"mode": "sha256", "value": "8ZubpHIdoL7RlDOlEPI0w_w7juBGE5iS8O87_9C2e7w"}, "path": "ddtrace/contrib/consul/__init__.py", "size": 805}, {"hash": null, "path": "ddtrace/contrib/consul/__pycache__/__init__.cpython-37.pyc", "size": null}, {"hash": null, "path": "ddtrace/contrib/consul/__pycache__/patch.cpython-37.pyc", "size": null}, {"hash": {"mode": "sha256", "value": "0sNH4V2UUaKb_RGNE5EsgTJ-lTAMHNxs5IK_DfROOjA"}, "path": "ddtrace/contrib/consul/patch.py", "size": 1725}, {"hash": {"mode": "sha256", "value": "7r6syZs1NiLoSyRWNfoByVU5r5_uIJCl64Z-v1C1VEs"}, "path": "ddtrace/contrib/dbapi/__init__.py", "size": 9075}, {"hash": null, "path": "ddtrace/contrib/dbapi/__pycache__/__init__.cpython-37.pyc", "size": null}, {"hash": {"mode": "sha256", "value": "2QveARYuY70zkgYOshCaWua4NZvygwmM7y8YfWUbYmo"}, "path": "ddtrace/contrib/django/__init__.py", "size": 10627}, {"hash": null, "path": "ddtrace/contrib/django/__pycache__/__init__.cpython-37.pyc", "size": null}, {"hash": null, "path": "ddtrace/contrib/django/__pycache__/apps.cpython-37.pyc", "size": null}, {"hash": null, "path": "ddtrace/contrib/django/__pycache__/compat.cpython-37.pyc", "size": null}, {"hash": null, "path": "ddtrace/contrib/django/__pycache__/conf.cpython-37.pyc", "size": null}, {"hash": null, "path": "ddtrace/contrib/django/__pycache__/middleware.cpython-37.pyc", "size": null}, {"hash": null, "path": "ddtrace/contrib/django/__pycache__/patch.cpython-37.pyc", "size": null}, {"hash": null, "path": "ddtrace/contrib/django/__pycache__/restframework.cpython-37.pyc", "size": null}, {"hash": null, "path": "ddtrace/contrib/django/__pycache__/utils.cpython-37.pyc", "size": null}, {"hash": {"mode": "sha256", "value": "MFGXSTPkYDD0jA5aOCUp79T-Qj0IUqZeZvxeTzBabTg"}, "path": "ddtrace/contrib/django/apps.py", "size": 648}, {"hash": {"mode": "sha256", "value": "DPrreYiy6PtQI3l-b13V6W3dtp1dQQ_0y51GX3g8jg8"}, "path": "ddtrace/contrib/django/compat.py", "size": 908}, {"hash": {"mode": "sha256", "value": "NDpJ6F30oexhabAWVk5T7tWxuiinF_lC5MIOZXKYIbI"}, "path": "ddtrace/contrib/django/conf.py", "size": 6427}, {"hash": {"mode": "sha256", "value": "iA5344jZVQiRV1xtDp7fsCHUnjm5eTWCygO1h0AyN_g"}, "path": "ddtrace/contrib/django/middleware.py", "size": 394}, {"hash": {"mode": "sha256", "value": "zZt7Yz4BKucgkNBlfUyJYWxKAZWWFyC1DwytfXDdIQM"}, "path": "ddtrace/contrib/django/patch.py", "size": 22375}, {"hash": {"mode": "sha256", "value": "91yw2GYu5eFr6OR1hh9j-IUWhakLXL1uFTdHPuvtSeM"}, "path": "ddtrace/contrib/django/restframework.py", "size": 1156}, {"hash": {"mode": "sha256", "value": "LcdNB1NpJ_kxtZSXfZAZy9bK3IsyH7mdkzz2JPCTn6s"}, "path": "ddtrace/contrib/django/utils.py", "size": 3071}, {"hash": {"mode": "sha256", "value": "ULD2zwFLTetBpmHPgIvOPSciGSzsm3WziR4pk0oGJo8"}, "path": "ddtrace/contrib/dogpile_cache/__init__.py", "size": 1562}, {"hash": null, "path": "ddtrace/contrib/dogpile_cache/__pycache__/__init__.cpython-37.pyc", "size": null}, {"hash": null, "path": "ddtrace/contrib/dogpile_cache/__pycache__/lock.cpython-37.pyc", "size": null}, {"hash": null, "path": "ddtrace/contrib/dogpile_cache/__pycache__/patch.cpython-37.pyc", "size": null}, {"hash": null, "path": "ddtrace/contrib/dogpile_cache/__pycache__/region.cpython-37.pyc", "size": null}, {"hash": {"mode": "sha256", "value": "YRbZrSna7etCjdUSrFjQmorkrfJsBMWhcoRGADf5vds"}, "path": "ddtrace/contrib/dogpile_cache/lock.py", "size": 1597}, {"hash": {"mode": "sha256", "value": "xiO-ztNCqdwUBuPqZh6FnzPVGHRnplQe8ybpqa0jFdA"}, "path": "ddtrace/contrib/dogpile_cache/patch.py", "size": 1484}, {"hash": {"mode": "sha256", "value": "CIaqErGG_bodfUZg6PhXckBBcz2sXRX3x8zSwOK05tk"}, "path": "ddtrace/contrib/dogpile_cache/region.py", "size": 1125}, {"hash": {"mode": "sha256", "value": "EYPQVfXByxEtWYofOTajSc5skMe5TArINZVUo835-jQ"}, "path": "ddtrace/contrib/elasticsearch/__init__.py", "size": 1301}, {"hash": null, "path": "ddtrace/contrib/elasticsearch/__pycache__/__init__.cpython-37.pyc", "size": null}, {"hash": null, "path": "ddtrace/contrib/elasticsearch/__pycache__/elasticsearch.cpython-37.pyc", "size": null}, {"hash": null, "path": "ddtrace/contrib/elasticsearch/__pycache__/patch.cpython-37.pyc", "size": null}, {"hash": null, "path": "ddtrace/contrib/elasticsearch/__pycache__/quantize.cpython-37.pyc", "size": null}, {"hash": null, "path": "ddtrace/contrib/elasticsearch/__pycache__/transport.cpython-37.pyc", "size": null}, {"hash": {"mode": "sha256", "value": "Gh6zZ84tTtiemLS-Zy_W_3uoxJ3Bh6K57324gFwmg8w"}, "path": "ddtrace/contrib/elasticsearch/elasticsearch.py", "size": 398}, {"hash": {"mode": "sha256", "value": "ECAwXw0pt7WPVm3Y-RF5X0kQhMKW3_P_Ib8tJRvvoc8"}, "path": "ddtrace/contrib/elasticsearch/patch.py", "size": 4094}, {"hash": {"mode": "sha256", "value": "f_385AUis-wFZNWTpQnEKuko7_r36oXJAxNl68tzWFk"}, "path": "ddtrace/contrib/elasticsearch/quantize.py", "size": 1073}, {"hash": {"mode": "sha256", "value": "6TwkQgVhjaLCV2yk2Jmu-STGzi9umTSzVBv2x8T3rh8"}, "path": "ddtrace/contrib/elasticsearch/transport.py", "size": 2850}, {"hash": {"mode": "sha256", "value": "-qErED-XBM1Svqnhqakz_ZM5YZVYz8coWeOTX7GQApg"}, "path": "ddtrace/contrib/falcon/__init__.py", "size": 1593}, {"hash": null, "path": "ddtrace/contrib/falcon/__pycache__/__init__.cpython-37.pyc", "size": null}, {"hash": null, "path": "ddtrace/contrib/falcon/__pycache__/middleware.cpython-37.pyc", "size": null}, {"hash": null, "path": "ddtrace/contrib/falcon/__pycache__/patch.cpython-37.pyc", "size": null}, {"hash": {"mode": "sha256", "value": "FuiAvtTSwr_PUqr9Q0Ru7ueLmbD6wBeqoJK0zEUY_gA"}, "path": "ddtrace/contrib/falcon/middleware.py", "size": 4308}, {"hash": {"mode": "sha256", "value": "oyPUqrYserRX2CTCv6y-EncX9Eqa7-EN3C3VknsxArE"}, "path": "ddtrace/contrib/falcon/patch.py", "size": 822}, {"hash": {"mode": "sha256", "value": "MunBOMxJ-XHBB9gFcQSgmabvfoj8h0qM8_RsqhJEDl4"}, "path": "ddtrace/contrib/flask/__init__.py", "size": 2684}, {"hash": null, "path": "ddtrace/contrib/flask/__pycache__/__init__.cpython-37.pyc", "size": null}, {"hash": null, "path": "ddtrace/contrib/flask/__pycache__/helpers.cpython-37.pyc", "size": null}, {"hash": null, "path": "ddtrace/contrib/flask/__pycache__/middleware.cpython-37.pyc", "size": null}, {"hash": null, "path": "ddtrace/contrib/flask/__pycache__/patch.cpython-37.pyc", "size": null}, {"hash": null, "path": "ddtrace/contrib/flask/__pycache__/wrappers.cpython-37.pyc", "size": null}, {"hash": {"mode": "sha256", "value": "MlG6WqbZmevzGVOmHhcFAzbg8j77KLZnzCIVHMtRM4I"}, "path": "ddtrace/contrib/flask/helpers.py", "size": 1343}, {"hash": {"mode": "sha256", "value": "NqoNu4GBiNIku06I0WdkeC6B13rWxt5ZciNdQJqOBZo"}, "path": "ddtrace/contrib/flask/middleware.py", "size": 7835}, {"hash": {"mode": "sha256", "value": "StoYj9wGPm30BGi77q7Cd1ZcWvKa5EuB60q52ggG3hE"}, "path": "ddtrace/contrib/flask/patch.py", "size": 18822}, {"hash": {"mode": "sha256", "value": "_0YPqw5NeyydANJn8OqNvQVShiwnVH1SlNrZwyv0hrk"}, "path": "ddtrace/contrib/flask/wrappers.py", "size": 1421}, {"hash": {"mode": "sha256", "value": "5MhOAkXWRqh-8DnU5RedRkq0M6IDUTgSfWKRGMMhKMc"}, "path": "ddtrace/contrib/flask_cache/__init__.py", "size": 1189}, {"hash": null, "path": "ddtrace/contrib/flask_cache/__pycache__/__init__.cpython-37.pyc", "size": null}, {"hash": null, "path": "ddtrace/contrib/flask_cache/__pycache__/tracers.cpython-37.pyc", "size": null}, {"hash": null, "path": "ddtrace/contrib/flask_cache/__pycache__/utils.cpython-37.pyc", "size": null}, {"hash": {"mode": "sha256", "value": "emAdTr8e2tF-aZhWkJQFl5uqERxbHMhl967oXzzi3zc"}, "path": "ddtrace/contrib/flask_cache/tracers.py", "size": 5214}, {"hash": {"mode": "sha256", "value": "ODX5a_a-n4-oWwW6T_BqD7AQbaD8xAkXrVffqbEdCZQ"}, "path": "ddtrace/contrib/flask_cache/utils.py", "size": 1548}, {"hash": {"mode": "sha256", "value": "Itp6mz5dz7PquzQbCyQyCaCiS12G0j8lxWzTVpYQAr4"}, "path": "ddtrace/contrib/futures/__init__.py", "size": 908}, {"hash": null, "path": "ddtrace/contrib/futures/__pycache__/__init__.cpython-37.pyc", "size": null}, {"hash": null, "path": "ddtrace/contrib/futures/__pycache__/patch.cpython-37.pyc", "size": null}, {"hash": null, "path": "ddtrace/contrib/futures/__pycache__/threading.cpython-37.pyc", "size": null}, {"hash": {"mode": "sha256", "value": "LGO8gWBfbrNTp-nOp4QXBR-xaQ2bSGAm5qAjUuXrqJQ"}, "path": "ddtrace/contrib/futures/patch.py", "size": 662}, {"hash": {"mode": "sha256", "value": "vpt9HN7rzRIiNYU15pbByEUBEdInUvpTG1P0Yflv49w"}, "path": "ddtrace/contrib/futures/threading.py", "size": 2003}, {"hash": {"mode": "sha256", "value": "DL0vAF18qhOpzNrV3oOb2CDm10hOj-YCPjKb-W49Jus"}, "path": "ddtrace/contrib/gevent/__init__.py", "size": 1478}, {"hash": null, "path": "ddtrace/contrib/gevent/__pycache__/__init__.cpython-37.pyc", "size": null}, {"hash": null, "path": "ddtrace/contrib/gevent/__pycache__/greenlet.cpython-37.pyc", "size": null}, {"hash": null, "path": "ddtrace/contrib/gevent/__pycache__/patch.cpython-37.pyc", "size": null}, {"hash": null, "path": "ddtrace/contrib/gevent/__pycache__/provider.cpython-37.pyc", "size": null}, {"hash": {"mode": "sha256", "value": "M-bDtIbXClfGAffFwY0m-C6VG1yinCotMh9WTMglCho"}, "path": "ddtrace/contrib/gevent/greenlet.py", "size": 2306}, {"hash": {"mode": "sha256", "value": "QPvg-9_xqsv6F_qtHz5HeY-dUNKBAN2JPA7NJzr4Whg"}, "path": "ddtrace/contrib/gevent/patch.py", "size": 2180}, {"hash": {"mode": "sha256", "value": "_fpNgb0rae8lYDUSf7Nd-mwwnrtyYizXw3hzg49O0bs"}, "path": "ddtrace/contrib/gevent/provider.py", "size": 2029}, {"hash": {"mode": "sha256", "value": "VQGlYwu4iFC3CCs4voKqWyF1RMLD2SaLjoclf89bpAg"}, "path": "ddtrace/contrib/grpc/__init__.py", "size": 1550}, {"hash": null, "path": "ddtrace/contrib/grpc/__pycache__/__init__.cpython-37.pyc", "size": null}, {"hash": null, "path": "ddtrace/contrib/grpc/__pycache__/client_interceptor.cpython-37.pyc", "size": null}, {"hash": null, "path": "ddtrace/contrib/grpc/__pycache__/constants.cpython-37.pyc", "size": null}, {"hash": null, "path": "ddtrace/contrib/grpc/__pycache__/patch.cpython-37.pyc", "size": null}, {"hash": null, "path": "ddtrace/contrib/grpc/__pycache__/server_interceptor.cpython-37.pyc", "size": null}, {"hash": null, "path": "ddtrace/contrib/grpc/__pycache__/utils.cpython-37.pyc", "size": null}, {"hash": {"mode": "sha256", "value": "CYsIzR5lgvk_7FnfBY1Ge_KoO1Lk4Xw8ZvDYVKvAB3I"}, "path": "ddtrace/contrib/grpc/client_interceptor.py", "size": 9292}, {"hash": {"mode": "sha256", "value": "tsSr0EatXzl4h_XpVbZmGI2DBH5a-4lSjFCgaV4LDBU"}, "path": "ddtrace/contrib/grpc/constants.py", "size": 908}, {"hash": {"mode": "sha256", "value": "E_qotKPy8yYiYbCZv-ae5Ptc8XFccJ-MKjk5Ex4ErDs"}, "path": "ddtrace/contrib/grpc/patch.py", "size": 3746}, {"hash": {"mode": "sha256", "value": "UwJqSFuT8rXnX6GoHzA9quYHUwJH7zP3gBbOgKf0xJU"}, "path": "ddtrace/contrib/grpc/server_interceptor.py", "size": 5073}, {"hash": {"mode": "sha256", "value": "c20SiwIiwYcmDHz00Px5oMRpg7zsBrSHmvBpbBB1_cA"}, "path": "ddtrace/contrib/grpc/utils.py", "size": 533}, {"hash": {"mode": "sha256", "value": "u8beLHmRJZ9Dth_cHnjWPA1K-nBmLAAXxq2sLfFArK4"}, "path": "ddtrace/contrib/httplib/__init__.py", "size": 903}, {"hash": null, "path": "ddtrace/contrib/httplib/__pycache__/__init__.cpython-37.pyc", "size": null}, {"hash": null, "path": "ddtrace/contrib/httplib/__pycache__/patch.cpython-37.pyc", "size": null}, {"hash": {"mode": "sha256", "value": "Rsf40OiVgRMQp44S6mE3v13Xm4eGcOFFoWNyyBckbXg"}, "path": "ddtrace/contrib/httplib/patch.py", "size": 4839}, {"hash": {"mode": "sha256", "value": "wOfaaYbIKm-rUGpsJT_rRlT9W4Riq6uOt3R8vBD5Rmo"}, "path": "ddtrace/contrib/jinja2/__init__.py", "size": 1218}, {"hash": null, "path": "ddtrace/contrib/jinja2/__pycache__/__init__.cpython-37.pyc", "size": null}, {"hash": null, "path": "ddtrace/contrib/jinja2/__pycache__/constants.cpython-37.pyc", "size": null}, {"hash": null, "path": "ddtrace/contrib/jinja2/__pycache__/patch.cpython-37.pyc", "size": null}, {"hash": {"mode": "sha256", "value": "UNeF-ddc_T_wPGCIhKhQVdI4z8Mqaaod03JEX_kBmuw"}, "path": "ddtrace/contrib/jinja2/constants.py", "size": 35}, {"hash": {"mode": "sha256", "value": "HjR4doO4CaVcGldAJH5TEAJavh7Xk-aK8tWQ2VTbsZs"}, "path": "ddtrace/contrib/jinja2/patch.py", "size": 3090}, {"hash": {"mode": "sha256", "value": "1r69iFK_N5bdtcB9MavIWy9cYGAAC-FoZpTTGVDEX30"}, "path": "ddtrace/contrib/kombu/__init__.py", "size": 1603}, {"hash": null, "path": "ddtrace/contrib/kombu/__pycache__/__init__.cpython-37.pyc", "size": null}, {"hash": null, "path": "ddtrace/contrib/kombu/__pycache__/constants.cpython-37.pyc", "size": null}, {"hash": null, "path": "ddtrace/contrib/kombu/__pycache__/patch.cpython-37.pyc", "size": null}, {"hash": null, "path": "ddtrace/contrib/kombu/__pycache__/utils.cpython-37.pyc", "size": null}, {"hash": {"mode": "sha256", "value": "6MJtMGRO9K9_O1H2Xz24otTDZpZRe6Cv2PxGZRmbRv4"}, "path": "ddtrace/contrib/kombu/constants.py", "size": 26}, {"hash": {"mode": "sha256", "value": "k7o1rH222H2ep35N_cq4rMqK_lz9muJJCDfThJ8HXPU"}, "path": "ddtrace/contrib/kombu/patch.py", "size": 4292}, {"hash": {"mode": "sha256", "value": "QzHcgYyp1jmEY4MqMb8cOszV8Y7HpW1JuylMDwcE3B0"}, "path": "ddtrace/contrib/kombu/utils.py", "size": 1084}, {"hash": {"mode": "sha256", "value": "3QhsXVU4Hc4hEu0CFXQdzzp6I6bThrW6oZvKNvFGwMM"}, "path": "ddtrace/contrib/logging/__init__.py", "size": 2140}, {"hash": null, "path": "ddtrace/contrib/logging/__pycache__/__init__.cpython-37.pyc", "size": null}, {"hash": null, "path": "ddtrace/contrib/logging/__pycache__/patch.cpython-37.pyc", "size": null}, {"hash": {"mode": "sha256", "value": "cUwC_dX-Zpf7vGRzQRMW4zQ3UUQdKAkAuxx2WIMB9m0"}, "path": "ddtrace/contrib/logging/patch.py", "size": 1895}, {"hash": {"mode": "sha256", "value": "aeVR_S-X44Iwid855YjOs3GYItEhJ4myqmI1gkqg1QA"}, "path": "ddtrace/contrib/mako/__init__.py", "size": 561}, {"hash": null, "path": "ddtrace/contrib/mako/__pycache__/__init__.cpython-37.pyc", "size": null}, {"hash": null, "path": "ddtrace/contrib/mako/__pycache__/constants.cpython-37.pyc", "size": null}, {"hash": null, "path": "ddtrace/contrib/mako/__pycache__/patch.cpython-37.pyc", "size": null}, {"hash": {"mode": "sha256", "value": "UNeF-ddc_T_wPGCIhKhQVdI4z8Mqaaod03JEX_kBmuw"}, "path": "ddtrace/contrib/mako/constants.py", "size": 35}, {"hash": {"mode": "sha256", "value": "ZjPhZQUpjFJrrfd9cmNH6N4xNaHxMgbg9x73GlLE7Rs"}, "path": "ddtrace/contrib/mako/patch.py", "size": 1601}, {"hash": {"mode": "sha256", "value": "VfN9bnE1LLwxZYZMVLgBJMMh28pnlJRnUVR-K3LzTro"}, "path": "ddtrace/contrib/molten/__init__.py", "size": 1404}, {"hash": null, "path": "ddtrace/contrib/molten/__pycache__/__init__.cpython-37.pyc", "size": null}, {"hash": null, "path": "ddtrace/contrib/molten/__pycache__/patch.cpython-37.pyc", "size": null}, {"hash": null, "path": "ddtrace/contrib/molten/__pycache__/wrappers.cpython-37.pyc", "size": null}, {"hash": {"mode": "sha256", "value": "S1fuxJsbxgC7aXaa_-tFTjJ8KPlgPxzRkt-_6P3Nujk"}, "path": "ddtrace/contrib/molten/patch.py", "size": 5498}, {"hash": {"mode": "sha256", "value": "HFENrwJmBYwKHI-HSozoNvYddoK_KnhgPkJdYCpdKzY"}, "path": "ddtrace/contrib/molten/wrappers.py", "size": 3172}, {"hash": {"mode": "sha256", "value": "49ct8Yfzg02HRhr35wAFSEC8TnjBKmsypn4ISU7KNtk"}, "path": "ddtrace/contrib/mongoengine/__init__.py", "size": 864}, {"hash": null, "path": "ddtrace/contrib/mongoengine/__pycache__/__init__.cpython-37.pyc", "size": null}, {"hash": null, "path": "ddtrace/contrib/mongoengine/__pycache__/patch.cpython-37.pyc", "size": null}, {"hash": null, "path": "ddtrace/contrib/mongoengine/__pycache__/trace.cpython-37.pyc", "size": null}, {"hash": {"mode": "sha256", "value": "4QGFbVHdGNwf2_sGWn48iHqPoYZV21uSZPFuHjsxhD8"}, "path": "ddtrace/contrib/mongoengine/patch.py", "size": 437}, {"hash": {"mode": "sha256", "value": "2GgfRhni-9fo-M_0IUykgqQLG8ZA6lV6UKnQ2WRQqxU"}, "path": "ddtrace/contrib/mongoengine/trace.py", "size": 1177}, {"hash": {"mode": "sha256", "value": "s7Sau7jZqq0MUUTOr8831FpKjWAgk3LRugGLkYFdKG0"}, "path": "ddtrace/contrib/mysql/__init__.py", "size": 1343}, {"hash": null, "path": "ddtrace/contrib/mysql/__pycache__/__init__.cpython-37.pyc", "size": null}, {"hash": null, "path": "ddtrace/contrib/mysql/__pycache__/patch.cpython-37.pyc", "size": null}, {"hash": null, "path": "ddtrace/contrib/mysql/__pycache__/tracers.cpython-37.pyc", "size": null}, {"hash": {"mode": "sha256", "value": "ZWYX-9z4WGmIkLStOYqBKPZmYvhHiWoeWWWF9pa4msQ"}, "path": "ddtrace/contrib/mysql/patch.py", "size": 1235}, {"hash": {"mode": "sha256", "value": "wEjg9IBxZKXwJrFpQGXm41maf-WwkUzEzljvAzSLfF4"}, "path": "ddtrace/contrib/mysql/tracers.py", "size": 240}, {"hash": {"mode": "sha256", "value": "Yf7SkmrSbfWZJdxFJ9gmSs1RHouMz-41Icfj9F46hTA"}, "path": "ddtrace/contrib/mysqldb/__init__.py", "size": 1226}, {"hash": null, "path": "ddtrace/contrib/mysqldb/__pycache__/__init__.cpython-37.pyc", "size": null}, {"hash": null, "path": "ddtrace/contrib/mysqldb/__pycache__/patch.cpython-37.pyc", "size": null}, {"hash": {"mode": "sha256", "value": "bTb0fM5dizEcuFmTYan7Los8FkmELRdFStzCjkxKle0"}, "path": "ddtrace/contrib/mysqldb/patch.py", "size": 1633}, {"hash": {"mode": "sha256", "value": "w4chcAPK0d7CpPqK7yE8bnIMbnLHeVit3Pfv8GzW2aQ"}, "path": "ddtrace/contrib/psycopg/__init__.py", "size": 915}, {"hash": null, "path": "ddtrace/contrib/psycopg/__pycache__/__init__.cpython-37.pyc", "size": null}, {"hash": null, "path": "ddtrace/contrib/psycopg/__pycache__/connection.cpython-37.pyc", "size": null}, {"hash": null, "path": "ddtrace/contrib/psycopg/__pycache__/patch.cpython-37.pyc", "size": null}, {"hash": {"mode": "sha256", "value": "XhAas3p6ftXLzF5mifvidfxr5rXd04GpG4Z4shYoz1Q"}, "path": "ddtrace/contrib/psycopg/connection.py", "size": 3217}, {"hash": {"mode": "sha256", "value": "b8M1PPP3ajeJ9Yq2XY10SzFqdHSZ7uvDuLD-YuDRenM"}, "path": "ddtrace/contrib/psycopg/patch.py", "size": 6249}, {"hash": {"mode": "sha256", "value": "Kl0fgfrG2LozJfXOsWLlGy-58k2O6axuaDNwneSap7U"}, "path": "ddtrace/contrib/pylibmc/__init__.py", "size": 943}, {"hash": null, "path": "ddtrace/contrib/pylibmc/__pycache__/__init__.cpython-37.pyc", "size": null}, {"hash": null, "path": "ddtrace/contrib/pylibmc/__pycache__/addrs.cpython-37.pyc", "size": null}, {"hash": null, "path": "ddtrace/contrib/pylibmc/__pycache__/client.cpython-37.pyc", "size": null}, {"hash": null, "path": "ddtrace/contrib/pylibmc/__pycache__/patch.cpython-37.pyc", "size": null}, {"hash": {"mode": "sha256", "value": "S1wHEMy_T_zZWom_p6_u9eyC1W39nn_sXE9gC9nsTGg"}, "path": "ddtrace/contrib/pylibmc/addrs.py", "size": 365}, {"hash": {"mode": "sha256", "value": "pV2P2lYOVLtPrB7PDCS995fl2dfRaSwP2Jv1-Ki5PQQ"}, "path": "ddtrace/contrib/pylibmc/client.py", "size": 5491}, {"hash": {"mode": "sha256", "value": "VZUSr9mSxMnlfCyYcKiS-9WQM0-Mo48yPO3VIUnKv7c"}, "path": "ddtrace/contrib/pylibmc/patch.py", "size": 216}, {"hash": {"mode": "sha256", "value": "pM1yb65BueteKd98T28lTX_YwWQsEJ8gSrn0qXLPbCc"}, "path": "ddtrace/contrib/pylons/__init__.py", "size": 820}, {"hash": null, "path": "ddtrace/contrib/pylons/__pycache__/__init__.cpython-37.pyc", "size": null}, {"hash": null, "path": "ddtrace/contrib/pylons/__pycache__/compat.cpython-37.pyc", "size": null}, {"hash": null, "path": "ddtrace/contrib/pylons/__pycache__/constants.cpython-37.pyc", "size": null}, {"hash": null, "path": "ddtrace/contrib/pylons/__pycache__/middleware.cpython-37.pyc", "size": null}, {"hash": null, "path": "ddtrace/contrib/pylons/__pycache__/patch.cpython-37.pyc", "size": null}, {"hash": null, "path": "ddtrace/contrib/pylons/__pycache__/renderer.cpython-37.pyc", "size": null}, {"hash": {"mode": "sha256", "value": "yDoHyo3R7FNYpqCoOOz4HxTNhfj8TpMJW5Jqs64gUMw"}, "path": "ddtrace/contrib/pylons/compat.py", "size": 174}, {"hash": {"mode": "sha256", "value": "__NfvRCAMhh2EHNybiWdPpCHsTxeoOzGc_QiQ0gi8Yc"}, "path": "ddtrace/contrib/pylons/constants.py", "size": 43}, {"hash": {"mode": "sha256", "value": "EQmBLFdZMkQu-WDeUPAt6GXmx2UHtIweB3nNy_hD3nU"}, "path": "ddtrace/contrib/pylons/middleware.py", "size": 4566}, {"hash": {"mode": "sha256", "value": "2h_SVSdGGOdBA_J6_NRn6LC7ldKn7tiQoORE_bEn8ak"}, "path": "ddtrace/contrib/pylons/patch.py", "size": 1331}, {"hash": {"mode": "sha256", "value": "R0okWcWuoDatoJxPJH-ToDoJXRHbxl2-qNMIi3ZI91E"}, "path": "ddtrace/contrib/pylons/renderer.py", "size": 1146}, {"hash": {"mode": "sha256", "value": "CBFl4YLLFI0KaGaEHN7GuT-ydWvEIojZ45ZwNqxIwRA"}, "path": "ddtrace/contrib/pymemcache/__init__.py", "size": 1123}, {"hash": null, "path": "ddtrace/contrib/pymemcache/__pycache__/__init__.cpython-37.pyc", "size": null}, {"hash": null, "path": "ddtrace/contrib/pymemcache/__pycache__/client.cpython-37.pyc", "size": null}, {"hash": null, "path": "ddtrace/contrib/pymemcache/__pycache__/patch.cpython-37.pyc", "size": null}, {"hash": {"mode": "sha256", "value": "ixn5b9DRwKBDSoHXayeJ_4g3N9WoUq7uaZv8qhvxvRQ"}, "path": "ddtrace/contrib/pymemcache/client.py", "size": 6673}, {"hash": {"mode": "sha256", "value": "CFYGg8QKPhhv5sDgc0N_AHx2vmEejjGdBoI14nozEj4"}, "path": "ddtrace/contrib/pymemcache/patch.py", "size": 986}, {"hash": {"mode": "sha256", "value": "PDuuZGvJDwHbVHm0_e_ALFV7QDu3BJLKkfQaGwd5pQQ"}, "path": "ddtrace/contrib/pymongo/__init__.py", "size": 1231}, {"hash": null, "path": "ddtrace/contrib/pymongo/__pycache__/__init__.cpython-37.pyc", "size": null}, {"hash": null, "path": "ddtrace/contrib/pymongo/__pycache__/client.cpython-37.pyc", "size": null}, {"hash": null, "path": "ddtrace/contrib/pymongo/__pycache__/parse.cpython-37.pyc", "size": null}, {"hash": null, "path": "ddtrace/contrib/pymongo/__pycache__/patch.cpython-37.pyc", "size": null}, {"hash": {"mode": "sha256", "value": "_lQVX4q8rWNp7tZlpe7GN7_wILaQmwxX_Ll_iuE97tc"}, "path": "ddtrace/contrib/pymongo/client.py", "size": 9837}, {"hash": {"mode": "sha256", "value": "c01aOBTKHq-JFNBhl42auBRCUyk2VMAA-id09iZ9RTM"}, "path": "ddtrace/contrib/pymongo/parse.py", "size": 6361}, {"hash": {"mode": "sha256", "value": "fqCp8DT8HQQ9grXS5u8gowAgKOEbLaQnUVurwLRb5tw"}, "path": "ddtrace/contrib/pymongo/patch.py", "size": 251}, {"hash": {"mode": "sha256", "value": "HD47HjoZ9BW0zyT2Dt4Cn-yGABksdQltsKYdUjdKZM4"}, "path": "ddtrace/contrib/pymysql/__init__.py", "size": 951}, {"hash": null, "path": "ddtrace/contrib/pymysql/__pycache__/__init__.cpython-37.pyc", "size": null}, {"hash": null, "path": "ddtrace/contrib/pymysql/__pycache__/patch.cpython-37.pyc", "size": null}, {"hash": null, "path": "ddtrace/contrib/pymysql/__pycache__/tracers.cpython-37.pyc", "size": null}, {"hash": {"mode": "sha256", "value": "3_mYTAQ_T8bNDU5KWoWSSkBlcYGUbb5NAlGg4dMSEN8"}, "path": "ddtrace/contrib/pymysql/patch.py", "size": 883}, {"hash": {"mode": "sha256", "value": "WReJ0kvmHbvI4SWRsRWcYzykuC_Y4eR4KhaU-YrVLwU"}, "path": "ddtrace/contrib/pymysql/tracers.py", "size": 245}, {"hash": {"mode": "sha256", "value": "Xy_kAhDG8OdakMjM0Y3dKpE11avuyOQ-TzlqRHWJ6K0"}, "path": "ddtrace/contrib/pyramid/__init__.py", "size": 1694}, {"hash": null, "path": "ddtrace/contrib/pyramid/__pycache__/__init__.cpython-37.pyc", "size": null}, {"hash": null, "path": "ddtrace/contrib/pyramid/__pycache__/constants.cpython-37.pyc", "size": null}, {"hash": null, "path": "ddtrace/contrib/pyramid/__pycache__/patch.cpython-37.pyc", "size": null}, {"hash": null, "path": "ddtrace/contrib/pyramid/__pycache__/trace.cpython-37.pyc", "size": null}, {"hash": {"mode": "sha256", "value": "5Y0KwK8lkZKGA0D51Q-2wW6nJsBwn21dIzx8fEhjsgc"}, "path": "ddtrace/contrib/pyramid/constants.py", "size": 310}, {"hash": {"mode": "sha256", "value": "4YgzLeuM39-AHJAWQutTXQFemDV7T1E6EqG7VOg-4-4"}, "path": "ddtrace/contrib/pyramid/patch.py", "size": 3297}, {"hash": {"mode": "sha256", "value": "XrYIHpLMhgJL36FFvzu2oR-8A30E_7ldx8atkL6mmf4"}, "path": "ddtrace/contrib/pyramid/trace.py", "size": 4925}, {"hash": {"mode": "sha256", "value": "oQYIFG1BphRvH2gx4Py8L4sfo9zWZ74KennXrDBUKko"}, "path": "ddtrace/contrib/redis/__init__.py", "size": 870}, {"hash": null, "path": "ddtrace/contrib/redis/__pycache__/__init__.cpython-37.pyc", "size": null}, {"hash": null, "path": "ddtrace/contrib/redis/__pycache__/patch.cpython-37.pyc", "size": null}, {"hash": null, "path": "ddtrace/contrib/redis/__pycache__/tracers.cpython-37.pyc", "size": null}, {"hash": null, "path": "ddtrace/contrib/redis/__pycache__/util.cpython-37.pyc", "size": null}, {"hash": {"mode": "sha256", "value": "uL5JQPFtCWoqTgPgaFnVSZNzNW7BFQn2CvHt8Gab-4E"}, "path": "ddtrace/contrib/redis/patch.py", "size": 4087}, {"hash": {"mode": "sha256", "value": "1P5xAV27vuCT31hr0YXnBIDIPIUgjCbqmtY6YHp7k14"}, "path": "ddtrace/contrib/redis/tracers.py", "size": 627}, {"hash": {"mode": "sha256", "value": "OtRT9PidHxRzcwpON_kYu6fge3RE3VvpXjnt6Ax24EM"}, "path": "ddtrace/contrib/redis/util.py", "size": 1323}, {"hash": {"mode": "sha256", "value": "hPsKTYtIIYZOMYl6Smu5y-HCdfrZU8zl_q6GtxOW6lk"}, "path": "ddtrace/contrib/rediscluster/__init__.py", "size": 845}, {"hash": null, "path": "ddtrace/contrib/rediscluster/__pycache__/__init__.cpython-37.pyc", "size": null}, {"hash": null, "path": "ddtrace/contrib/rediscluster/__pycache__/patch.cpython-37.pyc", "size": null}, {"hash": {"mode": "sha256", "value": "88H1Z8Zig6B4kJq02BvdWI6c-z5_vtRYbq6AlGBwRzo"}, "path": "ddtrace/contrib/rediscluster/patch.py", "size": 2921}, {"hash": {"mode": "sha256", "value": "Wj4__gwTpBZFNiEc09tZFDs4mVPUfqG5ZT8P6y672dg"}, "path": "ddtrace/contrib/requests/__init__.py", "size": 1568}, {"hash": null, "path": "ddtrace/contrib/requests/__pycache__/__init__.cpython-37.pyc", "size": null}, {"hash": null, "path": "ddtrace/contrib/requests/__pycache__/connection.cpython-37.pyc", "size": null}, {"hash": null, "path": "ddtrace/contrib/requests/__pycache__/constants.cpython-37.pyc", "size": null}, {"hash": null, "path": "ddtrace/contrib/requests/__pycache__/legacy.cpython-37.pyc", "size": null}, {"hash": null, "path": "ddtrace/contrib/requests/__pycache__/patch.cpython-37.pyc", "size": null}, {"hash": null, "path": "ddtrace/contrib/requests/__pycache__/session.cpython-37.pyc", "size": null}, {"hash": {"mode": "sha256", "value": "66rHNbcJC__VRuE6FTJM5pF32Yw2hpPam5hdUF_ajQ8"}, "path": "ddtrace/contrib/requests/connection.py", "size": 4791}, {"hash": {"mode": "sha256", "value": "TGIpECwb5NKKZYd620Tzu93vbhfo-2tx9gr_3Isf-_0"}, "path": "ddtrace/contrib/requests/constants.py", "size": 29}, {"hash": {"mode": "sha256", "value": "KbmVkaB9D8ZroRadJXtPjdnWOEEX7OVTaJ052_GTBhE"}, "path": "ddtrace/contrib/requests/legacy.py", "size": 1100}, {"hash": {"mode": "sha256", "value": "VCVujMrlgumZjw8Hz3dQOQB_Y09iiXH7363s_d_R-j0"}, "path": "ddtrace/contrib/requests/patch.py", "size": 1582}, {"hash": {"mode": "sha256", "value": "3dbvHxJCwDE7R5ZlmmH-CW69U1uns_45-plmQwJr-D8"}, "path": "ddtrace/contrib/requests/session.py", "size": 411}, {"hash": {"mode": "sha256", "value": "YbfNzS0iECvSvA4FooLAx5MpYp7olJMXt41n4oELb-0"}, "path": "ddtrace/contrib/sqlalchemy/__init__.py", "size": 880}, {"hash": null, "path": "ddtrace/contrib/sqlalchemy/__pycache__/__init__.cpython-37.pyc", "size": null}, {"hash": null, "path": "ddtrace/contrib/sqlalchemy/__pycache__/engine.cpython-37.pyc", "size": null}, {"hash": null, "path": "ddtrace/contrib/sqlalchemy/__pycache__/patch.cpython-37.pyc", "size": null}, {"hash": {"mode": "sha256", "value": "jHdhKBXauKokzsaI0GD-oi4gcaypih5Cow8ll_dc9fU"}, "path": "ddtrace/contrib/sqlalchemy/engine.py", "size": 4701}, {"hash": {"mode": "sha256", "value": "CJXQDxysBjlzFySZsAnKpThgXwwZp79hu3wOdxomqdU"}, "path": "ddtrace/contrib/sqlalchemy/patch.py", "size": 731}, {"hash": {"mode": "sha256", "value": "zk_uZ3SDTvHcrAoF0X5gv-mfvxgya4M1h5rx_kS0To4"}, "path": "ddtrace/contrib/sqlite3/__init__.py", "size": 671}, {"hash": null, "path": "ddtrace/contrib/sqlite3/__pycache__/__init__.cpython-37.pyc", "size": null}, {"hash": null, "path": "ddtrace/contrib/sqlite3/__pycache__/connection.cpython-37.pyc", "size": null}, {"hash": null, "path": "ddtrace/contrib/sqlite3/__pycache__/patch.cpython-37.pyc", "size": null}, {"hash": {"mode": "sha256", "value": "5t4HTopeMa_pi8miqRnDZAEBr1gd1aiyC89nnCHVezs"}, "path": "ddtrace/contrib/sqlite3/connection.py", "size": 218}, {"hash": {"mode": "sha256", "value": "cfj5BEq5aJk3I8B72BKpe3lL6a6UIx7BbeMWbRZQF2Q"}, "path": "ddtrace/contrib/sqlite3/patch.py", "size": 1856}, {"hash": {"mode": "sha256", "value": "dyOG9mfqJy0BX_eSBRRlGxuAB-tbJNVKqtEjvmzsPjE"}, "path": "ddtrace/contrib/tornado/__init__.py", "size": 4471}, {"hash": null, "path": "ddtrace/contrib/tornado/__pycache__/__init__.cpython-37.pyc", "size": null}, {"hash": null, "path": "ddtrace/contrib/tornado/__pycache__/application.cpython-37.pyc", "size": null}, {"hash": null, "path": "ddtrace/contrib/tornado/__pycache__/compat.cpython-37.pyc", "size": null}, {"hash": null, "path": "ddtrace/contrib/tornado/__pycache__/constants.cpython-37.pyc", "size": null}, {"hash": null, "path": "ddtrace/contrib/tornado/__pycache__/decorators.cpython-37.pyc", "size": null}, {"hash": null, "path": "ddtrace/contrib/tornado/__pycache__/handlers.cpython-37.pyc", "size": null}, {"hash": null, "path": "ddtrace/contrib/tornado/__pycache__/patch.cpython-37.pyc", "size": null}, {"hash": null, "path": "ddtrace/contrib/tornado/__pycache__/stack_context.cpython-37.pyc", "size": null}, {"hash": null, "path": "ddtrace/contrib/tornado/__pycache__/template.cpython-37.pyc", "size": null}, {"hash": {"mode": "sha256", "value": "m7x01UkfBZwj2RPIFkIfv0x5r41S7GGBn27dx_jmoHg"}, "path": "ddtrace/contrib/tornado/application.py", "size": 1759}, {"hash": {"mode": "sha256", "value": "PQtHkaRuhvOEvJcDpoahiuAjPUUAXruIVVClFQxUPpI"}, "path": "ddtrace/contrib/tornado/compat.py", "size": 332}, {"hash": {"mode": "sha256", "value": "2wCJuqYv2Fnf3of8rR3UD9ZXgCmgVO9nymsinY4G1qk"}, "path": "ddtrace/contrib/tornado/constants.py", "size": 287}, {"hash": {"mode": "sha256", "value": "oUo-lBnUbhIXWC-HpFPJkvhQGOtt6m21gFbko3iSOHM"}, "path": "ddtrace/contrib/tornado/decorators.py", "size": 6684}, {"hash": {"mode": "sha256", "value": "kT7KN3GZfLoJ2wA32e4TnpmhoJgn7ouekcj6VgnXDc8"}, "path": "ddtrace/contrib/tornado/handlers.py", "size": 4380}, {"hash": {"mode": "sha256", "value": "jcN7OhlezaAYu6QxssdxG2QeOmOuYTY7PAdddGpnWsI"}, "path": "ddtrace/contrib/tornado/patch.py", "size": 1850}, {"hash": {"mode": "sha256", "value": "MsDnE4bll7xH2F1YXrsYfcb8nDrvK0ouyV83s2hmDqg"}, "path": "ddtrace/contrib/tornado/stack_context.py", "size": 5927}, {"hash": {"mode": "sha256", "value": "gPzyzxY_U6qizcMA4APDXN-raJAP4TR4Dgyp-1DUaJ8"}, "path": "ddtrace/contrib/tornado/template.py", "size": 1017}, {"hash": {"mode": "sha256", "value": "qcFc878ynp7h5ekbms4BUBZPFzI4zL9EIdqvBBeh7dc"}, "path": "ddtrace/contrib/util.py", "size": 380}, {"hash": {"mode": "sha256", "value": "szKh29PadDKeeoPOO1dPLrbUgzq8rrxbZpQByjhrefQ"}, "path": "ddtrace/contrib/vertica/__init__.py", "size": 1317}, {"hash": null, "path": "ddtrace/contrib/vertica/__pycache__/__init__.cpython-37.pyc", "size": null}, {"hash": null, "path": "ddtrace/contrib/vertica/__pycache__/constants.cpython-37.pyc", "size": null}, {"hash": null, "path": "ddtrace/contrib/vertica/__pycache__/patch.cpython-37.pyc", "size": null}, {"hash": {"mode": "sha256", "value": "XGyzY-GKksSCTaWOR7q6Pa6a8Y7x44XaYluzd9gF9zU"}, "path": "ddtrace/contrib/vertica/constants.py", "size": 31}, {"hash": {"mode": "sha256", "value": "nIkM3wqFsZPzQkYr5TpZWwGyrqYu3pDzsjGVJgRoNjA"}, "path": "ddtrace/contrib/vertica/patch.py", "size": 7703}, {"hash": {"mode": "sha256", "value": "LS0w-1FMEMGpYPgj39kzBDnTgraVxCW2k_vWNLjxaq8"}, "path": "ddtrace/encoding.py", "size": 4421}, {"hash": {"mode": "sha256", "value": "HjA_iYc08cm0_ptkj6cvZ2Dztmo_m-HA1ax199QEExU"}, "path": "ddtrace/ext/__init__.py", "size": 739}, {"hash": null, "path": "ddtrace/ext/__pycache__/__init__.cpython-37.pyc", "size": null}, {"hash": null, "path": "ddtrace/ext/__pycache__/aws.cpython-37.pyc", "size": null}, {"hash": null, "path": "ddtrace/ext/__pycache__/cassandra.cpython-37.pyc", "size": null}, {"hash": null, "path": "ddtrace/ext/__pycache__/consul.cpython-37.pyc", "size": null}, {"hash": null, "path": "ddtrace/ext/__pycache__/db.cpython-37.pyc", "size": null}, {"hash": null, "path": "ddtrace/ext/__pycache__/elasticsearch.cpython-37.pyc", "size": null}, {"hash": null, "path": "ddtrace/ext/__pycache__/errors.cpython-37.pyc", "size": null}, {"hash": null, "path": "ddtrace/ext/__pycache__/http.cpython-37.pyc", "size": null}, {"hash": null, "path": "ddtrace/ext/__pycache__/kombu.cpython-37.pyc", "size": null}, {"hash": null, "path": "ddtrace/ext/__pycache__/memcached.cpython-37.pyc", "size": null}, {"hash": null, "path": "ddtrace/ext/__pycache__/mongo.cpython-37.pyc", "size": null}, {"hash": null, "path": "ddtrace/ext/__pycache__/net.cpython-37.pyc", "size": null}, {"hash": null, "path": "ddtrace/ext/__pycache__/priority.cpython-37.pyc", "size": null}, {"hash": null, "path": "ddtrace/ext/__pycache__/redis.cpython-37.pyc", "size": null}, {"hash": null, "path": "ddtrace/ext/__pycache__/sql.cpython-37.pyc", "size": null}, {"hash": null, "path": "ddtrace/ext/__pycache__/system.cpython-37.pyc", "size": null}, {"hash": {"mode": "sha256", "value": "EmWvHzOqffBgmOEQVg-_eyqnrE2p8pOyZf3ewd7tLKI"}, "path": "ddtrace/ext/aws.py", "size": 1034}, {"hash": {"mode": "sha256", "value": "-vM9ImGsFSyB4pBtDG-VKR65u7x60vuONDxndN4Vz3Y"}, "path": "ddtrace/ext/cassandra.py", "size": 354}, {"hash": {"mode": "sha256", "value": "dUabyXAQX-BUnjZABCt0Djj8VyhM-_a51TQ_jsH3lfQ"}, "path": "ddtrace/ext/consul.py", "size": 182}, {"hash": {"mode": "sha256", "value": "bP-cLs5Me1WTM_llPIne4oraLrggU16_d5utMbXk_Qs"}, "path": "ddtrace/ext/db.py", "size": 176}, {"hash": {"mode": "sha256", "value": "fa3sY0s4CJRVRSgwNsxky8WASfMldVRKX7e6anN5acQ"}, "path": "ddtrace/ext/elasticsearch.py", "size": 319}, {"hash": {"mode": "sha256", "value": "P3eYJNamhtVlrq6UNNq4xVNeWgeF88HwcQ07RXTI9QE"}, "path": "ddtrace/ext/errors.py", "size": 539}, {"hash": {"mode": "sha256", "value": "XzqzstEIut9ABdTFZypxJACqKPaQeAn17z4hw5xPFY8"}, "path": "ddtrace/ext/http.py", "size": 457}, {"hash": {"mode": "sha256", "value": "GkiOG196n4DUvoxR6KedMc__1034CDYqdBdLsNsK42M"}, "path": "ddtrace/ext/kombu.py", "size": 350}, {"hash": {"mode": "sha256", "value": "_u3SUjPfQuw6rXvqT-m71x1HQZIfhq-_9PUfj25KFb8"}, "path": "ddtrace/ext/memcached.py", "size": 175}, {"hash": {"mode": "sha256", "value": "WSxZHjhJ6Bf6sHD52gJRzUvAfNYeebNTV5ui7ip8Yd8"}, "path": "ddtrace/ext/mongo.py", "size": 221}, {"hash": {"mode": "sha256", "value": "FETPLuHW79wwz2ild1lN9BHxTQ8T0XGqOoZdMcZ3IUY"}, "path": "ddtrace/ext/net.py", "size": 129}, {"hash": {"mode": "sha256", "value": "B_Rbuffu-Ch0ecT5V6MZ1x_AmTh9nI-RJyvwkkThMi4"}, "path": "ddtrace/ext/priority.py", "size": 897}, {"hash": {"mode": "sha256", "value": "tlwNHMh6sISFEZTaPumS7ha5MVz3-O8nYVX8zlf2iH0"}, "path": "ddtrace/ext/redis.py", "size": 383}, {"hash": {"mode": "sha256", "value": "GmlWn-p09A1Q3owZi48JQ8QSblNr0cjtOqsaYDZtEq8"}, "path": "ddtrace/ext/sql.py", "size": 1017}, {"hash": {"mode": "sha256", "value": "yiXGy8zoczwOjH-DvfJ5FWDo41aHLqarSg4ZbyAWOCE"}, "path": "ddtrace/ext/system.py", "size": 49}, {"hash": {"mode": "sha256", "value": "IhzaR3df7qJROEMEN6COi7ly-g10RJn7OBPjMBQ0DMU"}, "path": "ddtrace/filters.py", "size": 1944}, {"hash": {"mode": "sha256", "value": "ZcqEZk8OVdZ7GCqKTjh3hkbEdSVqzTZJ_jK9d3O1ZLU"}, "path": "ddtrace/helpers.py", "size": 1414}, {"hash": {"mode": "sha256", "value": "BdUy_UahallsWB0iDES2cLCoc581jMocdvNLi5CiiwY"}, "path": "ddtrace/http/__init__.py", "size": 141}, {"hash": null, "path": "ddtrace/http/__pycache__/__init__.cpython-37.pyc", "size": null}, {"hash": null, "path": "ddtrace/http/__pycache__/headers.cpython-37.pyc", "size": null}, {"hash": {"mode": "sha256", "value": "i4zu4XZeSZPWvXptjTNyZqtDR-unUgGF8eMH2PHDd18"}, "path": "ddtrace/http/headers.py", "size": 3660}, {"hash": {"mode": "sha256", "value": "47DEQpj8HBSa-_TImW-5JCeuQeRkm5NMpJWZG3hSuFU"}, "path": "ddtrace/internal/__init__.py", "size": 0}, {"hash": null, "path": "ddtrace/internal/__pycache__/__init__.cpython-37.pyc", "size": null}, {"hash": null, "path": "ddtrace/internal/__pycache__/context_manager.cpython-37.pyc", "size": null}, {"hash": null, "path": "ddtrace/internal/__pycache__/hostname.cpython-37.pyc", "size": null}, {"hash": null, "path": "ddtrace/internal/__pycache__/import_hooks.cpython-37.pyc", "size": null}, {"hash": null, "path": "ddtrace/internal/__pycache__/logger.cpython-37.pyc", "size": null}, {"hash": null, "path": "ddtrace/internal/__pycache__/rate_limiter.cpython-37.pyc", "size": null}, {"hash": null, "path": "ddtrace/internal/__pycache__/writer.cpython-37.pyc", "size": null}, {"hash": {"mode": "sha256", "value": "pLqIfKpzPwX1DxYBpwZhhw7Yai997qIHw5UpFJVv9Zg"}, "path": "ddtrace/internal/context_manager.py", "size": 2606}, {"hash": {"mode": "sha256", "value": "MoVAwaE2h8qh80sGr-El5x_OXHXeYzDRQovvEcLsx7U"}, "path": "ddtrace/internal/hostname.py", "size": 307}, {"hash": {"mode": "sha256", "value": "h3ynMUNa146wBiZFJT9o3nnh_0Pd2uiVIJGiYJU_OTg"}, "path": "ddtrace/internal/import_hooks.py", "size": 13251}, {"hash": {"mode": "sha256", "value": "purMZoUwNqPruiSwJXjqtyesPA9juCtUDr8iGTJAS2s"}, "path": "ddtrace/internal/logger.py", "size": 5632}, {"hash": {"mode": "sha256", "value": "0rufZuUgatXUe255iUKVzdVKg_SISf6VsTRXtGLp8A4"}, "path": "ddtrace/internal/rate_limiter.py", "size": 4354}, {"hash": {"mode": "sha256", "value": "-PKEKC6bKo1nsiNU-mTB2ISo4nM1SyxXcYccA4Yo5h4"}, "path": "ddtrace/internal/runtime/__init__.py", "size": 167}, {"hash": null, "path": "ddtrace/internal/runtime/__pycache__/__init__.cpython-37.pyc", "size": null}, {"hash": null, "path": "ddtrace/internal/runtime/__pycache__/collector.cpython-37.pyc", "size": null}, {"hash": null, "path": "ddtrace/internal/runtime/__pycache__/constants.cpython-37.pyc", "size": null}, {"hash": null, "path": "ddtrace/internal/runtime/__pycache__/container.cpython-37.pyc", "size": null}, {"hash": null, "path": "ddtrace/internal/runtime/__pycache__/metric_collectors.cpython-37.pyc", "size": null}, {"hash": null, "path": "ddtrace/internal/runtime/__pycache__/runtime_metrics.cpython-37.pyc", "size": null}, {"hash": null, "path": "ddtrace/internal/runtime/__pycache__/tag_collectors.cpython-37.pyc", "size": null}, {"hash": {"mode": "sha256", "value": "k21qWKLXGJVSKSj54bkhUOjG00Xuxo903hdnKzxDy-s"}, "path": "ddtrace/internal/runtime/collector.py", "size": 2630}, {"hash": {"mode": "sha256", "value": "p1EpZAKEVzGIbEGmt-rkXf5Fct1_gxHNsmrSU9bQ14o"}, "path": "ddtrace/internal/runtime/constants.py", "size": 1097}, {"hash": {"mode": "sha256", "value": "3lKfGYidOMxoxxygxrDlrNK_2nwB9Dk9eEnVXrG3xQY"}, "path": "ddtrace/internal/runtime/container.py", "size": 3633}, {"hash": {"mode": "sha256", "value": "3MfHYTOycnBr7rc71X1OXzIpWkSzCzj0mK_OcRJ83XY"}, "path": "ddtrace/internal/runtime/metric_collectors.py", "size": 3093}, {"hash": {"mode": "sha256", "value": "Eo5-WhhzeG9BSzxcVSLvQEGjtmuWabqsJQI06Kpffbk"}, "path": "ddtrace/internal/runtime/runtime_metrics.py", "size": 2058}, {"hash": {"mode": "sha256", "value": "arrl8YTnEqgTBMTetUshbjfEqwOBL1Dna21aDq6Lx2I"}, "path": "ddtrace/internal/runtime/tag_collectors.py", "size": 1504}, {"hash": {"mode": "sha256", "value": "u4XtHlzpuVMjaIq32p_V1QB9u3thBTcbArAJBn439DM"}, "path": "ddtrace/internal/writer.py", "size": 12074}, {"hash": {"mode": "sha256", "value": "ecLHrY9AhmStW8eN8yxhBzmjKyX01Ml4CYW8iuMyxZA"}, "path": "ddtrace/monkey.py", "size": 5733}, {"hash": {"mode": "sha256", "value": "LDdh83MfIP7YN7e--zR3se5ybgKC9-MjaS_fSmkzxP0"}, "path": "ddtrace/opentracer/__init__.py", "size": 120}, {"hash": null, "path": "ddtrace/opentracer/__pycache__/__init__.cpython-37.pyc", "size": null}, {"hash": null, "path": "ddtrace/opentracer/__pycache__/helpers.cpython-37.pyc", "size": null}, {"hash": null, "path": "ddtrace/opentracer/__pycache__/settings.cpython-37.pyc", "size": null}, {"hash": null, "path": "ddtrace/opentracer/__pycache__/span.cpython-37.pyc", "size": null}, {"hash": null, "path": "ddtrace/opentracer/__pycache__/span_context.cpython-37.pyc", "size": null}, {"hash": null, "path": "ddtrace/opentracer/__pycache__/tags.cpython-37.pyc", "size": null}, {"hash": null, "path": "ddtrace/opentracer/__pycache__/tracer.cpython-37.pyc", "size": null}, {"hash": null, "path": "ddtrace/opentracer/__pycache__/utils.cpython-37.pyc", "size": null}, {"hash": {"mode": "sha256", "value": "JxUHp9AsdVclSKcsekzk8HjamQCXNJUsMAUtKW-Jdq0"}, "path": "ddtrace/opentracer/helpers.py", "size": 331}, {"hash": {"mode": "sha256", "value": "Kzv4c72_WbHHOj-KvMFnEfuUQxMaxVEcavmCl-4osm0"}, "path": "ddtrace/opentracer/propagation/__init__.py", "size": 71}, {"hash": null, "path": "ddtrace/opentracer/propagation/__pycache__/__init__.cpython-37.pyc", "size": null}, {"hash": null, "path": "ddtrace/opentracer/propagation/__pycache__/binary.cpython-37.pyc", "size": null}, {"hash": null, "path": "ddtrace/opentracer/propagation/__pycache__/http.cpython-37.pyc", "size": null}, {"hash": null, "path": "ddtrace/opentracer/propagation/__pycache__/propagator.cpython-37.pyc", "size": null}, {"hash": null, "path": "ddtrace/opentracer/propagation/__pycache__/text.cpython-37.pyc", "size": null}, {"hash": {"mode": "sha256", "value": "47DEQpj8HBSa-_TImW-5JCeuQeRkm5NMpJWZG3hSuFU"}, "path": "ddtrace/opentracer/propagation/binary.py", "size": 0}, {"hash": {"mode": "sha256", "value": "YDr930rWd8bJ0UaLmkn5e_lHDh6VBhhk2Nlh6IYkNDw"}, "path": "ddtrace/opentracer/propagation/http.py", "size": 2836}, {"hash": {"mode": "sha256", "value": "wo93CfZotxlPDA70sRWFC26Gk3sy3a6Ct0vVTpPHo98"}, "path": "ddtrace/opentracer/propagation/propagator.py", "size": 306}, {"hash": {"mode": "sha256", "value": "47DEQpj8HBSa-_TImW-5JCeuQeRkm5NMpJWZG3hSuFU"}, "path": "ddtrace/opentracer/propagation/text.py", "size": 0}, {"hash": {"mode": "sha256", "value": "fEUJ8g1H9svZT5sMhsBftQUSnvl7yqt2bTxnj9dm_Iw"}, "path": "ddtrace/opentracer/settings.py", "size": 835}, {"hash": {"mode": "sha256", "value": "eay-JZp0BY4E8jNjKR2D6CuCnPw4U0HiG6bZlDZxmO8"}, "path": "ddtrace/opentracer/span.py", "size": 5396}, {"hash": {"mode": "sha256", "value": "j8hWJgWrQIrLoCAd8a9VdWImmPtPxGCDTiwL5V3zoO4"}, "path": "ddtrace/opentracer/span_context.py", "size": 1720}, {"hash": {"mode": "sha256", "value": "FS2IwL_0jRU9O4tW-Ffi_QHU9fziBMfepgqd0M8aCGY"}, "path": "ddtrace/opentracer/tags.py", "size": 433}, {"hash": {"mode": "sha256", "value": "BOtiVMu7RUHXZuUKVZgRF2Becu_EKwbOng16Bemr2kw"}, "path": "ddtrace/opentracer/tracer.py", "size": 13452}, {"hash": {"mode": "sha256", "value": "7b2bVs3BPy4W3JGrFetspkHv8Lr3TNDX7MYL2LebIWE"}, "path": "ddtrace/opentracer/utils.py", "size": 948}, {"hash": {"mode": "sha256", "value": "OCRU99YblKmljGFs4UoYzwzBAm0n65LKNiNEFulYIpQ"}, "path": "ddtrace/payload.py", "size": 2762}, {"hash": {"mode": "sha256", "value": "U_UMt5G_RKD1o-N6_hVIMdj_ucU59CkJOI3D0GqotAA"}, "path": "ddtrace/pin.py", "size": 6711}, {"hash": {"mode": "sha256", "value": "myHP2Rz796Nt8SCyc7pSTCCEg7RB-vp5ydpvkWBZJPg"}, "path": "ddtrace/profile/__init__.py", "size": 253}, {"hash": null, "path": "ddtrace/profile/__pycache__/__init__.cpython-37.pyc", "size": null}, {"hash": null, "path": "ddtrace/profile/__pycache__/auto.cpython-37.pyc", "size": null}, {"hash": null, "path": "ddtrace/profile/__pycache__/event.cpython-37.pyc", "size": null}, {"hash": null, "path": "ddtrace/profile/__pycache__/profiler.cpython-37.pyc", "size": null}, {"hash": null, "path": "ddtrace/profile/__pycache__/recorder.cpython-37.pyc", "size": null}, {"hash": null, "path": "ddtrace/profile/__pycache__/scheduler.cpython-37.pyc", "size": null}, {"hash": {"mode": "sha256", "value": "myHP2Rz796Nt8SCyc7pSTCCEg7RB-vp5ydpvkWBZJPg"}, "path": "ddtrace/profile/auto.py", "size": 253}, {"hash": {"mode": "sha256", "value": "myHP2Rz796Nt8SCyc7pSTCCEg7RB-vp5ydpvkWBZJPg"}, "path": "ddtrace/profile/bootstrap/__init__.py", "size": 253}, {"hash": null, "path": "ddtrace/profile/bootstrap/__pycache__/__init__.cpython-37.pyc", "size": null}, {"hash": null, "path": "ddtrace/profile/bootstrap/__pycache__/sitecustomize.cpython-37.pyc", "size": null}, {"hash": {"mode": "sha256", "value": "myHP2Rz796Nt8SCyc7pSTCCEg7RB-vp5ydpvkWBZJPg"}, "path": "ddtrace/profile/bootstrap/sitecustomize.py", "size": 253}, {"hash": {"mode": "sha256", "value": "myHP2Rz796Nt8SCyc7pSTCCEg7RB-vp5ydpvkWBZJPg"}, "path": "ddtrace/profile/collector/__init__.py", "size": 253}, {"hash": null, "path": "ddtrace/profile/collector/__pycache__/__init__.cpython-37.pyc", "size": null}, {"hash": null, "path": "ddtrace/profile/collector/__pycache__/exceptions.cpython-37.pyc", "size": null}, {"hash": null, "path": "ddtrace/profile/collector/__pycache__/memory.cpython-37.pyc", "size": null}, {"hash": null, "path": "ddtrace/profile/collector/__pycache__/stack.cpython-37.pyc", "size": null}, {"hash": null, "path": "ddtrace/profile/collector/__pycache__/threading.cpython-37.pyc", "size": null}, {"hash": {"mode": "sha256", "value": "myHP2Rz796Nt8SCyc7pSTCCEg7RB-vp5ydpvkWBZJPg"}, "path": "ddtrace/profile/collector/exceptions.py", "size": 253}, {"hash": {"mode": "sha256", "value": "myHP2Rz796Nt8SCyc7pSTCCEg7RB-vp5ydpvkWBZJPg"}, "path": "ddtrace/profile/collector/memory.py", "size": 253}, {"hash": {"mode": "sha256", "value": "myHP2Rz796Nt8SCyc7pSTCCEg7RB-vp5ydpvkWBZJPg"}, "path": "ddtrace/profile/collector/stack.py", "size": 253}, {"hash": {"mode": "sha256", "value": "myHP2Rz796Nt8SCyc7pSTCCEg7RB-vp5ydpvkWBZJPg"}, "path": "ddtrace/profile/collector/threading.py", "size": 253}, {"hash": {"mode": "sha256", "value": "myHP2Rz796Nt8SCyc7pSTCCEg7RB-vp5ydpvkWBZJPg"}, "path": "ddtrace/profile/event.py", "size": 253}, {"hash": {"mode": "sha256", "value": "myHP2Rz796Nt8SCyc7pSTCCEg7RB-vp5ydpvkWBZJPg"}, "path": "ddtrace/profile/exporter/__init__.py", "size": 253}, {"hash": null, "path": "ddtrace/profile/exporter/__pycache__/__init__.cpython-37.pyc", "size": null}, {"hash": null, "path": "ddtrace/profile/exporter/__pycache__/file.cpython-37.pyc", "size": null}, {"hash": null, "path": "ddtrace/profile/exporter/__pycache__/http.cpython-37.pyc", "size": null}, {"hash": null, "path": "ddtrace/profile/exporter/__pycache__/pprof.cpython-37.pyc", "size": null}, {"hash": null, "path": "ddtrace/profile/exporter/__pycache__/pprof_pb2.cpython-37.pyc", "size": null}, {"hash": {"mode": "sha256", "value": "myHP2Rz796Nt8SCyc7pSTCCEg7RB-vp5ydpvkWBZJPg"}, "path": "ddtrace/profile/exporter/file.py", "size": 253}, {"hash": {"mode": "sha256", "value": "myHP2Rz796Nt8SCyc7pSTCCEg7RB-vp5ydpvkWBZJPg"}, "path": "ddtrace/profile/exporter/http.py", "size": 253}, {"hash": {"mode": "sha256", "value": "myHP2Rz796Nt8SCyc7pSTCCEg7RB-vp5ydpvkWBZJPg"}, "path": "ddtrace/profile/exporter/pprof.py", "size": 253}, {"hash": {"mode": "sha256", "value": "myHP2Rz796Nt8SCyc7pSTCCEg7RB-vp5ydpvkWBZJPg"}, "path": "ddtrace/profile/exporter/pprof_pb2.py", "size": 253}, {"hash": {"mode": "sha256", "value": "myHP2Rz796Nt8SCyc7pSTCCEg7RB-vp5ydpvkWBZJPg"}, "path": "ddtrace/profile/profiler.py", "size": 253}, {"hash": {"mode": "sha256", "value": "myHP2Rz796Nt8SCyc7pSTCCEg7RB-vp5ydpvkWBZJPg"}, "path": "ddtrace/profile/recorder.py", "size": 253}, {"hash": {"mode": "sha256", "value": "myHP2Rz796Nt8SCyc7pSTCCEg7RB-vp5ydpvkWBZJPg"}, "path": "ddtrace/profile/scheduler.py", "size": 253}, {"hash": {"mode": "sha256", "value": "Lx4Woa0JtZvymWpe5XxxOwoCRNk2h6SAL2LWX1JpQ0E"}, "path": "ddtrace/profiling/__init__.py", "size": 461}, {"hash": {"mode": "sha256", "value": "tirwgiEnpuVmVZU7jcn3LVVjHHx1kgkFW5odH3r5VLs"}, "path": "ddtrace/profiling/__main__.py", "size": 478}, {"hash": null, "path": "ddtrace/profiling/__pycache__/__init__.cpython-37.pyc", "size": null}, {"hash": null, "path": "ddtrace/profiling/__pycache__/__main__.cpython-37.pyc", "size": null}, {"hash": null, "path": "ddtrace/profiling/__pycache__/_attr.cpython-37.pyc", "size": null}, {"hash": null, "path": "ddtrace/profiling/__pycache__/_line2def.cpython-37.pyc", "size": null}, {"hash": null, "path": "ddtrace/profiling/__pycache__/_periodic.cpython-37.pyc", "size": null}, {"hash": null, "path": "ddtrace/profiling/__pycache__/_traceback.cpython-37.pyc", "size": null}, {"hash": null, "path": "ddtrace/profiling/__pycache__/auto.cpython-37.pyc", "size": null}, {"hash": null, "path": "ddtrace/profiling/__pycache__/event.cpython-37.pyc", "size": null}, {"hash": null, "path": "ddtrace/profiling/__pycache__/profiler.cpython-37.pyc", "size": null}, {"hash": null, "path": "ddtrace/profiling/__pycache__/recorder.cpython-37.pyc", "size": null}, {"hash": null, "path": "ddtrace/profiling/__pycache__/scheduler.cpython-37.pyc", "size": null}, {"hash": {"mode": "sha256", "value": "S-8YvBhiGFDIpv-NcQoGHLP3bvc8xcmRcRUGOWt4oUY"}, "path": "ddtrace/profiling/_attr.py", "size": 114}, {"hash": {"mode": "sha256", "value": "PSq7O3PwpmIN8e1j-xxXt2Ro0xnpxHfwcEUxalmjmqE"}, "path": "ddtrace/profiling/_build.cpython-37m-x86_64-linux-gnu.so", "size": 64600}, {"hash": {"mode": "sha256", "value": "_D2gk6q2bZeV79w2tke9laGT-I59CkRy_x5d6cgJKQ0"}, "path": "ddtrace/profiling/_line2def.py", "size": 1830}, {"hash": {"mode": "sha256", "value": "0ETleeT1xAQQznv0fHklJRRanvRZSNeyjzR9cbgyx-I"}, "path": "ddtrace/profiling/_periodic.py", "size": 3753}, {"hash": {"mode": "sha256", "value": "uG2NMIb1a2oxz18QsUmv6P4jGThLQNApFvaxrLa9vFA"}, "path": "ddtrace/profiling/_traceback.py", "size": 102}, {"hash": {"mode": "sha256", "value": "mH5QHZx3gT3Tz4thRcVFvAF8_MDFV8mIldSsBTjOyxs"}, "path": "ddtrace/profiling/auto.py", "size": 163}, {"hash": {"mode": "sha256", "value": "47DEQpj8HBSa-_TImW-5JCeuQeRkm5NMpJWZG3hSuFU"}, "path": "ddtrace/profiling/bootstrap/__init__.py", "size": 0}, {"hash": null, "path": "ddtrace/profiling/bootstrap/__pycache__/__init__.cpython-37.pyc", "size": null}, {"hash": null, "path": "ddtrace/profiling/bootstrap/__pycache__/sitecustomize.cpython-37.pyc", "size": null}, {"hash": {"mode": "sha256", "value": "Ai6sGiGla-Sja7WYn9PjsqQ5iOEdJwHygfcrpDEd1e0"}, "path": "ddtrace/profiling/bootstrap/sitecustomize.py", "size": 937}, {"hash": {"mode": "sha256", "value": "i8KzeSNKMS8RAUpWBICnXIfssVK4NJHePiLbvorBBJI"}, "path": "ddtrace/profiling/collector/__init__.py", "size": 3856}, {"hash": null, "path": "ddtrace/profiling/collector/__pycache__/__init__.cpython-37.pyc", "size": null}, {"hash": null, "path": "ddtrace/profiling/collector/__pycache__/exceptions.cpython-37.pyc", "size": null}, {"hash": null, "path": "ddtrace/profiling/collector/__pycache__/memory.cpython-37.pyc", "size": null}, {"hash": null, "path": "ddtrace/profiling/collector/__pycache__/threading.cpython-37.pyc", "size": null}, {"hash": {"mode": "sha256", "value": "tA_fMmdu_sqgeb5p3I1u4o9NK86yKfgx1dbOhmKN5yA"}, "path": "ddtrace/profiling/collector/_traceback.cpython-37m-x86_64-linux-gnu.so", "size": 131264}, {"hash": {"mode": "sha256", "value": "3sAPvNGBxQUZ-vcdr_z2MpWW0OHW2sUHiLIxfjUmGvI"}, "path": "ddtrace/profiling/collector/exceptions.py", "size": 1815}, {"hash": {"mode": "sha256", "value": "3X-IGKC5VY8m7GUHfyU9NIELxKLPtsRrvEI4S2n8iSU"}, "path": "ddtrace/profiling/collector/memory.py", "size": 2468}, {"hash": {"mode": "sha256", "value": "ne1Et-CAazLMcAAHxIilM3437eZg-yUJgRSVz-j21Bw"}, "path": "ddtrace/profiling/collector/stack.cpython-37m-x86_64-linux-gnu.so", "size": 661528}, {"hash": {"mode": "sha256", "value": "69r1FNhMQ7MKCrYQGrSl_0_5fxDXF-jSMHSume73XZw"}, "path": "ddtrace/profiling/collector/threading.py", "size": 6090}, {"hash": {"mode": "sha256", "value": "2fGRvsgNrCxzlLszeZCmfBfjrqI6Op5KVodwu3vmrBU"}, "path": "ddtrace/profiling/event.py", "size": 634}, {"hash": {"mode": "sha256", "value": "yLyI5F-xHEp7BDwhmQwVsBX_UGVcZ_LpOHRTukSY-oc"}, "path": "ddtrace/profiling/exporter/__init__.py", "size": 637}, {"hash": null, "path": "ddtrace/profiling/exporter/__pycache__/__init__.cpython-37.pyc", "size": null}, {"hash": null, "path": "ddtrace/profiling/exporter/__pycache__/file.cpython-37.pyc", "size": null}, {"hash": null, "path": "ddtrace/profiling/exporter/__pycache__/http.cpython-37.pyc", "size": null}, {"hash": null, "path": "ddtrace/profiling/exporter/__pycache__/pprof.cpython-37.pyc", "size": null}, {"hash": null, "path": "ddtrace/profiling/exporter/__pycache__/pprof_pb2.cpython-37.pyc", "size": null}, {"hash": {"mode": "sha256", "value": "w4MSVX8WcVt9wkl3OaBHj5gt9pRbefop8gHQhA0CyFg"}, "path": "ddtrace/profiling/exporter/file.py", "size": 989}, {"hash": {"mode": "sha256", "value": "A-8o-ryKb7zV0M6YHu0dWp8yw8YlE6H2A8YtEERyKe4"}, "path": "ddtrace/profiling/exporter/http.py", "size": 6895}, {"hash": {"mode": "sha256", "value": "zhICaQXhnBXS-9zYvarKjuqxZQlMSZjbxjYau2ae7jw"}, "path": "ddtrace/profiling/exporter/pprof.py", "size": 14675}, {"hash": {"mode": "sha256", "value": "netFsC1whXqEJGFbivAKBu_ee5i4dzG6my1YGHlDUIs"}, "path": "ddtrace/profiling/exporter/pprof_pb2.py", "size": 24817}, {"hash": {"mode": "sha256", "value": "rGHEVO0_9juJPRqSHV2SwBmv3LC9bdsBCbgwEv7mPUc"}, "path": "ddtrace/profiling/profiler.py", "size": 3207}, {"hash": {"mode": "sha256", "value": "WjfKaJZImWxpAHRFuYXA50xtUOv1TSmmvbdutAnHMxk"}, "path": "ddtrace/profiling/recorder.py", "size": 2463}, {"hash": {"mode": "sha256", "value": "niBFnxELVK5a8TmsrIjRaCgZ1oAAuLgDL1gHlsN8Czw"}, "path": "ddtrace/profiling/scheduler.py", "size": 2176}, {"hash": {"mode": "sha256", "value": "47DEQpj8HBSa-_TImW-5JCeuQeRkm5NMpJWZG3hSuFU"}, "path": "ddtrace/propagation/__init__.py", "size": 0}, {"hash": null, "path": "ddtrace/propagation/__pycache__/__init__.cpython-37.pyc", "size": null}, {"hash": null, "path": "ddtrace/propagation/__pycache__/http.cpython-37.pyc", "size": null}, {"hash": null, "path": "ddtrace/propagation/__pycache__/utils.cpython-37.pyc", "size": null}, {"hash": {"mode": "sha256", "value": "my7TkBftx0KZ26YR23T_eVRX7dYX9280kcFT8dIj1B8"}, "path": "ddtrace/propagation/http.py", "size": 5415}, {"hash": {"mode": "sha256", "value": "7CZUVACu0zqjAQTZGADZrVuP4Pk15RFopPz0LAa7c8A"}, "path": "ddtrace/propagation/utils.py", "size": 247}, {"hash": {"mode": "sha256", "value": "el4Fuqh3gxCis3FaQDo7KptOSElPM6Ciwamq_SLcZJ0"}, "path": "ddtrace/provider.py", "size": 2031}, {"hash": {"mode": "sha256", "value": "Zs4UwuIl0rIlqJaH6Smd6oxLhT3LAZntMxt2URQNy9g"}, "path": "ddtrace/sampler.py", "size": 13671}, {"hash": {"mode": "sha256", "value": "pAAGeCkBj1lW04Jx8GNaR4429q6YeUoI0Ooi8tZ0NVw"}, "path": "ddtrace/settings/__init__.py", "size": 329}, {"hash": null, "path": "ddtrace/settings/__pycache__/__init__.cpython-37.pyc", "size": null}, {"hash": null, "path": "ddtrace/settings/__pycache__/config.cpython-37.pyc", "size": null}, {"hash": null, "path": "ddtrace/settings/__pycache__/exceptions.cpython-37.pyc", "size": null}, {"hash": null, "path": "ddtrace/settings/__pycache__/hooks.cpython-37.pyc", "size": null}, {"hash": null, "path": "ddtrace/settings/__pycache__/http.cpython-37.pyc", "size": null}, {"hash": null, "path": "ddtrace/settings/__pycache__/integration.cpython-37.pyc", "size": null}, {"hash": {"mode": "sha256", "value": "D9_BHUo4PsRoYgs35_d_FRH5W-5dytT3y0o5ssmIavY"}, "path": "ddtrace/settings/config.py", "size": 5450}, {"hash": {"mode": "sha256", "value": "-pj10KifCVWWxTJYBkutU54mBu6xomgag6609bG6gSY"}, "path": "ddtrace/settings/exceptions.py", "size": 162}, {"hash": {"mode": "sha256", "value": "I3g4uxuG70ebOewkqDgvbFODq9isWsUeBmcDEXTKlFg"}, "path": "ddtrace/settings/hooks.py", "size": 3701}, {"hash": {"mode": "sha256", "value": "NOtNbIfYTl7pKvu1AZ6H95Rx6KdLg1VNwUxHJu606_E"}, "path": "ddtrace/settings/http.py", "size": 1888}, {"hash": {"mode": "sha256", "value": "2hWaZZv3_pMHwT1wF-9uwmg_XQdqaFIneqglOxF5hnc"}, "path": "ddtrace/settings/integration.py", "size": 3936}, {"hash": {"mode": "sha256", "value": "ju2JXclpb-Yzl8Z9JJE3UFJk2LvgIIHbMLj8yWZIkzQ"}, "path": "ddtrace/span.py", "size": 13196}, {"hash": {"mode": "sha256", "value": "-x6pLp1CsKfEWPqv51fTPtLBtEB4IxnMHndk1xYHtJM"}, "path": "ddtrace/tracer.py", "size": 28278}, {"hash": {"mode": "sha256", "value": "ibsVsF63uHXMaFIkoT9Fc16BIZzJz5sBJMqJCyrtIhs"}, "path": "ddtrace/util.py", "size": 448}, {"hash": {"mode": "sha256", "value": "rB9NsHbHvTDmpbVmfu4C3Ze0d0OjOPfmVNEYCJr_S8A"}, "path": "ddtrace/utils/__init__.py", "size": 887}, {"hash": null, "path": "ddtrace/utils/__pycache__/__init__.cpython-37.pyc", "size": null}, {"hash": null, "path": "ddtrace/utils/__pycache__/attrdict.cpython-37.pyc", "size": null}, {"hash": null, "path": "ddtrace/utils/__pycache__/config.cpython-37.pyc", "size": null}, {"hash": null, "path": "ddtrace/utils/__pycache__/deprecation.cpython-37.pyc", "size": null}, {"hash": null, "path": "ddtrace/utils/__pycache__/formats.cpython-37.pyc", "size": null}, {"hash": null, "path": "ddtrace/utils/__pycache__/hook.cpython-37.pyc", "size": null}, {"hash": null, "path": "ddtrace/utils/__pycache__/http.cpython-37.pyc", "size": null}, {"hash": null, "path": "ddtrace/utils/__pycache__/importlib.cpython-37.pyc", "size": null}, {"hash": null, "path": "ddtrace/utils/__pycache__/merge.cpython-37.pyc", "size": null}, {"hash": null, "path": "ddtrace/utils/__pycache__/time.cpython-37.pyc", "size": null}, {"hash": null, "path": "ddtrace/utils/__pycache__/wrappers.cpython-37.pyc", "size": null}, {"hash": {"mode": "sha256", "value": "i9tueiZSg2gg3CJJP8FdLu88YyF-FWNTCvQlYoKpNCM"}, "path": "ddtrace/utils/attrdict.py", "size": 1079}, {"hash": {"mode": "sha256", "value": "HXqoVxPuqRwMaVU-Mh_nixKbssqWFs4HznOmoR6SkYQ"}, "path": "ddtrace/utils/config.py", "size": 271}, {"hash": {"mode": "sha256", "value": "WbUOZ3SNQl04bO_r-6SMwxPa7yKYfnaEtd2F28cMBF8"}, "path": "ddtrace/utils/deprecation.py", "size": 3089}, {"hash": {"mode": "sha256", "value": "jSMAuoF72DGxFGPpNXNnavH3SPcaC12VH1EaubYz6zc"}, "path": "ddtrace/utils/formats.py", "size": 2739}, {"hash": {"mode": "sha256", "value": "vfDqSLF6Ej1PD9SNCF9xS3EKZHK7meFDLudFZRxSies"}, "path": "ddtrace/utils/hook.py", "size": 6677}, {"hash": {"mode": "sha256", "value": "QSNEHsGeP5qMSDDu7sz73WbBMm2b7ZdIrKYnT1A6Tio"}, "path": "ddtrace/utils/http.py", "size": 366}, {"hash": {"mode": "sha256", "value": "AqpUMUKBS4K9oQyNfoRtm4DVNwkz-D0DfPULQgGOxqQ"}, "path": "ddtrace/utils/importlib.py", "size": 951}, {"hash": {"mode": "sha256", "value": "86yic-dPEc1IQhgURC0uEiU2RW9Gbo5hf9qvgoNZFIc"}, "path": "ddtrace/utils/merge.py", "size": 674}, {"hash": {"mode": "sha256", "value": "UYz74FoFWvOWIwVQjPm61_jpzHsoW7yzZ3Wg2OQxxac"}, "path": "ddtrace/utils/time.py", "size": 1835}, {"hash": {"mode": "sha256", "value": "e8AfwXaZoRYbtV1NYW6KAm1vk8nMzWhEpESC6I-9h7I"}, "path": "ddtrace/utils/wrappers.py", "size": 2563}, {"hash": {"mode": "sha256", "value": "fIirCpVbPZB6uQg3WAg8SfvWisLZYEjxe3vOTDxJtWA"}, "path": "ddtrace/vendor/__init__.py", "size": 2408}, {"hash": null, "path": "ddtrace/vendor/__pycache__/__init__.cpython-37.pyc", "size": null}, {"hash": {"mode": "sha256", "value": "ONaI-ZEGOIC7IDqH2HANgesnOxPE1m0GIRRYPPsXEHk"}, "path": "ddtrace/vendor/attr/__init__.py", "size": 1349}, {"hash": null, "path": "ddtrace/vendor/attr/__pycache__/__init__.cpython-37.pyc", "size": null}, {"hash": null, "path": "ddtrace/vendor/attr/__pycache__/_compat.cpython-37.pyc", "size": null}, {"hash": null, "path": "ddtrace/vendor/attr/__pycache__/_config.cpython-37.pyc", "size": null}, {"hash": null, "path": "ddtrace/vendor/attr/__pycache__/_funcs.cpython-37.pyc", "size": null}, {"hash": null, "path": "ddtrace/vendor/attr/__pycache__/_make.cpython-37.pyc", "size": null}, {"hash": null, "path": "ddtrace/vendor/attr/__pycache__/_version_info.cpython-37.pyc", "size": null}, {"hash": null, "path": "ddtrace/vendor/attr/__pycache__/converters.cpython-37.pyc", "size": null}, {"hash": null, "path": "ddtrace/vendor/attr/__pycache__/exceptions.cpython-37.pyc", "size": null}, {"hash": null, "path": "ddtrace/vendor/attr/__pycache__/filters.cpython-37.pyc", "size": null}, {"hash": null, "path": "ddtrace/vendor/attr/__pycache__/validators.cpython-37.pyc", "size": null}, {"hash": {"mode": "sha256", "value": "-pJtdtqgCg0K6rH_BWf3wKuTum58GD-WWPclQQ2SUaU"}, "path": "ddtrace/vendor/attr/_compat.py", "size": 7326}, {"hash": {"mode": "sha256", "value": "_KvW0mQdH2PYjHc0YfIUaV_o2pVfM7ziMEYTxwmEhOA"}, "path": "ddtrace/vendor/attr/_config.py", "size": 514}, {"hash": {"mode": "sha256", "value": "unAJfNGSTOzxyFzkj7Rs3O1bfsQodmXyir9uZKen-vY"}, "path": "ddtrace/vendor/attr/_funcs.py", "size": 9696}, {"hash": {"mode": "sha256", "value": "HhjGhFEbnxPKuUb9hFmAjXoQGpekniw1IEF3_Z-vwCc"}, "path": "ddtrace/vendor/attr/_make.py", "size": 70807}, {"hash": {"mode": "sha256", "value": "azMi1lNelb3cJvvYUMXsXVbUANkRzbD5IEiaXVpeVr4"}, "path": "ddtrace/vendor/attr/_version_info.py", "size": 2162}, {"hash": {"mode": "sha256", "value": "5QJRYSXE8G7PW0289y_SPwvvZIcw-nJIuBlfYVdB4BQ"}, "path": "ddtrace/vendor/attr/converters.py", "size": 2141}, {"hash": {"mode": "sha256", "value": "hbhOa3b4W8_mRrbj3FsMTR4Bt5xzbJs5xaFTWn8s6h4"}, "path": "ddtrace/vendor/attr/exceptions.py", "size": 1635}, {"hash": {"mode": "sha256", "value": "weDxwATsa69T_0bPVjiM1fGsciAMQmwhY5G8Jm5BxuI"}, "path": "ddtrace/vendor/attr/filters.py", "size": 1098}, {"hash": {"mode": "sha256", "value": "8AsxgdDgh3sGPseiUIMPGcTr6PvaDYfH3AK46tsvs8U"}, "path": "ddtrace/vendor/attr/validators.py", "size": 11460}, {"hash": {"mode": "sha256", "value": "Q8OE09M7ZpXatj2Ft47FVL_ClA5KY5upavDWXg1DKtE"}, "path": "ddtrace/vendor/debtcollector/__init__.py", "size": 2175}, {"hash": null, "path": "ddtrace/vendor/debtcollector/__pycache__/__init__.cpython-37.pyc", "size": null}, {"hash": null, "path": "ddtrace/vendor/debtcollector/__pycache__/_utils.cpython-37.pyc", "size": null}, {"hash": null, "path": "ddtrace/vendor/debtcollector/__pycache__/moves.cpython-37.pyc", "size": null}, {"hash": null, "path": "ddtrace/vendor/debtcollector/__pycache__/removals.cpython-37.pyc", "size": null}, {"hash": null, "path": "ddtrace/vendor/debtcollector/__pycache__/renames.cpython-37.pyc", "size": null}, {"hash": null, "path": "ddtrace/vendor/debtcollector/__pycache__/updating.cpython-37.pyc", "size": null}, {"hash": {"mode": "sha256", "value": "n7q0A3tpTjtcCG73KcixhzRQx-rN2NSyMu7LstX1T3U"}, "path": "ddtrace/vendor/debtcollector/_utils.py", "size": 6354}, {"hash": {"mode": "sha256", "value": "TUs3JzsWChdaxLvTM536g9xEhK2qhtZRXgrxSE9PPjY"}, "path": "ddtrace/vendor/debtcollector/moves.py", "size": 8429}, {"hash": {"mode": "sha256", "value": "VyUtoqjErwq5cG_XmI7CfAJW_2cAymF7GnO97-HlNiU"}, "path": "ddtrace/vendor/debtcollector/removals.py", "size": 13898}, {"hash": {"mode": "sha256", "value": "Lok-0KYHlVCCho9vkFsFPFI6VtgUzk0z5NdUyEUH9wA"}, "path": "ddtrace/vendor/debtcollector/renames.py", "size": 1715}, {"hash": {"mode": "sha256", "value": "7b6n8Y1oFeR0kWP4PVH4rqhMckZ4-Hs3Q3yf-fHvZY0"}, "path": "ddtrace/vendor/debtcollector/updating.py", "size": 2434}, {"hash": {"mode": "sha256", "value": "0CXfEgq1I33yPzvvXyXb-VvUcpOUdUi2kxYz8lVx3bQ"}, "path": "ddtrace/vendor/dogstatsd/__init__.py", "size": 1557}, {"hash": null, "path": "ddtrace/vendor/dogstatsd/__pycache__/__init__.cpython-37.pyc", "size": null}, {"hash": null, "path": "ddtrace/vendor/dogstatsd/__pycache__/base.cpython-37.pyc", "size": null}, {"hash": null, "path": "ddtrace/vendor/dogstatsd/__pycache__/compat.cpython-37.pyc", "size": null}, {"hash": null, "path": "ddtrace/vendor/dogstatsd/__pycache__/context.cpython-37.pyc", "size": null}, {"hash": null, "path": "ddtrace/vendor/dogstatsd/__pycache__/context_async.cpython-37.pyc", "size": null}, {"hash": null, "path": "ddtrace/vendor/dogstatsd/__pycache__/route.cpython-37.pyc", "size": null}, {"hash": {"mode": "sha256", "value": "IvPBxPpvAhBHrk0Vvc1fLYVWWi18rnApyiZPZgQijok"}, "path": "ddtrace/vendor/dogstatsd/base.py", "size": 14421}, {"hash": {"mode": "sha256", "value": "Z6SPcpxl6c2X0UjS0PGKybdyI0oa-esmsu-CO_1IT4I"}, "path": "ddtrace/vendor/dogstatsd/compat.py", "size": 2039}, {"hash": {"mode": "sha256", "value": "4ea-YGovOweJkXnRGoXJiv4aX4LdtHG-t0OIGYADL_w"}, "path": "ddtrace/vendor/dogstatsd/context.py", "size": 2232}, {"hash": {"mode": "sha256", "value": "H0iBw-PlRwJ2yIhTtJpgo03Gi0i5lhEKd_pSOrSMdFA"}, "path": "ddtrace/vendor/dogstatsd/context_async.py", "size": 483}, {"hash": {"mode": "sha256", "value": "cIJxxWdbf2pISGIFIWcIvmHICt2HcDfrloddc7bRKZo"}, "path": "ddtrace/vendor/dogstatsd/route.py", "size": 1032}, {"hash": {"mode": "sha256", "value": "1wJOetpAPQUteaP7IxAelyChpkITsxZf-eV4V2bTHrA"}, "path": "ddtrace/vendor/monotonic/__init__.py", "size": 7117}, {"hash": null, "path": "ddtrace/vendor/monotonic/__pycache__/__init__.cpython-37.pyc", "size": null}, {"hash": {"mode": "sha256", "value": "zLnjfXMB3aOXBkgwVbiaTzFYKvDpY3bRBS12BryUMn8"}, "path": "ddtrace/vendor/psutil/__init__.py", "size": 90581}, {"hash": null, "path": "ddtrace/vendor/psutil/__pycache__/__init__.cpython-37.pyc", "size": null}, {"hash": null, "path": "ddtrace/vendor/psutil/__pycache__/_common.cpython-37.pyc", "size": null}, {"hash": null, "path": "ddtrace/vendor/psutil/__pycache__/_compat.cpython-37.pyc", "size": null}, {"hash": null, "path": "ddtrace/vendor/psutil/__pycache__/_psaix.cpython-37.pyc", "size": null}, {"hash": null, "path": "ddtrace/vendor/psutil/__pycache__/_psbsd.cpython-37.pyc", "size": null}, {"hash": null, "path": "ddtrace/vendor/psutil/__pycache__/_pslinux.cpython-37.pyc", "size": null}, {"hash": null, "path": "ddtrace/vendor/psutil/__pycache__/_psosx.cpython-37.pyc", "size": null}, {"hash": null, "path": "ddtrace/vendor/psutil/__pycache__/_psposix.cpython-37.pyc", "size": null}, {"hash": null, "path": "ddtrace/vendor/psutil/__pycache__/_pssunos.cpython-37.pyc", "size": null}, {"hash": null, "path": "ddtrace/vendor/psutil/__pycache__/_pswindows.cpython-37.pyc", "size": null}, {"hash": null, "path": "ddtrace/vendor/psutil/__pycache__/setup.cpython-37.pyc", "size": null}, {"hash": {"mode": "sha256", "value": "eA2kZtQPvlmMpKw_Fz3lswXSg35tthoM6OAb2UhdNNQ"}, "path": "ddtrace/vendor/psutil/_common.py", "size": 20224}, {"hash": {"mode": "sha256", "value": "c9jBW_7ZcDyl562gIeIh53drZ-oUVLPobOnuAJRhY2w"}, "path": "ddtrace/vendor/psutil/_compat.py", "size": 11191}, {"hash": {"mode": "sha256", "value": "IDY57Ybv5k4eSKH50lD7EJ9slfRoPJ-SLKyniXQFvkw"}, "path": "ddtrace/vendor/psutil/_psaix.py", "size": 18564}, {"hash": {"mode": "sha256", "value": "kvDbgjD38KtIZDhsTNbmMowvjSmKs701D-aYr_5wPQE"}, "path": "ddtrace/vendor/psutil/_psbsd.py", "size": 30566}, {"hash": {"mode": "sha256", "value": "N-p3vkd-QG9132CIihCIZ47mPa_vwBWkHZf6x3pI6Xg"}, "path": "ddtrace/vendor/psutil/_pslinux.py", "size": 79839}, {"hash": {"mode": "sha256", "value": "JbNktzY5i5xQJTWNWdWbFSRPBZneb4_34Pm6GKyDiZs"}, "path": "ddtrace/vendor/psutil/_psosx.py", "size": 17196}, {"hash": {"mode": "sha256", "value": "sQajYsNSDFV0HqN3GFf7Rvh8vu9eQLbzMpD2eqgakVk"}, "path": "ddtrace/vendor/psutil/_psposix.py", "size": 6159}, {"hash": {"mode": "sha256", "value": "ZayYw299DPsmA8TzA7UpuFuigW49OC0KrdrU4A1hOlY"}, "path": "ddtrace/vendor/psutil/_pssunos.py", "size": 25109}, {"hash": {"mode": "sha256", "value": "ByawR_PDRaDlFed7efuMZ4uAowJ7vtm5fFSCKPyRy1s"}, "path": "ddtrace/vendor/psutil/_psutil_linux.cpython-37m-x86_64-linux-gnu.so", "size": 117672}, {"hash": {"mode": "sha256", "value": "rTEZev7Hf3eLKZ_hwqEJo_3Wlaalz0i39g5K4yIvc4o"}, "path": "ddtrace/vendor/psutil/_psutil_posix.cpython-37m-x86_64-linux-gnu.so", "size": 71680}, {"hash": {"mode": "sha256", "value": "A2mlRzUvPxPrj8LETN25MAn6fRcLp12L-RP7bwP2TKM"}, "path": "ddtrace/vendor/psutil/_pswindows.py", "size": 37400}, {"hash": {"mode": "sha256", "value": "Ze5fZ_gj3Y6e4i3Wb446CgVdiICXpfLYkZVvlllusqo"}, "path": "ddtrace/vendor/psutil/setup.py", "size": 7931}, {"hash": {"mode": "sha256", "value": "Q6WvEXZ1DGEASAo3CGNCJkKv2tPy8xkSmK-VHE9PYIA"}, "path": "ddtrace/vendor/six/__init__.py", "size": 34074}, {"hash": null, "path": "ddtrace/vendor/six/__pycache__/__init__.cpython-37.pyc", "size": null}, {"hash": {"mode": "sha256", "value": "FS1Cu1Ai6qjtdTDMKVtgCTb0gW4mPOlM2111JlqpFq4"}, "path": "ddtrace/vendor/wrapt/__init__.py", "size": 658}, {"hash": null, "path": "ddtrace/vendor/wrapt/__pycache__/__init__.cpython-37.pyc", "size": null}, {"hash": null, "path": "ddtrace/vendor/wrapt/__pycache__/decorators.cpython-37.pyc", "size": null}, {"hash": null, "path": "ddtrace/vendor/wrapt/__pycache__/importer.cpython-37.pyc", "size": null}, {"hash": null, "path": "ddtrace/vendor/wrapt/__pycache__/setup.cpython-37.pyc", "size": null}, {"hash": null, "path": "ddtrace/vendor/wrapt/__pycache__/wrappers.cpython-37.pyc", "size": null}, {"hash": {"mode": "sha256", "value": "i9JaJAV2yytnVXg1hbUAM1SYmqBfixNRdUVv9dIuB-A"}, "path": "ddtrace/vendor/wrapt/_wrappers.cpython-37m-x86_64-linux-gnu.so", "size": 179792}, {"hash": {"mode": "sha256", "value": "mUjuO9o-Gx0QI9ycp-N6txBv9cDwUf_7n2HlgtOmBGs"}, "path": "ddtrace/vendor/wrapt/decorators.py", "size": 20247}, {"hash": {"mode": "sha256", "value": "H-d3dCnVxGzz6UTrH4Xncqet5yPX9k-Lo5upa9hlQsc"}, "path": "ddtrace/vendor/wrapt/importer.py", "size": 7896}, {"hash": {"mode": "sha256", "value": "CF2p_6VhgEGASbK2JH_MARGMt3GHe6uADKRqu573QY0"}, "path": "ddtrace/vendor/wrapt/setup.py", "size": 191}, {"hash": {"mode": "sha256", "value": "IAcZRdrc38Bd-vq7Cekq65kAvoO1DXSzjISDQ1Hm6I8"}, "path": "ddtrace/vendor/wrapt/wrappers.py", "size": 33768}], "metadata": {"Author": "Datadog, Inc.", "Author-email": "dev@datadoghq.com", "Classifier": ["Programming Language :: Python", "Programming Language :: Python :: 2.7", "Programming Language :: Python :: 3.5", "Programming Language :: Python :: 3.6", "Programming Language :: Python :: 3.7", "Programming Language :: Python :: 3.8"], "Description-Content-Type": "text/markdown", "Home-page": "https://github.com/DataDog/dd-trace-py", "License": "BSD", "Metadata-Version": "2.1", "Name": "ddtrace", "Platform": ["UNKNOWN"], "Provides-Extra": ["opentracing", "profile", "profiling"], "Requires-Dist": ["msgpack (>=0.5.0)", "enum34 ; python_version < \"3.4\"", "funcsigs (>=1.0.0) ; python_version == \"2.7\"", "opentracing (>=2.0.0) ; extra == 'opentracing'", "protobuf (>=3) ; extra == 'profile'", "intervaltree ; extra == 'profile'", "protobuf (>=3) ; extra == 'profiling'", "intervaltree ; extra == 'profiling'"], "Requires-Python": ">=2.7, !=3.0.*, !=3.1.*, !=3.2.*, !=3.3.*, !=3.4.*", "Summary": "Datadog tracing code", "Version": "0.36.0"}, "requires": ["msgpack (>=0.5.0)", "enum34 ; python_version < \"3.4\"", "funcsigs (>=1.0.0) ; python_version == \"2.7\"", "opentracing (>=2.0.0) ; extra == 'opentracing'", "protobuf (>=3) ; extra == 'profile'", "intervaltree ; extra == 'profile'", "protobuf (>=3) ; extra == 'profiling'", "intervaltree ; extra == 'profiling'"], "version": "0.36.0"}, "index_url": "https://pypi.org/simple", "package_name": "ddtrace", "package_version": "0.36.0", "package_version_requested": "0.36.0", "sha256": ["29e034bf375db4d111caa548a48b100e0fea23911fff2e09aed11f9ee6b9c8f4", "fb64f66e8a13ab30d2d8372755c3fd413ede62d319356b395ca47cc2543aeeb2", "75a7faf5b6e395372dbbd185ee6ca304cb2eefde5a582fd6d95af6888c47449c", "75fa650dff252bf5a666e05ab935f643ca1808a285a7a6a5b045b648997f6a51", "0a83905bbbeeb1bbe7638e5fb6bcce0a54fa1889ccc76359540fbfa0084a3b06", "c8c69076c35b43dc7850179070572a429299908fa541ae8ca06dc80add03c55d", "caadb4e5e9a3087a858336094dd52fc7e845cbf064e15ade9092f88feda5763b", "b9096ad5835e75ade2724de494ad0e5de1bf051bd886693449ae1a38a3f2eaf2", "4a92a3ceea1112bf24c91c2c7ef4118d55f253772202131e87dc9e9c392ede23", "ca2b577bf1ef180bab88106b0f122d5c7f0b3d81fe819f5812575fbef6f37540", "a086f3175486c6ec579a9ce9e5ca704cb6e7d50f63fbaabd85daf49075d3a144", "4a76d9dca23202248a96026347167927bd697dd64269b72425bd106a2c7dfa96", "8e7fc47fdce5ead3d7941b559a5a51a2293faf9dbcc6181ef6b2d9c9bc3fd8c3"]}], "unparsed": [], "unresolved": []}}