{"metadata": {"analyzer": "thoth-solver", "analyzer_version": "1.4.1", "arguments": {"python": {"exclude_packages": null, "index": "https://pypi.org/simple", "no_pretty": false, "no_transitive": true, "output": "http://result-api/api/v1/solver-result", "requirements": "sqlalchemy==0.1.1", "virtualenv": "/home/solver/venv"}, "thoth-solver": {"verbose": false}}, "datetime": "2019-12-26T16:42:36.949748", "distribution": {"codename": "", "id": "fedora", "like": "", "version": "31", "version_parts": {"build_number": "", "major": "31", "minor": ""}}, "document_id": "solver-fedora-31-py37-0532ef00", "duration": 2, "hostname": "solver-fedora-31-py37-0532ef00-r5z25", "os_release": {"id": "fedora", "name": "Fedora", "platform_id": "platform:f31", "redhat_bugzilla_product": "Fedora", "redhat_bugzilla_product_version": "31", "redhat_support_product": "Fedora", "redhat_support_product_version": "31", "variant_id": "container", "version": "31 (Container Image)", "version_id": "31"}, "python": {"api_version": 1013, "implementation_name": "cpython", "major": 3, "micro": 5, "minor": 7, "releaselevel": "final", "serial": 0}, "thoth_deployment_name": "thoth-psi-stage", "timestamp": 1577378556}, "result": {"environment": {"implementation_name": "cpython", "implementation_version": "3.7.5", "os_name": "posix", "platform_machine": "x86_64", "platform_python_implementation": "CPython", "platform_release": "3.10.0-957.21.2.el7.x86_64", "platform_system": "Linux", "platform_version": "#1 SMP Tue May 28 09:26:43 UTC 2019", "python_full_version": "3.7.5", "python_version": "3.7", "sys_platform": "linux"}, "environment_packages": [{"package_name": "pipdeptree", "package_version": "0.13.2"}], "errors": [{"details": {"command": "/home/solver/venv/bin/python3 -m pip install --force-reinstall --no-cache-dir --no-deps sqlalchemy==0.1.1 --index-url \"https://pypi.org/simple\"  --trusted-host pypi.org", "message": "Command exited with non-zero status code (1):     ERROR: Command errored out with exit status 1:\n     command: /home/solver/venv/bin/python3 -c 'import sys, setuptools, tokenize; sys.argv[0] = '\"'\"'/tmp/pip-install-yhh3uk0b/sqlalchemy/setup.py'\"'\"'; __file__='\"'\"'/tmp/pip-install-yhh3uk0b/sqlalchemy/setup.py'\"'\"';f=getattr(tokenize, '\"'\"'open'\"'\"', open)(__file__);code=f.read().replace('\"'\"'\\r\\n'\"'\"', '\"'\"'\\n'\"'\"');f.close();exec(compile(code, __file__, '\"'\"'exec'\"'\"'))' egg_info --egg-base /tmp/pip-install-yhh3uk0b/sqlalchemy/pip-egg-info\n         cwd: /tmp/pip-install-yhh3uk0b/sqlalchemy/\n    Complete output (8 lines):\n    Traceback (most recent call last):\n      File \"<string>\", line 1, in <module>\n      File \"/tmp/pip-install-yhh3uk0b/sqlalchemy/setup.py\", line 1, in <module>\n        from ez_setup import use_setuptools\n      File \"/tmp/pip-install-yhh3uk0b/sqlalchemy/ez_setup.py\", line 168\n        print \"Setuptools version\",version,\"or greater has been installed.\"\n                                 ^\n    SyntaxError: Missing parentheses in call to 'print'. Did you mean print(\"Setuptools version\",version,\"or greater has been installed.\")?\n    ----------------------------------------\nERROR: Command errored out with exit status 1: python setup.py egg_info Check the logs for full command output.\n", "return_code": 1, "stderr": "    ERROR: Command errored out with exit status 1:\n     command: /home/solver/venv/bin/python3 -c 'import sys, setuptools, tokenize; sys.argv[0] = '\"'\"'/tmp/pip-install-yhh3uk0b/sqlalchemy/setup.py'\"'\"'; __file__='\"'\"'/tmp/pip-install-yhh3uk0b/sqlalchemy/setup.py'\"'\"';f=getattr(tokenize, '\"'\"'open'\"'\"', open)(__file__);code=f.read().replace('\"'\"'\\r\\n'\"'\"', '\"'\"'\\n'\"'\"');f.close();exec(compile(code, __file__, '\"'\"'exec'\"'\"'))' egg_info --egg-base /tmp/pip-install-yhh3uk0b/sqlalchemy/pip-egg-info\n         cwd: /tmp/pip-install-yhh3uk0b/sqlalchemy/\n    Complete output (8 lines):\n    Traceback (most recent call last):\n      File \"<string>\", line 1, in <module>\n      File \"/tmp/pip-install-yhh3uk0b/sqlalchemy/setup.py\", line 1, in <module>\n        from ez_setup import use_setuptools\n      File \"/tmp/pip-install-yhh3uk0b/sqlalchemy/ez_setup.py\", line 168\n        print \"Setuptools version\",version,\"or greater has been installed.\"\n                                 ^\n    SyntaxError: Missing parentheses in call to 'print'. Did you mean print(\"Setuptools version\",version,\"or greater has been installed.\")?\n    ----------------------------------------\nERROR: Command errored out with exit status 1: python setup.py egg_info Check the logs for full command output.\n", "stdout": "Collecting sqlalchemy==0.1.1\n  Downloading https://files.pythonhosted.org/packages/39/e8/9a88c3d9f84dd77d4076bcf354be2d834b0e4664e04477a1445163929898/SQLAlchemy-0.1.1.tar.gz (373kB)\n", "timeout": 60}, "index_url": "https://pypi.org/simple", "is_provided_package": true, "is_provided_package_version": true, "package_name": "sqlalchemy", "package_version": "0.1.1", "type": "command_error"}], "tree": [], "unparsed": [], "unresolved": []}}