{"metadata": {"analyzer": "thoth-solver", "analyzer_version": "1.4.1", "arguments": {"python": {"exclude_packages": null, "index": "https://pypi.org/simple", "no_pretty": false, "no_transitive": true, "output": "http://result-api/api/v1/solver-result", "requirements": "girder-virtual-folders===3.0.0rc2.dev133", "virtualenv": "/home/solver/venv"}, "thoth-solver": {"verbose": false}}, "datetime": "2020-01-14T08:35:48.535379", "distribution": {"codename": "", "id": "fedora", "like": "", "version": "31", "version_parts": {"build_number": "", "major": "31", "minor": ""}}, "document_id": "solver-fedora-31-py37-02e99fd5", "duration": 4, "hostname": "solver-fedora-31-py37-02e99fd5-rcprr", "os_release": {"id": "fedora", "name": "Fedora", "platform_id": "platform:f31", "redhat_bugzilla_product": "Fedora", "redhat_bugzilla_product_version": "31", "redhat_support_product": "Fedora", "redhat_support_product_version": "31", "variant_id": "container", "version": "31 (Container Image)", "version_id": "31"}, "python": {"api_version": 1013, "implementation_name": "cpython", "major": 3, "micro": 5, "minor": 7, "releaselevel": "final", "serial": 0}, "thoth_deployment_name": "thoth-psi-stage", "timestamp": 1578990948}, "result": {"environment": {"implementation_name": "cpython", "implementation_version": "3.7.5", "os_name": "posix", "platform_machine": "x86_64", "platform_python_implementation": "CPython", "platform_release": "3.10.0-957.21.2.el7.x86_64", "platform_system": "Linux", "platform_version": "#1 SMP Tue May 28 09:26:43 UTC 2019", "python_full_version": "3.7.5", "python_version": "3.7", "sys_platform": "linux"}, "environment_packages": [{"package_name": "pipdeptree", "package_version": "0.13.2"}], "errors": [], "tree": [{"dependencies": [{"extra": [], "extras": [], "marker": null, "marker_evaluated": null, "marker_evaluation_error": null, "marker_evaluation_result": true, "normalized_package_name": "girder", "package_name": "girder", "resolved_versions": [{"index": "https://pypi.org/simple", "versions": ["3.0.0", "3.0.0a1", "3.0.0a2", "3.0.0a3", "3.0.0a4", "3.0.0a5", "3.0.0a5.dev12", "3.0.0a6", "3.0.0a6.dev11", "3.0.0a6.dev13", "3.0.0a6.dev15", "3.0.0a6.dev2", "3.0.0a6.dev20", "3.0.0a6.dev25", "3.0.0a6.dev27", "3.0.0a6.dev4", "3.0.0a6.dev6", "3.0.0a6.dev9", "3.0.0a7.dev10", "3.0.0a7.dev100", "3.0.0a7.dev104", "3.0.0a7.dev113", "3.0.0a7.dev12", "3.0.0a7.dev121", "3.0.0a7.dev123", "3.0.0a7.dev125", "3.0.0a7.dev127", "3.0.0a7.dev129", "3.0.0a7.dev135", "3.0.0a7.dev141", "3.0.0a7.dev145", "3.0.0a7.dev148", "3.0.0a7.dev15", "3.0.0a7.dev152", "3.0.0a7.dev17", "3.0.0a7.dev170", "3.0.0a7.dev177", "3.0.0a7.dev179", "3.0.0a7.dev184", "3.0.0a7.dev189", "3.0.0a7.dev19", "3.0.0a7.dev191", "3.0.0a7.dev194", "3.0.0a7.dev2", "3.0.0a7.dev28", "3.0.0a7.dev30", "3.0.0a7.dev32", "3.0.0a7.dev49", "3.0.0a7.dev5", "3.0.0a7.dev51", "3.0.0a7.dev55", "3.0.0a7.dev57", "3.0.0a7.dev59", "3.0.0a7.dev63", "3.0.0a7.dev65", "3.0.0a7.dev67", "3.0.0a7.dev7", "3.0.0a7.dev71", "3.0.0a7.dev74", "3.0.0a7.dev76", "3.0.0a7.dev79", "3.0.0a7.dev81", "3.0.0a7.dev83", "3.0.0a7.dev85", "3.0.0a7.dev87", "3.0.0a7.dev89", "3.0.0a7.dev93", "3.0.0a7.dev97", "3.0.0rc1", "3.0.0rc2.dev1", "3.0.0rc2.dev107", "3.0.0rc2.dev11", "3.0.0rc2.dev110", "3.0.0rc2.dev114", "3.0.0rc2.dev121", "3.0.0rc2.dev123", "3.0.0rc2.dev125", "3.0.0rc2.dev127", "3.0.0rc2.dev13", "3.0.0rc2.dev130", "3.0.0rc2.dev133", "3.0.0rc2.dev142", "3.0.0rc2.dev144", "3.0.0rc2.dev146", "3.0.0rc2.dev15", "3.0.0rc2.dev177", "3.0.0rc2.dev18", "3.0.0rc2.dev182", "3.0.0rc2.dev184", "3.0.0rc2.dev186", "3.0.0rc2.dev189", "3.0.0rc2.dev199", "3.0.0rc2.dev20", "3.0.0rc2.dev201", "3.0.0rc2.dev208", "3.0.0rc2.dev210", "3.0.0rc2.dev212", "3.0.0rc2.dev214", "3.0.0rc2.dev217", "3.0.0rc2.dev219", "3.0.0rc2.dev3", "3.0.0rc2.dev33", "3.0.0rc2.dev35", "3.0.0rc2.dev38", "3.0.0rc2.dev40", "3.0.0rc2.dev5", "3.0.0rc2.dev7", "3.0.0rc2.dev84", "3.0.0rc2.dev86", "3.0.0rc2.dev88", "3.0.0rc2.dev9", "3.0.0rc2.dev90", "3.0.1", "3.0.1.dev6", "3.0.2", "3.0.2.dev2", "3.0.2.dev4", "3.0.2.dev7", "3.0.3", "3.0.3.dev2", "3.0.3.dev4", "3.0.4", "3.0.4.dev10", "3.0.4.dev12", "3.0.4.dev14", "3.0.4.dev17", "3.0.4.dev2", "3.0.4.dev21", "3.0.4.dev23", "3.0.4.dev25", "3.0.4.dev27", "3.0.4.dev4", "3.0.4.dev8", "3.0.5", "3.0.5.dev2", "3.0.5.dev4", "3.0.6.dev11", "3.0.6.dev15", "3.0.6.dev17", "3.0.6.dev19", "3.0.6.dev2", "3.0.6.dev22", "3.0.6.dev24", "3.0.6.dev26", "3.0.6.dev28", "3.0.6.dev30", "3.0.6.dev32", "3.0.6.dev34", "3.0.6.dev36", "3.0.6.dev38", "3.0.6.dev40", "3.0.6.dev44", "3.0.6.dev46", "3.0.6.dev50", "3.0.6.dev52", "3.0.6.dev54", "3.0.6.dev56", "3.0.6.dev58", "3.0.6.dev6", "3.0.6.dev60", "3.0.6.dev8"]}], "specifier": ">=3.0.0a1"}], "importlib_metadata": {"entry_points": [{"group": "girder.plugin", "name": "virtual_folders", "value": "girder_virtual_folders:VirtualFoldersPlugin"}], "files": [{"hash": {"mode": "sha256", "value": "zuuue4knoyJ-UwPPXg8fezS7VCrXJQrAP7zeNuwvFQg"}, "path": "girder_virtual_folders-3.0.0rc2.dev133.dist-info/INSTALLER", "size": 4}, {"hash": {"mode": "sha256", "value": "ElRNbVc1gNdJDiBVDHtZspr9-kbbBdlkpiJa5xgnt9k"}, "path": "girder_virtual_folders-3.0.0rc2.dev133.dist-info/METADATA", "size": 746}, {"hash": null, "path": "girder_virtual_folders-3.0.0rc2.dev133.dist-info/RECORD", "size": null}, {"hash": {"mode": "sha256", "value": "wYBY2EO50FhAcckpWmO3c3Zwk2MALACx6lPAl6gVKnE"}, "path": "girder_virtual_folders-3.0.0rc2.dev133.dist-info/WHEEL", "size": 93}, {"hash": {"mode": "sha256", "value": "O6Y7HvsmvXDj_Z5E7jYXDpZn7rsq83YT3BItfdJ28ZA"}, "path": "girder_virtual_folders-3.0.0rc2.dev133.dist-info/entry_points.txt", "size": 79}, {"hash": {"mode": "sha256", "value": "etsARbza8gCFYbCq43eWfkKCkcJ7-ub7u6y-0ktEyQ4"}, "path": "girder_virtual_folders-3.0.0rc2.dev133.dist-info/top_level.txt", "size": 23}, {"hash": {"mode": "sha256", "value": "KUyf6G61SycpNNzxaiShuFVdaMC7-1HNNTLhvh9zgCI"}, "path": "girder_virtual_folders/__init__.py", "size": 5288}, {"hash": null, "path": "girder_virtual_folders/__pycache__/__init__.cpython-37.pyc", "size": null}], "metadata": {"Author": "Kitware, Inc.", "Author-email": "kitware@kitware.com", "Classifier": ["Development Status :: 4 - Beta", "Environment :: Web Environment", "License :: OSI Approved :: Apache Software License", "Operating System :: OS Independent", "Programming Language :: Python", "Programming Language :: Python :: 2", "Programming Language :: Python :: 2.7", "Programming Language :: Python :: 3", "Programming Language :: Python :: 3.5"], "Home-page": "UNKNOWN", "License": "Apache 2.0", "Metadata-Version": "2.1", "Name": "girder-virtual-folders", "Platform": ["UNKNOWN"], "Requires-Dist": ["girder (>=3.0.0a1)"], "Summary": "Allows folders to list child items using arbitrary database queries", "Version": "3.0.0rc2.dev133"}, "requires": ["girder (>=3.0.0a1)"], "version": "3.0.0rc2.dev133"}, "index_url": "https://pypi.org/simple", "package_name": "girder-virtual-folders", "package_version": "3.0.0rc2.dev133", "package_version_requested": "3.0.0rc2.dev133", "sha256": ["aacb5e85e939326e4bf439e17131298655cc72433cd2590573b21c176fe8691d"]}], "unparsed": [], "unresolved": []}}