{"metadata": {"analyzer": "thoth-solver", "analyzer_version": "1.4.1", "arguments": {"python": {"exclude_packages": null, "index": "https://pypi.org/simple", "no_pretty": false, "no_transitive": true, "output": "http://result-api/api/v1/solver-result", "requirements": "aiocouchdb==0.8.0", "virtualenv": "/home/solver/venv"}, "thoth-solver": {"verbose": false}}, "datetime": "2019-12-26T16:46:13.891479", "distribution": {"codename": "", "id": "fedora", "like": "", "version": "31", "version_parts": {"build_number": "", "major": "31", "minor": ""}}, "document_id": "solver-fedora-31-py37-06a3a049", "duration": 3, "hostname": "solver-fedora-31-py37-06a3a049-w7bvh", "os_release": {"id": "fedora", "name": "Fedora", "platform_id": "platform:f31", "redhat_bugzilla_product": "Fedora", "redhat_bugzilla_product_version": "31", "redhat_support_product": "Fedora", "redhat_support_product_version": "31", "variant_id": "container", "version": "31 (Container Image)", "version_id": "31"}, "python": {"api_version": 1013, "implementation_name": "cpython", "major": 3, "micro": 5, "minor": 7, "releaselevel": "final", "serial": 0}, "thoth_deployment_name": "thoth-psi-stage", "timestamp": 1577378773}, "result": {"environment": {"implementation_name": "cpython", "implementation_version": "3.7.5", "os_name": "posix", "platform_machine": "x86_64", "platform_python_implementation": "CPython", "platform_release": "3.10.0-957.21.2.el7.x86_64", "platform_system": "Linux", "platform_version": "#1 SMP Tue May 28 09:26:43 UTC 2019", "python_full_version": "3.7.5", "python_version": "3.7", "sys_platform": "linux"}, "environment_packages": [{"package_name": "pipdeptree", "package_version": "0.13.2"}], "errors": [], "tree": [{"dependencies": [{"extra": [], "extras": [], "marker": null, "marker_evaluated": null, "marker_evaluation_error": null, "marker_evaluation_result": true, "normalized_package_name": "aiohttp", "package_name": "aiohttp", "resolved_versions": [{"index": "https://pypi.org/simple", "versions": ["0.14.0", "0.14.1", "0.14.2", "0.14.3", "0.14.4", "0.15.0", "0.15.1", "0.15.2", "0.15.3", "0.16.0", "0.16.1", "0.16.2", "0.16.3", "0.16.4", "0.16.5", "0.16.6", "0.17.0", "0.17.1", "0.17.2", "0.17.3", "0.17.4", "0.18.0", "0.18.1", "0.18.2", "0.18.3", "0.18.4", "0.19.0", "0.20.0", "0.20.1", "0.20.2", "0.21.0", "0.21.1", "0.21.2", "0.21.4", "0.21.5", "0.21.6", "0.22.0", "0.22.1", "0.22.2", "0.22.3", "0.22.4", "0.22.5", "1.0.0", "1.0.1", "1.0.2", "1.0.3", "1.0.5", "1.1.0", "1.1.1", "1.1.2", "1.1.3", "1.1.4", "1.1.5", "1.1.6", "1.2.0", "1.3.0", "1.3.1", "1.3.2", "1.3.3", "1.3.4", "1.3.5", "2.0.0", "2.0.1", "2.0.2", "2.0.3", "2.0.4", "2.0.5", "2.0.6", "2.0.7", "2.1.0", "2.2.0", "2.2.1", "2.2.2", "2.2.3", "2.2.4", "2.2.5", "2.3.0", "2.3.1", "2.3.10", "2.3.2", "2.3.3", "2.3.4", "2.3.5", "2.3.6", "2.3.7", "2.3.8", "2.3.9", "3.0.0", "3.0.1", "3.0.2", "3.0.3", "3.0.4", "3.0.5", "3.0.6", "3.0.7", "3.0.8", "3.0.9", "3.1.0", "3.1.1", "3.1.2", "3.1.3", "3.2.0", "3.2.1", "3.3.0", "3.3.1", "3.3.2", "3.4.0", "3.4.1", "3.4.2", "3.4.3", "3.4.4", "3.5.0", "3.5.1", "3.5.2", "3.5.3", "3.5.4", "3.6.0", "3.6.1", "3.6.2"]}], "specifier": ">=0.14.0"}, {"extra": ["docs"], "extras": [], "marker": "extra == \"docs\"", "marker_evaluated": "python_version >= \"0.0\"", "marker_evaluation_error": null, "marker_evaluation_result": true, "normalized_package_name": "sphinx", "package_name": "sphinx", "resolved_versions": [{"index": "https://pypi.org/simple", "versions": ["1.2.3", "1.3", "1.3.1", "1.3.2", "1.3.3", "1.3.4", "1.3.5", "1.3.6", "1.4", "1.4.1", "1.4.2", "1.4.3", "1.4.4", "1.4.5", "1.4.6", "1.4.7", "1.4.8", "1.4.9", "1.5", "1.5.1", "1.5.2", "1.5.3", "1.5.4", "1.5.5", "1.5.6", "1.6.1", "1.6.2", "1.6.3", "1.6.4", "1.6.5", "1.6.6", "1.6.7", "1.7.0", "1.7.1", "1.7.2", "1.7.3", "1.7.4", "1.7.5", "1.7.6", "1.7.7", "1.7.8", "1.7.9", "1.8.0", "1.8.1", "1.8.2", "1.8.3", "1.8.4", "1.8.5", "2.0.0", "2.0.1", "2.1.0", "2.1.1", "2.1.2", "2.2.0", "2.2.1", "2.2.2", "2.3.0", "2.3.1"]}], "specifier": ">=1.2.3"}, {"extra": ["oauth"], "extras": [], "marker": "extra == \"oauth\"", "marker_evaluated": "python_version >= \"0.0\"", "marker_evaluation_error": null, "marker_evaluation_result": true, "normalized_package_name": "oauthlib", "package_name": "oauthlib", "resolved_versions": [{"index": "https://pypi.org/simple", "versions": ["0.6.3", "0.7.0", "0.7.1", "0.7.2", "1.0.0", "1.0.1", "1.0.2", "1.0.3", "1.1.0", "1.1.1", "1.1.2", "2.0.0", "2.0.1", "2.0.2", "2.0.3", "2.0.4", "2.0.5", "2.0.6", "2.0.7", "2.1.0", "3.0.0", "3.0.1", "3.0.2", "3.1.0"]}], "specifier": ">=0.6.3"}], "importlib_metadata": {"entry_points": [], "files": [{"hash": {"mode": "sha256", "value": "zuuue4knoyJ-UwPPXg8fezS7VCrXJQrAP7zeNuwvFQg"}, "path": "aiocouchdb-0.8.0.dist-info/INSTALLER", "size": 4}, {"hash": {"mode": "sha256", "value": "euL6NgRIVMBVzdTsCdg6guWZu5KCRfYkj3vdLlJF3wM"}, "path": "aiocouchdb-0.8.0.dist-info/LICENSE", "size": 1299}, {"hash": {"mode": "sha256", "value": "HvU3DuQqFBXZLbTVDf6keH0iTSoZRQbuLwxt6aBgKLI"}, "path": "aiocouchdb-0.8.0.dist-info/METADATA", "size": 5699}, {"hash": null, "path": "aiocouchdb-0.8.0.dist-info/RECORD", "size": null}, {"hash": {"mode": "sha256", "value": "wYBY2EO50FhAcckpWmO3c3Zwk2MALACx6lPAl6gVKnE"}, "path": "aiocouchdb-0.8.0.dist-info/WHEEL", "size": 93}, {"hash": {"mode": "sha256", "value": "p4HRFH_E4UyMbjvMMvHEdGKMe1XPoY-fj0LTHsm7z6I"}, "path": "aiocouchdb-0.8.0.dist-info/top_level.txt", "size": 11}, {"hash": {"mode": "sha256", "value": "9fpF-C1ejxNufdwTlz5VGKs0osF95cPLp1Mnal42A00"}, "path": "aiocouchdb/__init__.py", "size": 829}, {"hash": null, "path": "aiocouchdb/__pycache__/__init__.cpython-37.pyc", "size": null}, {"hash": null, "path": "aiocouchdb/__pycache__/authn.cpython-37.pyc", "size": null}, {"hash": null, "path": "aiocouchdb/__pycache__/client.cpython-37.pyc", "size": null}, {"hash": null, "path": "aiocouchdb/__pycache__/errors.cpython-37.pyc", "size": null}, {"hash": null, "path": "aiocouchdb/__pycache__/feeds.cpython-37.pyc", "size": null}, {"hash": null, "path": "aiocouchdb/__pycache__/hdrs.cpython-37.pyc", "size": null}, {"hash": null, "path": "aiocouchdb/__pycache__/multipart.cpython-37.pyc", "size": null}, {"hash": null, "path": "aiocouchdb/__pycache__/version.cpython-37.pyc", "size": null}, {"hash": null, "path": "aiocouchdb/__pycache__/views.cpython-37.pyc", "size": null}, {"hash": {"mode": "sha256", "value": "6IKG6x5efMOaTqnQTECnYArS18r532XIFGDHPTh2GZU"}, "path": "aiocouchdb/authn.py", "size": 10777}, {"hash": {"mode": "sha256", "value": "wBVaAVhCyJ7sa2b65wrbmllNxfBl3ztxLp9qtzGkAcA"}, "path": "aiocouchdb/client.py", "size": 11513}, {"hash": {"mode": "sha256", "value": "Wyq76fj8FcaRApemloEfp5x6QjYodmyCwzdIrbJTGcc"}, "path": "aiocouchdb/errors.py", "size": 3668}, {"hash": {"mode": "sha256", "value": "7c6d3xSYJX_i2Nkm9KvJ74fA5Gl1ORaVuYXKXa4nqgs"}, "path": "aiocouchdb/feeds.py", "size": 9576}, {"hash": {"mode": "sha256", "value": "DoMF30sceBubVsBkY8yo6TOHSyRh1pGDBwFFeywM-34"}, "path": "aiocouchdb/hdrs.py", "size": 808}, {"hash": {"mode": "sha256", "value": "7I8dLaYewRsHedHc1-X173HnbOxa5vC45Ii4wSquS7k"}, "path": "aiocouchdb/multipart.py", "size": 28684}, {"hash": {"mode": "sha256", "value": "37KON1CQfTHwFIYfvZTUMBvNMXwR7xjJZkllDiB8KGs"}, "path": "aiocouchdb/tests/__init__.py", "size": 216}, {"hash": null, "path": "aiocouchdb/tests/__pycache__/__init__.cpython-37.pyc", "size": null}, {"hash": null, "path": "aiocouchdb/tests/__pycache__/test_authn.cpython-37.pyc", "size": null}, {"hash": null, "path": "aiocouchdb/tests/__pycache__/test_client.cpython-37.pyc", "size": null}, {"hash": null, "path": "aiocouchdb/tests/__pycache__/test_errors.cpython-37.pyc", "size": null}, {"hash": null, "path": "aiocouchdb/tests/__pycache__/test_feeds.cpython-37.pyc", "size": null}, {"hash": null, "path": "aiocouchdb/tests/__pycache__/test_multipart.cpython-37.pyc", "size": null}, {"hash": null, "path": "aiocouchdb/tests/__pycache__/utils.cpython-37.pyc", "size": null}, {"hash": {"mode": "sha256", "value": "jyNMVn6cGVt2I3Zf3efVNWb9Ge0Ie727jqB9h2BAixc"}, "path": "aiocouchdb/tests/test_authn.py", "size": 8494}, {"hash": {"mode": "sha256", "value": "oKaesSKMOtodmJE73acEyxduSg3NZGnI0AiCt2TLuvs"}, "path": "aiocouchdb/tests/test_client.py", "size": 5683}, {"hash": {"mode": "sha256", "value": "pZ5t6yPXzp3Xq4sOE11L0t8aan-XRBL7rWAsI39imXo"}, "path": "aiocouchdb/tests/test_errors.py", "size": 1877}, {"hash": {"mode": "sha256", "value": "mZuFbcG-q_0a-hY-w2omoLkMRtPfTi06sZHTol-kWq8"}, "path": "aiocouchdb/tests/test_feeds.py", "size": 13694}, {"hash": {"mode": "sha256", "value": "RyWARQKvXo0e57VtBd_PcpinrnJy9QgcRjvlvsuU8wA"}, "path": "aiocouchdb/tests/test_multipart.py", "size": 62402}, {"hash": {"mode": "sha256", "value": "-ef4PDm4HFqHXTGqWb_yIrnO8grz0CCQXXEQeZwFtLY"}, "path": "aiocouchdb/tests/utils.py", "size": 14893}, {"hash": {"mode": "sha256", "value": "JKPslWWVT6vI9-ADuEXhtPdqz3t_FqFVEaiWsUanfyM"}, "path": "aiocouchdb/v1/__init__.py", "size": 543}, {"hash": null, "path": "aiocouchdb/v1/__pycache__/__init__.cpython-37.pyc", "size": null}, {"hash": null, "path": "aiocouchdb/v1/__pycache__/attachment.cpython-37.pyc", "size": null}, {"hash": null, "path": "aiocouchdb/v1/__pycache__/authdb.cpython-37.pyc", "size": null}, {"hash": null, "path": "aiocouchdb/v1/__pycache__/config.cpython-37.pyc", "size": null}, {"hash": null, "path": "aiocouchdb/v1/__pycache__/database.cpython-37.pyc", "size": null}, {"hash": null, "path": "aiocouchdb/v1/__pycache__/designdoc.cpython-37.pyc", "size": null}, {"hash": null, "path": "aiocouchdb/v1/__pycache__/document.cpython-37.pyc", "size": null}, {"hash": null, "path": "aiocouchdb/v1/__pycache__/security.cpython-37.pyc", "size": null}, {"hash": null, "path": "aiocouchdb/v1/__pycache__/server.cpython-37.pyc", "size": null}, {"hash": null, "path": "aiocouchdb/v1/__pycache__/session.cpython-37.pyc", "size": null}, {"hash": {"mode": "sha256", "value": "yMqzrNs__VLOV0qVma00O6sKIQgR0pkqj3Y6nCc85gA"}, "path": "aiocouchdb/v1/attachment.py", "size": 9551}, {"hash": {"mode": "sha256", "value": "DWMuslQMs5GiQR4wGlYOcIggzvWYqfhomkqQML_XF5Q"}, "path": "aiocouchdb/v1/authdb.py", "size": 3022}, {"hash": {"mode": "sha256", "value": "685gAgLreWtiBD2UTYIOHOjmNgkwiHPCP0Defdq1ibk"}, "path": "aiocouchdb/v1/config.py", "size": 3410}, {"hash": {"mode": "sha256", "value": "W3LE3cj0zEOdMkHnUHIPkzzha1h2Nqza_YIF_bAyj0w"}, "path": "aiocouchdb/v1/database.py", "size": 23705}, {"hash": {"mode": "sha256", "value": "4yN7A9a-zP9TDt6BfmINLkPf8sW4LfNDi2gdL1lD9aI"}, "path": "aiocouchdb/v1/designdoc.py", "size": 12570}, {"hash": {"mode": "sha256", "value": "LL-ChI762zXrCrvFobN4QoMffKd9kuvabT19u3HnZnc"}, "path": "aiocouchdb/v1/document.py", "size": 20390}, {"hash": {"mode": "sha256", "value": "1ma9B-Nu0YzLilUJAzw1IQIhBipkTv7ta4w_lBgbEt8"}, "path": "aiocouchdb/v1/security.py", "size": 4466}, {"hash": {"mode": "sha256", "value": "YaOGZgN7lfGZVS1kn5k8w-dR4TXcmzte6DcarbIgsKk"}, "path": "aiocouchdb/v1/server.py", "size": 13471}, {"hash": {"mode": "sha256", "value": "WC8UIHdvto0D-WzIYh6VDkUOdsrvjYRzzLLzzH9ho4M"}, "path": "aiocouchdb/v1/session.py", "size": 2094}, {"hash": {"mode": "sha256", "value": "WwI9o5paMCwYFy4nlTCdUqCRMiBjpxWAAzbflSE7BQU"}, "path": "aiocouchdb/v1/tests/__init__.py", "size": 216}, {"hash": null, "path": "aiocouchdb/v1/tests/__pycache__/__init__.cpython-37.pyc", "size": null}, {"hash": null, "path": "aiocouchdb/v1/tests/__pycache__/test_attachment.cpython-37.pyc", "size": null}, {"hash": null, "path": "aiocouchdb/v1/tests/__pycache__/test_authdb.cpython-37.pyc", "size": null}, {"hash": null, "path": "aiocouchdb/v1/tests/__pycache__/test_config.cpython-37.pyc", "size": null}, {"hash": null, "path": "aiocouchdb/v1/tests/__pycache__/test_database.cpython-37.pyc", "size": null}, {"hash": null, "path": "aiocouchdb/v1/tests/__pycache__/test_designdoc.cpython-37.pyc", "size": null}, {"hash": null, "path": "aiocouchdb/v1/tests/__pycache__/test_document.cpython-37.pyc", "size": null}, {"hash": null, "path": "aiocouchdb/v1/tests/__pycache__/test_security.cpython-37.pyc", "size": null}, {"hash": null, "path": "aiocouchdb/v1/tests/__pycache__/test_server.cpython-37.pyc", "size": null}, {"hash": null, "path": "aiocouchdb/v1/tests/__pycache__/test_session.cpython-37.pyc", "size": null}, {"hash": null, "path": "aiocouchdb/v1/tests/__pycache__/utils.cpython-37.pyc", "size": null}, {"hash": {"mode": "sha256", "value": "U085GVVw98586Hk_yjNsXnavu5dG6fSbaDbhK7lTHrM"}, "path": "aiocouchdb/v1/tests/test_attachment.py", "size": 10647}, {"hash": {"mode": "sha256", "value": "F1AnF-5MxNdUMX8GLJcugGIJZLKFCme3q4tTGLnjM8A"}, "path": "aiocouchdb/v1/tests/test_authdb.py", "size": 3003}, {"hash": {"mode": "sha256", "value": "1f1Eho37bRBYJnGQOi5Kjv8JlufvfXTwVtytgnChGZM"}, "path": "aiocouchdb/v1/tests/test_config.py", "size": 2154}, {"hash": {"mode": "sha256", "value": "14peWgp7F22eZcjFuo2lMJKPaOfPyy2-1sI93oxvpVE"}, "path": "aiocouchdb/v1/tests/test_database.py", "size": 20767}, {"hash": {"mode": "sha256", "value": "IGcLHEKGUO_3V8-HexIld8UHjfu0iNzTt-tlmBl-JiQ"}, "path": "aiocouchdb/v1/tests/test_designdoc.py", "size": 13937}, {"hash": {"mode": "sha256", "value": "RbTGR85VW0Z5rIQXCJOgEeLT8IQ0zFtXUxYOiEcUw6E"}, "path": "aiocouchdb/v1/tests/test_document.py", "size": 18066}, {"hash": {"mode": "sha256", "value": "W52O7Y3zf2vWw51DCsyNBme6O9aoEXxHA3kNh4-djY4"}, "path": "aiocouchdb/v1/tests/test_security.py", "size": 5745}, {"hash": {"mode": "sha256", "value": "_Gw_1VBTf9K44yCaeGw3pzt5nB5CtrBEBtcR7bWFVCA"}, "path": "aiocouchdb/v1/tests/test_server.py", "size": 10072}, {"hash": {"mode": "sha256", "value": "yE9caI2eNi7Ajo11DpyBUcwpHxhMEjXEJWd4tDDn5UY"}, "path": "aiocouchdb/v1/tests/test_session.py", "size": 1407}, {"hash": {"mode": "sha256", "value": "m1xoKp6lH-PPJkXT6Dwa8iW8wG0NGinmWF9u-2QjADY"}, "path": "aiocouchdb/v1/tests/utils.py", "size": 1088}, {"hash": {"mode": "sha256", "value": "ntR9-tFhEBcl8WJsS8jCbNipAV5-l8nxH4th2dy4xNM"}, "path": "aiocouchdb/version.py", "size": 610}, {"hash": {"mode": "sha256", "value": "9hCY35sTPylSAOaVYFxjjFpZjPQWHsRkJKC-_xlMCb0"}, "path": "aiocouchdb/views.py", "size": 2538}], "metadata": {"Author": "Alexander Shorin", "Author-email": "kxepal@gmail.com", "Classifier": ["Development Status :: 4 - Beta", "Intended Audience :: Developers", "License :: OSI Approved :: BSD License", "Operating System :: OS Independent", "Programming Language :: Python", "Programming Language :: Python :: 3", "Programming Language :: Python :: 3.3", "Programming Language :: Python :: 3.4", "Topic :: Database :: Front-Ends", "Topic :: Software Development :: Libraries :: Python Modules"], "Home-page": "https://github.com/kxepal/aiocouchdb", "License": "BSD", "Metadata-Version": "2.1", "Name": "aiocouchdb", "Platform": ["UNKNOWN"], "Provides-Extra": ["docs", "oauth"], "Requires-Dist": ["aiohttp (>=0.14.0)", "sphinx (>=1.2.3) ; extra == 'docs'", "oauthlib (>=0.6.3) ; extra == 'oauth'"], "Summary": "CouchDB client built on top of aiohttp (asyncio)", "Version": "0.8.0"}, "requires": ["aiohttp (>=0.14.0)", "sphinx (>=1.2.3) ; extra == 'docs'", "oauthlib (>=0.6.3) ; extra == 'oauth'"], "version": "0.8.0"}, "index_url": "https://pypi.org/simple", "package_name": "aiocouchdb", "package_version": "0.8.0", "package_version_requested": "0.8.0", "sha256": ["985c3640ef37596b7eb139f6787b3a61fa01f58e64e6a3618a2d031e3864a8af"]}], "unparsed": [], "unresolved": []}}