{"metadata": {"analyzer": "thoth-solver", "analyzer_version": "1.4.1", "arguments": {"python": {"exclude_packages": null, "index": "https://pypi.org/simple", "no_pretty": false, "no_transitive": true, "output": "http://result-api/api/v1/solver-result", "requirements": "django-chartit==0.2.5", "virtualenv": "/home/solver/venv"}, "thoth-solver": {"verbose": false}}, "datetime": "2019-12-27T17:19:37.547652", "distribution": {"codename": "", "id": "fedora", "like": "", "version": "31", "version_parts": {"build_number": "", "major": "31", "minor": ""}}, "document_id": "solver-fedora-31-py37-013d3408", "duration": 2, "hostname": "solver-fedora-31-py37-013d3408-zdgxd", "os_release": {"id": "fedora", "name": "Fedora", "platform_id": "platform:f31", "redhat_bugzilla_product": "Fedora", "redhat_bugzilla_product_version": "31", "redhat_support_product": "Fedora", "redhat_support_product_version": "31", "variant_id": "container", "version": "31 (Container Image)", "version_id": "31"}, "python": {"api_version": 1013, "implementation_name": "cpython", "major": 3, "micro": 5, "minor": 7, "releaselevel": "final", "serial": 0}, "thoth_deployment_name": "thoth-psi-stage", "timestamp": 1577467177}, "result": {"environment": {"implementation_name": "cpython", "implementation_version": "3.7.5", "os_name": "posix", "platform_machine": "x86_64", "platform_python_implementation": "CPython", "platform_release": "3.10.0-957.21.2.el7.x86_64", "platform_system": "Linux", "platform_version": "#1 SMP Tue May 28 09:26:43 UTC 2019", "python_full_version": "3.7.5", "python_version": "3.7", "sys_platform": "linux"}, "environment_packages": [{"package_name": "pipdeptree", "package_version": "0.13.2"}], "errors": [], "tree": [{"dependencies": [{"extra": [], "extras": [], "marker": null, "marker_evaluated": null, "marker_evaluation_error": null, "marker_evaluation_result": true, "normalized_package_name": "simplejson", "package_name": "simplejson", "resolved_versions": [{"index": "https://pypi.org/simple", "versions": ["1.1", "1.3", "1.4", "1.5", "1.6", "1.7", "1.7.1", "1.7.2", "1.7.3", "1.7.4", "1.7.5", "1.8", "1.8.1", "1.9", "1.9.1", "1.9.2", "1.9.3", "2.0.0", "2.0.1", "2.0.2", "2.0.3", "2.0.4", "2.0.5", "2.0.6", "2.0.7", "2.0.8", "2.0.9", "2.1.0", "2.1.1", "2.1.2", "2.1.3", "2.1.4", "2.1.5", "2.1.6", "2.2.0", "2.2.1", "2.3.0", "2.3.1", "2.3.2", "2.3.3", "2.4.0", "2.5.0", "2.5.1", "2.5.2", "2.6.0", "2.6.1", "2.6.2", "3.0.0", "3.0.3", "3.0.4", "3.0.5", "3.0.6", "3.0.7", "3.0.8", "3.0.9", "3.1.0", "3.1.2", "3.1.3", "3.10.0", "3.11.1", "3.12.0", "3.13.0", "3.13.2", "3.14.0", "3.15.0", "3.16.0", "3.17.0", "3.2.0", "3.3.0", "3.3.1", "3.3.2", "3.3.3", "3.4.0", "3.4.1", "3.5.0", "3.5.1", "3.5.2", "3.5.3", "3.6.0", "3.6.1", "3.6.2", "3.6.3", "3.6.4", "3.6.5", "3.7.0", "3.7.1", "3.7.2", "3.7.3", "3.8.0", "3.8.1", "3.8.2", "3.9.0"]}], "specifier": null}], "importlib_metadata": {"entry_points": [], "files": [{"hash": {"mode": "sha256", "value": "Fhk9wURGMlKC-sZ8I3odBrKN0Eiy8N9F0Xs9bYXllEU"}, "path": "chartit/__init__.py", "size": 222}, {"hash": null, "path": "chartit/__pycache__/__init__.cpython-37.pyc", "size": null}, {"hash": null, "path": "chartit/__pycache__/chartdata.cpython-37.pyc", "size": null}, {"hash": null, "path": "chartit/__pycache__/charts.cpython-37.pyc", "size": null}, {"hash": null, "path": "chartit/__pycache__/exceptions.cpython-37.pyc", "size": null}, {"hash": null, "path": "chartit/__pycache__/utils.cpython-37.pyc", "size": null}, {"hash": null, "path": "chartit/__pycache__/validation.cpython-37.pyc", "size": null}, {"hash": {"mode": "sha256", "value": "c7elu9zRIvywoRn6UY6QIPd6VSNQK501MF0qWlvIImQ"}, "path": "chartit/chartdata.py", "size": 25851}, {"hash": {"mode": "sha256", "value": "vLRaPpBU3QXbrztpEaVBsyu8zIPFDuvkMjIK6C67UzI"}, "path": "chartit/charts.py", "size": 27783}, {"hash": {"mode": "sha256", "value": "M8BjS6TZPfaKti-NWC4LfORq1NnvODt2VKrOuzSYEXk"}, "path": "chartit/exceptions.py", "size": 158}, {"hash": {"mode": "sha256", "value": "sHKafV99-bO-lI1KFk0bdbRqqovlb9zRJYVT8WUZj60"}, "path": "chartit/highcharts/__init__.py", "size": 32}, {"hash": null, "path": "chartit/highcharts/__pycache__/__init__.cpython-37.pyc", "size": null}, {"hash": null, "path": "chartit/highcharts/__pycache__/hcoptions.cpython-37.pyc", "size": null}, {"hash": {"mode": "sha256", "value": "9kX-cmrB2oWJkupqNrcrjjOJy2PbAr24jIw1OP4RTE8"}, "path": "chartit/highcharts/hcoptions.py", "size": 158}, {"hash": {"mode": "sha256", "value": "LTbqRpWodV9lbdZ5JD3mpWYUVW9X2SYk3FHZgA4Vn6s"}, "path": "chartit/static/chartit/js/chartloader.js", "size": 294}, {"hash": {"mode": "sha256", "value": "47DEQpj8HBSa-_TImW-5JCeuQeRkm5NMpJWZG3hSuFU"}, "path": "chartit/templatetags/__init__.py", "size": 0}, {"hash": null, "path": "chartit/templatetags/__pycache__/__init__.cpython-37.pyc", "size": null}, {"hash": null, "path": "chartit/templatetags/__pycache__/chartit.cpython-37.pyc", "size": null}, {"hash": {"mode": "sha256", "value": "MlO-Lu8vW8aVXawRD4T8lZkQfFyMDQnA1C6cRro00p4"}, "path": "chartit/templatetags/chartit.py", "size": 3131}, {"hash": {"mode": "sha256", "value": "RgYH8S3L_MDyhFwRu2kYuTDkGAKgHzuoENHMaWoUTl8"}, "path": "chartit/utils.py", "size": 1346}, {"hash": {"mode": "sha256", "value": "4zvR0av9w-4Qs73JAKZMuuykzyN7uxJ_USsx_1bjGhg"}, "path": "chartit/validation.py", "size": 20066}, {"hash": {"mode": "sha256", "value": "Lhxbr5VQmaPuQlzGVYLQjfF0UmJP5eEYMA1AVFyOuaE"}, "path": "django_chartit-0.2.5.dist-info/DESCRIPTION.rst", "size": 10655}, {"hash": {"mode": "sha256", "value": "zuuue4knoyJ-UwPPXg8fezS7VCrXJQrAP7zeNuwvFQg"}, "path": "django_chartit-0.2.5.dist-info/INSTALLER", "size": 4}, {"hash": {"mode": "sha256", "value": "vM2onC-iJXl8piRlz-BOzqIGlP__fn3iNG4DYVSogoI"}, "path": "django_chartit-0.2.5.dist-info/METADATA", "size": 11789}, {"hash": null, "path": "django_chartit-0.2.5.dist-info/RECORD", "size": null}, {"hash": {"mode": "sha256", "value": "rNo05PbNqwnXiIHFsYm0m22u4Zm6YJtugFG2THx4w3g"}, "path": "django_chartit-0.2.5.dist-info/WHEEL", "size": 92}, {"hash": {"mode": "sha256", "value": "g6nuIZpD8nb9pZpiaMBgDRaoVUG4vjRPgAIYqdycTP0"}, "path": "django_chartit-0.2.5.dist-info/metadata.json", "size": 1262}, {"hash": {"mode": "sha256", "value": "3Oq78HZTOSSouUngYM61WBVCteJ9M45xBzS56hnYyvI"}, "path": "django_chartit-0.2.5.dist-info/top_level.txt", "size": 8}], "metadata": {"Author": "Alexander Todorov", "Author-email": "atodorov@mrsenko.com", "Classifier": ["Development Status :: 4 - Beta", "Environment :: Web Environment", "Framework :: Django", "Framework :: Django :: 1.8", "Framework :: Django :: 1.9", "Intended Audience :: Developers", "Operating System :: OS Independent", "License :: OSI Approved :: BSD License", "Programming Language :: Python", "Programming Language :: Python :: 2", "Programming Language :: Python :: 2.7", "Programming Language :: Python :: 3", "Programming Language :: Python :: 3.3", "Programming Language :: Python :: 3.4", "Programming Language :: Python :: 3.5", "Topic :: Software Development"], "Home-page": "https://github.com/chartit/django-chartit", "Keywords": "django charts", "License": "BSD", "Metadata-Version": "2.0", "Name": "django-chartit", "Platform": ["any"], "Requires-Dist": ["simplejson"], "Summary": "A Django app to plot charts and pivot charts directly from the models. Uses HighCharts and jQuery JavaScript libraries to render the charts on the webpage.", "Version": "0.2.5"}, "requires": ["simplejson"], "version": "0.2.5"}, "index_url": "https://pypi.org/simple", "package_name": "django-chartit", "package_version": "0.2.5", "package_version_requested": "0.2.5", "sha256": ["2c30c36bb5e8859bf8b9f1a354b807349747aeba7c28b6b0f9bc91741ac6c2b2", "272a5d96af8295301fc52fe5db1525495429cd1d6c8476387f63b83d67ad4d54"]}], "unparsed": [], "unresolved": []}}