{"metadata": {"analyzer": "thoth-solver", "analyzer_version": "1.4.1", "arguments": {"python": {"exclude_packages": null, "index": "https://pypi.org/simple", "no_pretty": false, "no_transitive": true, "output": "http://result-api/api/v1/solver-result", "requirements": "mkdocs-material==1.5.4", "virtualenv": "/home/solver/venv"}, "thoth-solver": {"verbose": false}}, "datetime": "2019-12-26T16:33:21.395788", "distribution": {"codename": "", "id": "fedora", "like": "", "version": "31", "version_parts": {"build_number": "", "major": "31", "minor": ""}}, "document_id": "solver-fedora-31-py37-01bc6d98", "duration": 2, "hostname": "solver-fedora-31-py37-01bc6d98-4wfdq", "os_release": {"id": "fedora", "name": "Fedora", "platform_id": "platform:f31", "redhat_bugzilla_product": "Fedora", "redhat_bugzilla_product_version": "31", "redhat_support_product": "Fedora", "redhat_support_product_version": "31", "variant_id": "container", "version": "31 (Container Image)", "version_id": "31"}, "python": {"api_version": 1013, "implementation_name": "cpython", "major": 3, "micro": 5, "minor": 7, "releaselevel": "final", "serial": 0}, "thoth_deployment_name": "thoth-psi-stage", "timestamp": 1577378001}, "result": {"environment": {"implementation_name": "cpython", "implementation_version": "3.7.5", "os_name": "posix", "platform_machine": "x86_64", "platform_python_implementation": "CPython", "platform_release": "3.10.0-957.21.2.el7.x86_64", "platform_system": "Linux", "platform_version": "#1 SMP Tue May 28 09:26:43 UTC 2019", "python_full_version": "3.7.5", "python_version": "3.7", "sys_platform": "linux"}, "environment_packages": [{"package_name": "pipdeptree", "package_version": "0.13.2"}], "errors": [], "tree": [{"dependencies": [{"extra": [], "extras": [], "marker": null, "marker_evaluated": null, "marker_evaluation_error": null, "marker_evaluation_result": true, "normalized_package_name": "mkdocs", "package_name": "mkdocs", "resolved_versions": [{"index": "https://pypi.org/simple", "versions": ["0.16.0", "0.16.1", "0.16.2", "0.16.3", "0.17.0", "0.17.1", "0.17.2", "0.17.3", "0.17.4", "0.17.5", "1.0", "1.0.1", "1.0.2", "1.0.3", "1.0.4"]}], "specifier": ">=0.16"}, {"extra": [], "extras": [], "marker": null, "marker_evaluated": null, "marker_evaluation_error": null, "marker_evaluation_result": true, "normalized_package_name": "pygments", "package_name": "pygments", "resolved_versions": [{"index": "https://pypi.org/simple", "versions": ["2.2.0", "2.3.0", "2.3.1", "2.4.0", "2.4.1", "2.4.2", "2.5.1", "2.5.2"]}], "specifier": ">=2.2"}, {"extra": [], "extras": [], "marker": null, "marker_evaluated": null, "marker_evaluation_error": null, "marker_evaluation_result": true, "normalized_package_name": "pymdown-extensions", "package_name": "pymdown-extensions", "resolved_versions": [{"index": "https://pypi.org/simple", "versions": ["2.0", "3.0", "3.1", "3.2", "3.2.1", "3.3", "3.4", "3.5", "4.0", "4.1", "4.10", "4.10.1", "4.10.2", "4.11", "4.12", "4.2", "4.3", "4.4", "4.5", "4.5.1", "4.6", "4.7", "4.8", "4.9", "4.9.1", "4.9.2", "5.0", "6.0", "6.1", "6.2", "6.2.1"]}], "specifier": ">=2.0"}], "importlib_metadata": {"entry_points": [{"group": "mkdocs.themes", "name": "material", "value": "material"}], "files": [{"hash": {"mode": "sha256", "value": "7Qz3BQw0gbMhIazqIGyXEdTqkBr841BxCGoL4WV6mPk"}, "path": "material/404.html", "size": 88}, {"hash": {"mode": "sha256", "value": "47DEQpj8HBSa-_TImW-5JCeuQeRkm5NMpJWZG3hSuFU"}, "path": "material/__init__.py", "size": 0}, {"hash": null, "path": "material/__pycache__/__init__.cpython-37.pyc", "size": null}, {"hash": {"mode": "sha256", "value": "8WtFvVP7rKos2PIuhILbXFngzvm9ITlEdKQpoYqY_9A"}, "path": "material/assets/images/favicon.ico", "size": 1150}, {"hash": {"mode": "sha256", "value": "euqhM_HCKnp2v0Blex4cT_u_dlf3C_fU7kyZx0VkcDs"}, "path": "material/assets/images/icons/bitbucket-670608a71a.svg", "size": 1228}, {"hash": {"mode": "sha256", "value": "3zvdkP_pSn_FDhLBWXQ6-2bzwHXq7vFoBwf3xO5K1Ro"}, "path": "material/assets/images/icons/github-1da075986e.svg", "size": 991}, {"hash": {"mode": "sha256", "value": "Py1QKSIkp-7wWQGsX0DEXfVjk5A-SOwSeU-6-xuuOx8"}, "path": "material/assets/images/icons/gitlab-5ad3f9f9e5.svg", "size": 1136}, {"hash": {"mode": "sha256", "value": "hOnHxvZJdGzKzldeAtDpj-nwC3XO2DRxkiUO0ijT_RI"}, "path": "material/assets/javascripts/application-0b7df094bf.js", "size": 78716}, {"hash": {"mode": "sha256", "value": "IGd4jREt4iNOJnyDpNndUlwoay-8YtHjZTxuYEHu2TM"}, "path": "material/assets/javascripts/modernizr-56ade86843.js", "size": 5358}, {"hash": {"mode": "sha256", "value": "0vx8vxZH7K2mYaKZqdfqyI2x39rGrC18MuZW4FcOS2w"}, "path": "material/assets/stylesheets/application-b1a1975878.css", "size": 46435}, {"hash": {"mode": "sha256", "value": "Xwt3UIPpW3pxtzcLExOzDXsIDiGZWWOk-7InddxHInM"}, "path": "material/assets/stylesheets/application-f78e5cb881.palette.css", "size": 36615}, {"hash": {"mode": "sha256", "value": "DcNh3EgzQOTCW_C5-9VxvZUGmBeYbkMG065EdhyhNqA"}, "path": "material/base.html", "size": 7993}, {"hash": {"mode": "sha256", "value": "_XmhND6O4dWjOWHfEh7mmlECcqpSTO1EFOTuGkzTp_A"}, "path": "material/main.html", "size": 26}, {"hash": {"mode": "sha256", "value": "WpYxQM1OuKo-Y_SsJ4cf3KR_wNi5lnPPjau0Fx10pVs"}, "path": "material/partials/disqus.html", "size": 461}, {"hash": {"mode": "sha256", "value": "DKDJcuLa2yXoGOLz-Cr8-H5O9Dfo-w_yK7TdYxNxm-w"}, "path": "material/partials/footer.html", "size": 2356}, {"hash": {"mode": "sha256", "value": "gdnce5P337Tg-fS2-umgttVVLU2-wOg7bbRlaDtNUXw"}, "path": "material/partials/header.html", "size": 1876}, {"hash": {"mode": "sha256", "value": "W4Ocl2A4J5NXfFRMJv8YlOHNX75R69GhIZZ4ryVe12E"}, "path": "material/partials/language.html", "size": 516}, {"hash": {"mode": "sha256", "value": "lhzk16K0d464hAGFBYddeu7iGD1VETrJPC_RXzP_AXM"}, "path": "material/partials/nav-item.html", "size": 1975}, {"hash": {"mode": "sha256", "value": "jaUCJZr5YcwnWTxEdWHs22UeInzvLQVdfvRAMX_gY44"}, "path": "material/partials/nav.html", "size": 749}, {"hash": {"mode": "sha256", "value": "Pz0laLsqyAZ7do79ROkIqo7doxhBjz36jBS-ry1JGcc"}, "path": "material/partials/search.html", "size": 1210}, {"hash": {"mode": "sha256", "value": "Y_ZHJXFl1thBdypLKDGfxlPrdBmKOuUj9KE4KMKYKqA"}, "path": "material/partials/social.html", "size": 390}, {"hash": {"mode": "sha256", "value": "kWnSOW7zzgZC9K-Vs-kgzm5ApI750Jqp7WQ2VHWI3QI"}, "path": "material/partials/source.html", "size": 840}, {"hash": {"mode": "sha256", "value": "qsRSzjZhlgEFKHlbYYUiRF3PUm1UDoUVKbdWk0Bm_78"}, "path": "material/partials/tabs-item.html", "size": 1161}, {"hash": {"mode": "sha256", "value": "rR6SiVvFnMrvw5ziV1KjpFbWmAJv8oOf0UYBiLbdqe0"}, "path": "material/partials/tabs.html", "size": 369}, {"hash": {"mode": "sha256", "value": "HqsR8WSbuXDPW_ZyaaKTaV2ODIOv_lXTYOJ7QA2abv8"}, "path": "material/partials/toc-item.html", "size": 387}, {"hash": {"mode": "sha256", "value": "NXgm-wmHbHA71urcOxh1exi35VyVsp3_Se25Wi08E-I"}, "path": "material/partials/toc.html", "size": 1122}, {"hash": {"mode": "sha256", "value": "OCTuuN6LcWulhHS3d5rfjdsQtW22n7HENFRh6jC6ego"}, "path": "mkdocs_material-1.5.4.dist-info/DESCRIPTION.rst", "size": 10}, {"hash": {"mode": "sha256", "value": "zuuue4knoyJ-UwPPXg8fezS7VCrXJQrAP7zeNuwvFQg"}, "path": "mkdocs_material-1.5.4.dist-info/INSTALLER", "size": 4}, {"hash": {"mode": "sha256", "value": "uJObAlXhIKEaC_I5nxkVplINSfhTdz86NtJ81Igfnew"}, "path": "mkdocs_material-1.5.4.dist-info/METADATA", "size": 406}, {"hash": null, "path": "mkdocs_material-1.5.4.dist-info/RECORD", "size": null}, {"hash": {"mode": "sha256", "value": "o2k-Qa-RMNIJmUdIc7KU6VWR_ErNRbWNlxDIpl7lm34"}, "path": "mkdocs_material-1.5.4.dist-info/WHEEL", "size": 110}, {"hash": {"mode": "sha256", "value": "3W0TTMlI7lrHDE4LAky1t2cg22O64MTD3RI2FAqO8wo"}, "path": "mkdocs_material-1.5.4.dist-info/entry_points.txt", "size": 37}, {"hash": {"mode": "sha256", "value": "xWJkjIsPQsI66ne1wcA_jxBXvP9bMX6gFQLhnJJxhig"}, "path": "mkdocs_material-1.5.4.dist-info/metadata.json", "size": 670}, {"hash": {"mode": "sha256", "value": "FgVc3SZufyl74PpNE-WJjMNdQCR7CP7zoNVH3Ch_qjw"}, "path": "mkdocs_material-1.5.4.dist-info/top_level.txt", "size": 13}, {"hash": {"mode": "sha256", "value": "47DEQpj8HBSa-_TImW-5JCeuQeRkm5NMpJWZG3hSuFU"}, "path": "src/__init__.py", "size": 0}, {"hash": null, "path": "src/__pycache__/__init__.cpython-37.pyc", "size": null}], "metadata": {"Author": "Martin Donath", "Author-email": "martin.donath@squidfunk.com", "Home-page": "http://squidfunk.github.io/mkdocs-material/", "Keywords": "mkdocs,documentation,theme", "License": "MIT", "Metadata-Version": "2.0", "Name": "mkdocs-material", "Platform": ["UNKNOWN"], "Requires-Dist": ["mkdocs (>=0.16)", "pygments (>=2.2)", "pymdown-extensions (>=2.0)"], "Summary": "A Material Design theme for MkDocs", "Version": "1.5.4"}, "requires": ["mkdocs (>=0.16)", "pygments (>=2.2)", "pymdown-extensions (>=2.0)"], "version": "1.5.4"}, "index_url": "https://pypi.org/simple", "package_name": "mkdocs-material", "package_version": "1.5.4", "package_version_requested": "1.5.4", "sha256": ["0570480b36d30aabf54687eacf46599a09a8bd84c1bef991e3643cfef41e216e", "9e3796d7958a373333924aefb40cd94fac76d95de29c81529bb029feb78c29d7"]}], "unparsed": [], "unresolved": []}}