{"metadata": {"analyzer": "thoth-solver", "analyzer_version": "1.5.1", "arguments": {"python": {"exclude_packages": null, "index": "https://pypi.org/simple", "no_pretty": false, "no_transitive": true, "output": "/mnt/workdir/solver-fedora-31-py37-039e103e", "requirements": "pydal===20200517.1", "virtualenv": "/home/solver/venv"}, "thoth-solver": {"verbose": false}}, "datetime": "2020-05-19T17:38:53.500878", "distribution": {"codename": "", "id": "fedora", "like": "", "version": "31", "version_parts": {"build_number": "", "major": "31", "minor": ""}}, "document_id": "solver-fedora-31-py37-039e103e", "duration": 6, "hostname": "solver-fedora-31-py37-039e103e-3155603021", "os_release": {"id": "fedora", "name": "Fedora", "platform_id": "platform:f31", "redhat_bugzilla_product": "Fedora", "redhat_bugzilla_product_version": "31", "redhat_support_product": "Fedora", "redhat_support_product_version": "31", "variant_id": "container", "version": "31 (Container Image)", "version_id": "31"}, "python": {"api_version": 1013, "implementation_name": "cpython", "major": 3, "micro": 6, "minor": 7, "releaselevel": "final", "serial": 0}, "thoth_deployment_name": "thoth-psi-stage", "timestamp": 1589909933}, "result": {"environment": {"implementation_name": "cpython", "implementation_version": "3.7.6", "os_name": "posix", "platform_machine": "x86_64", "platform_python_implementation": "CPython", "platform_release": "3.10.0-957.21.2.el7.x86_64", "platform_system": "Linux", "platform_version": "#1 SMP Tue May 28 09:26:43 UTC 2019", "python_full_version": "3.7.6", "python_version": "3.7", "sys_platform": "linux"}, "environment_packages": [{"package_name": "pipdeptree", "package_version": "0.13.2"}], "errors": [], "tree": [{"dependencies": [], "importlib_metadata": {"entry_points": [], "files": [{"hash": {"mode": "sha256", "value": "zUVPBKtBk2ZXMXV-_qHa3zDNPjP4T10PKmtPl7qv67w"}, "path": "pydal-20200517.1.dist-info/AUTHORS", "size": 344}, {"hash": {"mode": "sha256", "value": "zuuue4knoyJ-UwPPXg8fezS7VCrXJQrAP7zeNuwvFQg"}, "path": "pydal-20200517.1.dist-info/INSTALLER", "size": 4}, {"hash": {"mode": "sha256", "value": "_bn5FiVIIjjLwS5PuBYbQEWoHidzIkAbbEZZWTbc5V8"}, "path": "pydal-20200517.1.dist-info/METADATA", "size": 1495}, {"hash": null, "path": "pydal-20200517.1.dist-info/RECORD", "size": null}, {"hash": {"mode": "sha256", "value": "kGT74LWyRUZrL4VgLh6_g12IeVl_9u9ZVhadrgXZUEY"}, "path": "pydal-20200517.1.dist-info/WHEEL", "size": 110}, {"hash": {"mode": "sha256", "value": "gXg5hFeFE4ZG9LVb_ykVsIo6wMMQO9iiqB8-BKNtuKI"}, "path": "pydal-20200517.1.dist-info/top_level.txt", "size": 6}, {"hash": {"mode": "sha256", "value": "5xr1qPD96VKQZrjMgisr1paGBMF-rCaxMmB3zpT-8_U"}, "path": "pydal/__init__.py", "size": 179}, {"hash": null, "path": "pydal/__pycache__/__init__.cpython-37.pyc", "size": null}, {"hash": null, "path": "pydal/__pycache__/_compat.cpython-37.pyc", "size": null}, {"hash": null, "path": "pydal/__pycache__/_gae.cpython-37.pyc", "size": null}, {"hash": null, "path": "pydal/__pycache__/_globals.cpython-37.pyc", "size": null}, {"hash": null, "path": "pydal/__pycache__/_load.cpython-37.pyc", "size": null}, {"hash": null, "path": "pydal/__pycache__/base.cpython-37.pyc", "size": null}, {"hash": null, "path": "pydal/__pycache__/connection.cpython-37.pyc", "size": null}, {"hash": null, "path": "pydal/__pycache__/default_validators.cpython-37.pyc", "size": null}, {"hash": null, "path": "pydal/__pycache__/drivers.cpython-37.pyc", "size": null}, {"hash": null, "path": "pydal/__pycache__/exceptions.cpython-37.pyc", "size": null}, {"hash": null, "path": "pydal/__pycache__/migrator.cpython-37.pyc", "size": null}, {"hash": null, "path": "pydal/__pycache__/objects.cpython-37.pyc", "size": null}, {"hash": null, "path": "pydal/__pycache__/restapi.cpython-37.pyc", "size": null}, {"hash": null, "path": "pydal/__pycache__/utils.cpython-37.pyc", "size": null}, {"hash": null, "path": "pydal/__pycache__/validators.cpython-37.pyc", "size": null}, {"hash": {"mode": "sha256", "value": "IP3Xizyp-f-YA38i0nYWGIYm5qcb80kv9aN50wKy6Jg"}, "path": "pydal/_compat.py", "size": 5304}, {"hash": {"mode": "sha256", "value": "5GjUAoI9XGrO3qvu3Q9KH42FBDnlpNPB3QgfLpikqXI"}, "path": "pydal/_gae.py", "size": 466}, {"hash": {"mode": "sha256", "value": "YE70WnS8SFwu2RU2tGet8hfTy4OSv1zDzbEWrymX460"}, "path": "pydal/_globals.py", "size": 208}, {"hash": {"mode": "sha256", "value": "sRRaXc3M0G1W1TKE7YNZBFY1WDI8vOBMpkZbk-SLRk0"}, "path": "pydal/_load.py", "size": 396}, {"hash": {"mode": "sha256", "value": "yaOu1NcxPeIxlgQaz3zKx3NEg-_cN7c0Rzfu9azEjaw"}, "path": "pydal/adapters/__init__.py", "size": 2339}, {"hash": null, "path": "pydal/adapters/__pycache__/__init__.cpython-37.pyc", "size": null}, {"hash": null, "path": "pydal/adapters/__pycache__/base.cpython-37.pyc", "size": null}, {"hash": null, "path": "pydal/adapters/__pycache__/couchdb.cpython-37.pyc", "size": null}, {"hash": null, "path": "pydal/adapters/__pycache__/db2.cpython-37.pyc", "size": null}, {"hash": null, "path": "pydal/adapters/__pycache__/firebird.cpython-37.pyc", "size": null}, {"hash": null, "path": "pydal/adapters/__pycache__/google.cpython-37.pyc", "size": null}, {"hash": null, "path": "pydal/adapters/__pycache__/informix.cpython-37.pyc", "size": null}, {"hash": null, "path": "pydal/adapters/__pycache__/ingres.cpython-37.pyc", "size": null}, {"hash": null, "path": "pydal/adapters/__pycache__/mongo.cpython-37.pyc", "size": null}, {"hash": null, "path": "pydal/adapters/__pycache__/mssql.cpython-37.pyc", "size": null}, {"hash": null, "path": "pydal/adapters/__pycache__/mysql.cpython-37.pyc", "size": null}, {"hash": null, "path": "pydal/adapters/__pycache__/oracle.cpython-37.pyc", "size": null}, {"hash": null, "path": "pydal/adapters/__pycache__/postgres.cpython-37.pyc", "size": null}, {"hash": null, "path": "pydal/adapters/__pycache__/rethinkdb.cpython-37.pyc", "size": null}, {"hash": null, "path": "pydal/adapters/__pycache__/sap.cpython-37.pyc", "size": null}, {"hash": null, "path": "pydal/adapters/__pycache__/sqlite.cpython-37.pyc", "size": null}, {"hash": null, "path": "pydal/adapters/__pycache__/teradata.cpython-37.pyc", "size": null}, {"hash": {"mode": "sha256", "value": "L50IAYASDFmgUSMyjaiNWn7Av2LTRnzOV_Dl3BBwAwc"}, "path": "pydal/adapters/base.py", "size": 38253}, {"hash": {"mode": "sha256", "value": "nhP-gnSTcLm0vZElyoGfqI18Z4eYwAlyoi7l8oyfg6Y"}, "path": "pydal/adapters/couchdb.py", "size": 5691}, {"hash": {"mode": "sha256", "value": "X6-AUUAqx3ccg1LYHlBRZTRqWAmkob86oCLbR2PwF88"}, "path": "pydal/adapters/db2.py", "size": 2000}, {"hash": {"mode": "sha256", "value": "3-M7Fns89MwxsaMffodVbqUDhd6FTufwIPDaVDwnsO0"}, "path": "pydal/adapters/firebird.py", "size": 3148}, {"hash": {"mode": "sha256", "value": "3OGOMOMKUxxz9tEqqwlJOJC3uy4Zen1mYL5TsLfj_bE"}, "path": "pydal/adapters/google.py", "size": 18363}, {"hash": {"mode": "sha256", "value": "SwQ7I92JXVkh8oS7ldnondLb0mF7h85v8tfPpK1NDis"}, "path": "pydal/adapters/informix.py", "size": 2076}, {"hash": {"mode": "sha256", "value": "8lA81WNynU6DvkLZwFaH1DaDyijAvaJadGd3MVMElS0"}, "path": "pydal/adapters/ingres.py", "size": 1882}, {"hash": {"mode": "sha256", "value": "fXLs2Uc37uPkcqDH46OuKMsQophcXKWIaG5W1wXwoX4"}, "path": "pydal/adapters/mongo.py", "size": 37773}, {"hash": {"mode": "sha256", "value": "EynxNoFFjK3CUaWiByqicabeBq4Aw0W8hSgRfMPdFhk"}, "path": "pydal/adapters/mssql.py", "size": 6160}, {"hash": {"mode": "sha256", "value": "GK_j_JgEhB8ZoQ2EUv7J-3OGpp5rG9loh1a53ZBm3kI"}, "path": "pydal/adapters/mysql.py", "size": 3284}, {"hash": {"mode": "sha256", "value": "TXeWh74g8zi3q_4Hg_swTDuVYT1V6E0Gmgmcx45O-8M"}, "path": "pydal/adapters/oracle.py", "size": 9159}, {"hash": {"mode": "sha256", "value": "yhZ13t38T3SgGNe8BsZtZgZuKkko5avkq7gR5ygzigo"}, "path": "pydal/adapters/postgres.py", "size": 9326}, {"hash": {"mode": "sha256", "value": "7Y89Nssh00cNAHBsNbaMfwQGbPgZusEzXm0nyLbg7vQ"}, "path": "pydal/adapters/rethinkdb.py", "size": 36881}, {"hash": {"mode": "sha256", "value": "wUZRdi_xrKQj3yUfEGJDxQ7Fe73-Dy-RZWOPlmNgTPY"}, "path": "pydal/adapters/sap.py", "size": 1459}, {"hash": {"mode": "sha256", "value": "Wuhc_X8GiRIbFAmSmIgpGYzdbAwZMJTIz47fO45JPbY"}, "path": "pydal/adapters/sqlite.py", "size": 4140}, {"hash": {"mode": "sha256", "value": "qQCEhAfKS8dUAQAX6t0fQdozvdHVW2VpzN4t1s2Xqbg"}, "path": "pydal/adapters/teradata.py", "size": 799}, {"hash": {"mode": "sha256", "value": "evrOKzFhCBNDEkOO0LP74wru0c40r_W_gOjtvVd1KA0"}, "path": "pydal/base.py", "size": 37602}, {"hash": {"mode": "sha256", "value": "ivJ8IN6viJiS9oAq_-ru9CA5-jXljIp9rKgV4HeC-dk"}, "path": "pydal/connection.py", "size": 6367}, {"hash": {"mode": "sha256", "value": "AbpHGcgLb-kRsJGnwFEktk7uzpZOCcBY74-YBdrKVGs"}, "path": "pydal/contrib/__init__.py", "size": 1}, {"hash": null, "path": "pydal/contrib/__pycache__/__init__.cpython-37.pyc", "size": null}, {"hash": null, "path": "pydal/contrib/__pycache__/imap_adapter.cpython-37.pyc", "size": null}, {"hash": null, "path": "pydal/contrib/__pycache__/ipaddress.cpython-37.pyc", "size": null}, {"hash": null, "path": "pydal/contrib/__pycache__/mockimaplib.cpython-37.pyc", "size": null}, {"hash": null, "path": "pydal/contrib/__pycache__/ordereddict.cpython-37.pyc", "size": null}, {"hash": null, "path": "pydal/contrib/__pycache__/portalocker.cpython-37.pyc", "size": null}, {"hash": null, "path": "pydal/contrib/__pycache__/reserved_sql_keywords.cpython-37.pyc", "size": null}, {"hash": {"mode": "sha256", "value": "CjVHXX8DnO60eNpegJJsEAI323uopzA4Cdzua3DgqLo"}, "path": "pydal/contrib/imap_adapter.py", "size": 44182}, {"hash": {"mode": "sha256", "value": "pCad0ZlyPPfBFT7lWwzV76_wCmZDdWC8nBFVXIvaoB4"}, "path": "pydal/contrib/ipaddress.py", "size": 79398}, {"hash": {"mode": "sha256", "value": "N41scvkzp4AxLTlDfaXLERROWe68YGSQpJoAvtV-a_E"}, "path": "pydal/contrib/mockimaplib.py", "size": 10700}, {"hash": {"mode": "sha256", "value": "V91Z9eVmNb5SiPxdxygdM8ZKtLcuO7JrdBceJjsrjrg"}, "path": "pydal/contrib/ordereddict.py", "size": 4071}, {"hash": {"mode": "sha256", "value": "m-Phhd0TAHaqyBcDCMNpXqVxYpv3OSOeOKSfwoHn4N0"}, "path": "pydal/contrib/portalocker.py", "size": 5586}, {"hash": {"mode": "sha256", "value": "3UT-bf-ilNO32bwx9PxvpeRQ_TrX4aRFXsVkSmkB8Us"}, "path": "pydal/contrib/reserved_sql_keywords.py", "size": 33372}, {"hash": {"mode": "sha256", "value": "MdxU-WQabDcSyM4K-xa6o3vcCdLf3Eo15T_VenQNgm0"}, "path": "pydal/default_validators.py", "size": 3544}, {"hash": {"mode": "sha256", "value": "nK2X_dDvitRfXdGBpHVftcmnyNy3hZxSNI4SvHXfYNI"}, "path": "pydal/dialects/__init__.py", "size": 3764}, {"hash": null, "path": "pydal/dialects/__pycache__/__init__.cpython-37.pyc", "size": null}, {"hash": null, "path": "pydal/dialects/__pycache__/base.cpython-37.pyc", "size": null}, {"hash": null, "path": "pydal/dialects/__pycache__/couchdb.cpython-37.pyc", "size": null}, {"hash": null, "path": "pydal/dialects/__pycache__/db2.cpython-37.pyc", "size": null}, {"hash": null, "path": "pydal/dialects/__pycache__/firebird.cpython-37.pyc", "size": null}, {"hash": null, "path": "pydal/dialects/__pycache__/google.cpython-37.pyc", "size": null}, {"hash": null, "path": "pydal/dialects/__pycache__/informix.cpython-37.pyc", "size": null}, {"hash": null, "path": "pydal/dialects/__pycache__/ingres.cpython-37.pyc", "size": null}, {"hash": null, "path": "pydal/dialects/__pycache__/mongo.cpython-37.pyc", "size": null}, {"hash": null, "path": "pydal/dialects/__pycache__/mssql.cpython-37.pyc", "size": null}, {"hash": null, "path": "pydal/dialects/__pycache__/mysql.cpython-37.pyc", "size": null}, {"hash": null, "path": "pydal/dialects/__pycache__/oracle.cpython-37.pyc", "size": null}, {"hash": null, "path": "pydal/dialects/__pycache__/postgre.cpython-37.pyc", "size": null}, {"hash": null, "path": "pydal/dialects/__pycache__/sap.cpython-37.pyc", "size": null}, {"hash": null, "path": "pydal/dialects/__pycache__/sqlite.cpython-37.pyc", "size": null}, {"hash": null, "path": "pydal/dialects/__pycache__/teradata.cpython-37.pyc", "size": null}, {"hash": {"mode": "sha256", "value": "Mu83sc3q38LFf7cTr45y7kEd5tvh10DpNvdl4gG3_q8"}, "path": "pydal/dialects/base.py", "size": 22502}, {"hash": {"mode": "sha256", "value": "jsUbXdVwZ9iEYERXMGLSWY0AYG03PD4VaRv8ffW0ZDs"}, "path": "pydal/dialects/couchdb.py", "size": 1390}, {"hash": {"mode": "sha256", "value": "f0eykJZKxERZ5H5Z0jfRFbjQ1Gb0QhHQv9iVjSCd0RQ"}, "path": "pydal/dialects/db2.py", "size": 3113}, {"hash": {"mode": "sha256", "value": "4C271MRW2KlErvK32OyBI2S7puM-kUvln4qPbJFBXII"}, "path": "pydal/dialects/firebird.py", "size": 4046}, {"hash": {"mode": "sha256", "value": "4-5m3QYVTfJpRuHetzQqp1YVS4Vund73yShXjPBv77Q"}, "path": "pydal/dialects/google.py", "size": 5953}, {"hash": {"mode": "sha256", "value": "pHRvjrpLqmLDxXNNsbdLFosGmO1ZomnALr8MPyNS64c"}, "path": "pydal/dialects/informix.py", "size": 3275}, {"hash": {"mode": "sha256", "value": "PR6vVxJ4UjodgdplslAKg2t2JbSWiM4QYSz1R5g27sw"}, "path": "pydal/dialects/ingres.py", "size": 3929}, {"hash": {"mode": "sha256", "value": "Xa-UVKoL28zpaIQzCuj2aUOMkI9mesuVkjg8GOEs3EE"}, "path": "pydal/dialects/mongo.py", "size": 22083}, {"hash": {"mode": "sha256", "value": "Am2NatpoqxpIJ7TiqLIFDNUTCPLfCrqjskPwJv1v1TI"}, "path": "pydal/dialects/mssql.py", "size": 14860}, {"hash": {"mode": "sha256", "value": "GTRY0psYBP26uu8zVyp7PFCOyCc5IsL3fnpWOlQqKhE"}, "path": "pydal/dialects/mysql.py", "size": 3374}, {"hash": {"mode": "sha256", "value": "W3T7eXOU74xuN9mU1N3_a62bYgwPRRGIe51opicdDGw"}, "path": "pydal/dialects/oracle.py", "size": 8383}, {"hash": {"mode": "sha256", "value": "POVwlzGVjkFmc9xFJ1QG-5YlLnKPQyJFyXoymkN1R68"}, "path": "pydal/dialects/postgre.py", "size": 14320}, {"hash": {"mode": "sha256", "value": "QZ_vWxZmUz_MzfwVOrMUDJ-rkL3CNXP46boJjFRtdfE"}, "path": "pydal/dialects/sap.py", "size": 3001}, {"hash": {"mode": "sha256", "value": "UNuj7hWLSwh7ffPVYXZcioEDiaUt2uj19zUgRvcgIrI"}, "path": "pydal/dialects/sqlite.py", "size": 4230}, {"hash": {"mode": "sha256", "value": "hyzrsM3hY9MtM79PG3dpikf3YaTSP8tRGNsaE5i_n-k"}, "path": "pydal/dialects/teradata.py", "size": 3139}, {"hash": {"mode": "sha256", "value": "2OW5fEUKItJQa-FTSwhsExwZl9ly-AE_Cmte1lOpGGk"}, "path": "pydal/drivers.py", "size": 3035}, {"hash": {"mode": "sha256", "value": "iq-D1cE0-Epfwq_2BvK41Hs7orHR85gkaQm5Uj-mzIs"}, "path": "pydal/exceptions.py", "size": 347}, {"hash": {"mode": "sha256", "value": "AbpHGcgLb-kRsJGnwFEktk7uzpZOCcBY74-YBdrKVGs"}, "path": "pydal/helpers/__init__.py", "size": 1}, {"hash": null, "path": "pydal/helpers/__pycache__/__init__.cpython-37.pyc", "size": null}, {"hash": null, "path": "pydal/helpers/__pycache__/_internals.cpython-37.pyc", "size": null}, {"hash": null, "path": "pydal/helpers/__pycache__/classes.cpython-37.pyc", "size": null}, {"hash": null, "path": "pydal/helpers/__pycache__/gae.cpython-37.pyc", "size": null}, {"hash": null, "path": "pydal/helpers/__pycache__/methods.cpython-37.pyc", "size": null}, {"hash": null, "path": "pydal/helpers/__pycache__/regex.cpython-37.pyc", "size": null}, {"hash": null, "path": "pydal/helpers/__pycache__/rest.cpython-37.pyc", "size": null}, {"hash": null, "path": "pydal/helpers/__pycache__/serializers.cpython-37.pyc", "size": null}, {"hash": {"mode": "sha256", "value": "cd0quSmHEPgx9OpdcqRJpexSfCHVxXEqBysHnrKNVe4"}, "path": "pydal/helpers/_internals.py", "size": 652}, {"hash": {"mode": "sha256", "value": "7bDbGlQf8VyPeKWdv1juqsUK7fxl96aCv31EYNr1PSg"}, "path": "pydal/helpers/classes.py", "size": 16107}, {"hash": {"mode": "sha256", "value": "93twJdwy-eDGHqwb3fKy3yJngSoulTpwJa6-HoKfODw"}, "path": "pydal/helpers/gae.py", "size": 970}, {"hash": {"mode": "sha256", "value": "WQkn6F0OYB1nrKIRRm40n313NJnW_mDhZkuKknmRPeM"}, "path": "pydal/helpers/methods.py", "size": 14765}, {"hash": {"mode": "sha256", "value": "CtfS8Ts7C2szl4KorH15QYFQsKJqd1BtV3o-BxUOcfQ"}, "path": "pydal/helpers/regex.py", "size": 1144}, {"hash": {"mode": "sha256", "value": "d6IUdmTXoZiNJb4ZqkpNwAhn6uS9zISwqvGJAUHm_rw"}, "path": "pydal/helpers/rest.py", "size": 16446}, {"hash": {"mode": "sha256", "value": "SnAENKunGc7c31rDXd_O0_lCjKWj8YURHWXm2rtRtQ0"}, "path": "pydal/helpers/serializers.py", "size": 1838}, {"hash": {"mode": "sha256", "value": "FVKSVrdebtD4xFtFBimfLN43cx0kR0OLymjMm3Zvnzo"}, "path": "pydal/migrator.py", "size": 26513}, {"hash": {"mode": "sha256", "value": "K93bdxyYBpKzQnFa1zwC2Ga9dxQgfbhwkwa1QSsvm1M"}, "path": "pydal/objects.py", "size": 124691}, {"hash": {"mode": "sha256", "value": "-9Z374sR_XuFFIktYzm07F0cfpgG2u-Ex5pS3PIzszY"}, "path": "pydal/parsers/__init__.py", "size": 3394}, {"hash": null, "path": "pydal/parsers/__pycache__/__init__.cpython-37.pyc", "size": null}, {"hash": null, "path": "pydal/parsers/__pycache__/base.cpython-37.pyc", "size": null}, {"hash": null, "path": "pydal/parsers/__pycache__/google.cpython-37.pyc", "size": null}, {"hash": null, "path": "pydal/parsers/__pycache__/mongo.cpython-37.pyc", "size": null}, {"hash": null, "path": "pydal/parsers/__pycache__/oracle.cpython-37.pyc", "size": null}, {"hash": null, "path": "pydal/parsers/__pycache__/postgre.cpython-37.pyc", "size": null}, {"hash": null, "path": "pydal/parsers/__pycache__/sqlite.cpython-37.pyc", "size": null}, {"hash": {"mode": "sha256", "value": "gnI5p4ZSfbz9lobvrd7vL1aTX-1TFAlfqPClsg7Rz9M"}, "path": "pydal/parsers/base.py", "size": 4717}, {"hash": {"mode": "sha256", "value": "DfvicOdXXp1QX9rEjpPrGe0eXhybRG6fQGg8Efivvs8"}, "path": "pydal/parsers/google.py", "size": 360}, {"hash": {"mode": "sha256", "value": "ETS2oAy17f3A3Ax7hqqMDM5l-MgUuxPBmhQ4Z-g-9kc"}, "path": "pydal/parsers/mongo.py", "size": 1604}, {"hash": {"mode": "sha256", "value": "Qu-VCuzgFhZKBsy2k4td6xR_-YsJAWoPeqSR9k0-fiw"}, "path": "pydal/parsers/oracle.py", "size": 1596}, {"hash": {"mode": "sha256", "value": "1l53UFTpHAG1QOOW_2jTFRtlJt2SZb6zucprLUsjKtU"}, "path": "pydal/parsers/postgre.py", "size": 815}, {"hash": {"mode": "sha256", "value": "of7lt4nvRiJGcwL_BUGh2I6DbMGvFNe2L9Rr1KfHiRk"}, "path": "pydal/parsers/sqlite.py", "size": 1042}, {"hash": {"mode": "sha256", "value": "uy9xlLIPPl0edgjdLJ6xyDdt_Mmr-QD_UcDf0Av90eY"}, "path": "pydal/representers/__init__.py", "size": 8805}, {"hash": null, "path": "pydal/representers/__pycache__/__init__.cpython-37.pyc", "size": null}, {"hash": null, "path": "pydal/representers/__pycache__/base.cpython-37.pyc", "size": null}, {"hash": null, "path": "pydal/representers/__pycache__/couchdb.cpython-37.pyc", "size": null}, {"hash": null, "path": "pydal/representers/__pycache__/db2.cpython-37.pyc", "size": null}, {"hash": null, "path": "pydal/representers/__pycache__/google.cpython-37.pyc", "size": null}, {"hash": null, "path": "pydal/representers/__pycache__/informix.cpython-37.pyc", "size": null}, {"hash": null, "path": "pydal/representers/__pycache__/mongo.cpython-37.pyc", "size": null}, {"hash": null, "path": "pydal/representers/__pycache__/mssql.cpython-37.pyc", "size": null}, {"hash": null, "path": "pydal/representers/__pycache__/mysql.cpython-37.pyc", "size": null}, {"hash": null, "path": "pydal/representers/__pycache__/oracle.cpython-37.pyc", "size": null}, {"hash": null, "path": "pydal/representers/__pycache__/postgre.cpython-37.pyc", "size": null}, {"hash": null, "path": "pydal/representers/__pycache__/sqlite.cpython-37.pyc", "size": null}, {"hash": {"mode": "sha256", "value": "XJ6ER35iw2riAiH5zwK_s2jUh3YUYyuxFESUr8oYYTI"}, "path": "pydal/representers/base.py", "size": 8801}, {"hash": {"mode": "sha256", "value": "8Fze3iwMhfkGH-xZE5dqn3nOhxngznc525b94SA_qCM"}, "path": "pydal/representers/couchdb.py", "size": 1210}, {"hash": {"mode": "sha256", "value": "lhZduGEZ8-f5rOIBm7ZMuZ8WrW40GiOre7tIKw9RFBU"}, "path": "pydal/representers/db2.py", "size": 679}, {"hash": {"mode": "sha256", "value": "LaPdygkq9J7kgojOnmfglIq8lRoECH5b3TR3KhNMtV8"}, "path": "pydal/representers/google.py", "size": 1446}, {"hash": {"mode": "sha256", "value": "WkHBBtC4Hm9OXGEy4KA27XUtysv3QEhyOExKEsJdL-c"}, "path": "pydal/representers/informix.py", "size": 883}, {"hash": {"mode": "sha256", "value": "QWdEcrRNEtEb_Y5fp0F5yfGT0c5_dI1G3FLf0i3FTaA"}, "path": "pydal/representers/mongo.py", "size": 1756}, {"hash": {"mode": "sha256", "value": "Mb6VlRUNf88nYRgMSWENiSr__cXb-sMKwmx7VcjcD9Y"}, "path": "pydal/representers/mssql.py", "size": 948}, {"hash": {"mode": "sha256", "value": "H0ogVJKTEtaiO22EgInu6nR6stXWviFD-BX4Frgayn4"}, "path": "pydal/representers/mysql.py", "size": 214}, {"hash": {"mode": "sha256", "value": "xPVlAIbMJ5ZJJ5pjxghzKP8-hDCKXFWQkAZcRUOHgLo"}, "path": "pydal/representers/oracle.py", "size": 1244}, {"hash": {"mode": "sha256", "value": "GxdjrglkJWLf0fANjF1RjdLTmv-4W_-xbqnaiJW7Ni0"}, "path": "pydal/representers/postgre.py", "size": 1643}, {"hash": {"mode": "sha256", "value": "tcSLoThmIP_vmEPvBjNDeeJ4jraV5V5TU7xWu9Xab90"}, "path": "pydal/representers/sqlite.py", "size": 752}, {"hash": {"mode": "sha256", "value": "gI6NbOYU59XvkNJrIBFxTwyoLN4aQpFHLEB9eeZ4e-g"}, "path": "pydal/restapi.py", "size": 21848}, {"hash": {"mode": "sha256", "value": "2-keHUdWMlFifegaIIxPoMgZpOR2yc3x_qtWpBY6msA"}, "path": "pydal/utils.py", "size": 1904}, {"hash": {"mode": "sha256", "value": "gjVI6JCsIfhbfN6AHxp3R4V0dQeFYJ-cYqmdiFq1jqw"}, "path": "pydal/validators.py", "size": 158441}], "metadata": {"Author": "Massimo Di Pierro", "Author-email": "massimo.dipierro@gmail.com", "Classifier": ["Development Status :: 5 - Production/Stable", "Environment :: Web Environment", "Intended Audience :: Developers", "License :: OSI Approved :: BSD License", "Operating System :: OS Independent", "Programming Language :: Python", "Programming Language :: Python :: 2", "Programming Language :: Python :: 3", "Topic :: Database :: Front-Ends", "Topic :: Software Development :: Libraries :: Python Modules"], "Home-page": "https://github.com/web2py/pydal", "License": "BSD", "Maintainer": "Massimo Di Pierro", "Maintainer-email": "massimo.dipierro@gmail.com", "Metadata-Version": "2.1", "Name": "pydal", "Platform": ["any"], "Summary": "a pure Python Database Abstraction Layer (for python version 2.7 and 3.x)", "Version": "20200517.1"}, "requires": null, "version": "20200517.1"}, "index_url": "https://pypi.org/simple", "package_name": "pydal", "package_version": "20200517.1", "package_version_requested": "20200517.1", "sha256": ["6661785b1b49eca962b3e3b3ca1409fc883dc2dd1b5bf2a5aad7d458f7c4f080"]}], "unparsed": [], "unresolved": []}}