{"metadata": {"analyzer": "thoth-solver", "analyzer_version": "1.4.1", "arguments": {"python": {"exclude_packages": null, "index": "https://pypi.org/simple", "no_pretty": false, "no_transitive": true, "output": "http://result-api/api/v1/solver-result", "requirements": "chameleon-core==1.0b33", "virtualenv": "/home/solver/venv"}, "thoth-solver": {"verbose": false}}, "datetime": "2019-12-26T16:39:24.029769", "distribution": {"codename": "", "id": "fedora", "like": "", "version": "31", "version_parts": {"build_number": "", "major": "31", "minor": ""}}, "document_id": "solver-fedora-31-py37-040d86fb", "duration": 3, "hostname": "solver-fedora-31-py37-040d86fb-w47qw", "os_release": {"id": "fedora", "name": "Fedora", "platform_id": "platform:f31", "redhat_bugzilla_product": "Fedora", "redhat_bugzilla_product_version": "31", "redhat_support_product": "Fedora", "redhat_support_product_version": "31", "variant_id": "container", "version": "31 (Container Image)", "version_id": "31"}, "python": {"api_version": 1013, "implementation_name": "cpython", "major": 3, "micro": 5, "minor": 7, "releaselevel": "final", "serial": 0}, "thoth_deployment_name": "thoth-psi-stage", "timestamp": 1577378364}, "result": {"environment": {"implementation_name": "cpython", "implementation_version": "3.7.5", "os_name": "posix", "platform_machine": "x86_64", "platform_python_implementation": "CPython", "platform_release": "3.10.0-957.21.2.el7.x86_64", "platform_system": "Linux", "platform_version": "#1 SMP Tue May 28 09:26:43 UTC 2019", "python_full_version": "3.7.5", "python_version": "3.7", "sys_platform": "linux"}, "environment_packages": [{"package_name": "pipdeptree", "package_version": "0.13.2"}], "errors": [], "tree": [{"dependencies": [{"extra": [], "extras": [], "marker": null, "marker_evaluated": null, "marker_evaluation_error": null, "marker_evaluation_result": true, "normalized_package_name": "setuptools", "package_name": "setuptools", "resolved_versions": [{"index": "https://pypi.org/simple", "versions": ["0.7.2", "0.7.3", "0.7.4", "0.7.5", "0.7.6", "0.7.7", "0.7.8", "0.8", "0.9", "0.9.1", "0.9.2", "0.9.3", "0.9.4", "0.9.5", "0.9.6", "0.9.7", "0.9.8", "1.0", "1.1", "1.1.1", "1.1.2", "1.1.3", "1.1.4", "1.1.5", "1.1.6", "1.1.7", "1.2", "1.3", "1.3.1", "1.3.2", "1.4", "1.4.1", "1.4.2", "10.0", "10.0.1", "10.1", "10.2", "10.2.1", "11.0", "11.1", "11.2", "11.3", "11.3.1", "12.0", "12.0.1", "12.0.2", "12.0.3", "12.0.4", "12.0.5", "12.1", "12.2", "12.3", "12.4", "13.0", "13.0.1", "13.0.2", "14.0", "14.1", "14.1.1", "14.2", "14.3", "14.3.1", "15.0", "15.1", "15.2", "16.0", "17.0", "17.1", "17.1.1", "18.0", "18.0.1", "18.1", "18.2", "18.3", "18.3.1", "18.3.2", "18.4", "18.5", "18.6", "18.6.1", "18.7", "18.7.1", "18.8", "18.8.1", "19.0", "19.1", "19.1.1", "19.2", "19.3", "19.4", "19.4.1", "19.5", "19.6", "19.6.1", "19.6.2", "19.7", "2.0", "2.0.1", "2.0.2", "2.1", "2.1.1", "2.1.2", "2.2", "20.0", "20.1", "20.1.1", "20.10.1", "20.2.2", "20.3", "20.3.1", "20.4", "20.6.6", "20.6.7", "20.6.8", "20.7.0", "20.8.0", "20.8.1", "20.9.0", "21.0.0", "21.1.0", "21.2.0", "21.2.1", "21.2.2", "22.0.0", "22.0.1", "22.0.2", "22.0.4", "22.0.5", "23.0.0", "23.1.0", "23.2.0", "23.2.1", "24.0.0", "24.0.1", "24.0.2", "24.0.3", "24.1.0", "24.1.1", "24.2.0", "24.2.1", "24.3.0", "24.3.1", "25.0.0", "25.0.1", "25.0.2", "25.1.0", "25.1.1", "25.1.2", "25.1.3", "25.1.4", "25.1.5", "25.1.6", "25.2.0", "25.3.0", "25.4.0", "26.0.0", "26.1.0", "26.1.1", "27.0.0", "27.1.0", "27.1.2", "27.2.0", "27.3.0", "27.3.1", "28.0.0", "28.1.0", "28.2.0", "28.3.0", "28.4.0", "28.5.0", "28.6.0", "28.6.1", "28.7.0", "28.7.1", "28.8.0", "28.8.1", "29.0.0", "29.0.1", "3.0", "3.0.1", "3.0.2", "3.1", "3.2", "3.3", "3.4", "3.4.1", "3.4.2", "3.4.3", "3.4.4", "3.5", "3.5.1", "3.5.2", "3.6", "3.7", "3.7.1", "3.8", "3.8.1", "30.0.0", "30.1.0", "30.2.0", "30.2.1", "30.3.0", "30.4.0", "31.0.0", "31.0.1", "32.0.0", "32.1.0", "32.1.1", "32.1.2", "32.1.3", "32.2.0", "32.3.0", "32.3.1", "33.1.0", "33.1.1", "34.0.0", "34.0.1", "34.0.2", "34.0.3", "34.1.0", "34.1.1", "34.2.0", "34.3.0", "34.3.1", "34.3.2", "34.3.3", "34.4.0", "34.4.1", "35.0.0", "35.0.1", "35.0.2", "36.0.1", "36.1.0", "36.1.1", "36.2.0", "36.2.1", "36.2.2", "36.2.3", "36.2.4", "36.2.5", "36.2.6", "36.2.7", "36.3.0", "36.4.0", "36.5.0", "36.6.0", "36.6.1", "36.7.0", "36.7.1", "36.7.2", "36.8.0", "37.0.0", "38.0.0", "38.1.0", "38.2.0", "38.2.1", "38.2.3", "38.2.4", "38.2.5", "38.3.0", "38.4.0", "38.4.1", "38.5.0", "38.5.1", "38.5.2", "38.6.0", "38.6.1", "38.7.0", "39.0.0", "39.0.1", "39.1.0", "39.2.0", "4.0", "4.0.1", "40.0.0", "40.1.0", "40.1.1", "40.2.0", "40.3.0", "40.4.0", "40.4.1", "40.4.2", "40.4.3", "40.5.0", "40.6.0", "40.6.1", "40.6.2", "40.6.3", "40.7.0", "40.7.1", "40.7.2", "40.7.3", "40.8.0", "40.9.0", "41.0.0", "41.0.1", "41.1.0", "41.2.0", "41.3.0", "41.4.0", "41.5.0", "41.5.1", "41.6.0", "42.0.0", "42.0.1", "42.0.2", "5.0", "5.0.1", "5.0.2", "5.1", "5.2", "5.3", "5.4", "5.4.1", "5.4.2", "5.5", "5.5.1", "5.6", "5.7", "5.8", "6.0.1", "6.0.2", "6.1", "7.0", "8.0", "8.0.1", "8.0.2", "8.0.3", "8.0.4", "8.1", "8.2", "8.2.1", "8.3", "9.0", "9.0.1", "9.1"]}], "specifier": null}, {"extra": [], "extras": [], "marker": null, "marker_evaluated": null, "marker_evaluation_error": null, "marker_evaluation_result": true, "normalized_package_name": "zope-interface", "package_name": "zope.interface", "resolved_versions": [{"index": "https://pypi.org/simple", "versions": ["3.3.0", "3.3.0.1", "3.4.0", "3.4.1", "3.5.0", "3.5.1", "3.5.2", "3.5.3", "3.6.0", "3.6.1", "3.6.2", "3.6.3", "3.6.4", "3.6.5", "3.6.6", "3.6.7", "3.6.8", "3.7.0", "3.8.0", "4.0.0", "4.0.1", "4.0.2", "4.0.3", "4.0.4", "4.0.5", "4.1.0", "4.1.1", "4.1.2", "4.1.3", "4.2.0", "4.3.0", "4.3.1", "4.3.2", "4.3.3", "4.4.0", "4.4.1", "4.4.2", "4.4.3", "4.5.0", "4.6.0", "4.7.0", "4.7.1"]}], "specifier": null}, {"extra": [], "extras": [], "marker": null, "marker_evaluated": null, "marker_evaluation_error": null, "marker_evaluation_result": true, "normalized_package_name": "zope-i18n", "package_name": "zope.i18n", "resolved_versions": [{"index": "https://pypi.org/simple", "versions": ["3.5.0", "3.6.0", "3.7.0", "3.7.1", "3.7.2", "3.7.3", "3.7.4", "3.8.0", "4.0.0", "4.0.1", "4.1.0", "4.2.0", "4.3.0", "4.3.1", "4.4", "4.5", "4.6.0", "4.6.1", "4.6.2", "4.7.0"]}], "specifier": ">=3.5"}, {"extra": [], "extras": [], "marker": null, "marker_evaluated": null, "marker_evaluation_error": null, "marker_evaluation_result": true, "normalized_package_name": "sourcecodegen", "package_name": "sourcecodegen", "resolved_versions": [{"index": "https://pypi.org/simple", "versions": ["0.6.10", "0.6.11", "0.6.12", "0.6.13", "0.6.14", "0.6.9"]}], "specifier": ">=0.6.9"}], "importlib_metadata": {"entry_points": [], "files": [{"hash": {"mode": "sha256", "value": "StlbD_fB9mGtOMEUDCi_LoAiPTcjxBpCA4_dPHe7iXk"}, "path": "chameleon.core-1.0b33-py3.7-nspkg.pth", "size": 554}, {"hash": {"mode": "sha256", "value": "zuuue4knoyJ-UwPPXg8fezS7VCrXJQrAP7zeNuwvFQg"}, "path": "chameleon.core-1.0b33.dist-info/INSTALLER", "size": 4}, {"hash": {"mode": "sha256", "value": "egmdTo8a-2H4YqRLbWqWY9gZc5tQtO8aib_MTSjsQPQ"}, "path": "chameleon.core-1.0b33.dist-info/METADATA", "size": 21032}, {"hash": null, "path": "chameleon.core-1.0b33.dist-info/RECORD", "size": null}, {"hash": {"mode": "sha256", "value": "wYBY2EO50FhAcckpWmO3c3Zwk2MALACx6lPAl6gVKnE"}, "path": "chameleon.core-1.0b33.dist-info/WHEEL", "size": 93}, {"hash": {"mode": "sha256", "value": "8p13kIC5-Qxjesus_FuO2hHdJhREZmPWIxd_ueEFI0k"}, "path": "chameleon.core-1.0b33.dist-info/namespace_packages.txt", "size": 10}, {"hash": {"mode": "sha256", "value": "8p13kIC5-Qxjesus_FuO2hHdJhREZmPWIxd_ueEFI0k"}, "path": "chameleon.core-1.0b33.dist-info/top_level.txt", "size": 10}, {"hash": {"mode": "sha256", "value": "MsSFjiLMLJZ7QhUPpVBWKiyDnCzryquRyr329NoCACI"}, "path": "chameleon/core/__init__.py", "size": 2}, {"hash": null, "path": "chameleon/core/__pycache__/__init__.cpython-37.pyc", "size": null}, {"hash": null, "path": "chameleon/core/__pycache__/clauses.cpython-37.pyc", "size": null}, {"hash": null, "path": "chameleon/core/__pycache__/config.cpython-37.pyc", "size": null}, {"hash": null, "path": "chameleon/core/__pycache__/doctypes.cpython-37.pyc", "size": null}, {"hash": null, "path": "chameleon/core/__pycache__/generation.cpython-37.pyc", "size": null}, {"hash": null, "path": "chameleon/core/__pycache__/interfaces.cpython-37.pyc", "size": null}, {"hash": null, "path": "chameleon/core/__pycache__/parsing.cpython-37.pyc", "size": null}, {"hash": null, "path": "chameleon/core/__pycache__/template.cpython-37.pyc", "size": null}, {"hash": null, "path": "chameleon/core/__pycache__/testing.cpython-37.pyc", "size": null}, {"hash": null, "path": "chameleon/core/__pycache__/transformer.cpython-37.pyc", "size": null}, {"hash": null, "path": "chameleon/core/__pycache__/translation.cpython-37.pyc", "size": null}, {"hash": null, "path": "chameleon/core/__pycache__/types.cpython-37.pyc", "size": null}, {"hash": {"mode": "sha256", "value": "xCUSrMWdWJ-xTkrJ3840qvVJbIpOCXXGjQm5cOFW8j8"}, "path": "chameleon/core/clauses.py", "size": 36546}, {"hash": {"mode": "sha256", "value": "V241BC5rZu9ioNMoSmh9IXasAjf8fpcH9y0-_HYW6IQ"}, "path": "chameleon/core/codegen.py", "size": 5671}, {"hash": {"mode": "sha256", "value": "7Hw3dYDcJ_Jy3an3QFpsxbJmTTQFYrNdMZn2rd6zU1Y"}, "path": "chameleon/core/codegen.txt", "size": 1018}, {"hash": {"mode": "sha256", "value": "Dtlva-OLRA6Yxj_k7w9m5gf6vEV5KQqRuk455IxPWXo"}, "path": "chameleon/core/config.py", "size": 3361}, {"hash": {"mode": "sha256", "value": "SLeVSVwzr4yVmyPO5YvUwJyvAeE28eTmILFFq_Tsfm8"}, "path": "chameleon/core/configure.zcml", "size": 129}, {"hash": {"mode": "sha256", "value": "UWSxwBfTphFLhJDwbAR1hbCswDV2m3y5jXZzb74JAxI"}, "path": "chameleon/core/doctypes.py", "size": 633}, {"hash": {"mode": "sha256", "value": "3Owta-KoRXZxVogQ_5Lj9i4g5B2bKkVTowFJ5xsXHx8"}, "path": "chameleon/core/etree.py", "size": 18774}, {"hash": {"mode": "sha256", "value": "0BRrVaYjD-GrdUYmJhB41QL5GV-tbEQr3mKjJPW8YpI"}, "path": "chameleon/core/filecache.py", "size": 3898}, {"hash": {"mode": "sha256", "value": "a7PVUd5ZhUe5MUdiFIWVbxxMVbG5Qvd7RfTjBvjKZrw"}, "path": "chameleon/core/filecache.txt", "size": 1561}, {"hash": {"mode": "sha256", "value": "NL3x7ZYnof0hVzuR2_eVc-sppKLqMk34X9TF8JKEcZ0"}, "path": "chameleon/core/generation.py", "size": 7327}, {"hash": {"mode": "sha256", "value": "WMoPBI9irQlr00Jde9_DSb6Mya9d3F_mbZrZw-gL9Gw"}, "path": "chameleon/core/interfaces.py", "size": 2205}, {"hash": {"mode": "sha256", "value": "L0KuPtLIxHBFhEUxHUvfKpRnm8U8kHNBSIpZMXFccEI"}, "path": "chameleon/core/loader.py", "size": 1456}, {"hash": {"mode": "sha256", "value": "LSeBqi6ViqAEFT8F109YK_DjytB6wqARGWxoa9zj5Ww"}, "path": "chameleon/core/parsing.py", "size": 3399}, {"hash": {"mode": "sha256", "value": "q2dUBzP-rbyzGq1CA7glVIFwgEhozJRnPYQG_karDXg"}, "path": "chameleon/core/template.py", "size": 11858}, {"hash": {"mode": "sha256", "value": "eten_S1INkHYik7BEW-OQuKnU5DMCqmeRPvjH2ljxQg"}, "path": "chameleon/core/template.txt", "size": 6656}, {"hash": {"mode": "sha256", "value": "gpLttFtuR2_jnt3rCsZslYNhyoLBm0Eoj2SntiffJxw"}, "path": "chameleon/core/testing.py", "size": 4317}, {"hash": {"mode": "sha256", "value": "47DEQpj8HBSa-_TImW-5JCeuQeRkm5NMpJWZG3hSuFU"}, "path": "chameleon/core/tests/__init__.py", "size": 0}, {"hash": null, "path": "chameleon/core/tests/__pycache__/__init__.cpython-37.pyc", "size": null}, {"hash": null, "path": "chameleon/core/tests/__pycache__/test_doctests.cpython-37.pyc", "size": null}, {"hash": null, "path": "chameleon/core/tests/__pycache__/test_edgecases.cpython-37.pyc", "size": null}, {"hash": null, "path": "chameleon/core/tests/__pycache__/test_loader.cpython-37.pyc", "size": null}, {"hash": {"mode": "sha256", "value": "q_yH71q--X_tEKI9inm_K4DJ6do6rrAIunKl62n6nUE"}, "path": "chameleon/core/tests/helloworld.pt", "size": 65}, {"hash": {"mode": "sha256", "value": "-RIWv92ZDWuvEgQq4bpluXRJdS8du0eZekuuW3G7gg4"}, "path": "chameleon/core/tests/test_doctests.py", "size": 792}, {"hash": {"mode": "sha256", "value": "mywhB7pUNHmHDJuq7hZoaD4CBK_9jyoIWGaLpRPZFNs"}, "path": "chameleon/core/tests/test_edgecases.py", "size": 3163}, {"hash": {"mode": "sha256", "value": "VwFS1AsqIyko4PfEPp_6retwyIkrzOKT5XUovK_GPH0"}, "path": "chameleon/core/tests/test_loader.py", "size": 1754}, {"hash": {"mode": "sha256", "value": "CNtJIhGkD4OZSP79ZObzgdowD2FmTRFT1c9yA51htqw"}, "path": "chameleon/core/tests/xinclude1.pt", "size": 135}, {"hash": {"mode": "sha256", "value": "kzn6-Y9_o0OvY_oZA2gG7YDjiCKF1h7i11jeITfGle0"}, "path": "chameleon/core/tests/xinclude2.pt", "size": 129}, {"hash": {"mode": "sha256", "value": "6ZVJAPnfeijY8JVV3fSikydFlX2vx48xATig-Mm08Y4"}, "path": "chameleon/core/transformer.py", "size": 7787}, {"hash": {"mode": "sha256", "value": "by_3TVeIbfhxNXexBmMnrTjZ64uhbqdihRBHd2Z2Gig"}, "path": "chameleon/core/translation.py", "size": 36002}, {"hash": {"mode": "sha256", "value": "UsVqrRElpH5tpfNUbqM5APri3JkQFRRKMq3Wldp3xE0"}, "path": "chameleon/core/translation.txt", "size": 6099}, {"hash": {"mode": "sha256", "value": "JGqIPHdwblnjXjRkdlEViiADGFMPvkV1LWl-wOALAuM"}, "path": "chameleon/core/types.py", "size": 2124}, {"hash": {"mode": "sha256", "value": "1WNHtMECYkXkFPMvyP7dE5gh2URp8nmrQyEWFjbmxVY"}, "path": "chameleon/core/utils.py", "size": 17947}], "metadata": {"Author": "Malthe Borch and the Zope Community", "Author-email": "zope-dev@zope.org", "Classifier": ["Programming Language :: Python", "Topic :: Text Processing :: Markup :: HTML", "Topic :: Text Processing :: Markup :: XML", "Topic :: Software Development :: Libraries :: Python Modules"], "Home-page": "UNKNOWN", "License": "BSD", "Metadata-Version": "2.1", "Name": "chameleon.core", "Platform": ["UNKNOWN"], "Requires-Dist": ["setuptools", "zope.interface", "zope.i18n (>=3.5)", "sourcecodegen (>=0.6.9)"], "Summary": "Attribute language template compiler", "Version": "1.0b33"}, "requires": ["setuptools", "zope.interface", "zope.i18n (>=3.5)", "sourcecodegen (>=0.6.9)"], "version": "1.0b33"}, "index_url": "https://pypi.org/simple", "package_name": "chameleon.core", "package_version": "1.0b33", "package_version_requested": "1.0b33", "sha256": ["251146218eacc8190a74c1aeb97158109394f148c15e7c211354e0a29a60eae4"]}], "unparsed": [], "unresolved": []}}