{"metadata": {"analyzer": "thoth-solver", "analyzer_version": "1.4.1", "arguments": {"python": {"exclude_packages": null, "index": "https://pypi.org/simple", "no_pretty": false, "no_transitive": true, "output": "http://result-api/api/v1/solver-result", "requirements": "plone-protect==3.0.25", "virtualenv": "/home/solver/venv"}, "thoth-solver": {"verbose": false}}, "datetime": "2019-12-24T16:51:51.781380", "distribution": {"codename": "", "id": "fedora", "like": "", "version": "31", "version_parts": {"build_number": "", "major": "31", "minor": ""}}, "document_id": "solver-fedora-31-py37-035484b0", "duration": 4, "hostname": "solver-fedora-31-py37-035484b0-vxldf", "os_release": {"id": "fedora", "name": "Fedora", "platform_id": "platform:f31", "redhat_bugzilla_product": "Fedora", "redhat_bugzilla_product_version": "31", "redhat_support_product": "Fedora", "redhat_support_product_version": "31", "variant_id": "container", "version": "31 (Container Image)", "version_id": "31"}, "python": {"api_version": 1013, "implementation_name": "cpython", "major": 3, "micro": 5, "minor": 7, "releaselevel": "final", "serial": 0}, "thoth_deployment_name": "thoth-psi-stage", "timestamp": 1577206311}, "result": {"environment": {"implementation_name": "cpython", "implementation_version": "3.7.5", "os_name": "posix", "platform_machine": "x86_64", "platform_python_implementation": "CPython", "platform_release": "3.10.0-957.21.2.el7.x86_64", "platform_system": "Linux", "platform_version": "#1 SMP Tue May 28 09:26:43 UTC 2019", "python_full_version": "3.7.5", "python_version": "3.7", "sys_platform": "linux"}, "environment_packages": [{"package_name": "pipdeptree", "package_version": "0.13.2"}], "errors": [], "tree": [{"dependencies": [{"extra": [], "extras": [], "marker": null, "marker_evaluated": null, "marker_evaluation_error": null, "marker_evaluation_result": true, "normalized_package_name": "setuptools", "package_name": "setuptools", "resolved_versions": [{"index": "https://pypi.org/simple", "versions": ["0.7.2", "0.7.3", "0.7.4", "0.7.5", "0.7.6", "0.7.7", "0.7.8", "0.8", "0.9", "0.9.1", "0.9.2", "0.9.3", "0.9.4", "0.9.5", "0.9.6", "0.9.7", "0.9.8", "1.0", "1.1", "1.1.1", "1.1.2", "1.1.3", "1.1.4", "1.1.5", "1.1.6", "1.1.7", "1.2", "1.3", "1.3.1", "1.3.2", "1.4", "1.4.1", "1.4.2", "10.0", "10.0.1", "10.1", "10.2", "10.2.1", "11.0", "11.1", "11.2", "11.3", "11.3.1", "12.0", "12.0.1", "12.0.2", "12.0.3", "12.0.4", "12.0.5", "12.1", "12.2", "12.3", "12.4", "13.0", "13.0.1", "13.0.2", "14.0", "14.1", "14.1.1", "14.2", "14.3", "14.3.1", "15.0", "15.1", "15.2", "16.0", "17.0", "17.1", "17.1.1", "18.0", "18.0.1", "18.1", "18.2", "18.3", "18.3.1", "18.3.2", "18.4", "18.5", "18.6", "18.6.1", "18.7", "18.7.1", "18.8", "18.8.1", "19.0", "19.1", "19.1.1", "19.2", "19.3", "19.4", "19.4.1", "19.5", "19.6", "19.6.1", "19.6.2", "19.7", "2.0", "2.0.1", "2.0.2", "2.1", "2.1.1", "2.1.2", "2.2", "20.0", "20.1", "20.1.1", "20.10.1", "20.2.2", "20.3", "20.3.1", "20.4", "20.6.6", "20.6.7", "20.6.8", "20.7.0", "20.8.0", "20.8.1", "20.9.0", "21.0.0", "21.1.0", "21.2.0", "21.2.1", "21.2.2", "22.0.0", "22.0.1", "22.0.2", "22.0.4", "22.0.5", "23.0.0", "23.1.0", "23.2.0", "23.2.1", "24.0.0", "24.0.1", "24.0.2", "24.0.3", "24.1.0", "24.1.1", "24.2.0", "24.2.1", "24.3.0", "24.3.1", "25.0.0", "25.0.1", "25.0.2", "25.1.0", "25.1.1", "25.1.2", "25.1.3", "25.1.4", "25.1.5", "25.1.6", "25.2.0", "25.3.0", "25.4.0", "26.0.0", "26.1.0", "26.1.1", "27.0.0", "27.1.0", "27.1.2", "27.2.0", "27.3.0", "27.3.1", "28.0.0", "28.1.0", "28.2.0", "28.3.0", "28.4.0", "28.5.0", "28.6.0", "28.6.1", "28.7.0", "28.7.1", "28.8.0", "28.8.1", "29.0.0", "29.0.1", "3.0", "3.0.1", "3.0.2", "3.1", "3.2", "3.3", "3.4", "3.4.1", "3.4.2", "3.4.3", "3.4.4", "3.5", "3.5.1", "3.5.2", "3.6", "3.7", "3.7.1", "3.8", "3.8.1", "30.0.0", "30.1.0", "30.2.0", "30.2.1", "30.3.0", "30.4.0", "31.0.0", "31.0.1", "32.0.0", "32.1.0", "32.1.1", "32.1.2", "32.1.3", "32.2.0", "32.3.0", "32.3.1", "33.1.0", "33.1.1", "34.0.0", "34.0.1", "34.0.2", "34.0.3", "34.1.0", "34.1.1", "34.2.0", "34.3.0", "34.3.1", "34.3.2", "34.3.3", "34.4.0", "34.4.1", "35.0.0", "35.0.1", "35.0.2", "36.0.1", "36.1.0", "36.1.1", "36.2.0", "36.2.1", "36.2.2", "36.2.3", "36.2.4", "36.2.5", "36.2.6", "36.2.7", "36.3.0", "36.4.0", "36.5.0", "36.6.0", "36.6.1", "36.7.0", "36.7.1", "36.7.2", "36.8.0", "37.0.0", "38.0.0", "38.1.0", "38.2.0", "38.2.1", "38.2.3", "38.2.4", "38.2.5", "38.3.0", "38.4.0", "38.4.1", "38.5.0", "38.5.1", "38.5.2", "38.6.0", "38.6.1", "38.7.0", "39.0.0", "39.0.1", "39.1.0", "39.2.0", "4.0", "4.0.1", "40.0.0", "40.1.0", "40.1.1", "40.2.0", "40.3.0", "40.4.0", "40.4.1", "40.4.2", "40.4.3", "40.5.0", "40.6.0", "40.6.1", "40.6.2", "40.6.3", "40.7.0", "40.7.1", "40.7.2", "40.7.3", "40.8.0", "40.9.0", "41.0.0", "41.0.1", "41.1.0", "41.2.0", "41.3.0", "41.4.0", "41.5.0", "41.5.1", "41.6.0", "42.0.0", "42.0.1", "42.0.2", "5.0", "5.0.1", "5.0.2", "5.1", "5.2", "5.3", "5.4", "5.4.1", "5.4.2", "5.5", "5.5.1", "5.6", "5.7", "5.8", "6.0.1", "6.0.2", "6.1", "7.0", "8.0", "8.0.1", "8.0.2", "8.0.3", "8.0.4", "8.1", "8.2", "8.2.1", "8.3", "9.0", "9.0.1", "9.1"]}], "specifier": null}, {"extra": [], "extras": [], "marker": null, "marker_evaluated": null, "marker_evaluation_error": null, "marker_evaluation_result": true, "normalized_package_name": "plone-keyring", "package_name": "plone.keyring", "resolved_versions": [{"index": "https://pypi.org/simple", "versions": ["3.0.0", "3.0.1", "3.0.2", "3.1.0", "3.1.1"]}], "specifier": ">=3.0dev"}, {"extra": [], "extras": [], "marker": null, "marker_evaluated": null, "marker_evaluation_error": null, "marker_evaluation_result": true, "normalized_package_name": "zope-component", "package_name": "zope.component", "resolved_versions": [{"index": "https://pypi.org/simple", "versions": ["3.10.0", "3.11.0", "3.12.0", "3.12.1", "3.4.0", "3.4dev-r72605", "3.4dev-r72747", "3.4dev-r72748", "3.4dev-r72749", "3.5.0", "3.5.1", "3.6.0", "3.7.0", "3.7.1", "3.8.0", "3.9.0", "3.9.1", "3.9.2", "3.9.3", "3.9.4", "3.9.5", "4.0.0", "4.0.1", "4.0.2", "4.1.0", "4.2.0", "4.2.1", "4.2.2", "4.3.0", "4.4.0", "4.4.1", "4.5", "4.6"]}], "specifier": null}, {"extra": [], "extras": [], "marker": null, "marker_evaluated": null, "marker_evaluation_error": null, "marker_evaluation_result": true, "normalized_package_name": "zope-interface", "package_name": "zope.interface", "resolved_versions": [{"index": "https://pypi.org/simple", "versions": ["3.3.0", "3.3.0.1", "3.4.0", "3.4.1", "3.5.0", "3.5.1", "3.5.2", "3.5.3", "3.6.0", "3.6.1", "3.6.2", "3.6.3", "3.6.4", "3.6.5", "3.6.6", "3.6.7", "3.6.8", "3.7.0", "3.8.0", "4.0.0", "4.0.1", "4.0.2", "4.0.3", "4.0.4", "4.0.5", "4.1.0", "4.1.1", "4.1.2", "4.1.3", "4.2.0", "4.3.0", "4.3.1", "4.3.2", "4.3.3", "4.4.0", "4.4.1", "4.4.2", "4.4.3", "4.5.0", "4.6.0", "4.7.0", "4.7.1"]}], "specifier": null}, {"extra": [], "extras": [], "marker": null, "marker_evaluated": null, "marker_evaluation_error": null, "marker_evaluation_result": true, "normalized_package_name": "zope2", "package_name": "Zope2", "resolved_versions": [{"index": "https://pypi.org/simple", "versions": ["2.12.0", "2.12.1", "2.12.10", "2.12.11", "2.12.12", "2.12.13", "2.12.14", "2.12.15", "2.12.16", "2.12.17", "2.12.18", "2.12.19", "2.12.2", "2.12.20", "2.12.21", "2.12.22", "2.12.23", "2.12.24", "2.12.25", "2.12.26", "2.12.27", "2.12.28", "2.12.3", "2.12.4", "2.12.5", "2.12.6", "2.12.7", "2.12.8", "2.12.9", "2.13.0", "2.13.1", "2.13.10", "2.13.11", "2.13.12", "2.13.13", "2.13.14", "2.13.15", "2.13.16", "2.13.17", "2.13.18", "2.13.19", "2.13.2", "2.13.20", "2.13.21", "2.13.22", "2.13.23", "2.13.24", "2.13.25", "2.13.26", "2.13.27", "2.13.28", "2.13.29", "2.13.3", "2.13.4", "2.13.5", "2.13.6", "2.13.7", "2.13.8", "2.13.9", "4.0"]}], "specifier": null}, {"extra": [], "extras": [], "marker": null, "marker_evaluated": null, "marker_evaluation_error": null, "marker_evaluation_result": true, "normalized_package_name": "plone-transformchain", "package_name": "plone.transformchain", "resolved_versions": [{"index": "https://pypi.org/simple", "versions": ["1.0", "1.0.2", "1.0.3", "1.0.4", "1.1.0", "1.2.0", "1.2.1", "1.2.2", "2.0.0", "2.0.1"]}], "specifier": null}, {"extra": [], "extras": [], "marker": null, "marker_evaluated": null, "marker_evaluation_error": null, "marker_evaluation_result": true, "normalized_package_name": "repoze-xmliter", "package_name": "repoze.xmliter", "resolved_versions": [{"index": "https://pypi.org/simple", "versions": ["0.3", "0.4", "0.5", "0.6"]}], "specifier": ">=0.3"}, {"extra": [], "extras": [], "marker": null, "marker_evaluated": null, "marker_evaluation_error": null, "marker_evaluation_result": true, "normalized_package_name": "five-globalrequest", "package_name": "five.globalrequest", "resolved_versions": [{"index": "https://pypi.org/simple", "versions": ["1.0", "99.0", "99.1"]}], "specifier": null}, {"extra": [], "extras": [], "marker": null, "marker_evaluated": null, "marker_evaluation_error": null, "marker_evaluation_result": true, "normalized_package_name": "collective-monkeypatcher", "package_name": "collective.monkeypatcher", "resolved_versions": [{"index": "https://pypi.org/simple", "versions": ["1.0", "1.0.1", "1.1", "1.1.1", "1.1.2", "1.1.3", "1.1.4", "1.1.5", "1.1.6", "1.2"]}], "specifier": null}, {"extra": ["test"], "extras": [], "marker": "extra == \"test\"", "marker_evaluated": "python_version >= \"0.0\"", "marker_evaluation_error": null, "marker_evaluation_result": true, "normalized_package_name": "plone-app-testing", "package_name": "plone.app.testing", "resolved_versions": [{"index": "https://pypi.org/simple", "versions": ["4.0", "4.0.1", "4.0.2", "4.2", "4.2.1", "4.2.2", "4.2.3", "4.2.4", "4.2.5", "4.2.6", "4.2.7", "5.0.0", "5.0.1", "5.0.2", "5.0.3", "5.0.4", "5.0.5", "5.0.6", "5.0.7", "5.0.8", "5.0.9", "6.0.0", "6.1.0", "6.1.1", "6.1.2", "6.1.3"]}], "specifier": null}, {"extra": ["test"], "extras": [], "marker": "extra == \"test\"", "marker_evaluated": "python_version >= \"0.0\"", "marker_evaluation_error": null, "marker_evaluation_result": true, "normalized_package_name": "products-cmfplone", "package_name": "Products.CMFPlone", "resolved_versions": [{"index": "https://pypi.org/simple", "versions": ["4.1", "4.1.1", "4.1.2", "4.1.3", "4.1.4", "4.1.5", "4.1.6", "4.2", "4.2.0.1", "4.2.1", "4.2.1.1", "4.2.2", "4.2.3", "4.2.4", "4.2.5", "4.2.6", "4.2.7", "4.3", "4.3.1", "4.3.10", "4.3.11", "4.3.12", "4.3.13", "4.3.14", "4.3.15", "4.3.16", "4.3.17", "4.3.18", "4.3.19", "4.3.2", "4.3.3", "4.3.4", "4.3.4.1", "4.3.5", "4.3.6", "4.3.7", "4.3.8", "4.3.9", "5.0", "5.0.1", "5.0.10", "5.0.2", "5.0.3", "5.0.3.1", "5.0.4", "5.0.5", "5.0.6", "5.0.7", "5.0.8", "5.0.9", "5.1.0", "5.1.0.1", "5.1.1", "5.1.2", "5.1.2.1", "5.1.3", "5.1.4", "5.1.5", "5.1.6", "5.2.0"]}], "specifier": null}], "importlib_metadata": {"entry_points": [], "files": [{"hash": {"mode": "sha256", "value": "A-p3CbMuHePaPWt53bhXUnHzJhSeZf4O2eZeA-vKGms"}, "path": "plone.protect-3.0.25-py3.7-nspkg.pth", "size": 534}, {"hash": {"mode": "sha256", "value": "zuuue4knoyJ-UwPPXg8fezS7VCrXJQrAP7zeNuwvFQg"}, "path": "plone.protect-3.0.25.dist-info/INSTALLER", "size": 4}, {"hash": {"mode": "sha256", "value": "Kj5C-i3vwRfvWxLj-A7zD0NMCCcQx8DxeiLho5ZnaM8"}, "path": "plone.protect-3.0.25.dist-info/METADATA", "size": 17024}, {"hash": null, "path": "plone.protect-3.0.25.dist-info/RECORD", "size": null}, {"hash": {"mode": "sha256", "value": "wYBY2EO50FhAcckpWmO3c3Zwk2MALACx6lPAl6gVKnE"}, "path": "plone.protect-3.0.25.dist-info/WHEEL", "size": 93}, {"hash": {"mode": "sha256", "value": "56bqrkG-vurYD0l15D71FPiDL7L3QqkfRWkYkdyS7WM"}, "path": "plone.protect-3.0.25.dist-info/namespace_packages.txt", "size": 6}, {"hash": {"mode": "sha256", "value": "56bqrkG-vurYD0l15D71FPiDL7L3QqkfRWkYkdyS7WM"}, "path": "plone.protect-3.0.25.dist-info/top_level.txt", "size": 6}, {"hash": {"mode": "sha256", "value": "3BO4Ks5-mG9YYuBBqYBwdqIDtpOovVRQd91jl_tW_qI"}, "path": "plone/protect/__init__.py", "size": 302}, {"hash": null, "path": "plone/protect/__pycache__/__init__.cpython-37.pyc", "size": null}, {"hash": null, "path": "plone/protect/__pycache__/authenticator.cpython-37.pyc", "size": null}, {"hash": null, "path": "plone/protect/__pycache__/auto.cpython-37.pyc", "size": null}, {"hash": null, "path": "plone/protect/__pycache__/interfaces.cpython-37.pyc", "size": null}, {"hash": null, "path": "plone/protect/__pycache__/postonly.cpython-37.pyc", "size": null}, {"hash": null, "path": "plone/protect/__pycache__/subscribers.cpython-37.pyc", "size": null}, {"hash": null, "path": "plone/protect/__pycache__/testing.cpython-37.pyc", "size": null}, {"hash": null, "path": "plone/protect/__pycache__/views.cpython-37.pyc", "size": null}, {"hash": {"mode": "sha256", "value": "vjG-CdYx6xySfRa89Z-F36r6E_wkbFsLQdCQNuMzvqQ"}, "path": "plone/protect/authenticator.py", "size": 3467}, {"hash": {"mode": "sha256", "value": "WPxbRW0kk7iqdiIJKtkVr5PET1dfnmgfaKPpui31A-g"}, "path": "plone/protect/auto.py", "size": 14046}, {"hash": {"mode": "sha256", "value": "iKIjfknDDPw-7cfpgGcQl9Bls5AHZi67xjhvrSShx4M"}, "path": "plone/protect/configure.zcml", "size": 1872}, {"hash": {"mode": "sha256", "value": "A5tcx4r5A35ftWgViiryQupyOnLe4n1rUtoY83li4xI"}, "path": "plone/protect/confirm.pt", "size": 1833}, {"hash": {"mode": "sha256", "value": "CGGpq1E2e5znqZAYVhc15LvxeZPOYGVFqPOQb5hJiCA"}, "path": "plone/protect/interfaces.py", "size": 561}, {"hash": {"mode": "sha256", "value": "EjXJ_bxr5TdzBF2zFcmmcnzSVbQCc5BK2M6YGMHI4jk"}, "path": "plone/protect/monkey.py", "size": 1345}, {"hash": {"mode": "sha256", "value": "FJ8fRLG5r4h2m_Sp3QjyaesFvoBMnr99tPV4RZnIsNQ"}, "path": "plone/protect/postonly.py", "size": 287}, {"hash": {"mode": "sha256", "value": "tcjGhronkXjBwSs_GXEOqQZtDOegDAPa2916-8whtEI"}, "path": "plone/protect/profiles/default/metadata.xml", "size": 181}, {"hash": {"mode": "sha256", "value": "uw2gqxRdgaKDzR0_ReOgTgVvc8YI4ObK9wqH8yYFGk4"}, "path": "plone/protect/protect.js", "size": 2896}, {"hash": {"mode": "sha256", "value": "mZgZw7lOSM9xvTX7bWHYBFuaQh92LOq30TB7K2kSR8U"}, "path": "plone/protect/subscribers.py", "size": 1950}, {"hash": {"mode": "sha256", "value": "Jxr0HeEuvS6-Y4K5T_PHaRD3tirq23lize22oCcQK_M"}, "path": "plone/protect/testing.py", "size": 2371}, {"hash": {"mode": "sha256", "value": "cE_w3bLptPrp1dfPIiawXtPHmdKdg0ayLtS4Bl4GTGA"}, "path": "plone/protect/tests/__init__.py", "size": 31}, {"hash": null, "path": "plone/protect/tests/__pycache__/__init__.cpython-37.pyc", "size": null}, {"hash": null, "path": "plone/protect/tests/__pycache__/case.cpython-37.pyc", "size": null}, {"hash": null, "path": "plone/protect/tests/__pycache__/testAuthenticator.cpython-37.pyc", "size": null}, {"hash": null, "path": "plone/protect/tests/__pycache__/testAuto.cpython-37.pyc", "size": null}, {"hash": null, "path": "plone/protect/tests/__pycache__/testPatches.cpython-37.pyc", "size": null}, {"hash": null, "path": "plone/protect/tests/__pycache__/testPostOnly.cpython-37.pyc", "size": null}, {"hash": null, "path": "plone/protect/tests/__pycache__/testUtils.cpython-37.pyc", "size": null}, {"hash": null, "path": "plone/protect/tests/__pycache__/test_confirm_view.cpython-37.pyc", "size": null}, {"hash": {"mode": "sha256", "value": "BKzUc3GRKVyQZ89F4PxqyA-SH1HP8f0iETDexW4AcSU"}, "path": "plone/protect/tests/case.py", "size": 1276}, {"hash": {"mode": "sha256", "value": "FWoahEqETUR6_QdDRRwo_3Tlst-BCFJdRjzZNt6pm9M"}, "path": "plone/protect/tests/test.zcml", "size": 495}, {"hash": {"mode": "sha256", "value": "nUscIOlptZzo9Sffmw6DHop_l0g9eASoGTnoR8oQIOE"}, "path": "plone/protect/tests/testAuthenticator.py", "size": 4778}, {"hash": {"mode": "sha256", "value": "RhBTepD3LimGDT5JCDEflAQLvbfovUbpxrhLkU3Dz0Y"}, "path": "plone/protect/tests/testAuto.py", "size": 6714}, {"hash": {"mode": "sha256", "value": "pe_ybUyERhR9yoNcuzzWWLCPSZoRMCsABo33wMR_X3w"}, "path": "plone/protect/tests/testPatches.py", "size": 1220}, {"hash": {"mode": "sha256", "value": "fDd5zAUD_OXLnpeauzOpdBNVIHRqcp59pT0Cj6rCXsI"}, "path": "plone/protect/tests/testPostOnly.py", "size": 902}, {"hash": {"mode": "sha256", "value": "Fr3rgTikV8FfEeXfV2QUdA3i5l5zzjhV14g0dg9Xjnw"}, "path": "plone/protect/tests/testUtils.py", "size": 2356}, {"hash": {"mode": "sha256", "value": "o4Yj9kfa1KCi5H0tASivArdL32pREopE3xNUWSjVSYo"}, "path": "plone/protect/tests/test_confirm_view.py", "size": 920}, {"hash": {"mode": "sha256", "value": "sriRm0oscC4IGFJ-WSQVIDXoNnz1WVQNE8KdlYoGlv0"}, "path": "plone/protect/utils.py", "size": 4114}, {"hash": {"mode": "sha256", "value": "NyRJbJQsx0jBvvrsdbE8Jh4yE-G006xWhnhKyDZ6yf8"}, "path": "plone/protect/views.py", "size": 594}], "metadata": {"Author": "Plone Foundation", "Author-email": "plone-developers@lists.sourceforge.net", "Classifier": ["Environment :: Web Environment", "Framework :: Plone", "Framework :: Plone :: 4.3", "Framework :: Plone :: 5.0", "Framework :: Plone :: 5.1", "Framework :: Zope2", "License :: OSI Approved :: BSD License", "Operating System :: OS Independent", "Programming Language :: Python", "Programming Language :: Python :: 2.6", "Programming Language :: Python :: 2.7"], "Home-page": "https://pypi.python.org/pypi/plone.protect", "Keywords": "zope security CSRF", "License": "BSD", "Metadata-Version": "2.1", "Name": "plone.protect", "Platform": ["UNKNOWN"], "Provides-Extra": ["test"], "Requires-Dist": ["setuptools", "plone.keyring (>=3.0dev)", "zope.component", "zope.interface", "Zope2", "plone.transformchain", "repoze.xmliter (>=0.3)", "five.globalrequest", "collective.monkeypatcher", "plone.app.testing ; extra == 'test'", "Products.CMFPlone ; extra == 'test'"], "Summary": "Security for browser forms", "Version": "3.0.25"}, "requires": ["setuptools", "plone.keyring (>=3.0dev)", "zope.component", "zope.interface", "Zope2", "plone.transformchain", "repoze.xmliter (>=0.3)", "five.globalrequest", "collective.monkeypatcher", "plone.app.testing ; extra == 'test'", "Products.CMFPlone ; extra == 'test'"], "version": "3.0.25"}, "index_url": "https://pypi.org/simple", "package_name": "plone.protect", "package_version": "3.0.25", "package_version_requested": "3.0.25", "sha256": ["1e88a859447ee514170ecb69875046484b64bb94508123a2444e9d63168445ed", "28e92948dd7f0a03910d479996758481f4e816fa257b882f7d306d7ff71fec2f"]}], "unparsed": [], "unresolved": []}}