{"metadata": {"analyzer": "thoth-solver", "analyzer_version": "1.5.1", "arguments": {"python": {"exclude_packages": null, "index": "https://pypi.org/simple", "no_pretty": false, "no_transitive": true, "output": "/mnt/workdir/solver-fedora-31-py37-058f5015", "requirements": "rst2pdf===0.97", "virtualenv": "/home/solver/venv"}, "thoth-solver": {"verbose": false}}, "datetime": "2020-05-10T19:03:17.139434", "distribution": {"codename": "", "id": "fedora", "like": "", "version": "31", "version_parts": {"build_number": "", "major": "31", "minor": ""}}, "document_id": "solver-fedora-31-py37-058f5015", "duration": 7, "hostname": "solver-fedora-31-py37-058f5015-108045897", "os_release": {"id": "fedora", "name": "Fedora", "platform_id": "platform:f31", "redhat_bugzilla_product": "Fedora", "redhat_bugzilla_product_version": "31", "redhat_support_product": "Fedora", "redhat_support_product_version": "31", "variant_id": "container", "version": "31 (Container Image)", "version_id": "31"}, "python": {"api_version": 1013, "implementation_name": "cpython", "major": 3, "micro": 6, "minor": 7, "releaselevel": "final", "serial": 0}, "thoth_deployment_name": "thoth-psi-stage", "timestamp": 1589137397}, "result": {"environment": {"implementation_name": "cpython", "implementation_version": "3.7.6", "os_name": "posix", "platform_machine": "x86_64", "platform_python_implementation": "CPython", "platform_release": "3.10.0-957.21.2.el7.x86_64", "platform_system": "Linux", "platform_version": "#1 SMP Tue May 28 09:26:43 UTC 2019", "python_full_version": "3.7.6", "python_version": "3.7", "sys_platform": "linux"}, "environment_packages": [{"package_name": "pipdeptree", "package_version": "0.13.2"}], "errors": [], "tree": [{"dependencies": [{"extra": [], "extras": [], "marker": null, "marker_evaluated": null, "marker_evaluation_error": null, "marker_evaluation_result": true, "normalized_package_name": "docutils", "package_name": "docutils", "resolved_versions": [{"index": "https://pypi.org/simple", "versions": ["0.10", "0.11", "0.12", "0.13.1", "0.14", "0.15", "0.15.1", "0.15.2", "0.16", "0.3", "0.3.5", "0.3.7", "0.3.9", "0.4", "0.5", "0.6", "0.7", "0.8", "0.8.1", "0.9", "0.9.1"]}], "specifier": null}, {"extra": [], "extras": [], "marker": null, "marker_evaluated": null, "marker_evaluation_error": null, "marker_evaluation_result": true, "normalized_package_name": "jinja2", "package_name": "jinja2", "resolved_versions": [{"index": "https://pypi.org/simple", "versions": ["2.0", "2.1", "2.1.1", "2.10", "2.10.1", "2.10.2", "2.10.3", "2.11.0", "2.11.1", "2.11.2", "2.2", "2.2.1", "2.3", "2.3.1", "2.4", "2.4.1", "2.5", "2.5.1", "2.5.2", "2.5.3", "2.5.4", "2.5.5", "2.6", "2.7", "2.7.1", "2.7.2", "2.7.3", "2.8", "2.8.1", "2.9", "2.9.1", "2.9.2", "2.9.3", "2.9.4", "2.9.5", "2.9.6"]}], "specifier": null}, {"extra": [], "extras": [], "marker": null, "marker_evaluated": null, "marker_evaluation_error": null, "marker_evaluation_result": true, "normalized_package_name": "pdfrw", "package_name": "pdfrw", "resolved_versions": [{"index": "https://pypi.org/simple", "versions": ["0.1", "0.2", "0.3", "0.4"]}], "specifier": null}, {"extra": [], "extras": [], "marker": null, "marker_evaluated": null, "marker_evaluation_error": null, "marker_evaluation_result": true, "normalized_package_name": "pygments", "package_name": "pygments", "resolved_versions": [{"index": "https://pypi.org/simple", "versions": ["0.10", "0.11", "0.11.1", "0.5", "0.5.1", "0.6", "0.7", "0.7.1", "0.8", "0.8.1", "0.9", "1.0", "1.1", "1.1.1", "1.2", "1.2.1", "1.2.2", "1.3", "1.3.1", "1.4", "1.5", "1.6", "2.0", "2.0.1", "2.0.2", "2.1", "2.1.1", "2.1.2", "2.1.3", "2.2.0", "2.3.0", "2.3.1", "2.4.0", "2.4.1", "2.4.2", "2.5.1", "2.5.2", "2.6.0", "2.6.1"]}], "specifier": null}, {"extra": [], "extras": [], "marker": null, "marker_evaluated": null, "marker_evaluation_error": null, "marker_evaluation_result": true, "normalized_package_name": "reportlab", "package_name": "reportlab", "resolved_versions": [{"index": "https://pypi.org/simple", "versions": ["2.0", "2.3", "2.4", "2.5", "2.6", "2.7", "3.0", "3.1.44", "3.1.8", "3.2.0", "3.3.0", "3.4.0", "3.5.0", "3.5.1", "3.5.10", "3.5.11", "3.5.12", "3.5.13", "3.5.16", "3.5.17", "3.5.18", "3.5.19", "3.5.2", "3.5.20", "3.5.21", "3.5.23", "3.5.26", "3.5.28", "3.5.31", "3.5.32", "3.5.34", "3.5.4", "3.5.42", "3.5.5", "3.5.6", "3.5.8", "3.5.9"]}], "specifier": null}, {"extra": [], "extras": [], "marker": null, "marker_evaluated": null, "marker_evaluation_error": null, "marker_evaluation_result": true, "normalized_package_name": "setuptools", "package_name": "setuptools", "resolved_versions": [{"index": "https://pypi.org/simple", "versions": ["0.7.2", "0.7.3", "0.7.4", "0.7.5", "0.7.6", "0.7.7", "0.7.8", "0.8", "0.9", "0.9.1", "0.9.2", "0.9.3", "0.9.4", "0.9.5", "0.9.6", "0.9.7", "0.9.8", "1.0", "1.1", "1.1.1", "1.1.2", "1.1.3", "1.1.4", "1.1.5", "1.1.6", "1.1.7", "1.2", "1.3", "1.3.1", "1.3.2", "1.4", "1.4.1", "1.4.2", "10.0", "10.0.1", "10.1", "10.2", "10.2.1", "11.0", "11.1", "11.2", "11.3", "11.3.1", "12.0", "12.0.1", "12.0.2", "12.0.3", "12.0.4", "12.0.5", "12.1", "12.2", "12.3", "12.4", "13.0", "13.0.1", "13.0.2", "14.0", "14.1", "14.1.1", "14.2", "14.3", "14.3.1", "15.0", "15.1", "15.2", "16.0", "17.0", "17.1", "17.1.1", "18.0", "18.0.1", "18.1", "18.2", "18.3", "18.3.1", "18.3.2", "18.4", "18.5", "18.6", "18.6.1", "18.7", "18.7.1", "18.8", "18.8.1", "19.0", "19.1", "19.1.1", "19.2", "19.3", "19.4", "19.4.1", "19.5", "19.6", "19.6.1", "19.6.2", "19.7", "2.0", "2.0.1", "2.0.2", "2.1", "2.1.1", "2.1.2", "2.2", "20.0", "20.1", "20.1.1", "20.10.1", "20.2.2", "20.3", "20.3.1", "20.4", "20.6.6", "20.6.7", "20.6.8", "20.7.0", "20.8.0", "20.8.1", "20.9.0", "21.0.0", "21.1.0", "21.2.0", "21.2.1", "21.2.2", "22.0.0", "22.0.1", "22.0.2", "22.0.4", "22.0.5", "23.0.0", "23.1.0", "23.2.0", "23.2.1", "24.0.0", "24.0.1", "24.0.2", "24.0.3", "24.1.0", "24.1.1", "24.2.0", "24.2.1", "24.3.0", "24.3.1", "25.0.0", "25.0.1", "25.0.2", "25.1.0", "25.1.1", "25.1.2", "25.1.3", "25.1.4", "25.1.5", "25.1.6", "25.2.0", "25.3.0", "25.4.0", "26.0.0", "26.1.0", "26.1.1", "27.0.0", "27.1.0", "27.1.2", "27.2.0", "27.3.0", "27.3.1", "28.0.0", "28.1.0", "28.2.0", "28.3.0", "28.4.0", "28.5.0", "28.6.0", "28.6.1", "28.7.0", "28.7.1", "28.8.0", "28.8.1", "29.0.0", "29.0.1", "3.0", "3.0.1", "3.0.2", "3.1", "3.2", "3.3", "3.4", "3.4.1", "3.4.2", "3.4.3", "3.4.4", "3.5", "3.5.1", "3.5.2", "3.6", "3.7", "3.7.1", "3.8", "3.8.1", "30.0.0", "30.1.0", "30.2.0", "30.2.1", "30.3.0", "30.4.0", "31.0.0", "31.0.1", "32.0.0", "32.1.0", "32.1.1", "32.1.2", "32.1.3", "32.2.0", "32.3.0", "32.3.1", "33.1.0", "33.1.1", "34.0.0", "34.0.1", "34.0.2", "34.0.3", "34.1.0", "34.1.1", "34.2.0", "34.3.0", "34.3.1", "34.3.2", "34.3.3", "34.4.0", "34.4.1", "35.0.0", "35.0.1", "35.0.2", "36.0.1", "36.1.0", "36.1.1", "36.2.0", "36.2.1", "36.2.2", "36.2.3", "36.2.4", "36.2.5", "36.2.6", "36.2.7", "36.3.0", "36.4.0", "36.5.0", "36.6.0", "36.6.1", "36.7.0", "36.7.1", "36.7.2", "36.8.0", "37.0.0", "38.0.0", "38.1.0", "38.2.0", "38.2.1", "38.2.3", "38.2.4", "38.2.5", "38.3.0", "38.4.0", "38.4.1", "38.5.0", "38.5.1", "38.5.2", "38.6.0", "38.6.1", "38.7.0", "39.0.0", "39.0.1", "39.1.0", "39.2.0", "4.0", "4.0.1", "40.0.0", "40.1.0", "40.1.1", "40.2.0", "40.3.0", "40.4.0", "40.4.1", "40.4.2", "40.4.3", "40.5.0", "40.6.0", "40.6.1", "40.6.2", "40.6.3", "40.7.0", "40.7.1", "40.7.2", "40.7.3", "40.8.0", "40.9.0", "41.0.0", "41.0.1", "41.1.0", "41.2.0", "41.3.0", "41.4.0", "41.5.0", "41.5.1", "41.6.0", "42.0.0", "42.0.1", "42.0.2", "43.0.0", "44.0.0", "44.1.0", "45.0.0", "45.1.0", "45.2.0", "45.3.0", "46.0.0", "46.1.0", "46.1.1", "46.1.2", "46.1.3", "5.0", "5.0.1", "5.0.2", "5.1", "5.2", "5.3", "5.4", "5.4.1", "5.4.2", "5.5", "5.5.1", "5.6", "5.7", "5.8", "6.0.1", "6.0.2", "6.1", "7.0", "8.0", "8.0.1", "8.0.2", "8.0.3", "8.0.4", "8.1", "8.2", "8.2.1", "8.3", "9.0", "9.0.1", "9.1"]}], "specifier": null}, {"extra": [], "extras": [], "marker": null, "marker_evaluated": null, "marker_evaluation_error": null, "marker_evaluation_result": true, "normalized_package_name": "six", "package_name": "six", "resolved_versions": [{"index": "https://pypi.org/simple", "versions": ["0.9.0", "0.9.1", "0.9.2", "1.0.0", "1.1.0", "1.10.0", "1.11.0", "1.12.0", "1.13.0", "1.14.0", "1.2.0", "1.3.0", "1.4.0", "1.4.1", "1.5.0", "1.5.1", "1.5.2", "1.6.0", "1.6.1", "1.7.0", "1.7.1", "1.7.2", "1.7.3", "1.8.0", "1.9.0"]}], "specifier": null}, {"extra": [], "extras": [], "marker": null, "marker_evaluated": null, "marker_evaluation_error": null, "marker_evaluation_result": true, "normalized_package_name": "smartypants", "package_name": "smartypants", "resolved_versions": [{"index": "https://pypi.org/simple", "versions": ["1.6.0.2", "1.6.0.3", "1.7.0", "1.7.1", "1.8.0", "1.8.1", "1.8.2", "1.8.3", "1.8.4", "1.8.5", "1.8.6", "2.0.0", "2.0.1"]}], "specifier": null}, {"extra": ["aafiguresupport"], "extras": [], "marker": "extra == \"aafiguresupport\"", "marker_evaluated": "python_version >= \"0.0\"", "marker_evaluation_error": null, "marker_evaluation_result": true, "normalized_package_name": "aafigure", "package_name": "aafigure", "resolved_versions": [{"index": "https://pypi.org/simple", "versions": ["0.4", "0.5", "0.6"]}], "specifier": ">=0.4"}, {"extra": ["hyphenation"], "extras": [], "marker": "extra == \"hyphenation\"", "marker_evaluated": "python_version >= \"0.0\"", "marker_evaluation_error": null, "marker_evaluation_result": true, "normalized_package_name": "wordaxe", "package_name": "wordaxe", "resolved_versions": [{"index": "https://pypi.org/simple", "versions": ["1.0.0", "1.0.1"]}], "specifier": ">=1.0"}, {"extra": ["mathsupport"], "extras": [], "marker": "extra == \"mathsupport\"", "marker_evaluated": "python_version >= \"0.0\"", "marker_evaluation_error": null, "marker_evaluation_result": true, "normalized_package_name": "matplotlib", "package_name": "matplotlib", "resolved_versions": [{"index": "https://pypi.org/simple", "versions": ["0.63.0", "0.64", "0.65", "0.70", "0.71", "0.83.2", "0.85", "0.86", "0.86.1", "0.86.2", "0.87.1", "0.87.2", "0.87.3", "0.87.4", "0.87.5", "0.87.6", "0.87.7", "0.90.0", "0.90.1", "0.91.0", "0.91.1", "0.91.2", "0.91.3", "0.91.4", "0.98.0", "0.98.1", "0.98.3", "0.98.5.1", "0.98.5.3", "0.99.0", "0.99.1", "0.99.3", "1.0.0", "1.0.1", "1.1.0", "1.1.1", "1.2.0", "1.2.1", "1.3.0", "1.3.1", "1.4.0", "1.4.1", "1.4.2", "1.4.3", "1.5.0", "1.5.1", "1.5.2", "1.5.3", "2.0.0", "2.0.1", "2.0.2", "2.1.0", "2.1.1", "2.1.2", "2.2.0", "2.2.2", "2.2.3", "2.2.4", "2.2.5", "3.0.0", "3.0.1", "3.0.2", "3.0.3", "3.1.0", "3.1.1", "3.1.2", "3.1.3", "3.2.0", "3.2.1"]}], "specifier": null}, {"extra": ["rawhtmlsupport"], "extras": [], "marker": "extra == \"rawhtmlsupport\"", "marker_evaluated": "python_version >= \"0.0\"", "marker_evaluation_error": null, "marker_evaluation_result": true, "normalized_package_name": "xhtml2pdf", "package_name": "xhtml2pdf", "resolved_versions": [{"index": "https://pypi.org/simple", "versions": ["0.0.0", "0.0.1", "0.0.2", "0.0.3", "0.0.4", "0.0.5", "0.0.6", "0.2", "0.2.1", "0.2.2", "0.2.3", "0.2.4"]}], "specifier": null}, {"extra": ["sphinx"], "extras": [], "marker": "extra == \"sphinx\"", "marker_evaluated": "python_version >= \"0.0\"", "marker_evaluation_error": null, "marker_evaluation_result": true, "normalized_package_name": "sphinx", "package_name": "sphinx", "resolved_versions": [{"index": "https://pypi.org/simple", "versions": ["0.1.61611", "0.1.61798", "0.1.61843", "0.1.61945", "0.1.61950", "0.2", "0.3", "0.4", "0.4.1", "0.4.2", "0.4.3", "0.5", "0.5.1", "0.5.2", "0.6", "0.6.1", "0.6.2", "0.6.3", "0.6.4", "0.6.5", "0.6.6", "0.6.7", "1.0", "1.0.1", "1.0.2", "1.0.3", "1.0.4", "1.0.5", "1.0.6", "1.0.7", "1.0.8", "1.1", "1.1.1", "1.1.2", "1.1.3", "1.2", "1.2.1", "1.2.2", "1.2.3", "1.3", "1.3.1", "1.3.2", "1.3.3", "1.3.4", "1.3.5", "1.3.6", "1.4", "1.4.1", "1.4.2", "1.4.3", "1.4.4", "1.4.5", "1.4.6", "1.4.7", "1.4.8", "1.4.9", "1.5", "1.5.1", "1.5.2", "1.5.3", "1.5.4", "1.5.5", "1.5.6", "1.6.1", "1.6.2", "1.6.3", "1.6.4", "1.6.5", "1.6.6", "1.6.7", "1.7.0", "1.7.1", "1.7.2", "1.7.3", "1.7.4", "1.7.5", "1.7.6", "1.7.7", "1.7.8", "1.7.9", "1.8.0", "1.8.1", "1.8.2", "1.8.3", "1.8.4", "1.8.5", "2.0.0", "2.0.1", "2.1.0", "2.1.1", "2.1.2", "2.2.0", "2.2.1", "2.2.2", "2.3.0", "2.3.1", "2.4.0", "2.4.1", "2.4.2", "2.4.3", "2.4.4", "3.0.0", "3.0.1", "3.0.2", "3.0.3"]}], "specifier": null}, {"extra": ["svgsupport"], "extras": [], "marker": "extra == \"svgsupport\"", "marker_evaluated": "python_version >= \"0.0\"", "marker_evaluation_error": null, "marker_evaluation_result": true, "normalized_package_name": "svglib", "package_name": "svglib", "resolved_versions": [{"index": "https://pypi.org/simple", "versions": ["0.6.0", "0.6.1", "0.6.2", "0.6.3", "0.8.0", "0.8.1", "0.9.0", "0.9.1", "0.9.2", "0.9.3", "0.9.4", "1.0.0"]}], "specifier": null}, {"extra": ["tests"], "extras": [], "marker": "extra == \"tests\"", "marker_evaluated": "python_version >= \"0.0\"", "marker_evaluation_error": null, "marker_evaluation_result": true, "normalized_package_name": "pypdf2", "package_name": "pyPdf2", "resolved_versions": [{"index": "https://pypi.org/simple", "versions": ["1.15", "1.16", "1.17", "1.18", "1.19", "1.20", "1.21", "1.22", "1.23", "1.24", "1.25", "1.25.1", "1.26.0"]}], "specifier": null}], "importlib_metadata": {"entry_points": [{"group": "console_scripts", "name": "rst2pdf", "value": "rst2pdf.createpdf:main"}], "files": [{"hash": {"mode": "sha256", "value": "jywBP4q6-LxF5sgE4PeAl8TOFeALVTjZY1z4LK21K2I"}, "path": "../../../bin/rst2pdf", "size": 229}, {"hash": {"mode": "sha256", "value": "zuuue4knoyJ-UwPPXg8fezS7VCrXJQrAP7zeNuwvFQg"}, "path": "rst2pdf-0.97.dist-info/INSTALLER", "size": 4}, {"hash": {"mode": "sha256", "value": "n3bCpE6lqPLLwmRp7homp7dsPtjhoY4LTOMkxJe2ulc"}, "path": "rst2pdf-0.97.dist-info/LICENSE.txt", "size": 1107}, {"hash": {"mode": "sha256", "value": "8k6PH-K0MLAXS4OTyL849M3iFF0_La1Id62zgSnq2Bs"}, "path": "rst2pdf-0.97.dist-info/METADATA", "size": 4417}, {"hash": null, "path": "rst2pdf-0.97.dist-info/RECORD", "size": null}, {"hash": {"mode": "sha256", "value": "p46_5Uhzqz6AzeSosiOnxK-zmFja1i22CrQCjmYe8ec"}, "path": "rst2pdf-0.97.dist-info/WHEEL", "size": 92}, {"hash": {"mode": "sha256", "value": "tLyvxQe2l3sNLJUP4w5htq0Pc1DbMopJJGIcHxpHEVc"}, "path": "rst2pdf-0.97.dist-info/entry_points.txt", "size": 52}, {"hash": {"mode": "sha256", "value": "C5tp7jLMjUdh_ZHBI0jtFRxx3npXqsQ2oCjf3we0oTw"}, "path": "rst2pdf-0.97.dist-info/top_level.txt", "size": 8}, {"hash": {"mode": "sha256", "value": "rv0ZnjMwgCDqUUaSIg4QFY42hiqpJJv3FR0HcRdu-yc"}, "path": "rst2pdf/__init__.py", "size": 249}, {"hash": null, "path": "rst2pdf/__pycache__/__init__.cpython-37.pyc", "size": null}, {"hash": null, "path": "rst2pdf/__pycache__/aafigure_directive.cpython-37.pyc", "size": null}, {"hash": null, "path": "rst2pdf/__pycache__/basenodehandler.cpython-37.pyc", "size": null}, {"hash": null, "path": "rst2pdf/__pycache__/config.cpython-37.pyc", "size": null}, {"hash": null, "path": "rst2pdf/__pycache__/counter_off_role.cpython-37.pyc", "size": null}, {"hash": null, "path": "rst2pdf/__pycache__/counter_role.cpython-37.pyc", "size": null}, {"hash": null, "path": "rst2pdf/__pycache__/createpdf.cpython-37.pyc", "size": null}, {"hash": null, "path": "rst2pdf/__pycache__/dumpstyle.cpython-37.pyc", "size": null}, {"hash": null, "path": "rst2pdf/__pycache__/findfonts.cpython-37.pyc", "size": null}, {"hash": null, "path": "rst2pdf/__pycache__/flowables.cpython-37.pyc", "size": null}, {"hash": null, "path": "rst2pdf/__pycache__/genelements.cpython-37.pyc", "size": null}, {"hash": null, "path": "rst2pdf/__pycache__/genpdftext.cpython-37.pyc", "size": null}, {"hash": null, "path": "rst2pdf/__pycache__/image.cpython-37.pyc", "size": null}, {"hash": null, "path": "rst2pdf/__pycache__/languages.cpython-37.pyc", "size": null}, {"hash": null, "path": "rst2pdf/__pycache__/log.cpython-37.pyc", "size": null}, {"hash": null, "path": "rst2pdf/__pycache__/math_flowable.cpython-37.pyc", "size": null}, {"hash": null, "path": "rst2pdf/__pycache__/nodehandlers.cpython-37.pyc", "size": null}, {"hash": null, "path": "rst2pdf/__pycache__/noop_directive.cpython-37.pyc", "size": null}, {"hash": null, "path": "rst2pdf/__pycache__/oddeven_directive.cpython-37.pyc", "size": null}, {"hash": null, "path": "rst2pdf/__pycache__/opt_imports.cpython-37.pyc", "size": null}, {"hash": null, "path": "rst2pdf/__pycache__/pdfbuilder.cpython-37.pyc", "size": null}, {"hash": null, "path": "rst2pdf/__pycache__/pygments2style.cpython-37.pyc", "size": null}, {"hash": null, "path": "rst2pdf/__pycache__/pygments_code_block_directive.cpython-37.pyc", "size": null}, {"hash": null, "path": "rst2pdf/__pycache__/rson.cpython-37.pyc", "size": null}, {"hash": null, "path": "rst2pdf/__pycache__/sectnumlinks.cpython-37.pyc", "size": null}, {"hash": null, "path": "rst2pdf/__pycache__/sinker.cpython-37.pyc", "size": null}, {"hash": null, "path": "rst2pdf/__pycache__/sphinxnodes.cpython-37.pyc", "size": null}, {"hash": null, "path": "rst2pdf/__pycache__/styles.cpython-37.pyc", "size": null}, {"hash": null, "path": "rst2pdf/__pycache__/svgimage.cpython-37.pyc", "size": null}, {"hash": null, "path": "rst2pdf/__pycache__/utils.cpython-37.pyc", "size": null}, {"hash": null, "path": "rst2pdf/__pycache__/writer.cpython-37.pyc", "size": null}, {"hash": {"mode": "sha256", "value": "mQTSgKvgvuxZe_OW19h4M_LEBIj_ka84H1dlQd5VIIo"}, "path": "rst2pdf/aafigure_directive.py", "size": 3534}, {"hash": {"mode": "sha256", "value": "OKfJXjDiPbXf9aCNbcGG8SiVT0k0MrLlZRmEwdlY3lI"}, "path": "rst2pdf/basenodehandler.py", "size": 11122}, {"hash": {"mode": "sha256", "value": "4B9-KXpzUU8xJpoYxspePLOhcwzwf8unC3Iu6T-rfp4"}, "path": "rst2pdf/config.py", "size": 919}, {"hash": {"mode": "sha256", "value": "Ok1n9fsFnN-o-yOfYSS7fekBFlkG9FW4ovn5QO07W4g"}, "path": "rst2pdf/counter_off_role.py", "size": 281}, {"hash": {"mode": "sha256", "value": "KCbO370ZpBImQnop0TsH0PINKpM8XDllQzuPekcCGps"}, "path": "rst2pdf/counter_role.py", "size": 774}, {"hash": {"mode": "sha256", "value": "__mw8uYtiaK0uE0LveDa-tuGUuCzgzC6s9igUuFnWKc"}, "path": "rst2pdf/createpdf.py", "size": 64920}, {"hash": {"mode": "sha256", "value": "vrNtvyYKV6mv9wEH-Hys8ZXfHFVecTZHFhjCxjSE44Y"}, "path": "rst2pdf/dumpstyle.py", "size": 4990}, {"hash": {"mode": "sha256", "value": "oGrJIGaKNKkjv9Li5ymkkBUDF4g_zN-yj2nBW8MHMto"}, "path": "rst2pdf/extensions/__init__.py", "size": 248}, {"hash": null, "path": "rst2pdf/extensions/__pycache__/__init__.cpython-37.pyc", "size": null}, {"hash": null, "path": "rst2pdf/extensions/__pycache__/dotted_toc.cpython-37.pyc", "size": null}, {"hash": null, "path": "rst2pdf/extensions/__pycache__/fancytitles.cpython-37.pyc", "size": null}, {"hash": null, "path": "rst2pdf/extensions/__pycache__/inkscape_r2p.cpython-37.pyc", "size": null}, {"hash": null, "path": "rst2pdf/extensions/__pycache__/plantuml.cpython-37.pyc", "size": null}, {"hash": null, "path": "rst2pdf/extensions/__pycache__/preprocess_r2p.cpython-37.pyc", "size": null}, {"hash": null, "path": "rst2pdf/extensions/__pycache__/sample.cpython-37.pyc", "size": null}, {"hash": null, "path": "rst2pdf/extensions/__pycache__/vectorpdf_r2p.cpython-37.pyc", "size": null}, {"hash": {"mode": "sha256", "value": "z6OSV66P9SCn7TiDuKwpqKid6QbykT-zuWhi5c7d9Q4"}, "path": "rst2pdf/extensions/dotted_toc.py", "size": 6339}, {"hash": {"mode": "sha256", "value": "blhXKgKZP6HdGhBtLrmto03Hk99pFosZjBnkwg-WSzg"}, "path": "rst2pdf/extensions/fancytitles.py", "size": 5759}, {"hash": {"mode": "sha256", "value": "VRE1ogxoCGByfoJ_L6f1voAVb-H4h3amwH3EGqUWap8"}, "path": "rst2pdf/extensions/inkscape_r2p.py", "size": 4389}, {"hash": {"mode": "sha256", "value": "AjhC4IaQRoCIDryyChe4TxwmLqOUTm7nzUKteYun1gU"}, "path": "rst2pdf/extensions/plantuml.py", "size": 2512}, {"hash": {"mode": "sha256", "value": "lUcwD5QNKYJhYSIaybx1U_ziHogW1_jggBo6b92tVCE"}, "path": "rst2pdf/extensions/preprocess_r2p.py", "size": 13291}, {"hash": {"mode": "sha256", "value": "vBQ1qPg0TMd-eRACbVzv-p6i2ujOWMsbGb7vCUjuH-U"}, "path": "rst2pdf/extensions/sample.py", "size": 691}, {"hash": {"mode": "sha256", "value": "cIFy-vTDNqz_AtVL28VfdwRYPrQwvJr2vhRprY_pw5s"}, "path": "rst2pdf/extensions/vectorpdf_r2p.py", "size": 5167}, {"hash": {"mode": "sha256", "value": "9Ct-N963TG2t3GQqqZGkTj8Qdz06LCDorNXbQwkMmzw"}, "path": "rst2pdf/findfonts.py", "size": 13264}, {"hash": {"mode": "sha256", "value": "_szNmpG2NRvnVHigcnQKajTuYfL8dNDiYwD807bUiRg"}, "path": "rst2pdf/flowables.py", "size": 38976}, {"hash": {"mode": "sha256", "value": "I7DLEw-rClP0y_8uKLqx8b2VAmxk6Nhjh4K_MmMqc8g"}, "path": "rst2pdf/genelements.py", "size": 40099}, {"hash": {"mode": "sha256", "value": "O0nZYMwKAr3fcGUhu66VrQDwH8G4oBxavILTLe2Xeq8"}, "path": "rst2pdf/genpdftext.py", "size": 8688}, {"hash": {"mode": "sha256", "value": "CtX614KwDpX2OI4tS89WFIsyjvKoPoPHStapQWngIGk"}, "path": "rst2pdf/image.py", "size": 15199}, {"hash": {"mode": "sha256", "value": "OucKiWTo2woyYrWXtE7lvIwW5i5obvjuE3inJrLr23Q"}, "path": "rst2pdf/images/image-missing.jpg", "size": 5101}, {"hash": {"mode": "sha256", "value": "zem7Qkj64pZpL_iNM-W57738BT8zL7aNh-HSH0LfO8k"}, "path": "rst2pdf/images/image-missing.png", "size": 11228}, {"hash": {"mode": "sha256", "value": "MgmRspJbvOBHosIU79JjUzytdhGjF8HWsyaHJ5vFkaM"}, "path": "rst2pdf/languages.py", "size": 1527}, {"hash": {"mode": "sha256", "value": "iZuguivZ3Dp1283MT4ihhuzRQ0Yyp7QLQsWdnyL6iFo"}, "path": "rst2pdf/log.py", "size": 669}, {"hash": {"mode": "sha256", "value": "UCcl9rgZFYbUhZ07ftCNQRhRqntJM-hxuH1PNfQjDpk"}, "path": "rst2pdf/math_flowable.py", "size": 6702}, {"hash": {"mode": "sha256", "value": "diq2oDWIk1NPwQOaQhbWxG4DhgkNCUAMlt7_f1sg1A0"}, "path": "rst2pdf/nodehandlers.py", "size": 369}, {"hash": {"mode": "sha256", "value": "t-SZAPVTE0kbSNVdfFeeAn4-BA9B8j0XRM-RIb11XuU"}, "path": "rst2pdf/noop_directive.py", "size": 240}, {"hash": {"mode": "sha256", "value": "kWEV5zfuLkP7YRzTsjeXJrW8eKMMZWAQIx1TTvZbXPU"}, "path": "rst2pdf/oddeven_directive.py", "size": 952}, {"hash": {"mode": "sha256", "value": "_tygZAXdtkkdgAednRlkv-vBqwtJIMF60peH7sd0G4U"}, "path": "rst2pdf/opt_imports.py", "size": 1729}, {"hash": {"mode": "sha256", "value": "_rLV27G1bPEjH7nMrYadiI6Nvh30S7FX6fFGrzP3e2Y"}, "path": "rst2pdf/pdfbuilder.py", "size": 37870}, {"hash": {"mode": "sha256", "value": "TrPow669vsxH9SBxA6q5T8j2vuYRjSSiIjnsycgIVe8"}, "path": "rst2pdf/pygments2style.py", "size": 2645}, {"hash": {"mode": "sha256", "value": "ATiPlBhm60s7Y8X5ol3MHbqePzrV8LJK5YEV85Whhd8"}, "path": "rst2pdf/pygments_code_block_directive.py", "size": 16047}, {"hash": {"mode": "sha256", "value": "_exngvOYT7J4_UMp7kcZqLqiTwuti8e3Q7UvGPAjU0M"}, "path": "rst2pdf/rson.py", "size": 35059}, {"hash": {"mode": "sha256", "value": "8y2gBIUm17NHzJ9TyUrlzk63iM0XrcdxQcuA94AsPq8"}, "path": "rst2pdf/sectnumlinks.py", "size": 847}, {"hash": {"mode": "sha256", "value": "OWL-Ss6cA-MCym_JJ8qfgIomrigfNeGlZh0d-EG4CLQ"}, "path": "rst2pdf/sinker.py", "size": 965}, {"hash": {"mode": "sha256", "value": "ncS98kGQat1Haq9-GLIZHg88lUqBPUbTN833cpex8_Y"}, "path": "rst2pdf/sphinxnodes.py", "size": 8050}, {"hash": {"mode": "sha256", "value": "7MCr6hoCTsss_xQpJP7-Da14zfJDgbjh5xIfNAIDk30"}, "path": "rst2pdf/styles.py", "size": 36347}, {"hash": {"mode": "sha256", "value": "XWx7b1DCWpWXeMjv-BG86SwWpao0-QUYcYbze3z6Fek"}, "path": "rst2pdf/styles/11x17.style", "size": 33}, {"hash": {"mode": "sha256", "value": "kQijFuy-dHOdCq6cAVTTXkw4priSCzdNdYy7xBauVjw"}, "path": "rst2pdf/styles/a0.style", "size": 20}, {"hash": {"mode": "sha256", "value": "chFe_0Eq8V8OKXpkIYx48of0zlYw10UEOt43jIfwC0k"}, "path": "rst2pdf/styles/a1-landscape.style", "size": 30}, {"hash": {"mode": "sha256", "value": "4OVOWxpsbwtv2Kyd8UDP-KAejjFvQPX1gDygLVdxo6U"}, "path": "rst2pdf/styles/a1.style", "size": 20}, {"hash": {"mode": "sha256", "value": "DzfiavAlqk_aZJLz0DpCbo3OmiGfQTQwsE1n2jiiMrg"}, "path": "rst2pdf/styles/a2-landscape.style", "size": 30}, {"hash": {"mode": "sha256", "value": "f0BjFRm-0xbvSfeUVJPe7qyn5O0SflP6uuXbQwTyCM8"}, "path": "rst2pdf/styles/a2.style", "size": 20}, {"hash": {"mode": "sha256", "value": "yBQBxhWQ_TdbStBUVKdeR6x78b2XgyNw0_6tHMw6Tck"}, "path": "rst2pdf/styles/a3-landscape.style", "size": 30}, {"hash": {"mode": "sha256", "value": "fv1Us4gCKK2zhi8krcPxHLj4OluxOm0txJWa_hrD9qg"}, "path": "rst2pdf/styles/a3.style", "size": 20}, {"hash": {"mode": "sha256", "value": "hTTpCoXV8qpyJKTCt1yRa9yrV8nZCyAvYOdBmnjc_eg"}, "path": "rst2pdf/styles/a4-landscape.style", "size": 30}, {"hash": {"mode": "sha256", "value": "wbLa-2kLpxvh_c5YCbcCVsuXVZe-W48nh3UIdAeHOGw"}, "path": "rst2pdf/styles/a4.style", "size": 20}, {"hash": {"mode": "sha256", "value": "Tt5pO6Tkx3qNbuGgx2UtT0oaSNxy_TLWeg66TbAM98s"}, "path": "rst2pdf/styles/a5-landscape.style", "size": 30}, {"hash": {"mode": "sha256", "value": "aFOjkCt-hw-lRND952GcJCfy-tdiWgLdy6OTeLe032o"}, "path": "rst2pdf/styles/a5.style", "size": 20}, {"hash": {"mode": "sha256", "value": "uQ7qhslxYrkXfw320zugesNiOKhPB37oa_gyRjK0ZOE"}, "path": "rst2pdf/styles/a6-landscape.style", "size": 30}, {"hash": {"mode": "sha256", "value": "X2AxWYrE_thtntXQQ-jQXvJFYM5PUx3upOSmA4eU_j4"}, "path": "rst2pdf/styles/a6.style", "size": 20}, {"hash": {"mode": "sha256", "value": "yqRZ84M3I52ZE3GCtOfFzxAvD83lBc_Q9TMc5Qp01rw"}, "path": "rst2pdf/styles/autumn.style", "size": 4091}, {"hash": {"mode": "sha256", "value": "5piWd1VOm_E_bX6s_CthEEDvAPbmjT2xlp5gPmjiFp8"}, "path": "rst2pdf/styles/b0.style", "size": 20}, {"hash": {"mode": "sha256", "value": "X3C6gBPstcCMUp2hkGH76K0chgkvDMdPKNxtcrMeTZY"}, "path": "rst2pdf/styles/b1-landscape.style", "size": 30}, {"hash": {"mode": "sha256", "value": "zIaMXmEim36AFON63Brok4r46lDTRhbaFtBidEIFFTc"}, "path": "rst2pdf/styles/b1.style", "size": 20}, {"hash": {"mode": "sha256", "value": "XRE1_RTLSKOGlvBQ0ZotSa1bUjXqJZmp4W0V91bRD3Y"}, "path": "rst2pdf/styles/b2-landscape.style", "size": 30}, {"hash": {"mode": "sha256", "value": "kWrrjR4ZZdjLzZqv9zRvEt0115TXFPo6tZQB6GJkEXs"}, "path": "rst2pdf/styles/b2.style", "size": 20}, {"hash": {"mode": "sha256", "value": "aa4oZfOUEUe089Gx48NrTXPlKYDp-IkW3sEevpABnUk"}, "path": "rst2pdf/styles/b3-landscape.style", "size": 30}, {"hash": {"mode": "sha256", "value": "U46n7I80SA6-IDbLBaEH9HlPa4Ct7g_ljVeuojgO4yo"}, "path": "rst2pdf/styles/b3.style", "size": 20}, {"hash": {"mode": "sha256", "value": "4gdallYZtQIVZRlQ4hIwTe6ZNQ1nvyRDo3uN_Modur4"}, "path": "rst2pdf/styles/b4-landscape.style", "size": 30}, {"hash": {"mode": "sha256", "value": "Wy13LjDqiGGsx1S2AsNTL8H0KpaHEFT9Xpl_N3pF3DY"}, "path": "rst2pdf/styles/b4.style", "size": 20}, {"hash": {"mode": "sha256", "value": "ytwPp5VRYiAcwjgEAjkQjVg3b1J6phvv4V17DcV14pI"}, "path": "rst2pdf/styles/b5-landscape.style", "size": 30}, {"hash": {"mode": "sha256", "value": "M-LfCZypswwDK8f2pfvQfGBmX3wakVd2ZBvFzugWL8U"}, "path": "rst2pdf/styles/b5.style", "size": 20}, {"hash": {"mode": "sha256", "value": "6eYV1mBiA0EHQs2wQnbz8dY7lROjb8yOh1iKT8eoCaQ"}, "path": "rst2pdf/styles/b6-landscape.style", "size": 30}, {"hash": {"mode": "sha256", "value": "OaCpTBBPtHI1oMaquCdsBsCgUuFagaqZSKnMvxWEkuE"}, "path": "rst2pdf/styles/b6.style", "size": 20}, {"hash": {"mode": "sha256", "value": "VSu4dZ_aToZz_B9rXGZHE80XnzztRle0KJJ2EvlWQYY"}, "path": "rst2pdf/styles/borland.style", "size": 4365}, {"hash": {"mode": "sha256", "value": "aCs-0KU17sk7T2RqAcH9iEYXpkB_mk5c2omaRVJYKbk"}, "path": "rst2pdf/styles/bw.style", "size": 4932}, {"hash": {"mode": "sha256", "value": "tz3_G5-whV2cexL6PwUNhETBHuNqiEbHvudZaTPnseQ"}, "path": "rst2pdf/styles/colorful.style", "size": 5312}, {"hash": {"mode": "sha256", "value": "EC9Pqj5NIKHLLSGAJnt2vbhhyfb5ZEWDqr2oz3InWJc"}, "path": "rst2pdf/styles/debugtables.style", "size": 1004}, {"hash": {"mode": "sha256", "value": "24GTXvHo2dwuSqNVLVa12X_RWZvj6IpIZPoCptjKb08"}, "path": "rst2pdf/styles/default.style", "size": 4628}, {"hash": {"mode": "sha256", "value": "CAeXQlYgBPGUfjD25cB_wBTl0AsxcOtcr7WQudph72E"}, "path": "rst2pdf/styles/dejavu.style", "size": 482}, {"hash": {"mode": "sha256", "value": "zeV7pKdl2cObik58Ibtu6-EErsR0qvQ1_caIlT9iDrI"}, "path": "rst2pdf/styles/double-sided.style", "size": 30}, {"hash": {"mode": "sha256", "value": "yvRgfYIRmx1tcq8-3ZcPxIjOaeSkqo5kuzNeSxBpS-U"}, "path": "rst2pdf/styles/eightpoint.style", "size": 26}, {"hash": {"mode": "sha256", "value": "ZNgyG6DSRV4r10PyyM-QQY-9wKshACs-Of9zPFCXCRM"}, "path": "rst2pdf/styles/emacs.style", "size": 4626}, {"hash": {"mode": "sha256", "value": "bjaxzCsaKrVUu7VnMkADpg1kgaAx0PtsgMk-rX9T_2U"}, "path": "rst2pdf/styles/freetype-sans.style", "size": 276}, {"hash": {"mode": "sha256", "value": "rtwQDfKyXoXulHNfZCzHmpehrtdFld9UuWcEXiIiQd0"}, "path": "rst2pdf/styles/freetype-serif.style", "size": 280}, {"hash": {"mode": "sha256", "value": "d_NEEB3bDCrD4yvn8o2JdipjwBHoeEEZGlwZEOMAFNA"}, "path": "rst2pdf/styles/friendly.style", "size": 4669}, {"hash": {"mode": "sha256", "value": "Wq_XTDwRneMpR7o1tRQrrl-mfab07hhu1NU0-fWceFY"}, "path": "rst2pdf/styles/fruity.style", "size": 4780}, {"hash": {"mode": "sha256", "value": "vDSJKFHNmxSg37VeFaLHj5U9UhmmGIukDiM6ojNL7ss"}, "path": "rst2pdf/styles/kerning.style", "size": 511}, {"hash": {"mode": "sha256", "value": "ixTllC-NcCH_DN09uyUxc2eF5avUMSBzKO1OWHSvUJU"}, "path": "rst2pdf/styles/legal.style", "size": 23}, {"hash": {"mode": "sha256", "value": "b3pf0NVzivJupu_MXGcMSvv8-TEZaDE-LicjmW8b2LI"}, "path": "rst2pdf/styles/letter-landscape.style", "size": 34}, {"hash": {"mode": "sha256", "value": "U3vQmZeAKH-rigyREJUzowsVVKWWmwKP1HF1neUDVvU"}, "path": "rst2pdf/styles/letter.style", "size": 24}, {"hash": {"mode": "sha256", "value": "zIHC_p55sWxw8HtnvgIyTYdbsvcKfmPRh9cAFyh7Gks"}, "path": "rst2pdf/styles/manni.style", "size": 4749}, {"hash": {"mode": "sha256", "value": "VWFKCvjyUuQnxr2r2xor0V3Omwezax5CVb5SSPhzoK4"}, "path": "rst2pdf/styles/monokai.style", "size": 3733}, {"hash": {"mode": "sha256", "value": "o54bKDv-tTMoABSPvg9ou-yA1ehgyY_8Ub0fP1bIOg0"}, "path": "rst2pdf/styles/murphy.style", "size": 5364}, {"hash": {"mode": "sha256", "value": "KUGdU8dAYX4s1KBUEotq7BkwabFEx7oZu5OWUYz10Vc"}, "path": "rst2pdf/styles/native.style", "size": 4406}, {"hash": {"mode": "sha256", "value": "sUaLRdAwDqEu6a7HVOiSzfG1i3YlzXd5miaeviKxWFs"}, "path": "rst2pdf/styles/no-compact-lists.style", "size": 116}, {"hash": {"mode": "sha256", "value": "-3XztoyjyJB7aBwaiRxlfI9u2IWa56Te2hTqUFKV4C0"}, "path": "rst2pdf/styles/pastie.style", "size": 5306}, {"hash": {"mode": "sha256", "value": "Cr2Hz-S2WiecARtQX9-8y5u8q3WEnFZurOjacgQZVSA"}, "path": "rst2pdf/styles/perldoc.style", "size": 4349}, {"hash": {"mode": "sha256", "value": "siRoqnVq9bWgtzS7u0uV32edayDqqk731_d1w7wZ1C8"}, "path": "rst2pdf/styles/serif.style", "size": 125}, {"hash": {"mode": "sha256", "value": "Y5y7PaGBFRHwpCYmxL7ymO5etftNXk7WnvyXHPwjFuI"}, "path": "rst2pdf/styles/sphinx.style", "size": 8094}, {"hash": {"mode": "sha256", "value": "A8nAhcLnhYG_RNj9OyLyCOKcp2flWhOlL3nfveJ7jZE"}, "path": "rst2pdf/styles/styles.style", "size": 13195}, {"hash": {"mode": "sha256", "value": "N3XDm9hJfURK557859nQ6iSU6ydODQlNLTiVMS1vl98"}, "path": "rst2pdf/styles/tango.style", "size": 5006}, {"hash": {"mode": "sha256", "value": "mnZzbfX813NuX4WHjtooh5tF1UeWWqrdwRxcc7hhUVA"}, "path": "rst2pdf/styles/tenpoint.style", "size": 27}, {"hash": {"mode": "sha256", "value": "ivPOc-YflNY1CvPyI7XKskULyQCGWQ4naNffj_1-CBA"}, "path": "rst2pdf/styles/trac.style", "size": 4555}, {"hash": {"mode": "sha256", "value": "RgyyxyzFJVJf2tkItVY-cUAR7Lle4-zAOHJyezSNpts"}, "path": "rst2pdf/styles/twelvepoint.style", "size": 27}, {"hash": {"mode": "sha256", "value": "mlEllzoQAbe7mwTV7lnUiw9WXN1CTa_oKHA3YcxN6fs"}, "path": "rst2pdf/styles/twocolumn.style", "size": 83}, {"hash": {"mode": "sha256", "value": "XHHoVTgicbQJO4dgsIYjoEfAntqhJ_Z4-_dyjhP-8ag"}, "path": "rst2pdf/styles/vs.style", "size": 3764}, {"hash": {"mode": "sha256", "value": "kP__4ifrBPmG8EU4rxLVTMOyCa3XPw1spWNygitUhrY"}, "path": "rst2pdf/svgimage.py", "size": 2502}, {"hash": {"mode": "sha256", "value": "RKq29IfPt4BnQ4j9ibLFRq0PeI7NsVz1ODn-TIqGW6c"}, "path": "rst2pdf/templates/cover.tmpl", "size": 126}, {"hash": {"mode": "sha256", "value": "3JCKPEsObJouwQJJhl6kkUGXw9g9hoV5t6yGOt1koBg"}, "path": "rst2pdf/templates/sphinxcover.tmpl", "size": 362}, {"hash": {"mode": "sha256", "value": "KR9cKx0OyKDLmk0JmpTk_XDnNlPwi5S8GP0B7mz8E3Y"}, "path": "rst2pdf/utils.py", "size": 8260}, {"hash": {"mode": "sha256", "value": "fECWDzwxf-c8raHftt_c95oV4p8Y95grTTUkRpp64iw"}, "path": "rst2pdf/writer.py", "size": 924}], "metadata": {"Author": "rst2pdf maintainers", "Author-email": "maintainers@rstpdf.org", "Classifier": ["Development Status :: 4 - Beta", "Environment :: Console", "License :: OSI Approved :: MIT License", "Operating System :: OS Independent", "Programming Language :: Python :: 2", "Programming Language :: Python :: 2.7", "Programming Language :: Python :: 3", "Programming Language :: Python :: 3.6", "Programming Language :: Python :: 3.7", "Programming Language :: Python :: 3.8", "Topic :: Documentation", "Topic :: Software Development :: Libraries :: Python Modules", "Topic :: Text Processing", "Topic :: Utilities"], "Description-Content-Type": "text/x-rst", "Download-URL": "https://github.com/rst2pdf/rst2pdf/releases", "Home-page": "https://rst2pdf.org", "Keywords": "restructured convert rst pdf docutils pygments reportlab", "License": "MIT", "Metadata-Version": "2.1", "Name": "rst2pdf", "Platform": ["UNKNOWN"], "Project-URL": ["Bug Reports, https://github.com/rst2pdf/rst2pdf/issues", "Source, https://github.com/rst2pdf/rst2pdf"], "Provides-Extra": ["aafiguresupport", "hyphenation", "mathsupport", "rawhtmlsupport", "sphinx", "svgsupport", "tests"], "Requires-Dist": ["docutils", "jinja2", "pdfrw", "pygments", "reportlab", "setuptools", "six", "smartypants", "aafigure (>=0.4) ; extra == 'aafiguresupport'", "wordaxe (>=1.0) ; extra == 'hyphenation'", "matplotlib ; extra == 'mathsupport'", "xhtml2pdf ; extra == 'rawhtmlsupport'", "sphinx ; extra == 'sphinx'", "svglib ; extra == 'svgsupport'", "pyPdf2 ; extra == 'tests'"], "Requires-Python": ">=2.7,!=3.0.*,!=3.1.*,!=3.2.*,!=3.3.*,!=3.4.*,!=3.5.*", "Summary": "Convert reStructured Text to PDF via ReportLab.", "Version": "0.97"}, "requires": ["docutils", "jinja2", "pdfrw", "pygments", "reportlab", "setuptools", "six", "smartypants", "aafigure (>=0.4) ; extra == 'aafiguresupport'", "wordaxe (>=1.0) ; extra == 'hyphenation'", "matplotlib ; extra == 'mathsupport'", "xhtml2pdf ; extra == 'rawhtmlsupport'", "sphinx ; extra == 'sphinx'", "svglib ; extra == 'svgsupport'", "pyPdf2 ; extra == 'tests'"], "version": "0.97"}, "index_url": "https://pypi.org/simple", "package_name": "rst2pdf", "package_version": "0.97", "package_version_requested": "0.97", "sha256": ["dd5490112a35ac8dc5bbc64be01ee460d1fcde80086560ca2bda8ee6e6f1ccb1", "343a2a75b2fe8cdf174c170a547a43b294129e68e24be8c18a6b9d1494c9f0b1"]}], "unparsed": [], "unresolved": []}}