{"metadata": {"analyzer": "thoth-solver", "analyzer_version": "1.4.1", "arguments": {"python": {"exclude_packages": null, "index": "https://pypi.org/simple", "no_pretty": false, "no_transitive": true, "output": "http://result-api/api/v1/solver-result", "requirements": "antlr4-python2-runtime==4.5.3", "virtualenv": "/home/solver/venv"}, "thoth-solver": {"verbose": false}}, "datetime": "2019-12-26T16:31:34.943491", "distribution": {"codename": "", "id": "fedora", "like": "", "version": "31", "version_parts": {"build_number": "", "major": "31", "minor": ""}}, "document_id": "solver-fedora-31-py37-0115955b", "duration": 3, "hostname": "solver-fedora-31-py37-0115955b-xnncx", "os_release": {"id": "fedora", "name": "Fedora", "platform_id": "platform:f31", "redhat_bugzilla_product": "Fedora", "redhat_bugzilla_product_version": "31", "redhat_support_product": "Fedora", "redhat_support_product_version": "31", "variant_id": "container", "version": "31 (Container Image)", "version_id": "31"}, "python": {"api_version": 1013, "implementation_name": "cpython", "major": 3, "micro": 5, "minor": 7, "releaselevel": "final", "serial": 0}, "thoth_deployment_name": "thoth-psi-stage", "timestamp": 1577377894}, "result": {"environment": {"implementation_name": "cpython", "implementation_version": "3.7.5", "os_name": "posix", "platform_machine": "x86_64", "platform_python_implementation": "CPython", "platform_release": "3.10.0-957.21.2.el7.x86_64", "platform_system": "Linux", "platform_version": "#1 SMP Tue May 28 09:26:43 UTC 2019", "python_full_version": "3.7.5", "python_version": "3.7", "sys_platform": "linux"}, "environment_packages": [{"package_name": "pipdeptree", "package_version": "0.13.2"}], "errors": [], "tree": [{"dependencies": [], "importlib_metadata": {"entry_points": [], "files": [{"hash": {"mode": "sha256", "value": "o3lw7wul5BY8yEHyZTITGVvivOUrNY4rJDhy-3uWWis"}, "path": "antlr4/BufferedTokenStream.py", "size": 11937}, {"hash": {"mode": "sha256", "value": "pMWAdgN0CvYnncFGxVM74OQexx9sc0A3bUvwUvJ0KMY"}, "path": "antlr4/CommonTokenFactory.py", "size": 3403}, {"hash": {"mode": "sha256", "value": "AQyjI8UUELcHXwgb2L5iXwubSaxWNQrJ8bg2Ga8DJ0E"}, "path": "antlr4/CommonTokenStream.py", "size": 4077}, {"hash": {"mode": "sha256", "value": "BLFpmtOCrewsaf91Od0sIug4LD5aeoTx4Q_VoKbeYEc"}, "path": "antlr4/FileStream.py", "size": 2268}, {"hash": {"mode": "sha256", "value": "b1bEPrPuYMvIkqsd6O1V8iQvNCP5N1pU5L8sy3yH2O4"}, "path": "antlr4/InputStream.py", "size": 4242}, {"hash": {"mode": "sha256", "value": "vHRZDiwYKKqddySJ21M2YvvFr-aT29IeMAU1DDt_Vdk"}, "path": "antlr4/IntervalSet.py", "size": 8944}, {"hash": {"mode": "sha256", "value": "x7Fbu4qaI3Rq47_sQY5X-b_risNLjK3786d5ze4eexI"}, "path": "antlr4/LL1Analyzer.py", "size": 8968}, {"hash": {"mode": "sha256", "value": "4Rx_5qzulLQxVVWZl-iuax8s40FnWI8cqo3Ye1LQyvI"}, "path": "antlr4/Lexer.py", "size": 12258}, {"hash": {"mode": "sha256", "value": "MkT5GTB1VUfEqgWb97okiTJjA_iwBaj1y-_VCJ7Jolc"}, "path": "antlr4/ListTokenSource.py", "size": 5153}, {"hash": {"mode": "sha256", "value": "nrCFPENB46XNyGbb1brJTGz-IbmbFfAKmJPAjjpgFmM"}, "path": "antlr4/Parser.py", "size": 22767}, {"hash": {"mode": "sha256", "value": "ErPnk7Mhg0r2jcv62QJKytsiLSUOHzLIo1NlCAwmyWA"}, "path": "antlr4/ParserInterpreter.py", "size": 8155}, {"hash": {"mode": "sha256", "value": "PxJkkxBbQyilkb9sL9qBRfZXd5OqyrG8cJZrSLmKVMU"}, "path": "antlr4/ParserRuleContext.py", "size": 7078}, {"hash": {"mode": "sha256", "value": "9gLEmNljc5PmMv4s7A15cCYbjzdH4_4_4aHIcl2-AuQ"}, "path": "antlr4/PredictionContext.py", "size": 23891}, {"hash": {"mode": "sha256", "value": "mFjx-X_DoW8NVCm4NDfJtqti320t7h0EGuV-T1nXmBs"}, "path": "antlr4/Recognizer.py", "size": 6578}, {"hash": {"mode": "sha256", "value": "_wUTSb65tnWpWYVVkWxSLxD3xEN89IPXicVvAMrJY5k"}, "path": "antlr4/RuleContext.py", "size": 9342}, {"hash": {"mode": "sha256", "value": "XnvVU-iggMuZdIaTnAfklXfv8RxpiFrY_yNnDOB3bSM"}, "path": "antlr4/StdinStream.py", "size": 1939}, {"hash": {"mode": "sha256", "value": "vYKLT2emgO3cYWQPPsgffbdloVHdSpnDnRUFyvpKrww"}, "path": "antlr4/Token.py", "size": 6531}, {"hash": {"mode": "sha256", "value": "xzv3dTRrD9905sUqCGTLl0iHIkF2F4cWf7fOYZJ5R_w"}, "path": "antlr4/Utils.py", "size": 2423}, {"hash": {"mode": "sha256", "value": "2AT6bTOZ0XYXrVqG0mAjfrviWjwNrWMY68zwF2Bb1mA"}, "path": "antlr4/__init__.py", "size": 1111}, {"hash": null, "path": "antlr4/__pycache__/BufferedTokenStream.cpython-37.pyc", "size": null}, {"hash": null, "path": "antlr4/__pycache__/CommonTokenFactory.cpython-37.pyc", "size": null}, {"hash": null, "path": "antlr4/__pycache__/CommonTokenStream.cpython-37.pyc", "size": null}, {"hash": null, "path": "antlr4/__pycache__/FileStream.cpython-37.pyc", "size": null}, {"hash": null, "path": "antlr4/__pycache__/InputStream.cpython-37.pyc", "size": null}, {"hash": null, "path": "antlr4/__pycache__/IntervalSet.cpython-37.pyc", "size": null}, {"hash": null, "path": "antlr4/__pycache__/LL1Analyzer.cpython-37.pyc", "size": null}, {"hash": null, "path": "antlr4/__pycache__/Lexer.cpython-37.pyc", "size": null}, {"hash": null, "path": "antlr4/__pycache__/ListTokenSource.cpython-37.pyc", "size": null}, {"hash": null, "path": "antlr4/__pycache__/Parser.cpython-37.pyc", "size": null}, {"hash": null, "path": "antlr4/__pycache__/ParserInterpreter.cpython-37.pyc", "size": null}, {"hash": null, "path": "antlr4/__pycache__/ParserRuleContext.cpython-37.pyc", "size": null}, {"hash": null, "path": "antlr4/__pycache__/PredictionContext.cpython-37.pyc", "size": null}, {"hash": null, "path": "antlr4/__pycache__/Recognizer.cpython-37.pyc", "size": null}, {"hash": null, "path": "antlr4/__pycache__/RuleContext.cpython-37.pyc", "size": null}, {"hash": null, "path": "antlr4/__pycache__/StdinStream.cpython-37.pyc", "size": null}, {"hash": null, "path": "antlr4/__pycache__/Token.cpython-37.pyc", "size": null}, {"hash": null, "path": "antlr4/__pycache__/Utils.cpython-37.pyc", "size": null}, {"hash": null, "path": "antlr4/__pycache__/__init__.cpython-37.pyc", "size": null}, {"hash": {"mode": "sha256", "value": "K7JAIu3xJXPUet6AlpKoMA5x5fgcwHQoxuObrpO2MR8"}, "path": "antlr4/atn/ATN.py", "size": 6671}, {"hash": {"mode": "sha256", "value": "n1LtKo6AnhaD8BsTg-QUVqstODcApm2sHo_QEqS0M28"}, "path": "antlr4/atn/ATNConfig.py", "size": 6826}, {"hash": {"mode": "sha256", "value": "dHpSRiQgPyhd3PTBpz5RzY-VjstiBSLMlZvkZatXgBE"}, "path": "antlr4/atn/ATNConfigSet.py", "size": 9378}, {"hash": {"mode": "sha256", "value": "k-3Cb7pxBIMazhEj4NaxPn6dyk3pvMP1mvTuOqUoW4c"}, "path": "antlr4/atn/ATNDeserializationOptions.py", "size": 2185}, {"hash": {"mode": "sha256", "value": "UzAr29e0qt511joTO1kVeJiF8i8wp5wu4RjATMQWOB4"}, "path": "antlr4/atn/ATNDeserializer.py", "size": 22834}, {"hash": {"mode": "sha256", "value": "Vzgh_jzE9Lhlw6ZMFiwdGwz8mp_WWW1ZocDZXaibswk"}, "path": "antlr4/atn/ATNSimulator.py", "size": 3455}, {"hash": {"mode": "sha256", "value": "69WVlvmdqBHuwlVll2m498HuQDIOA5NVGRnY2sX6BEs"}, "path": "antlr4/atn/ATNState.py", "size": 8958}, {"hash": {"mode": "sha256", "value": "dYvAfsVfJzg6xEpUi5KMgGaxAGoJs5-QHq7EYu9KXE4"}, "path": "antlr4/atn/ATNType.py", "size": 1667}, {"hash": {"mode": "sha256", "value": "tk8xtnXu_PF3fK0rESmV9GzaNx6bHk-5UkTL0pTA4Vo"}, "path": "antlr4/atn/LexerATNSimulator.py", "size": 25745}, {"hash": {"mode": "sha256", "value": "vM1-Fk6h2_L4VpqEsnPhKlYxM2ewVC7Hp99bdii9hkA"}, "path": "antlr4/atn/LexerAction.py", "size": 11335}, {"hash": {"mode": "sha256", "value": "cL2g10544MdOanFFUh57fmXN2Op2TtgDJqlIG6XPPhI"}, "path": "antlr4/atn/LexerActionExecutor.py", "size": 7536}, {"hash": {"mode": "sha256", "value": "BeiQ3eiq_s1xv7YQQqqdv56eExAsrQYgQ9jmZBU_0oQ"}, "path": "antlr4/atn/ParserATNSimulator.py", "size": 72613}, {"hash": {"mode": "sha256", "value": "fpPf3oBagbDi3cZH52xeO3vAFzczAqmnJmdjiDUE500"}, "path": "antlr4/atn/PredictionMode.py", "size": 24060}, {"hash": {"mode": "sha256", "value": "LQ48wVdH7zaHa_EF9XJhf7DcAFiloXCU2uhPIc7n6ig"}, "path": "antlr4/atn/SemanticContext.py", "size": 11740}, {"hash": {"mode": "sha256", "value": "39QlxtSNhIctT6lpWnc63lJkxrfwwlqnmnGUEsyzmz8"}, "path": "antlr4/atn/Transition.py", "size": 9533}, {"hash": {"mode": "sha256", "value": "gsnQdtTH8IUgCiVUpQfzhxx2pFRvksW76SjwIk3fYSk"}, "path": "antlr4/atn/__init__.py", "size": 28}, {"hash": null, "path": "antlr4/atn/__pycache__/ATN.cpython-37.pyc", "size": null}, {"hash": null, "path": "antlr4/atn/__pycache__/ATNConfig.cpython-37.pyc", "size": null}, {"hash": null, "path": "antlr4/atn/__pycache__/ATNConfigSet.cpython-37.pyc", "size": null}, {"hash": null, "path": "antlr4/atn/__pycache__/ATNDeserializationOptions.cpython-37.pyc", "size": null}, {"hash": null, "path": "antlr4/atn/__pycache__/ATNDeserializer.cpython-37.pyc", "size": null}, {"hash": null, "path": "antlr4/atn/__pycache__/ATNSimulator.cpython-37.pyc", "size": null}, {"hash": null, "path": "antlr4/atn/__pycache__/ATNState.cpython-37.pyc", "size": null}, {"hash": null, "path": "antlr4/atn/__pycache__/ATNType.cpython-37.pyc", "size": null}, {"hash": null, "path": "antlr4/atn/__pycache__/LexerATNSimulator.cpython-37.pyc", "size": null}, {"hash": null, "path": "antlr4/atn/__pycache__/LexerAction.cpython-37.pyc", "size": null}, {"hash": null, "path": "antlr4/atn/__pycache__/LexerActionExecutor.cpython-37.pyc", "size": null}, {"hash": null, "path": "antlr4/atn/__pycache__/ParserATNSimulator.cpython-37.pyc", "size": null}, {"hash": null, "path": "antlr4/atn/__pycache__/PredictionMode.cpython-37.pyc", "size": null}, {"hash": null, "path": "antlr4/atn/__pycache__/SemanticContext.cpython-37.pyc", "size": null}, {"hash": null, "path": "antlr4/atn/__pycache__/Transition.cpython-37.pyc", "size": null}, {"hash": null, "path": "antlr4/atn/__pycache__/__init__.cpython-37.pyc", "size": null}, {"hash": {"mode": "sha256", "value": "YYUoAGh6TdBo2WU-fu0QXrJgqEhU4ZEyEBUUrjg17jY"}, "path": "antlr4/dfa/DFA.py", "size": 6166}, {"hash": {"mode": "sha256", "value": "mHsy4ihpUePOhMpPu0L5cimqpnM399yezCLRWi2xvn8"}, "path": "antlr4/dfa/DFASerializer.py", "size": 3848}, {"hash": {"mode": "sha256", "value": "6pA0QenYReEBtHnTk0XElVLaWvPKMaUYNh06EMb1bfA"}, "path": "antlr4/dfa/DFAState.py", "size": 6889}, {"hash": {"mode": "sha256", "value": "gsnQdtTH8IUgCiVUpQfzhxx2pFRvksW76SjwIk3fYSk"}, "path": "antlr4/dfa/__init__.py", "size": 28}, {"hash": null, "path": "antlr4/dfa/__pycache__/DFA.cpython-37.pyc", "size": null}, {"hash": null, "path": "antlr4/dfa/__pycache__/DFASerializer.cpython-37.pyc", "size": null}, {"hash": null, "path": "antlr4/dfa/__pycache__/DFAState.cpython-37.pyc", "size": null}, {"hash": null, "path": "antlr4/dfa/__pycache__/__init__.cpython-37.pyc", "size": null}, {"hash": {"mode": "sha256", "value": "JCMnOxEeF_hw71CitKu4G4rYgzHUtdhPExYeR7yfnNQ"}, "path": "antlr4/error/DiagnosticErrorListener.py", "size": 5634}, {"hash": {"mode": "sha256", "value": "XZN9uvRPfMcr9pDggss0fqQaiwdfYTFL20RhW2uLERM"}, "path": "antlr4/error/ErrorListener.py", "size": 4146}, {"hash": {"mode": "sha256", "value": "xgxsWcDQ0uCvzmr9mKbOW75A7a4O_XY4k9hzL3-tlUo"}, "path": "antlr4/error/ErrorStrategy.py", "size": 30951}, {"hash": {"mode": "sha256", "value": "h6cyvY-kyMsDGTcZdNSekJ9Fd4q32vidiAvcRouC38I"}, "path": "antlr4/error/Errors.py", "size": 7843}, {"hash": {"mode": "sha256", "value": "gsnQdtTH8IUgCiVUpQfzhxx2pFRvksW76SjwIk3fYSk"}, "path": "antlr4/error/__init__.py", "size": 28}, {"hash": null, "path": "antlr4/error/__pycache__/DiagnosticErrorListener.cpython-37.pyc", "size": null}, {"hash": null, "path": "antlr4/error/__pycache__/ErrorListener.cpython-37.pyc", "size": null}, {"hash": null, "path": "antlr4/error/__pycache__/ErrorStrategy.cpython-37.pyc", "size": null}, {"hash": null, "path": "antlr4/error/__pycache__/Errors.cpython-37.pyc", "size": null}, {"hash": null, "path": "antlr4/error/__pycache__/__init__.cpython-37.pyc", "size": null}, {"hash": {"mode": "sha256", "value": "B67ipS8d453ZYpnnsjMMbW_VsBnlh0LnMdjkTPB9TUE"}, "path": "antlr4/tree/Chunk.py", "size": 486}, {"hash": {"mode": "sha256", "value": "kJOl292gn6TkbcYN-mHJPLOUAY2uFODGaAQG0-IJ794"}, "path": "antlr4/tree/ParseTreeMatch.py", "size": 5680}, {"hash": {"mode": "sha256", "value": "1QT8_af_jQKJPi1C-TWXLdugcQpkDzksYFrcFAwo5Ws"}, "path": "antlr4/tree/ParseTreePattern.py", "size": 3903}, {"hash": {"mode": "sha256", "value": "m29XlhzoOnC_XEp5ErhIE7ZLgvvqLIprAdwe4q3bxp0"}, "path": "antlr4/tree/ParseTreePatternMatcher.py", "size": 17353}, {"hash": {"mode": "sha256", "value": "k0zcNgngg0SruC9rGalv4K4gEF-JQOdcqmI8-YLKaMU"}, "path": "antlr4/tree/RuleTagToken.py", "size": 3311}, {"hash": {"mode": "sha256", "value": "qu2Mehznw8xjR8lX7mPBPvlAC71kB9-_G5NlK_RRkyA"}, "path": "antlr4/tree/TokenTagToken.py", "size": 2893}, {"hash": {"mode": "sha256", "value": "osVr1iHJBb-JsqWfX690Q-XsIB0GNE3WbYATCX3hVfU"}, "path": "antlr4/tree/Tree.py", "size": 5508}, {"hash": {"mode": "sha256", "value": "QyQnApligmpflHPaf0DJxA40hyr_Tj8KHtyf9AGOK-o"}, "path": "antlr4/tree/Trees.py", "size": 5192}, {"hash": {"mode": "sha256", "value": "47DEQpj8HBSa-_TImW-5JCeuQeRkm5NMpJWZG3hSuFU"}, "path": "antlr4/tree/__init__.py", "size": 0}, {"hash": null, "path": "antlr4/tree/__pycache__/Chunk.cpython-37.pyc", "size": null}, {"hash": null, "path": "antlr4/tree/__pycache__/ParseTreeMatch.cpython-37.pyc", "size": null}, {"hash": null, "path": "antlr4/tree/__pycache__/ParseTreePattern.cpython-37.pyc", "size": null}, {"hash": null, "path": "antlr4/tree/__pycache__/ParseTreePatternMatcher.cpython-37.pyc", "size": null}, {"hash": null, "path": "antlr4/tree/__pycache__/RuleTagToken.cpython-37.pyc", "size": null}, {"hash": null, "path": "antlr4/tree/__pycache__/TokenTagToken.cpython-37.pyc", "size": null}, {"hash": null, "path": "antlr4/tree/__pycache__/Tree.cpython-37.pyc", "size": null}, {"hash": null, "path": "antlr4/tree/__pycache__/Trees.cpython-37.pyc", "size": null}, {"hash": null, "path": "antlr4/tree/__pycache__/__init__.cpython-37.pyc", "size": null}, {"hash": {"mode": "sha256", "value": "QTDSeW3KLwNxeuvPkYVOJDuzrHL4IpOeSKC3D8gSxSg"}, "path": "antlr4/xpath/XPath.py", "size": 11665}, {"hash": {"mode": "sha256", "value": "gsnQdtTH8IUgCiVUpQfzhxx2pFRvksW76SjwIk3fYSk"}, "path": "antlr4/xpath/__init__.py", "size": 28}, {"hash": null, "path": "antlr4/xpath/__pycache__/XPath.cpython-37.pyc", "size": null}, {"hash": null, "path": "antlr4/xpath/__pycache__/__init__.cpython-37.pyc", "size": null}, {"hash": {"mode": "sha256", "value": "zuuue4knoyJ-UwPPXg8fezS7VCrXJQrAP7zeNuwvFQg"}, "path": "antlr4_python2_runtime-4.5.3.dist-info/INSTALLER", "size": 4}, {"hash": {"mode": "sha256", "value": "WeBeW53atINk1HML-Qt2rwBi4Orbfhalmm6llHsBoN4"}, "path": "antlr4_python2_runtime-4.5.3.dist-info/LICENSE.txt", "size": 1447}, {"hash": {"mode": "sha256", "value": "TkHwcBkLtSebZU0FflcmZKjahCfrZgIqAxRPuADxG3g"}, "path": "antlr4_python2_runtime-4.5.3.dist-info/METADATA", "size": 274}, {"hash": null, "path": "antlr4_python2_runtime-4.5.3.dist-info/RECORD", "size": null}, {"hash": {"mode": "sha256", "value": "wYBY2EO50FhAcckpWmO3c3Zwk2MALACx6lPAl6gVKnE"}, "path": "antlr4_python2_runtime-4.5.3.dist-info/WHEEL", "size": 93}, {"hash": {"mode": "sha256", "value": "OsoZsh9bb30wgXb2zBUjdDwYg46MfV-RVZA6Pk8pcB0"}, "path": "antlr4_python2_runtime-4.5.3.dist-info/top_level.txt", "size": 7}], "metadata": {"Author": "Eric Vergnaud, Terence Parr, Sam Harwell", "Author-email": "eric.vergnaud@wanadoo.fr", "Home-page": "http://www.antlr.org", "License": "BSD", "Metadata-Version": "2.1", "Name": "antlr4-python2-runtime", "Platform": ["UNKNOWN"], "Summary": "ANTLR 4.5.3 runtime for Python 2.7.6", "Version": "4.5.3"}, "requires": null, "version": "4.5.3"}, "index_url": "https://pypi.org/simple", "package_name": "antlr4-python2-runtime", "package_version": "4.5.3", "package_version_requested": "4.5.3", "sha256": ["6f206cfaeae96e63fe315404de5e3736fed80f3e4303515a47ca6ce367b6a9a2", "670989e8e46e531d8a10d53fbc84fa5983a293c86785e1df28f6f4a667702802"]}], "unparsed": [], "unresolved": []}}