{"metadata": {"analyzer": "thoth-solver", "analyzer_version": "1.4.1", "arguments": {"python": {"exclude_packages": null, "index": "https://pypi.org/simple", "no_pretty": false, "no_transitive": true, "output": "http://result-api/api/v1/solver-result", "requirements": "ftw-testbrowser==1.16.1", "virtualenv": "/home/solver/venv"}, "thoth-solver": {"verbose": false}}, "datetime": "2019-12-26T16:37:37.625549", "distribution": {"codename": "", "id": "fedora", "like": "", "version": "31", "version_parts": {"build_number": "", "major": "31", "minor": ""}}, "document_id": "solver-fedora-31-py37-033dd574", "duration": 5, "hostname": "solver-fedora-31-py37-033dd574-fq44r", "os_release": {"id": "fedora", "name": "Fedora", "platform_id": "platform:f31", "redhat_bugzilla_product": "Fedora", "redhat_bugzilla_product_version": "31", "redhat_support_product": "Fedora", "redhat_support_product_version": "31", "variant_id": "container", "version": "31 (Container Image)", "version_id": "31"}, "python": {"api_version": 1013, "implementation_name": "cpython", "major": 3, "micro": 5, "minor": 7, "releaselevel": "final", "serial": 0}, "thoth_deployment_name": "thoth-psi-stage", "timestamp": 1577378257}, "result": {"environment": {"implementation_name": "cpython", "implementation_version": "3.7.5", "os_name": "posix", "platform_machine": "x86_64", "platform_python_implementation": "CPython", "platform_release": "3.10.0-957.21.2.el7.x86_64", "platform_system": "Linux", "platform_version": "#1 SMP Tue May 28 09:26:43 UTC 2019", "python_full_version": "3.7.5", "python_version": "3.7", "sys_platform": "linux"}, "environment_packages": [{"package_name": "pipdeptree", "package_version": "0.13.2"}], "errors": [], "tree": [{"dependencies": [{"extra": [], "extras": [], "marker": null, "marker_evaluated": null, "marker_evaluation_error": null, "marker_evaluation_result": true, "normalized_package_name": "lxml", "package_name": "lxml", "resolved_versions": [{"index": "https://pypi.org/simple", "versions": ["0.9", "0.9.1", "0.9.2", "1.0", "1.0.1", "1.0.2", "1.0.3", "1.0.4", "1.1", "1.1.1", "1.1.2", "1.2", "1.2.1", "1.3", "1.3.1", "1.3.2", "1.3.3", "1.3.4", "1.3.5", "1.3.6", "2.0", "2.0.1", "2.0.10", "2.0.11", "2.0.2", "2.0.3", "2.0.4", "2.0.5", "2.0.6", "2.0.7", "2.0.8", "2.0.9", "2.1", "2.1.1", "2.1.2", "2.1.3", "2.1.4", "2.1.5", "2.2", "2.2.1", "2.2.2", "2.2.3", "2.2.4", "2.2.5", "2.2.6", "2.2.7", "2.2.8", "2.3", "2.3.1", "2.3.2", "2.3.3", "2.3.4", "2.3.5", "2.3.6", "3.0", "3.0.1", "3.0.2", "3.1.0", "3.1.1", "3.1.2", "3.2.0", "3.2.1", "3.2.2", "3.2.3", "3.2.4", "3.2.5", "3.3.0", "3.3.1", "3.3.2", "3.3.3", "3.3.4", "3.3.5", "3.3.6", "3.4.0", "3.4.1", "3.4.2", "3.4.3", "3.4.4", "3.5.0", "3.6.0", "3.6.1", "3.6.2", "3.6.3", "3.6.4", "3.7.0", "3.7.1", "3.7.2", "3.7.3", "3.8.0", "4.0.0", "4.1.0", "4.1.1", "4.2.0", "4.2.1", "4.2.2", "4.2.3", "4.2.4", "4.2.5", "4.2.6", "4.3.0", "4.3.1", "4.3.2", "4.3.3", "4.3.4", "4.3.5", "4.4.0", "4.4.1", "4.4.2"]}], "specifier": null}, {"extra": [], "extras": [], "marker": null, "marker_evaluated": null, "marker_evaluation_error": null, "marker_evaluation_result": true, "normalized_package_name": "cssselect", "package_name": "cssselect", "resolved_versions": [{"index": "https://pypi.org/simple", "versions": ["0", "0.1", "0.2", "0.3", "0.4", "0.5", "0.6", "0.6.1", "0.7", "0.7.1", "0.8", "0.9", "0.9.1", "0.9.2", "1.0.0", "1.0.1", "1.0.3", "1.1.0"]}], "specifier": null}, {"extra": [], "extras": [], "marker": null, "marker_evaluated": null, "marker_evaluation_error": null, "marker_evaluation_result": true, "normalized_package_name": "mechanize", "package_name": "mechanize", "resolved_versions": [{"index": "https://pypi.org/simple", "versions": ["0.1.10", "0.1.11", "0.1.8", "0.1.9", "0.2.0", "0.2.1", "0.2.2", "0.2.3", "0.2.4", "0.2.5", "0.3.0", "0.3.1", "0.3.2", "0.3.3", "0.3.4", "0.3.5", "0.3.6", "0.3.7", "0.4.0", "0.4.1", "0.4.2", "0.4.3", "0.4.4", "0.4.5"]}], "specifier": null}, {"extra": [], "extras": [], "marker": null, "marker_evaluated": null, "marker_evaluation_error": null, "marker_evaluation_result": true, "normalized_package_name": "plone-testing", "package_name": "plone.testing", "resolved_versions": [{"index": "https://pypi.org/simple", "versions": ["4.0", "4.0.1", "4.0.10", "4.0.11", "4.0.12", "4.0.13", "4.0.14", "4.0.15", "4.0.2", "4.0.3", "4.0.4", "4.0.5", "4.0.6", "4.0.7", "4.0.8", "4.0.9", "4.1.0", "4.1.1", "4.1.2", "4.1.3", "4.2.0", "4.2.1", "4.3.0", "4.3.1", "4.3.2", "4.3.3", "5.0.0", "5.1", "5.1.1", "6.0.0", "6.1.0", "7.0.0", "7.0.1", "7.0.2", "7.0.3"]}], "specifier": null}, {"extra": [], "extras": [], "marker": null, "marker_evaluated": null, "marker_evaluation_error": null, "marker_evaluation_result": true, "normalized_package_name": "requests", "package_name": "requests", "resolved_versions": [{"index": "https://pypi.org/simple", "versions": ["0.0.1", "0.10.0", "0.10.1", "0.10.2", "0.10.3", "0.10.4", "0.10.6", "0.10.7", "0.10.8", "0.11.1", "0.11.2", "0.12.0", "0.12.01", "0.12.1", "0.13.0", "0.13.1", "0.13.2", "0.13.3", "0.13.4", "0.13.5", "0.13.6", "0.13.7", "0.13.8", "0.13.9", "0.14.0", "0.14.1", "0.14.2", "0.2.0", "0.2.1", "0.2.2", "0.2.3", "0.2.4", "0.3.0", "0.3.1", "0.3.2", "0.3.3", "0.3.4", "0.4.0", "0.4.1", "0.5.0", "0.5.1", "0.6.0", "0.6.1", "0.6.2", "0.6.3", "0.6.4", "0.6.5", "0.6.6", "0.7.0", "0.7.1", "0.7.2", "0.7.3", "0.7.4", "0.7.5", "0.7.6", "0.8.0", "0.8.1", "0.8.2", "0.8.3", "0.8.4", "0.8.5", "0.8.6", "0.8.7", "0.8.8", "0.8.9", "0.9.0", "0.9.1", "0.9.2", "0.9.3", "1.0.0", "1.0.1", "1.0.2", "1.0.3", "1.0.4", "1.1.0", "1.2.0", "1.2.1", "1.2.2", "1.2.3", "2.0.0", "2.0.1", "2.1.0", "2.10.0", "2.11.0", "2.11.1", "2.12.0", "2.12.1", "2.12.2", "2.12.3", "2.12.4", "2.12.5", "2.13.0", "2.14.0", "2.14.1", "2.14.2", "2.15.0", "2.15.1", "2.16.0", "2.16.1", "2.16.2", "2.16.3", "2.16.4", "2.16.5", "2.17.0", "2.17.1", "2.17.2", "2.17.3", "2.18.0", "2.18.1", "2.18.2", "2.18.3", "2.18.4", "2.19.0", "2.19.1", "2.2.0", "2.2.1", "2.20.0", "2.20.1", "2.21.0", "2.22.0", "2.3.0", "2.4.0", "2.4.1", "2.4.2", "2.4.3", "2.5.0", "2.5.1", "2.5.2", "2.5.3", "2.6.0", "2.6.1", "2.6.2", "2.7.0", "2.8.0", "2.8.1", "2.9.0", "2.9.1", "2.9.2"]}], "specifier": null}, {"extra": [], "extras": [], "marker": null, "marker_evaluated": null, "marker_evaluation_error": null, "marker_evaluation_result": true, "normalized_package_name": "setuptools", "package_name": "setuptools", "resolved_versions": [{"index": "https://pypi.org/simple", "versions": ["0.7.2", "0.7.3", "0.7.4", "0.7.5", "0.7.6", "0.7.7", "0.7.8", "0.8", "0.9", "0.9.1", "0.9.2", "0.9.3", "0.9.4", "0.9.5", "0.9.6", "0.9.7", "0.9.8", "1.0", "1.1", "1.1.1", "1.1.2", "1.1.3", "1.1.4", "1.1.5", "1.1.6", "1.1.7", "1.2", "1.3", "1.3.1", "1.3.2", "1.4", "1.4.1", "1.4.2", "10.0", "10.0.1", "10.1", "10.2", "10.2.1", "11.0", "11.1", "11.2", "11.3", "11.3.1", "12.0", "12.0.1", "12.0.2", "12.0.3", "12.0.4", "12.0.5", "12.1", "12.2", "12.3", "12.4", "13.0", "13.0.1", "13.0.2", "14.0", "14.1", "14.1.1", "14.2", "14.3", "14.3.1", "15.0", "15.1", "15.2", "16.0", "17.0", "17.1", "17.1.1", "18.0", "18.0.1", "18.1", "18.2", "18.3", "18.3.1", "18.3.2", "18.4", "18.5", "18.6", "18.6.1", "18.7", "18.7.1", "18.8", "18.8.1", "19.0", "19.1", "19.1.1", "19.2", "19.3", "19.4", "19.4.1", "19.5", "19.6", "19.6.1", "19.6.2", "19.7", "2.0", "2.0.1", "2.0.2", "2.1", "2.1.1", "2.1.2", "2.2", "20.0", "20.1", "20.1.1", "20.10.1", "20.2.2", "20.3", "20.3.1", "20.4", "20.6.6", "20.6.7", "20.6.8", "20.7.0", "20.8.0", "20.8.1", "20.9.0", "21.0.0", "21.1.0", "21.2.0", "21.2.1", "21.2.2", "22.0.0", "22.0.1", "22.0.2", "22.0.4", "22.0.5", "23.0.0", "23.1.0", "23.2.0", "23.2.1", "24.0.0", "24.0.1", "24.0.2", "24.0.3", "24.1.0", "24.1.1", "24.2.0", "24.2.1", "24.3.0", "24.3.1", "25.0.0", "25.0.1", "25.0.2", "25.1.0", "25.1.1", "25.1.2", "25.1.3", "25.1.4", "25.1.5", "25.1.6", "25.2.0", "25.3.0", "25.4.0", "26.0.0", "26.1.0", "26.1.1", "27.0.0", "27.1.0", "27.1.2", "27.2.0", "27.3.0", "27.3.1", "28.0.0", "28.1.0", "28.2.0", "28.3.0", "28.4.0", "28.5.0", "28.6.0", "28.6.1", "28.7.0", "28.7.1", "28.8.0", "28.8.1", "29.0.0", "29.0.1", "3.0", "3.0.1", "3.0.2", "3.1", "3.2", "3.3", "3.4", "3.4.1", "3.4.2", "3.4.3", "3.4.4", "3.5", "3.5.1", "3.5.2", "3.6", "3.7", "3.7.1", "3.8", "3.8.1", "30.0.0", "30.1.0", "30.2.0", "30.2.1", "30.3.0", "30.4.0", "31.0.0", "31.0.1", "32.0.0", "32.1.0", "32.1.1", "32.1.2", "32.1.3", "32.2.0", "32.3.0", "32.3.1", "33.1.0", "33.1.1", "34.0.0", "34.0.1", "34.0.2", "34.0.3", "34.1.0", "34.1.1", "34.2.0", "34.3.0", "34.3.1", "34.3.2", "34.3.3", "34.4.0", "34.4.1", "35.0.0", "35.0.1", "35.0.2", "36.0.1", "36.1.0", "36.1.1", "36.2.0", "36.2.1", "36.2.2", "36.2.3", "36.2.4", "36.2.5", "36.2.6", "36.2.7", "36.3.0", "36.4.0", "36.5.0", "36.6.0", "36.6.1", "36.7.0", "36.7.1", "36.7.2", "36.8.0", "37.0.0", "38.0.0", "38.1.0", "38.2.0", "38.2.1", "38.2.3", "38.2.4", "38.2.5", "38.3.0", "38.4.0", "38.4.1", "38.5.0", "38.5.1", "38.5.2", "38.6.0", "38.6.1", "38.7.0", "39.0.0", "39.0.1", "39.1.0", "39.2.0", "4.0", "4.0.1", "40.0.0", "40.1.0", "40.1.1", "40.2.0", "40.3.0", "40.4.0", "40.4.1", "40.4.2", "40.4.3", "40.5.0", "40.6.0", "40.6.1", "40.6.2", "40.6.3", "40.7.0", "40.7.1", "40.7.2", "40.7.3", "40.8.0", "40.9.0", "41.0.0", "41.0.1", "41.1.0", "41.2.0", "41.3.0", "41.4.0", "41.5.0", "41.5.1", "41.6.0", "42.0.0", "42.0.1", "42.0.2", "5.0", "5.0.1", "5.0.2", "5.1", "5.2", "5.3", "5.4", "5.4.1", "5.4.2", "5.5", "5.5.1", "5.6", "5.7", "5.8", "6.0.1", "6.0.2", "6.1", "7.0", "8.0", "8.0.1", "8.0.2", "8.0.3", "8.0.4", "8.1", "8.2", "8.2.1", "8.3", "9.0", "9.0.1", "9.1"]}], "specifier": null}, {"extra": [], "extras": [], "marker": null, "marker_evaluated": null, "marker_evaluation_error": null, "marker_evaluation_result": true, "normalized_package_name": "zope-component", "package_name": "zope.component", "resolved_versions": [{"index": "https://pypi.org/simple", "versions": ["3.10.0", "3.11.0", "3.12.0", "3.12.1", "3.4.0", "3.4dev-r72605", "3.4dev-r72747", "3.4dev-r72748", "3.4dev-r72749", "3.5.0", "3.5.1", "3.6.0", "3.7.0", "3.7.1", "3.8.0", "3.9.0", "3.9.1", "3.9.2", "3.9.3", "3.9.4", "3.9.5", "4.0.0", "4.0.1", "4.0.2", "4.1.0", "4.2.0", "4.2.1", "4.2.2", "4.3.0", "4.4.0", "4.4.1", "4.5", "4.6"]}], "specifier": null}, {"extra": [], "extras": [], "marker": null, "marker_evaluated": null, "marker_evaluation_error": null, "marker_evaluation_result": true, "normalized_package_name": "zope-deprecation", "package_name": "zope.deprecation", "resolved_versions": [{"index": "https://pypi.org/simple", "versions": ["3.3.0", "3.4.0", "3.4.1", "3.5.0", "3.5.1", "4.0.0", "4.0.1", "4.0.2", "4.1.0", "4.1.1", "4.1.2", "4.2.0", "4.3.0", "4.4.0"]}], "specifier": null}, {"extra": [], "extras": [], "marker": null, "marker_evaluated": null, "marker_evaluation_error": null, "marker_evaluation_result": true, "normalized_package_name": "zope-interface", "package_name": "zope.interface", "resolved_versions": [{"index": "https://pypi.org/simple", "versions": ["3.3.0", "3.3.0.1", "3.4.0", "3.4.1", "3.5.0", "3.5.1", "3.5.2", "3.5.3", "3.6.0", "3.6.1", "3.6.2", "3.6.3", "3.6.4", "3.6.5", "3.6.6", "3.6.7", "3.6.8", "3.7.0", "3.8.0", "4.0.0", "4.0.1", "4.0.2", "4.0.3", "4.0.4", "4.0.5", "4.1.0", "4.1.1", "4.1.2", "4.1.3", "4.2.0", "4.3.0", "4.3.1", "4.3.2", "4.3.3", "4.4.0", "4.4.1", "4.4.2", "4.4.3", "4.5.0", "4.6.0", "4.7.0", "4.7.1"]}], "specifier": null}, {"extra": ["plone"], "extras": [], "marker": "extra == \"plone\"", "marker_evaluated": "python_version >= \"0.0\"", "marker_evaluation_error": null, "marker_evaluation_result": true, "normalized_package_name": "plone-app-testing", "package_name": "plone.app.testing", "resolved_versions": [{"index": "https://pypi.org/simple", "versions": ["4.0", "4.0.1", "4.0.2", "4.2", "4.2.1", "4.2.2", "4.2.3", "4.2.4", "4.2.5", "4.2.6", "4.2.7", "5.0.0", "5.0.1", "5.0.2", "5.0.3", "5.0.4", "5.0.5", "5.0.6", "5.0.7", "5.0.8", "5.0.9", "6.0.0", "6.1.0", "6.1.1", "6.1.2", "6.1.3"]}], "specifier": null}, {"extra": ["tests"], "extras": [], "marker": "extra == \"tests\"", "marker_evaluated": "python_version >= \"0.0\"", "marker_evaluation_error": null, "marker_evaluation_result": true, "normalized_package_name": "products-cmfcore", "package_name": "Products.CMFCore", "resolved_versions": [{"index": "https://pypi.org/simple", "versions": ["2.1.1", "2.1.2", "2.1.3", "2.2.0", "2.2.1", "2.2.10", "2.2.11", "2.2.12", "2.2.13", "2.2.2", "2.2.3", "2.2.4", "2.2.5", "2.2.6", "2.2.7", "2.2.8", "2.2.9", "2.3.0", "2.3.1", "2.4.0", "2.4.1", "2.4.2"]}], "specifier": null}, {"extra": ["tests"], "extras": [], "marker": "extra == \"tests\"", "marker_evaluated": "python_version >= \"0.0\"", "marker_evaluation_error": null, "marker_evaluation_result": true, "normalized_package_name": "products-statusmessages", "package_name": "Products.statusmessages", "resolved_versions": [{"index": "https://pypi.org/simple", "versions": ["3.0", "3.0.1", "3.0.2", "3.0.3", "4.0", "4.1.0", "4.1.1", "4.1.2", "5.0", "5.0.1", "5.0.2", "5.0.3", "5.0.4"]}], "specifier": null}, {"extra": ["tests"], "extras": [], "marker": "extra == \"tests\"", "marker_evaluated": "python_version >= \"0.0\"", "marker_evaluation_error": null, "marker_evaluation_result": true, "normalized_package_name": "ftw-builder", "package_name": "ftw.builder", "resolved_versions": [{"index": "https://pypi.org/simple", "versions": ["1.0.0", "1.1.0", "1.10.0", "1.11.0", "1.11.1", "1.12.0", "1.2.0", "1.3.0", "1.3.1", "1.3.2", "1.3.3", "1.3.4", "1.4.0", "1.5.0", "1.5.1", "1.5.2", "1.6.0", "1.6.1", "1.6.2", "1.6.3", "1.7.0", "1.7.1", "1.7.2", "1.7.3", "1.7.4", "1.7.5", "1.8.0", "1.8.1", "1.9.0", "2.0.0"]}], "specifier": null}, {"extra": ["tests"], "extras": [], "marker": "extra == \"tests\"", "marker_evaluated": "python_version >= \"0.0\"", "marker_evaluation_error": null, "marker_evaluation_result": true, "normalized_package_name": "plone-app-contenttypes", "package_name": "plone.app.contenttypes", "resolved_versions": [{"index": "https://pypi.org/simple", "versions": ["1.0", "1.1", "1.1.1", "1.1.2", "1.1.3", "1.1.4", "1.1.5", "1.1.6", "1.2.0", "1.2.1", "1.2.10", "1.2.11", "1.2.12", "1.2.13", "1.2.14", "1.2.15", "1.2.16", "1.2.17", "1.2.18", "1.2.19", "1.2.2", "1.2.20", "1.2.21", "1.2.22", "1.2.23", "1.2.24", "1.2.25", "1.2.26", "1.2.27", "1.2.3", "1.2.4", "1.2.5", "1.2.6", "1.2.7", "1.2.8", "1.2.9", "1.3.0", "1.4", "1.4.1", "1.4.10", "1.4.11", "1.4.12", "1.4.13", "1.4.14", "1.4.15", "1.4.16", "1.4.2", "1.4.3", "1.4.4", "1.4.5", "1.4.6", "1.4.7", "1.4.8", "1.4.9", "2.0.0", "2.0.1", "2.0.2", "2.0.3", "2.0.4", "2.0.5", "2.1.0", "2.1.1", "2.1.2", "2.1.3", "2.1.4", "2.1.5"]}], "specifier": null}, {"extra": ["tests"], "extras": [], "marker": "extra == \"tests\"", "marker_evaluated": "python_version >= \"0.0\"", "marker_evaluation_error": null, "marker_evaluation_result": true, "normalized_package_name": "plone-app-testing", "package_name": "plone.app.testing", "resolved_versions": [{"index": "https://pypi.org/simple", "versions": ["4.0", "4.0.1", "4.0.2", "4.2", "4.2.1", "4.2.2", "4.2.3", "4.2.4", "4.2.5", "4.2.6", "4.2.7", "5.0.0", "5.0.1", "5.0.2", "5.0.3", "5.0.4", "5.0.5", "5.0.6", "5.0.7", "5.0.8", "5.0.9", "6.0.0", "6.1.0", "6.1.1", "6.1.2", "6.1.3"]}], "specifier": null}, {"extra": ["tests"], "extras": [], "marker": "extra == \"tests\"", "marker_evaluated": "python_version >= \"0.0\"", "marker_evaluation_error": null, "marker_evaluation_result": true, "normalized_package_name": "plone-formwidget-autocomplete", "package_name": "plone.formwidget.autocomplete", "resolved_versions": [{"index": "https://pypi.org/simple", "versions": ["1.0", "1.1", "1.1.1", "1.2.0", "1.2.1", "1.2.10", "1.2.11", "1.2.2", "1.2.3", "1.2.4", "1.2.5", "1.2.6", "1.2.7", "1.2.8", "1.2.9", "1.3.0"]}], "specifier": null}, {"extra": ["tests"], "extras": [], "marker": "extra == \"tests\"", "marker_evaluated": "python_version >= \"0.0\"", "marker_evaluation_error": null, "marker_evaluation_result": true, "normalized_package_name": "plone-formwidget-contenttree", "package_name": "plone.formwidget.contenttree", "resolved_versions": [{"index": "https://pypi.org/simple", "versions": ["1.0", "1.0.1", "1.0.10", "1.0.11", "1.0.12", "1.0.13", "1.0.14", "1.0.15", "1.0.16", "1.0.2", "1.0.3", "1.0.4", "1.0.5", "1.0.6", "1.0.7", "1.0.8", "1.0.9", "1.1.0"]}], "specifier": null}, {"extra": ["tests"], "extras": [], "marker": "extra == \"tests\"", "marker_evaluated": "python_version >= \"0.0\"", "marker_evaluation_error": null, "marker_evaluation_result": true, "normalized_package_name": "plone-z3cform", "package_name": "plone.z3cform", "resolved_versions": [{"index": "https://pypi.org/simple", "versions": ["0.1", "0.2", "0.3", "0.4", "0.5.0", "0.5.1", "0.5.10", "0.5.11", "0.5.12", "0.5.2", "0.5.3", "0.5.4", "0.5.5", "0.5.6", "0.5.7", "0.5.8", "0.5.9", "0.6.0", "0.7.0", "0.7.1", "0.7.2", "0.7.3", "0.7.4", "0.7.5", "0.7.6", "0.7.7", "0.7.8", "0.8.0", "0.8.1", "0.9.0", "0.9.1", "0.9.2", "1.0.0", "1.1.0", "1.1.1"]}], "specifier": null}, {"extra": ["tests"], "extras": [], "marker": "extra == \"tests\"", "marker_evaluated": "python_version >= \"0.0\"", "marker_evaluation_error": null, "marker_evaluation_result": true, "normalized_package_name": "unittest2", "package_name": "unittest2", "resolved_versions": [{"index": "https://pypi.org/simple", "versions": ["0.0", "0.1.0", "0.1.1", "0.1.2", "0.1.3", "0.1.4", "0.1.5", "0.1.6", "0.2.0", "0.3.0", "0.4.0", "0.4.1", "0.4.2", "0.5.0", "0.5.1", "0.6.0", "0.7.0", "0.7.1", "0.8.0", "1.0.0", "1.0.1", "1.1.0"]}], "specifier": null}, {"extra": ["tests"], "extras": [], "marker": "extra == \"tests\"", "marker_evaluated": "python_version >= \"0.0\"", "marker_evaluation_error": null, "marker_evaluation_result": true, "normalized_package_name": "z3c-form", "package_name": "z3c.form", "resolved_versions": [{"index": "https://pypi.org/simple", "versions": ["1.0.0", "1.1.0", "1.2.0", "1.3.0", "1.4.0", "1.5.0", "1.6.0", "1.7.0", "1.8.0", "1.8.1", "1.8.2", "1.9.0", "2.0.0", "2.1.0", "2.2.0", "2.3.0", "2.3.1", "2.3.2", "2.3.3", "2.3.4", "2.4.0", "2.4.1", "2.4.2", "2.4.3", "2.4.4", "2.5.0", "2.5.1", "2.6.0", "2.6.1", "2.7.0", "2.8.0", "2.8.1", "2.8.2", "2.9.0", "2.9.1", "3.0", "3.0.1", "3.0.2", "3.0.3", "3.0.4", "3.0.5", "3.1.0", "3.1.1", "3.2.0", "3.2.1", "3.2.10", "3.2.11", "3.2.2", "3.2.3", "3.2.4", "3.2.5", "3.2.6", "3.2.7", "3.2.8", "3.2.9", "3.3.0", "3.4.0", "3.5", "3.6", "3.7.0", "4.0", "4.1", "4.1.1", "4.1.2"]}], "specifier": null}, {"extra": ["tests"], "extras": [], "marker": "extra == \"tests\"", "marker_evaluated": "python_version >= \"0.0\"", "marker_evaluation_error": null, "marker_evaluation_result": true, "normalized_package_name": "z3c-formwidget-query", "package_name": "z3c.formwidget.query", "resolved_versions": [{"index": "https://pypi.org/simple", "versions": ["0.1", "0.10", "0.11", "0.12", "0.13", "0.14", "0.15", "0.16", "0.17", "0.2", "0.3", "0.5", "0.6", "0.7", "0.8", "0.9"]}], "specifier": null}, {"extra": ["tests"], "extras": [], "marker": "extra == \"tests\"", "marker_evaluated": "python_version >= \"0.0\"", "marker_evaluation_error": null, "marker_evaluation_result": true, "normalized_package_name": "zope-configuration", "package_name": "zope.configuration", "resolved_versions": [{"index": "https://pypi.org/simple", "versions": ["3.4.0", "3.4.1", "3.4dev-r72952", "3.5.0", "3.6.0", "3.7.0", "3.7.1", "3.7.2", "3.7.3", "3.7.4", "3.8.0", "3.8.1", "4.0.0", "4.0.1", "4.0.2", "4.0.3", "4.1.0", "4.2.0", "4.2.1", "4.2.2", "4.3.0", "4.3.1"]}], "specifier": null}, {"extra": ["tests"], "extras": [], "marker": "extra == \"tests\"", "marker_evaluated": "python_version >= \"0.0\"", "marker_evaluation_error": null, "marker_evaluation_result": true, "normalized_package_name": "zope-publisher", "package_name": "zope.publisher", "resolved_versions": [{"index": "https://pypi.org/simple", "versions": ["3.10.0", "3.10.1", "3.11.0", "3.12.0", "3.12.1", "3.12.2", "3.12.3", "3.12.4", "3.12.5", "3.12.6", "3.13.0", "3.13.1", "3.13.2", "3.13.3", "3.13.4", "3.3.3", "3.4.1", "3.4.10", "3.4.2", "3.4.3", "3.4.4", "3.4.5", "3.4.6", "3.4.7", "3.4.8", "3.4.9", "3.5.0", "3.5.1", "3.5.2", "3.5.3", "3.5.4", "3.5.5", "3.5.6", "3.5.7", "3.5.8", "3.6.0", "3.6.1", "3.6.2", "3.6.3", "3.6.4", "3.7.0", "3.8.0", "3.9.0", "3.9.1", "3.9.2", "3.9.3", "4.0.0", "4.1.0", "4.2.0", "4.2.1", "4.2.2", "4.3.0", "4.3.1", "4.3.2", "5.0", "5.0.1", "5.1.0", "5.1.1"]}], "specifier": null}, {"extra": ["tests"], "extras": [], "marker": "extra == \"tests\"", "marker_evaluated": "python_version >= \"0.0\"", "marker_evaluation_error": null, "marker_evaluation_result": true, "normalized_package_name": "zope-schema", "package_name": "zope.schema", "resolved_versions": [{"index": "https://pypi.org/simple", "versions": ["3.3.0", "3.4.0", "3.5.1", "3.5.2", "3.5.3", "3.5.4", "3.6.0", "3.6.1", "3.6.2", "3.6.3", "3.6.4", "3.7.0", "3.7.1", "3.8.0", "3.8.1", "4.0.0", "4.0.1", "4.1.0", "4.1.1", "4.2.0", "4.2.1", "4.2.2", "4.3.0", "4.3.1", "4.3.2", "4.3.3", "4.4.0", "4.4.1", "4.4.2", "4.5.0", "4.6.0", "4.6.1", "4.6.2", "4.7.0", "4.8.0", "4.9.0", "4.9.1", "4.9.2", "4.9.3"]}], "specifier": null}], "importlib_metadata": {"entry_points": [{"group": "z3c.autoinclude.plugin", "name": "target", "value": "plone"}], "files": [{"hash": {"mode": "sha256", "value": "x4ZFYrQuuGC2A-wzbIzxQ6mFqTRa_T_8VFuyTsxGEhY"}, "path": "ftw.testbrowser-1.16.1-py3.7-nspkg.pth", "size": 524}, {"hash": {"mode": "sha256", "value": "zuuue4knoyJ-UwPPXg8fezS7VCrXJQrAP7zeNuwvFQg"}, "path": "ftw.testbrowser-1.16.1.dist-info/INSTALLER", "size": 4}, {"hash": {"mode": "sha256", "value": "KecTc74hatIw8h6WV8_dAXuf6kn3GluXNXt7Z5ppUGs"}, "path": "ftw.testbrowser-1.16.1.dist-info/METADATA", "size": 12673}, {"hash": null, "path": "ftw.testbrowser-1.16.1.dist-info/RECORD", "size": null}, {"hash": {"mode": "sha256", "value": "wYBY2EO50FhAcckpWmO3c3Zwk2MALACx6lPAl6gVKnE"}, "path": "ftw.testbrowser-1.16.1.dist-info/WHEEL", "size": 93}, {"hash": {"mode": "sha256", "value": "DXkF0Ka1F_JiYOe7hJpBL1Mm7BKauaEA17zPU2mxh4w"}, "path": "ftw.testbrowser-1.16.1.dist-info/entry_points.txt", "size": 89}, {"hash": {"mode": "sha256", "value": "bh9goOMJrnS5JgIkEdmhE04UF7WPZHe4ziWMNpDQ7Yw"}, "path": "ftw.testbrowser-1.16.1.dist-info/namespace_packages.txt", "size": 4}, {"hash": {"mode": "sha256", "value": "bh9goOMJrnS5JgIkEdmhE04UF7WPZHe4ziWMNpDQ7Yw"}, "path": "ftw.testbrowser-1.16.1.dist-info/top_level.txt", "size": 4}, {"hash": {"mode": "sha256", "value": "hVk0pQpdeWR5sQpZDUUx08h8iv_ZzDes1hphzJwaMag"}, "path": "ftw/testbrowser/__init__.py", "size": 1087}, {"hash": null, "path": "ftw/testbrowser/__pycache__/__init__.cpython-37.pyc", "size": null}, {"hash": null, "path": "ftw/testbrowser/__pycache__/exceptions.cpython-37.pyc", "size": null}, {"hash": null, "path": "ftw/testbrowser/__pycache__/form.cpython-37.pyc", "size": null}, {"hash": null, "path": "ftw/testbrowser/__pycache__/interfaces.cpython-37.pyc", "size": null}, {"hash": null, "path": "ftw/testbrowser/__pycache__/nodes.cpython-37.pyc", "size": null}, {"hash": null, "path": "ftw/testbrowser/__pycache__/table.cpython-37.pyc", "size": null}, {"hash": null, "path": "ftw/testbrowser/__pycache__/testing.cpython-37.pyc", "size": null}, {"hash": null, "path": "ftw/testbrowser/__pycache__/utils.cpython-37.pyc", "size": null}, {"hash": {"mode": "sha256", "value": "Ba44cjuqk3ax65gsmvkEEScyhmVO8lb8_7kzVFG1hcg"}, "path": "ftw/testbrowser/core.py", "size": 33272}, {"hash": {"mode": "sha256", "value": "eOdClmRa40MtdSYKgw4SGopmo0ZQdXGp5qz3Gvnv-fk"}, "path": "ftw/testbrowser/exceptions.py", "size": 2499}, {"hash": {"mode": "sha256", "value": "6S6jP17FsdQuIVtHHmAjDDuh1-5ekgY1jcwV64d-kDY"}, "path": "ftw/testbrowser/form.py", "size": 18547}, {"hash": {"mode": "sha256", "value": "-g4hroD299bL0LgAeA6PQGFEwPsdseFMGJUnqtiVfHo"}, "path": "ftw/testbrowser/interfaces.py", "size": 630}, {"hash": {"mode": "sha256", "value": "cqIP37cG6cVd8E-lf5L48XrKQTtWJRwpkf4zbZVaH10"}, "path": "ftw/testbrowser/nodes.py", "size": 23452}, {"hash": {"mode": "sha256", "value": "47DEQpj8HBSa-_TImW-5JCeuQeRkm5NMpJWZG3hSuFU"}, "path": "ftw/testbrowser/pages/__init__.py", "size": 0}, {"hash": null, "path": "ftw/testbrowser/pages/__pycache__/__init__.cpython-37.pyc", "size": null}, {"hash": null, "path": "ftw/testbrowser/pages/__pycache__/dexterity.cpython-37.pyc", "size": null}, {"hash": null, "path": "ftw/testbrowser/pages/__pycache__/factoriesmenu.cpython-37.pyc", "size": null}, {"hash": null, "path": "ftw/testbrowser/pages/__pycache__/folder_contents.cpython-37.pyc", "size": null}, {"hash": null, "path": "ftw/testbrowser/pages/__pycache__/plone.cpython-37.pyc", "size": null}, {"hash": null, "path": "ftw/testbrowser/pages/__pycache__/statusmessages.cpython-37.pyc", "size": null}, {"hash": null, "path": "ftw/testbrowser/pages/__pycache__/z3cform.cpython-37.pyc", "size": null}, {"hash": {"mode": "sha256", "value": "llrI5WGpqF6NqMngn060y9G69XwVap1mdK7c9X6O2XA"}, "path": "ftw/testbrowser/pages/dexterity.py", "size": 499}, {"hash": {"mode": "sha256", "value": "OeC6cWlOnvDkY9RTI-nGZ_dlwJEkvlLNV66efaJ0cyM"}, "path": "ftw/testbrowser/pages/factoriesmenu.py", "size": 1608}, {"hash": {"mode": "sha256", "value": "Qn81EUBlmGNmD4w7DAPHR-nZdDLK_PqSntIdWU0TKBE"}, "path": "ftw/testbrowser/pages/folder_contents.py", "size": 5518}, {"hash": {"mode": "sha256", "value": "JsyFsRCxsU9LmtB37XjBd4y0FXAOGn3qo0ZVOcfJ16M"}, "path": "ftw/testbrowser/pages/plone.py", "size": 1731}, {"hash": {"mode": "sha256", "value": "c4izErJtJt8lX3eQ138bkrCm7QAN4XI9SGWBr6R-FBk"}, "path": "ftw/testbrowser/pages/statusmessages.py", "size": 2845}, {"hash": {"mode": "sha256", "value": "wa-tjg9NDXovrkWDo-zuSG_Mk0g7uHl41_uPBLXnpRs"}, "path": "ftw/testbrowser/pages/z3cform.py", "size": 837}, {"hash": {"mode": "sha256", "value": "cQmorZypzU9Nv36p7wjDhBtHbRrjbDklOzpxUPIpkHk"}, "path": "ftw/testbrowser/table.py", "size": 9841}, {"hash": {"mode": "sha256", "value": "U1PGPH_j4s1dX94msiQje3uax3ECBRLx9UFsV8qXNo0"}, "path": "ftw/testbrowser/testing.py", "size": 1707}, {"hash": {"mode": "sha256", "value": "47DEQpj8HBSa-_TImW-5JCeuQeRkm5NMpJWZG3hSuFU"}, "path": "ftw/testbrowser/tests/__init__.py", "size": 0}, {"hash": null, "path": "ftw/testbrowser/tests/__pycache__/__init__.cpython-37.pyc", "size": null}, {"hash": null, "path": "ftw/testbrowser/tests/__pycache__/helpers.cpython-37.pyc", "size": null}, {"hash": null, "path": "ftw/testbrowser/tests/__pycache__/test_browser.cpython-37.pyc", "size": null}, {"hash": null, "path": "ftw/testbrowser/tests/__pycache__/test_context.cpython-37.pyc", "size": null}, {"hash": null, "path": "ftw/testbrowser/tests/__pycache__/test_cookies.cpython-37.pyc", "size": null}, {"hash": null, "path": "ftw/testbrowser/tests/__pycache__/test_dexterity_forms.cpython-37.pyc", "size": null}, {"hash": null, "path": "ftw/testbrowser/tests/__pycache__/test_elements.cpython-37.pyc", "size": null}, {"hash": null, "path": "ftw/testbrowser/tests/__pycache__/test_exceptions.cpython-37.pyc", "size": null}, {"hash": null, "path": "ftw/testbrowser/tests/__pycache__/test_file_uploads.cpython-37.pyc", "size": null}, {"hash": null, "path": "ftw/testbrowser/tests/__pycache__/test_forms.cpython-37.pyc", "size": null}, {"hash": null, "path": "ftw/testbrowser/tests/__pycache__/test_headers.cpython-37.pyc", "size": null}, {"hash": null, "path": "ftw/testbrowser/tests/__pycache__/test_nodes.cpython-37.pyc", "size": null}, {"hash": null, "path": "ftw/testbrowser/tests/__pycache__/test_pages_dexterity.cpython-37.pyc", "size": null}, {"hash": null, "path": "ftw/testbrowser/tests/__pycache__/test_pages_factoriesmenu.cpython-37.pyc", "size": null}, {"hash": null, "path": "ftw/testbrowser/tests/__pycache__/test_pages_folder_contents.cpython-37.pyc", "size": null}, {"hash": null, "path": "ftw/testbrowser/tests/__pycache__/test_pages_plone.cpython-37.pyc", "size": null}, {"hash": null, "path": "ftw/testbrowser/tests/__pycache__/test_pages_statusmessages.cpython-37.pyc", "size": null}, {"hash": null, "path": "ftw/testbrowser/tests/__pycache__/test_pages_z3cform.cpython-37.pyc", "size": null}, {"hash": null, "path": "ftw/testbrowser/tests/__pycache__/test_referer.cpython-37.pyc", "size": null}, {"hash": null, "path": "ftw/testbrowser/tests/__pycache__/test_requests.cpython-37.pyc", "size": null}, {"hash": null, "path": "ftw/testbrowser/tests/__pycache__/test_session.cpython-37.pyc", "size": null}, {"hash": null, "path": "ftw/testbrowser/tests/__pycache__/test_tables.cpython-37.pyc", "size": null}, {"hash": null, "path": "ftw/testbrowser/tests/__pycache__/test_webdav_requests.cpython-37.pyc", "size": null}, {"hash": null, "path": "ftw/testbrowser/tests/__pycache__/test_widgets_atmultiselect.cpython-37.pyc", "size": null}, {"hash": null, "path": "ftw/testbrowser/tests/__pycache__/test_widgets_autocomplete.cpython-37.pyc", "size": null}, {"hash": null, "path": "ftw/testbrowser/tests/__pycache__/test_widgets_contenttree.cpython-37.pyc", "size": null}, {"hash": null, "path": "ftw/testbrowser/tests/__pycache__/test_widgets_date.cpython-37.pyc", "size": null}, {"hash": null, "path": "ftw/testbrowser/tests/__pycache__/test_widgets_file.cpython-37.pyc", "size": null}, {"hash": null, "path": "ftw/testbrowser/tests/__pycache__/test_widgets_sequence.cpython-37.pyc", "size": null}, {"hash": null, "path": "ftw/testbrowser/tests/__pycache__/test_widgets_z3c_choice_collection.cpython-37.pyc", "size": null}, {"hash": null, "path": "ftw/testbrowser/tests/__pycache__/test_xml_document.cpython-37.pyc", "size": null}, {"hash": {"mode": "sha256", "value": "Cs8pI9-SgLp6sXZqYwRgdTtluhsNAtFoSNzE-BkKe8c"}, "path": "ftw/testbrowser/tests/assets/cities-iso-8859-1.xml", "size": 169}, {"hash": {"mode": "sha256", "value": "AGYoZF4mMYHYyFGi76T3p5z1Ok7eBNGTf6G7iYHXA8k"}, "path": "ftw/testbrowser/tests/assets/cities-utf8.xml", "size": 166}, {"hash": {"mode": "sha256", "value": "JvCyhY9-PgdqdNoBSgizVFoDyE7-J4X50EzzGEGOLZ8"}, "path": "ftw/testbrowser/tests/assets/file.pdf", "size": 8203}, {"hash": {"mode": "sha256", "value": "fGr-bTCkP8fxOSX03FF2MwVALcB71f_8rz6LvuLSMh8"}, "path": "ftw/testbrowser/tests/assets/helloworld.py", "size": 20}, {"hash": {"mode": "sha256", "value": "SZbgVIpYbc3T0_SXM1WEmuY_UHQOIuR4vFfZXcFTMUI"}, "path": "ftw/testbrowser/tests/assets/mario.gif", "size": 507}, {"hash": {"mode": "sha256", "value": "U2MhePGaI4UJ-S0EAwoG7De9sMAr_okVLBSJNc762QI"}, "path": "ftw/testbrowser/tests/helpers.py", "size": 1104}, {"hash": {"mode": "sha256", "value": "0LaT2tuPnSdja6_vRi6hiHVN0gKa3os3LDzVL95wmz4"}, "path": "ftw/testbrowser/tests/test_browser.py", "size": 8986}, {"hash": {"mode": "sha256", "value": "DLVVpJ5lf-0E8OQ0YB7VVvQ1fNhZ0BXqfe2Y-DXWtFQ"}, "path": "ftw/testbrowser/tests/test_context.py", "size": 2334}, {"hash": {"mode": "sha256", "value": "2LB5uYzPrRBNZdb0JkhNWsspQTB6IDbarmt_Mp-Ue2A"}, "path": "ftw/testbrowser/tests/test_cookies.py", "size": 1759}, {"hash": {"mode": "sha256", "value": "J0_F64PHQT5dUS46SlxOKyIuw01HCA2U3KaR8N-fGJI"}, "path": "ftw/testbrowser/tests/test_dexterity_forms.py", "size": 2790}, {"hash": {"mode": "sha256", "value": "adgEf732GF3GVvTpkVbZaut55iyItoRFLo_Jtbeqe80"}, "path": "ftw/testbrowser/tests/test_elements.py", "size": 2104}, {"hash": {"mode": "sha256", "value": "rh58epRN95zeftZOKq-cJnZdTNJp_7_vnYYwfqf1YSU"}, "path": "ftw/testbrowser/tests/test_exceptions.py", "size": 1853}, {"hash": {"mode": "sha256", "value": "ytqP7luygGF8rFc2cHrpU7mWXtsbCfOCUor1RBCCDG8"}, "path": "ftw/testbrowser/tests/test_file_uploads.py", "size": 4429}, {"hash": {"mode": "sha256", "value": "6YRbWbcF-m3uSMRLF6P7F4bXADHheLMtlxO9juTgk-c"}, "path": "ftw/testbrowser/tests/test_forms.py", "size": 14474}, {"hash": {"mode": "sha256", "value": "wPCN91YPzaQVa_yw4NVpBVmIOHYvT0rV2FHzsiRVElU"}, "path": "ftw/testbrowser/tests/test_headers.py", "size": 957}, {"hash": {"mode": "sha256", "value": "2fLvXGYB-deBflKWEe0Et-e5XwYL33Z_aXVydskaUxc"}, "path": "ftw/testbrowser/tests/test_nodes.py", "size": 29153}, {"hash": {"mode": "sha256", "value": "lBqeOTWSNv85xnt_1q96ErQ0WLubDrVbio6S342iXSs"}, "path": "ftw/testbrowser/tests/test_pages_dexterity.py", "size": 695}, {"hash": {"mode": "sha256", "value": "_Fm3SigxItJNVfwnJumxl1MXQKRK6OJOCnTDZFohhnw"}, "path": "ftw/testbrowser/tests/test_pages_factoriesmenu.py", "size": 2784}, {"hash": {"mode": "sha256", "value": "HdsHGZDk5RbaCq4Rnp8wjLW5pMtFKDYzq_xZ8-NCSfw"}, "path": "ftw/testbrowser/tests/test_pages_folder_contents.py", "size": 4131}, {"hash": {"mode": "sha256", "value": "-acoIsGZftE5o5ZqA3aS4BdlDgYRIH0TAVvjiElgSxs"}, "path": "ftw/testbrowser/tests/test_pages_plone.py", "size": 2116}, {"hash": {"mode": "sha256", "value": "gNKox6h2VB8tFM2Q5YzIG7EaRIaIOLGhRdxZ70tmGtE"}, "path": "ftw/testbrowser/tests/test_pages_statusmessages.py", "size": 3667}, {"hash": {"mode": "sha256", "value": "ieoE73r1zpiij4i8CivsDOO-sRq3PLpU3QOcwZAGWd4"}, "path": "ftw/testbrowser/tests/test_pages_z3cform.py", "size": 739}, {"hash": {"mode": "sha256", "value": "lc3CsCzbrmUngjwAGHYE-fAkHNWkf3lZMavUv6X0wL0"}, "path": "ftw/testbrowser/tests/test_referer.py", "size": 1888}, {"hash": {"mode": "sha256", "value": "-kPEIixOEL1ISt9eeCoUZM4t_OnEIggkKBaGuLzBtBk"}, "path": "ftw/testbrowser/tests/test_requests.py", "size": 19203}, {"hash": {"mode": "sha256", "value": "NeWthFei6zBmdOonn-ci4KsmsZ_pNzTtYTHQ5j0YiHo"}, "path": "ftw/testbrowser/tests/test_session.py", "size": 1241}, {"hash": {"mode": "sha256", "value": "C_i778qP69INNdziBsVrskR3drVlx7fdEzV5GZ6RaqQ"}, "path": "ftw/testbrowser/tests/test_tables.py", "size": 12067}, {"hash": {"mode": "sha256", "value": "pmzAynfWd-vozSE2cVhtv942RR57Tog88TQTYXhlsE8"}, "path": "ftw/testbrowser/tests/test_webdav_requests.py", "size": 1437}, {"hash": {"mode": "sha256", "value": "HqHDCY9QBTlpcOG-IUdoIuSgP6YpVfT-xAYtkcVanu8"}, "path": "ftw/testbrowser/tests/test_widgets_atmultiselect.py", "size": 3090}, {"hash": {"mode": "sha256", "value": "j6nSMkZ2SPTxA4OjyIRROI4UiOeIqRdgDKTfeGIZcCM"}, "path": "ftw/testbrowser/tests/test_widgets_autocomplete.py", "size": 1323}, {"hash": {"mode": "sha256", "value": "_es58ZL4HGodGFwbviE5ZJ4n12TzYPeOIJnPXlsjwMg"}, "path": "ftw/testbrowser/tests/test_widgets_contenttree.py", "size": 1446}, {"hash": {"mode": "sha256", "value": "g8TWIIHACh97XiPj3xXJMaidIrpsTY_islhOy3ATvnA"}, "path": "ftw/testbrowser/tests/test_widgets_date.py", "size": 625}, {"hash": {"mode": "sha256", "value": "sxN_1zzJFz-1p1qnA8JXSFY-vv89DQAOibu9AH_Ah_A"}, "path": "ftw/testbrowser/tests/test_widgets_datetime.py", "size": 1405}, {"hash": {"mode": "sha256", "value": "LQ2E5zGQ7-fS1LQVBQ6Zk9qynE0rVMCe9zqMqoYM55g"}, "path": "ftw/testbrowser/tests/test_widgets_file.py", "size": 2355}, {"hash": {"mode": "sha256", "value": "fSnx9n-u8PHyr2Fs6JovyM6CqPShqdpjIh4pbjXO-l0"}, "path": "ftw/testbrowser/tests/test_widgets_sequence.py", "size": 3406}, {"hash": {"mode": "sha256", "value": "C9XZWKQULicNLDKUJsZFgUZWDmh4GKJ1dwPFDjpclW8"}, "path": "ftw/testbrowser/tests/test_widgets_z3c_choice_collection.py", "size": 7724}, {"hash": {"mode": "sha256", "value": "HS4dx6xq921GqgPjiWKcEg3w0TE99j-prvj4y5ziEk8"}, "path": "ftw/testbrowser/tests/test_xml_document.py", "size": 1549}, {"hash": {"mode": "sha256", "value": "47DEQpj8HBSa-_TImW-5JCeuQeRkm5NMpJWZG3hSuFU"}, "path": "ftw/testbrowser/tests/views/__init__.py", "size": 0}, {"hash": null, "path": "ftw/testbrowser/tests/views/__pycache__/__init__.cpython-37.pyc", "size": null}, {"hash": null, "path": "ftw/testbrowser/tests/views/__pycache__/views.cpython-37.pyc", "size": null}, {"hash": null, "path": "ftw/testbrowser/tests/views/__pycache__/z3cform.cpython-37.pyc", "size": null}, {"hash": {"mode": "sha256", "value": "t1qMvbcidNprbZs9CiuOH5H3V2TgleQkKw4Qdpz7iR8"}, "path": "ftw/testbrowser/tests/views/configure.zcml", "size": 1771}, {"hash": {"mode": "sha256", "value": "_nHXjA9XVikdKSQxQUIPM17lKwIvQv-nke_5SQEOHiY"}, "path": "ftw/testbrowser/tests/views/test-elements.pt", "size": 1038}, {"hash": {"mode": "sha256", "value": "K8PBgkX9zonKNt6Dhi_TGrz6nhc-bDh1vBvMU9FOOUA"}, "path": "ftw/testbrowser/tests/views/test-form.pt", "size": 780}, {"hash": {"mode": "sha256", "value": "WSI3u1H3cnfFaF6inQKch8Rl5TneZTLdKrJw5x1JYoQ"}, "path": "ftw/testbrowser/tests/views/test-referer.pt", "size": 869}, {"hash": {"mode": "sha256", "value": "PX7hCkj440DJYJ0Enq-hNuzM4yrJAW5ZMzujUiNiq3M"}, "path": "ftw/testbrowser/tests/views/test-structure.pt", "size": 1653}, {"hash": {"mode": "sha256", "value": "3MKr23_FIjoQwTOwoRPLbA2kqWnlT6gEp_NaOo7Xfxo"}, "path": "ftw/testbrowser/tests/views/test-tables.pt", "size": 2946}, {"hash": {"mode": "sha256", "value": "sAsI4cdsLY9BlqHvuVVJ1WPPcV7spY-xSZkrA-agzkM"}, "path": "ftw/testbrowser/tests/views/views.py", "size": 2722}, {"hash": {"mode": "sha256", "value": "1HpMHX1XEww-tWglTMS2RY0R6h9CQc5cjKLMpeTKz0M"}, "path": "ftw/testbrowser/tests/views/z3cform.py", "size": 3829}, {"hash": {"mode": "sha256", "value": "y1DzhzSTq6w4pDw3zVZ_opLITk2Yb5mmupPeQ1FPuyc"}, "path": "ftw/testbrowser/utils.py", "size": 382}, {"hash": {"mode": "sha256", "value": "oHaGpH9Bflqy0zak5_uo_w2mwbtym_UA3nVU8bN1mn8"}, "path": "ftw/testbrowser/widgets/__init__.py", "size": 286}, {"hash": null, "path": "ftw/testbrowser/widgets/__pycache__/__init__.cpython-37.pyc", "size": null}, {"hash": null, "path": "ftw/testbrowser/widgets/__pycache__/atmultiselect.cpython-37.pyc", "size": null}, {"hash": null, "path": "ftw/testbrowser/widgets/__pycache__/autocomplete.cpython-37.pyc", "size": null}, {"hash": null, "path": "ftw/testbrowser/widgets/__pycache__/base.cpython-37.pyc", "size": null}, {"hash": null, "path": "ftw/testbrowser/widgets/__pycache__/datetime.cpython-37.pyc", "size": null}, {"hash": null, "path": "ftw/testbrowser/widgets/__pycache__/file.cpython-37.pyc", "size": null}, {"hash": null, "path": "ftw/testbrowser/widgets/__pycache__/sequence.cpython-37.pyc", "size": null}, {"hash": null, "path": "ftw/testbrowser/widgets/__pycache__/z3cchoicecollection.cpython-37.pyc", "size": null}, {"hash": {"mode": "sha256", "value": "LIioUccxlByPZ3zadl2hDECDQG-XsyiqWgYmBiaNYrs"}, "path": "ftw/testbrowser/widgets/atmultiselect.py", "size": 3951}, {"hash": {"mode": "sha256", "value": "hTbceBnFn_v9tzaoooZN7xii6ZA9lPIlmXYZfubbYd8"}, "path": "ftw/testbrowser/widgets/autocomplete.py", "size": 2650}, {"hash": {"mode": "sha256", "value": "xXC1Pr42MCO1ZmFTMhmMi3LJxNvOUN4aFgGW71P2rt4"}, "path": "ftw/testbrowser/widgets/base.py", "size": 1225}, {"hash": {"mode": "sha256", "value": "cBNyss3mwWehJs9YjHm9huqgoAXUzvm_B2emxsJwWoI"}, "path": "ftw/testbrowser/widgets/datetime.py", "size": 1546}, {"hash": {"mode": "sha256", "value": "cXIr3hJTsDwQwwS6G_8fbHoTXOHUJWCKppwWs4RDY1M"}, "path": "ftw/testbrowser/widgets/file.py", "size": 983}, {"hash": {"mode": "sha256", "value": "5zv-wMdxS_pqeAY6iYHRyHzYYsR-j4VZ-R6bKddx12Y"}, "path": "ftw/testbrowser/widgets/sequence.py", "size": 4755}, {"hash": {"mode": "sha256", "value": "tGjlf32YDWMvHh3fwd6ju-U0lkbwY3Cx_HtbbPNe8a8"}, "path": "ftw/testbrowser/widgets/z3cchoicecollection.py", "size": 5391}], "metadata": {"Author": "4teamwork AG", "Author-email": "mailto:info@4teamwork.ch", "Classifier": ["Framework :: Plone", "Framework :: Plone :: 4.3", "Intended Audience :: Developers", "Topic :: Software Development :: Libraries :: Python Modules"], "Home-page": "https://github.com/4teamwork/ftw.testbrowser", "Keywords": "ftw browser testbrowser test", "License": "GPL2", "Metadata-Version": "2.1", "Name": "ftw.testbrowser", "Platform": ["UNKNOWN"], "Provides-Extra": ["plone", "tests"], "Requires-Dist": ["lxml", "cssselect", "mechanize", "plone.testing", "requests", "setuptools", "zope.component", "zope.deprecation", "zope.interface", "plone.app.testing ; extra == 'plone'", "Products.CMFCore ; extra == 'tests'", "Products.statusmessages ; extra == 'tests'", "ftw.builder ; extra == 'tests'", "plone.app.contenttypes ; extra == 'tests'", "plone.app.testing ; extra == 'tests'", "plone.formwidget.autocomplete ; extra == 'tests'", "plone.formwidget.contenttree ; extra == 'tests'", "plone.z3cform ; extra == 'tests'", "unittest2 ; extra == 'tests'", "z3c.form ; extra == 'tests'", "z3c.formwidget.query ; extra == 'tests'", "zope.configuration ; extra == 'tests'", "zope.publisher ; extra == 'tests'", "zope.schema ; extra == 'tests'"], "Summary": "A test browser for Zope and Plone.", "Version": "1.16.1"}, "requires": ["lxml", "cssselect", "mechanize", "plone.testing", "requests", "setuptools", "zope.component", "zope.deprecation", "zope.interface", "plone.app.testing ; extra == 'plone'", "Products.CMFCore ; extra == 'tests'", "Products.statusmessages ; extra == 'tests'", "ftw.builder ; extra == 'tests'", "plone.app.contenttypes ; extra == 'tests'", "plone.app.testing ; extra == 'tests'", "plone.formwidget.autocomplete ; extra == 'tests'", "plone.formwidget.contenttree ; extra == 'tests'", "plone.z3cform ; extra == 'tests'", "unittest2 ; extra == 'tests'", "z3c.form ; extra == 'tests'", "z3c.formwidget.query ; extra == 'tests'", "zope.configuration ; extra == 'tests'", "zope.publisher ; extra == 'tests'", "zope.schema ; extra == 'tests'"], "version": "1.16.1"}, "index_url": "https://pypi.org/simple", "package_name": "ftw.testbrowser", "package_version": "1.16.1", "package_version_requested": "1.16.1", "sha256": ["8df933eaf1a91fb369fd6d920d4a7394900780ff293681a8c52eda036de78740"]}], "unparsed": [], "unresolved": []}}