{"metadata": {"analyzer": "thoth-solver", "analyzer_version": "1.4.1", "arguments": {"python": {"exclude_packages": null, "index": "https://pypi.org/simple", "no_pretty": false, "no_transitive": true, "output": "http://result-api/api/v1/solver-result", "requirements": "pyobjc-framework-launchservices==5.3", "virtualenv": "/home/solver/venv"}, "thoth-solver": {"verbose": false}}, "datetime": "2019-12-26T16:46:58.323749", "distribution": {"codename": "", "id": "fedora", "like": "", "version": "31", "version_parts": {"build_number": "", "major": "31", "minor": ""}}, "document_id": "solver-fedora-31-py37-06f4cea0", "duration": 3, "hostname": "solver-fedora-31-py37-06f4cea0-8tk2m", "os_release": {"id": "fedora", "name": "Fedora", "platform_id": "platform:f31", "redhat_bugzilla_product": "Fedora", "redhat_bugzilla_product_version": "31", "redhat_support_product": "Fedora", "redhat_support_product_version": "31", "variant_id": "container", "version": "31 (Container Image)", "version_id": "31"}, "python": {"api_version": 1013, "implementation_name": "cpython", "major": 3, "micro": 5, "minor": 7, "releaselevel": "final", "serial": 0}, "thoth_deployment_name": "thoth-psi-stage", "timestamp": 1577378818}, "result": {"environment": {"implementation_name": "cpython", "implementation_version": "3.7.5", "os_name": "posix", "platform_machine": "x86_64", "platform_python_implementation": "CPython", "platform_release": "3.10.0-957.21.2.el7.x86_64", "platform_system": "Linux", "platform_version": "#1 SMP Tue May 28 09:26:43 UTC 2019", "python_full_version": "3.7.5", "python_version": "3.7", "sys_platform": "linux"}, "environment_packages": [{"package_name": "pipdeptree", "package_version": "0.13.2"}], "errors": [], "tree": [{"dependencies": [{"extra": [], "extras": [], "marker": null, "marker_evaluated": null, "marker_evaluation_error": null, "marker_evaluation_result": true, "normalized_package_name": "pyobjc-core", "package_name": "pyobjc-core", "resolved_versions": [{"index": "https://pypi.org/simple", "versions": ["5.3", "6.0", "6.0.1", "6.1"]}], "specifier": ">=5.3"}, {"extra": [], "extras": [], "marker": null, "marker_evaluated": null, "marker_evaluation_error": null, "marker_evaluation_result": true, "normalized_package_name": "pyobjc-framework-coreservices", "package_name": "pyobjc-framework-CoreServices", "resolved_versions": [{"index": "https://pypi.org/simple", "versions": ["5.3", "6.0", "6.0.1", "6.1"]}], "specifier": ">=5.3"}], "importlib_metadata": {"entry_points": [], "files": [{"hash": {"mode": "sha256", "value": "OTqkfXKdbOjd2PXtzKh0U6TV6nCxIKoPNgKX4ybj23g"}, "path": "LaunchServices/__init__.py", "size": 751}, {"hash": null, "path": "LaunchServices/__pycache__/__init__.cpython-37.pyc", "size": null}, {"hash": {"mode": "sha256", "value": "zuuue4knoyJ-UwPPXg8fezS7VCrXJQrAP7zeNuwvFQg"}, "path": "pyobjc_framework_LaunchServices-5.3.dist-info/INSTALLER", "size": 4}, {"hash": {"mode": "sha256", "value": "3A9zqUv4jNpJGEdtjrUAV68DyC5HP7AbOCrrvPI4QX8"}, "path": "pyobjc_framework_LaunchServices-5.3.dist-info/LICENSE.txt", "size": 1249}, {"hash": {"mode": "sha256", "value": "MG4sB2jGT5w1UL0ObZGsFR0Qh-fwPt4At8O3tYibMcs"}, "path": "pyobjc_framework_LaunchServices-5.3.dist-info/METADATA", "size": 1968}, {"hash": null, "path": "pyobjc_framework_LaunchServices-5.3.dist-info/RECORD", "size": null}, {"hash": {"mode": "sha256", "value": "8zNYZbwQSXoB9IfXOjPfeNwvAsALAjffgk27FqvCWbo"}, "path": "pyobjc_framework_LaunchServices-5.3.dist-info/WHEEL", "size": 110}, {"hash": {"mode": "sha256", "value": "SacVhswCjuTJqnWUxgCImC7Gm94ztLgvlqfVrdFIKJc"}, "path": "pyobjc_framework_LaunchServices-5.3.dist-info/top_level.txt", "size": 15}], "metadata": {"Author": "Ronald Oussoren", "Author-email": "pyobjc-dev@lists.sourceforge.net", "Classifier": ["Development Status :: 5 - Production/Stable", "Environment :: Console", "Environment :: MacOS X :: Cocoa", "Intended Audience :: Developers", "License :: OSI Approved :: MIT License", "Natural Language :: English", "Operating System :: MacOS :: MacOS X", "Programming Language :: Python", "Programming Language :: Python :: 2", "Programming Language :: Python :: 2.7", "Programming Language :: Python :: 3", "Programming Language :: Python :: 3.4", "Programming Language :: Python :: 3.5", "Programming Language :: Python :: 3.6", "Programming Language :: Python :: 3.7", "Programming Language :: Python :: Implementation :: CPython", "Programming Language :: Objective C", "Topic :: Software Development :: Libraries :: Python Modules", "Topic :: Software Development :: User Interfaces"], "Description-Content-Type": "text/x-rst; charset=UTF-8", "Home-page": "https://bitbucket.org/ronaldoussoren/pyobjc", "Keywords": "PyObjC,LaunchServices", "License": "MIT License", "Metadata-Version": "2.1", "Name": "pyobjc-framework-LaunchServices", "Platform": ["MacOS X"], "Project-URL": ["Documentation, https://pyobjc.readthedocs.io/en/latest/", "Issue tracker, https://bitbucket.org/ronaldoussoren/pyobjc/issues?status=new&status=open"], "Requires-Dist": ["pyobjc-core (>=5.3)", "pyobjc-framework-CoreServices (>=5.3)"], "Summary": "Wrappers for the framework LaunchServices on macOS", "Version": "5.3"}, "requires": ["pyobjc-core (>=5.3)", "pyobjc-framework-CoreServices (>=5.3)"], "version": "5.3"}, "index_url": "https://pypi.org/simple", "package_name": "pyobjc-framework-LaunchServices", "package_version": "5.3", "package_version_requested": "5.3", "sha256": ["c048e7e28c042cf9fa283152279cadeebda7001889c3fb345aa7c3ebfa2f2346", "b9f2bc1aae6c45d088028f632500254f9f007d4712a388c4ede3b2f7998c686c"]}], "unparsed": [], "unresolved": []}}