{"metadata": {"analyzer": "thoth-solver", "analyzer_version": "1.4.1", "arguments": {"python": {"exclude_packages": null, "index": "https://pypi.org/simple", "no_pretty": false, "no_transitive": true, "output": "http://result-api/api/v1/solver-result", "requirements": "django-modeltranslation==0.6.1", "virtualenv": "/home/solver/venv"}, "thoth-solver": {"verbose": false}}, "datetime": "2019-12-27T16:28:32.268884", "distribution": {"codename": "", "id": "fedora", "like": "", "version": "31", "version_parts": {"build_number": "", "major": "31", "minor": ""}}, "document_id": "solver-fedora-31-py37-00072046", "duration": 3, "hostname": "solver-fedora-31-py37-00072046-qmh5m", "os_release": {"id": "fedora", "name": "Fedora", "platform_id": "platform:f31", "redhat_bugzilla_product": "Fedora", "redhat_bugzilla_product_version": "31", "redhat_support_product": "Fedora", "redhat_support_product_version": "31", "variant_id": "container", "version": "31 (Container Image)", "version_id": "31"}, "python": {"api_version": 1013, "implementation_name": "cpython", "major": 3, "micro": 5, "minor": 7, "releaselevel": "final", "serial": 0}, "thoth_deployment_name": "thoth-psi-stage", "timestamp": 1577464112}, "result": {"environment": {"implementation_name": "cpython", "implementation_version": "3.7.5", "os_name": "posix", "platform_machine": "x86_64", "platform_python_implementation": "CPython", "platform_release": "3.10.0-957.21.2.el7.x86_64", "platform_system": "Linux", "platform_version": "#1 SMP Tue May 28 09:26:43 UTC 2019", "python_full_version": "3.7.5", "python_version": "3.7", "sys_platform": "linux"}, "environment_packages": [{"package_name": "pipdeptree", "package_version": "0.13.2"}], "errors": [], "tree": [{"dependencies": [], "importlib_metadata": {"entry_points": [], "files": [{"hash": {"mode": "sha256", "value": "52BdXdCxrSyfn9UAqnvRgLBKQDqHqbCQTGCBDLxivyw"}, "path": "django_modeltranslation-0.6.1.dist-info/AUTHORS.rst", "size": 577}, {"hash": {"mode": "sha256", "value": "zuuue4knoyJ-UwPPXg8fezS7VCrXJQrAP7zeNuwvFQg"}, "path": "django_modeltranslation-0.6.1.dist-info/INSTALLER", "size": 4}, {"hash": {"mode": "sha256", "value": "Q8K-7-SxJQPYDFK3vL9Ef7f0TdJanbKPYsreNiQ9dVs"}, "path": "django_modeltranslation-0.6.1.dist-info/LICENSE.txt", "size": 1543}, {"hash": {"mode": "sha256", "value": "-A3o9zyKiuh977gJGKBFAGJMypE-s_G9d2icFHD2l6M"}, "path": "django_modeltranslation-0.6.1.dist-info/METADATA", "size": 1233}, {"hash": null, "path": "django_modeltranslation-0.6.1.dist-info/RECORD", "size": null}, {"hash": {"mode": "sha256", "value": "wYBY2EO50FhAcckpWmO3c3Zwk2MALACx6lPAl6gVKnE"}, "path": "django_modeltranslation-0.6.1.dist-info/WHEEL", "size": 93}, {"hash": {"mode": "sha256", "value": "8CAgSRstROAjMfnI6LAb3lMeVHL8aqdMco2K1nG7va4"}, "path": "django_modeltranslation-0.6.1.dist-info/top_level.txt", "size": 17}, {"hash": {"mode": "sha256", "value": "mqOjrGrwrTRY6uVHbDfB6NavA2TjYh31zAxNm7ejSIU"}, "path": "modeltranslation/__init__.py", "size": 2020}, {"hash": null, "path": "modeltranslation/__pycache__/__init__.cpython-37.pyc", "size": null}, {"hash": null, "path": "modeltranslation/__pycache__/admin.cpython-37.pyc", "size": null}, {"hash": null, "path": "modeltranslation/__pycache__/fields.cpython-37.pyc", "size": null}, {"hash": null, "path": "modeltranslation/__pycache__/manager.cpython-37.pyc", "size": null}, {"hash": null, "path": "modeltranslation/__pycache__/models.cpython-37.pyc", "size": null}, {"hash": null, "path": "modeltranslation/__pycache__/settings.cpython-37.pyc", "size": null}, {"hash": null, "path": "modeltranslation/__pycache__/translator.cpython-37.pyc", "size": null}, {"hash": null, "path": "modeltranslation/__pycache__/utils.cpython-37.pyc", "size": null}, {"hash": {"mode": "sha256", "value": "GuBbao1kASx1JDWzbcY1N9kaZzN-cqb40CKCH3MQX2Q"}, "path": "modeltranslation/admin.py", "size": 13678}, {"hash": {"mode": "sha256", "value": "Fri5Y-1d8u7zvIvdl2yyFybkgdREsDcsOB2h9E76Ges"}, "path": "modeltranslation/fields.py", "size": 7251}, {"hash": {"mode": "sha256", "value": "47DEQpj8HBSa-_TImW-5JCeuQeRkm5NMpJWZG3hSuFU"}, "path": "modeltranslation/management/__init__.py", "size": 0}, {"hash": null, "path": "modeltranslation/management/__pycache__/__init__.cpython-37.pyc", "size": null}, {"hash": {"mode": "sha256", "value": "47DEQpj8HBSa-_TImW-5JCeuQeRkm5NMpJWZG3hSuFU"}, "path": "modeltranslation/management/commands/__init__.py", "size": 0}, {"hash": null, "path": "modeltranslation/management/commands/__pycache__/__init__.cpython-37.pyc", "size": null}, {"hash": null, "path": "modeltranslation/management/commands/__pycache__/update_translation_fields.cpython-37.pyc", "size": null}, {"hash": {"mode": "sha256", "value": "_m2AHPI2utAxrwihjtc8l-lZwtpIonDtkDlDDyFTO_0"}, "path": "modeltranslation/management/commands/sync_translation_fields.py", "size": 4709}, {"hash": {"mode": "sha256", "value": "rtSBDrorJIozp0PJpRV_nLP2RvHWV9DW01oxVbBDelg"}, "path": "modeltranslation/management/commands/update_translation_fields.py", "size": 1471}, {"hash": {"mode": "sha256", "value": "OcgaQHD2ZC9pgnHIckJ_tQgX_6q4NNHfzNTNA2vkeZQ"}, "path": "modeltranslation/manager.py", "size": 8878}, {"hash": {"mode": "sha256", "value": "K-9qTV1iFVT2OIpOVu0h98oJ64UHPaTOqfsSZCgb41U"}, "path": "modeltranslation/models.py", "size": 2978}, {"hash": {"mode": "sha256", "value": "ocX5f1xJFp7odYVVUD_vzOOF1V2aLZN38Gh9uF3Ydig"}, "path": "modeltranslation/settings.py", "size": 2345}, {"hash": {"mode": "sha256", "value": "_Qgz8mIZF9nXMh3BL48YKfgCbG-Ie_Ry7eV_lwaLD_k"}, "path": "modeltranslation/static/modeltranslation/css/tabbed_translation_fields.css", "size": 3994}, {"hash": {"mode": "sha256", "value": "7lDUXHcyMqM5xIRpj8vw0MXeB1dQMhdjLZ2Ke5UyEwA"}, "path": "modeltranslation/static/modeltranslation/js/force_jquery.js", "size": 45}, {"hash": {"mode": "sha256", "value": "sTwEKhxpts9DNfrBgsJ7kaxv85NRWnOJhW1yTkeUG94"}, "path": "modeltranslation/static/modeltranslation/js/tabbed_translation_fields.js", "size": 19348}, {"hash": {"mode": "sha256", "value": "ZVC1htJaHYSFjOgS10UEqvXhZJ9IMN8ZvcE3C2xXzRs"}, "path": "modeltranslation/translator.py", "size": 14618}, {"hash": {"mode": "sha256", "value": "_MxJPZTXkLLc28YmLf3VbNfDTKl3A7A-iZrbd9h18JE"}, "path": "modeltranslation/utils.py", "size": 4705}], "metadata": {"Author": "Peter Eschler", "Author-email": "peschler@gmail.com", "Classifier": ["Programming Language :: Python", "Programming Language :: Python :: 2.5", "Programming Language :: Python :: 2.6", "Programming Language :: Python :: 2.7", "Operating System :: OS Independent", "Environment :: Web Environment", "Intended Audience :: Developers", "Framework :: Django", "License :: OSI Approved :: BSD License"], "Download-URL": "https://github.com/deschler/django-modeltranslation/archive/0.6.1.tar.gz", "Home-page": "https://github.com/deschler/django-modeltranslation", "License": "New BSD", "Maintainer": "Dirk Eschler", "Maintainer-email": "eschler@gmail.com", "Metadata-Version": "2.1", "Name": "django-modeltranslation", "Platform": ["UNKNOWN"], "Requires": "django(>=1.3)", "Summary": "Translates Django models using a registration approach.", "Version": "0.6.1"}, "requires": null, "version": "0.6.1"}, "index_url": "https://pypi.org/simple", "package_name": "django-modeltranslation", "package_version": "0.6.1", "package_version_requested": "0.6.1", "sha256": ["90c1bec654c36d5b17d989d9b2651e69f028fa47bf68cf21b9c355d852aa2779"]}], "unparsed": [], "unresolved": []}}