{"metadata": {"analyzer": "thoth-solver", "analyzer_version": "1.4.1", "arguments": {"python": {"exclude_packages": null, "index": "https://pypi.org/simple", "no_pretty": false, "no_transitive": true, "output": "http://result-api/api/v1/solver-result", "requirements": "edxval==1.1.26", "virtualenv": "/home/solver/venv"}, "thoth-solver": {"verbose": false}}, "datetime": "2019-12-27T16:48:12.389374", "distribution": {"codename": "", "id": "fedora", "like": "", "version": "31", "version_parts": {"build_number": "", "major": "31", "minor": ""}}, "document_id": "solver-fedora-31-py37-0657b2bc", "duration": 3, "hostname": "solver-fedora-31-py37-0657b2bc-zt5ql", "os_release": {"id": "fedora", "name": "Fedora", "platform_id": "platform:f31", "redhat_bugzilla_product": "Fedora", "redhat_bugzilla_product_version": "31", "redhat_support_product": "Fedora", "redhat_support_product_version": "31", "variant_id": "container", "version": "31 (Container Image)", "version_id": "31"}, "python": {"api_version": 1013, "implementation_name": "cpython", "major": 3, "micro": 5, "minor": 7, "releaselevel": "final", "serial": 0}, "thoth_deployment_name": "thoth-psi-stage", "timestamp": 1577465292}, "result": {"environment": {"implementation_name": "cpython", "implementation_version": "3.7.5", "os_name": "posix", "platform_machine": "x86_64", "platform_python_implementation": "CPython", "platform_release": "3.10.0-957.21.2.el7.x86_64", "platform_system": "Linux", "platform_version": "#1 SMP Tue May 28 09:26:43 UTC 2019", "python_full_version": "3.7.5", "python_version": "3.7", "sys_platform": "linux"}, "environment_packages": [{"package_name": "pipdeptree", "package_version": "0.13.2"}], "errors": [], "tree": [{"dependencies": [{"extra": [], "extras": [], "marker": null, "marker_evaluated": null, "marker_evaluation_error": null, "marker_evaluation_result": true, "normalized_package_name": "pillow", "package_name": "pillow", "resolved_versions": [{"index": "https://pypi.org/simple", "versions": ["1.0", "1.1", "1.2", "1.3", "1.4", "1.5", "1.6", "1.7.0", "1.7.1", "1.7.2", "1.7.3", "1.7.4", "1.7.5", "1.7.6", "1.7.7", "1.7.8", "2.0.0", "2.1.0", "2.2.0", "2.2.1", "2.2.2", "2.3.0", "2.3.1", "2.3.2", "2.4.0", "2.5.0", "2.5.1", "2.5.2", "2.5.3", "2.6.0", "2.6.1", "2.6.2", "2.7.0", "2.8.0", "2.8.1", "2.8.2", "2.9.0", "3.0.0", "3.1.0", "3.1.1", "3.1.2", "3.2.0", "3.3.0", "3.3.1", "3.3.2", "3.3.3", "3.4.0", "3.4.1", "3.4.2", "4.0.0", "4.1.0", "4.1.1", "4.2.0", "4.2.1", "4.3.0", "5.0.0", "5.1.0", "5.2.0", "5.3.0", "5.4.0", "5.4.1", "6.0.0", "6.1.0", "6.2.0", "6.2.1"]}], "specifier": null}, {"extra": [], "extras": [], "marker": null, "marker_evaluated": null, "marker_evaluation_error": null, "marker_evaluation_result": true, "normalized_package_name": "pysrt", "package_name": "pysrt", "resolved_versions": [{"index": "https://pypi.org/simple", "versions": ["0.1.0", "0.1.1", "0.1.2", "0.1.3", "0.1.4", "0.1.5", "0.1.6", "0.1.7", "0.2.0", "0.2.1", "0.2.2", "0.2.3", "0.2.4", "0.2.5", "0.2.6", "0.2.7", "0.3.0", "0.3.1", "0.4.0", "0.4.1", "0.4.2", "0.4.3", "0.4.4", "0.4.5", "0.4.6", "0.4.7", "0.5.0", "0.5.1", "1.0.0", "1.0.1", "1.1.0", "1.1.1"]}], "specifier": null}, {"extra": [], "extras": [], "marker": null, "marker_evaluated": null, "marker_evaluation_error": null, "marker_evaluation_result": true, "normalized_package_name": "django", "package_name": "Django", "resolved_versions": [{"index": "https://pypi.org/simple", "versions": ["1.11", "1.11.1", "1.11.10", "1.11.11", "1.11.12", "1.11.13", "1.11.14", "1.11.15", "1.11.16", "1.11.17", "1.11.18", "1.11.2", "1.11.20", "1.11.21", "1.11.22", "1.11.23", "1.11.24", "1.11.25", "1.11.26", "1.11.27", "1.11.3", "1.11.4", "1.11.5", "1.11.6", "1.11.7", "1.11.8", "1.11.9"]}], "specifier": "<2,>=1.11"}, {"extra": [], "extras": [], "marker": null, "marker_evaluated": null, "marker_evaluation_error": null, "marker_evaluation_result": true, "normalized_package_name": "edx-django-oauth2-provider", "package_name": "edx-django-oauth2-provider", "resolved_versions": [{"index": "https://pypi.org/simple", "versions": ["0.3.0", "0.4.0", "0.5.0", "1.0.0", "1.0.1", "1.0.2", "1.0.3", "1.1.0", "1.1.1", "1.1.2", "1.1.3", "1.1.4", "1.2.0", "1.2.1", "1.2.2", "1.2.3", "1.2.4", "1.2.5", "1.3.0", "1.3.1", "1.3.2", "1.3.3", "1.3.4", "1.3.5"]}], "specifier": null}, {"extra": [], "extras": [], "marker": null, "marker_evaluated": null, "marker_evaluation_error": null, "marker_evaluation_result": true, "normalized_package_name": "boto", "package_name": "boto", "resolved_versions": [{"index": "https://pypi.org/simple", "versions": ["0.8d", "0.9d", "1.5d", "1.8d", "2.0", "2.1.0", "2.1.1", "2.10.0", "2.11.0", "2.12.0", "2.13.0", "2.13.3", "2.14.0", "2.15.0", "2.16.0", "2.17.0", "2.18.0", "2.19.0", "2.2.0", "2.2.1", "2.2.2", "2.20.0", "2.20.1", "2.21.0", "2.21.1", "2.21.2", "2.22.0", "2.22.1", "2.23.0", "2.24.0", "2.25.0", "2.26.0", "2.26.1", "2.27.0", "2.28.0", "2.29.0", "2.29.1", "2.3.0", "2.30.0", "2.31.0", "2.31.1", "2.32.0", "2.32.1", "2.33.0", "2.34.0", "2.35.0", "2.35.1", "2.35.2", "2.36.0", "2.37.0", "2.38.0", "2.39.0", "2.4.0", "2.4.1", "2.40.0", "2.41.0", "2.42.0", "2.43.0", "2.44.0", "2.45.0", "2.46.0", "2.46.1", "2.47.0", "2.48.0", "2.49.0", "2.5.0", "2.5.1", "2.5.2", "2.6.0", "2.7.0", "2.8.0", "2.9.0", "2.9.1", "2.9.2", "2.9.3", "2.9.4", "2.9.5", "2.9.6", "2.9.7", "2.9.8", "2.9.9"]}], "specifier": null}, {"extra": [], "extras": [], "marker": null, "marker_evaluated": null, "marker_evaluation_error": null, "marker_evaluation_result": true, "normalized_package_name": "django-storages", "package_name": "django-storages", "resolved_versions": [{"index": "https://pypi.org/simple", "versions": ["1.0", "1.1", "1.1.1", "1.1.2", "1.1.3", "1.1.4", "1.1.5", "1.1.6", "1.1.7", "1.1.8", "1.4", "1.4.1", "1.5.0", "1.5.1", "1.5.2", "1.6", "1.6.1", "1.6.2", "1.6.3", "1.6.4", "1.6.5", "1.6.6", "1.7", "1.7.1", "1.7.2", "1.8"]}], "specifier": null}, {"extra": [], "extras": [], "marker": null, "marker_evaluated": null, "marker_evaluation_error": null, "marker_evaluation_result": true, "normalized_package_name": "django-model-utils", "package_name": "django-model-utils", "resolved_versions": [{"index": "https://pypi.org/simple", "versions": ["0.1.0", "0.2.0", "0.3.0", "0.3.1", "0.4.0", "0.5.0", "0.6.0", "1.0.0", "1.1.0", "1.2.0", "1.3.0", "1.3.1", "1.4.0", "1.5.0", "2.0", "2.0.1", "2.0.2", "2.0.3", "2.1.0", "2.1.1", "2.2", "2.3", "2.3.1", "2.4", "2.5", "2.5.1", "2.5.2", "2.6", "2.6.1", "3.0.0", "3.1.0", "3.1.1", "3.1.2", "3.2.0", "4.0.0"]}], "specifier": null}, {"extra": [], "extras": [], "marker": null, "marker_evaluated": null, "marker_evaluation_error": null, "marker_evaluation_result": true, "normalized_package_name": "lxml", "package_name": "lxml", "resolved_versions": [{"index": "https://pypi.org/simple", "versions": ["0.9", "0.9.1", "0.9.2", "1.0", "1.0.1", "1.0.2", "1.0.3", "1.0.4", "1.1", "1.1.1", "1.1.2", "1.2", "1.2.1", "1.3", "1.3.1", "1.3.2", "1.3.3", "1.3.4", "1.3.5", "1.3.6", "2.0", "2.0.1", "2.0.10", "2.0.11", "2.0.2", "2.0.3", "2.0.4", "2.0.5", "2.0.6", "2.0.7", "2.0.8", "2.0.9", "2.1", "2.1.1", "2.1.2", "2.1.3", "2.1.4", "2.1.5", "2.2", "2.2.1", "2.2.2", "2.2.3", "2.2.4", "2.2.5", "2.2.6", "2.2.7", "2.2.8", "2.3", "2.3.1", "2.3.2", "2.3.3", "2.3.4", "2.3.5", "2.3.6", "3.0", "3.0.1", "3.0.2", "3.1.0", "3.1.1", "3.1.2", "3.2.0", "3.2.1", "3.2.2", "3.2.3", "3.2.4", "3.2.5", "3.3.0", "3.3.1", "3.3.2", "3.3.3", "3.3.4", "3.3.5", "3.3.6", "3.4.0", "3.4.1", "3.4.2", "3.4.3", "3.4.4", "3.5.0", "3.6.0", "3.6.1", "3.6.2", "3.6.3", "3.6.4", "3.7.0", "3.7.1", "3.7.2", "3.7.3", "3.8.0", "4.0.0", "4.1.0", "4.1.1", "4.2.0", "4.2.1", "4.2.2", "4.2.3", "4.2.4", "4.2.5", "4.2.6", "4.3.0", "4.3.1", "4.3.2", "4.3.3", "4.3.4", "4.3.5", "4.4.0", "4.4.1", "4.4.2"]}], "specifier": null}, {"extra": [], "extras": [], "marker": null, "marker_evaluated": null, "marker_evaluation_error": null, "marker_evaluation_result": true, "normalized_package_name": "edx-drf-extensions", "package_name": "edx-drf-extensions", "resolved_versions": [{"index": "https://pypi.org/simple", "versions": ["0.1.0", "0.1.1", "0.2.0", "0.3.0", "0.3.1", "0.4.0", "0.4.1", "0.5.0", "0.5.1", "1.0.0", "1.1.0", "1.1.1", "1.10.0", "1.11.0", "1.2.0", "1.2.1", "1.2.2", "1.2.3", "1.2.4", "1.2.5", "1.3.0", "1.4.0", "1.5.0", "1.5.1", "1.5.2", "1.5.4", "1.5.5", "1.6.0", "1.6.1", "1.6.2", "1.7.0", "1.8.0", "1.9.0", "2.0.0", "2.0.1", "2.1.0", "2.2.0", "2.2.1", "2.2.2", "2.3.0", "2.3.1", "2.3.3", "2.3.4", "2.3.5", "2.3.6", "2.3.7", "2.3.8", "2.4.0", "2.4.1", "2.4.2", "2.4.3", "2.4.4", "2.4.5"]}], "specifier": null}, {"extra": [], "extras": [], "marker": null, "marker_evaluated": null, "marker_evaluation_error": null, "marker_evaluation_result": true, "normalized_package_name": "djangorestframework", "package_name": "djangorestframework", "resolved_versions": [{"index": "https://pypi.org/simple", "versions": ["3.7.7"]}], "specifier": "==3.7.7"}, {"extra": [], "extras": [], "marker": null, "marker_evaluated": null, "marker_evaluation_error": null, "marker_evaluation_result": true, "normalized_package_name": "enum34", "package_name": "enum34", "resolved_versions": [{"index": "https://pypi.org/simple", "versions": ["0.9", "0.9.1", "0.9.11", "0.9.12", "0.9.13", "0.9.14", "0.9.15", "0.9.16", "0.9.17", "0.9.18", "0.9.19", "0.9.20", "0.9.21", "0.9.22", "0.9.23", "1.0", "1.0.1", "1.0.2", "1.0.3", "1.0.4", "1.1.0", "1.1.1", "1.1.2", "1.1.3", "1.1.4", "1.1.5", "1.1.6"]}], "specifier": null}], "importlib_metadata": {"entry_points": [], "files": [{"hash": {"mode": "sha256", "value": "AimbURsv-SyMbnharQHdJ6FAh5tIdp32IuPwnUp6k3I"}, "path": "edxval-1.1.26.dist-info/AUTHORS", "size": 130}, {"hash": {"mode": "sha256", "value": "zuuue4knoyJ-UwPPXg8fezS7VCrXJQrAP7zeNuwvFQg"}, "path": "edxval-1.1.26.dist-info/INSTALLER", "size": 4}, {"hash": {"mode": "sha256", "value": "EGobS4txMkp4nvtKWfbPrHgaw0-Nl0_gZ5QYYWL0eRc"}, "path": "edxval-1.1.26.dist-info/LICENSE", "size": 35135}, {"hash": {"mode": "sha256", "value": "q7_k5stXjDa1bMJWuDg2dMTFuf7je4_P2ZnGQL4ht3M"}, "path": "edxval-1.1.26.dist-info/METADATA", "size": 765}, {"hash": null, "path": "edxval-1.1.26.dist-info/RECORD", "size": null}, {"hash": {"mode": "sha256", "value": "p46_5Uhzqz6AzeSosiOnxK-zmFja1i22CrQCjmYe8ec"}, "path": "edxval-1.1.26.dist-info/WHEEL", "size": 92}, {"hash": {"mode": "sha256", "value": "JUuADKm97tku8xE3OK3L-0Fc2rgayblt_ctgJGsJd4w"}, "path": "edxval-1.1.26.dist-info/top_level.txt", "size": 7}, {"hash": {"mode": "sha256", "value": "ZBBsBjaUMlrQ5sRNb6iF36mlYqtOd2T2bUQjYb537JM"}, "path": "edxval/__init__.py", "size": 13}, {"hash": null, "path": "edxval/__pycache__/__init__.cpython-37.pyc", "size": null}, {"hash": null, "path": "edxval/__pycache__/admin.cpython-37.pyc", "size": null}, {"hash": null, "path": "edxval/__pycache__/api.cpython-37.pyc", "size": null}, {"hash": null, "path": "edxval/__pycache__/exceptions.cpython-37.pyc", "size": null}, {"hash": null, "path": "edxval/__pycache__/models.cpython-37.pyc", "size": null}, {"hash": null, "path": "edxval/__pycache__/serializers.cpython-37.pyc", "size": null}, {"hash": null, "path": "edxval/__pycache__/settings.cpython-37.pyc", "size": null}, {"hash": null, "path": "edxval/__pycache__/transcript_utils.cpython-37.pyc", "size": null}, {"hash": null, "path": "edxval/__pycache__/urls.cpython-37.pyc", "size": null}, {"hash": null, "path": "edxval/__pycache__/utils.cpython-37.pyc", "size": null}, {"hash": null, "path": "edxval/__pycache__/views.cpython-37.pyc", "size": null}, {"hash": null, "path": "edxval/__pycache__/wsgi.cpython-37.pyc", "size": null}, {"hash": {"mode": "sha256", "value": "Z8bI6Pgc9fogCRt9kqjS5DrsGOXbwR1xfuIp6Y2e4rI"}, "path": "edxval/admin.py", "size": 3782}, {"hash": {"mode": "sha256", "value": "KEn6JI1Gr9YLzptweIFmr_W3WcDPhan_nXMeXoHA5iA"}, "path": "edxval/api.py", "size": 42158}, {"hash": {"mode": "sha256", "value": "18Lx2QKfjCnafm45Rox3e5c-ZBMGs60_BpywDF5688I"}, "path": "edxval/exceptions.py", "size": 1416}, {"hash": {"mode": "sha256", "value": "8kh_HfCtq8fj4MvK6nKoT0hRa08xxiYG2KgxxQ4IZ6g"}, "path": "edxval/migrations/0001_initial.py", "size": 4098}, {"hash": {"mode": "sha256", "value": "opmRJdj4J80FgpwD1e6hRzjrh4gz0YydsN0F-EodWgc"}, "path": "edxval/migrations/0002_data__default_profiles.py", "size": 913}, {"hash": {"mode": "sha256", "value": "M2gyEUeZLoeLjI4KasFjFW33TKJsZtmSZKbKbEBHLCA"}, "path": "edxval/migrations/0003_coursevideo_is_hidden.py", "size": 490}, {"hash": {"mode": "sha256", "value": "5rctlruWBvFqVJfPcPaoEL16i59ElPRbaoRfNy4Vzgk"}, "path": "edxval/migrations/0004_data__add_hls_profile.py", "size": 760}, {"hash": {"mode": "sha256", "value": "BZBAqGUlN6uF4IubJk19M9HEsraVEbikoSQqprUj1-c"}, "path": "edxval/migrations/0005_videoimage.py", "size": 1242}, {"hash": {"mode": "sha256", "value": "M_M2MKMoQHRino90eYOJctwIIJ4XC7jHszBaU-_kudA"}, "path": "edxval/migrations/0006_auto_20171009_0725.py", "size": 3684}, {"hash": {"mode": "sha256", "value": "UMjEG9Xv7V_rE9GKqbzAej4l04zS5jT6joopmkXkp48"}, "path": "edxval/migrations/0007_transcript_credentials_state.py", "size": 1489}, {"hash": {"mode": "sha256", "value": "W2h5j4YijC76mRFNCIekrvGrlQZxOXZvtoxze5FVfLg"}, "path": "edxval/migrations/0008_remove_subtitles.py", "size": 473}, {"hash": {"mode": "sha256", "value": "Mile2TiurH_-9en3X0q96WPnz_6iFCEErWpK9KTuRQU"}, "path": "edxval/migrations/0009_auto_20171127_0406.py", "size": 775}, {"hash": {"mode": "sha256", "value": "5Ug5YxbM-qDYHUgSXcdWR5l58egTj-YVkXKS0QfUMso"}, "path": "edxval/migrations/0010_add_video_as_foreign_key.py", "size": 930}, {"hash": {"mode": "sha256", "value": "ixr_UiryFcexMKrZj0ylKiSOCIy1UVdjTlvs6X9gzno"}, "path": "edxval/migrations/0011_data__add_audio_mp3_profile.py", "size": 823}, {"hash": {"mode": "sha256", "value": "47DEQpj8HBSa-_TImW-5JCeuQeRkm5NMpJWZG3hSuFU"}, "path": "edxval/migrations/__init__.py", "size": 0}, {"hash": null, "path": "edxval/migrations/__pycache__/0001_initial.cpython-37.pyc", "size": null}, {"hash": null, "path": "edxval/migrations/__pycache__/0002_data__default_profiles.cpython-37.pyc", "size": null}, {"hash": null, "path": "edxval/migrations/__pycache__/0003_coursevideo_is_hidden.cpython-37.pyc", "size": null}, {"hash": null, "path": "edxval/migrations/__pycache__/0004_data__add_hls_profile.cpython-37.pyc", "size": null}, {"hash": null, "path": "edxval/migrations/__pycache__/0005_videoimage.cpython-37.pyc", "size": null}, {"hash": null, "path": "edxval/migrations/__pycache__/0006_auto_20171009_0725.cpython-37.pyc", "size": null}, {"hash": null, "path": "edxval/migrations/__pycache__/0007_transcript_credentials_state.cpython-37.pyc", "size": null}, {"hash": null, "path": "edxval/migrations/__pycache__/0008_remove_subtitles.cpython-37.pyc", "size": null}, {"hash": null, "path": "edxval/migrations/__pycache__/0009_auto_20171127_0406.cpython-37.pyc", "size": null}, {"hash": null, "path": "edxval/migrations/__pycache__/0010_add_video_as_foreign_key.cpython-37.pyc", "size": null}, {"hash": null, "path": "edxval/migrations/__pycache__/0011_data__add_audio_mp3_profile.cpython-37.pyc", "size": null}, {"hash": null, "path": "edxval/migrations/__pycache__/__init__.cpython-37.pyc", "size": null}, {"hash": {"mode": "sha256", "value": "qBLiaveXiE_-vAx6IA64WuaAdXO9bupMiTtNecg2yjo"}, "path": "edxval/models.py", "size": 23079}, {"hash": {"mode": "sha256", "value": "cwssiAeaxe5bRYOY25_iULyRvPPIREjGkVCmbwUMbx0"}, "path": "edxval/serializers.py", "size": 8255}, {"hash": {"mode": "sha256", "value": "NwLOYWF6laMOXiHl2-fdKx44cv5n8U8-DFGVHs1Piv8"}, "path": "edxval/settings.py", "size": 6265}, {"hash": {"mode": "sha256", "value": "LUO-25MBiQcae6gxcf6pMCx6k7987UnRQAU481XroxQ"}, "path": "edxval/tests/__init__.py", "size": 1097}, {"hash": null, "path": "edxval/tests/__pycache__/__init__.cpython-37.pyc", "size": null}, {"hash": null, "path": "edxval/tests/__pycache__/constants.cpython-37.pyc", "size": null}, {"hash": null, "path": "edxval/tests/__pycache__/test_api.cpython-37.pyc", "size": null}, {"hash": null, "path": "edxval/tests/__pycache__/test_models.cpython-37.pyc", "size": null}, {"hash": null, "path": "edxval/tests/__pycache__/test_serializers.cpython-37.pyc", "size": null}, {"hash": null, "path": "edxval/tests/__pycache__/test_transcript_utils.cpython-37.pyc", "size": null}, {"hash": null, "path": "edxval/tests/__pycache__/test_views.cpython-37.pyc", "size": null}, {"hash": {"mode": "sha256", "value": "LI9EW1z5CrkEl20lzOEAwTiWtNKHta2HWovORmG0Gtc"}, "path": "edxval/tests/constants.py", "size": 10820}, {"hash": {"mode": "sha256", "value": "t0xiyyTxKIjN2x_9WLs6SnD9Rkwp5FqNv1BlDjswFCw"}, "path": "edxval/tests/test_api.py", "size": 118025}, {"hash": {"mode": "sha256", "value": "b0rf89d4ptAUfHSwgN8CYZ0WzSQSS1ncI1DZT_y3qjM"}, "path": "edxval/tests/test_models.py", "size": 1070}, {"hash": {"mode": "sha256", "value": "Vc32JALjlCQGimHLr-jkpkX2SoT8cp7VO4DBQAjYUAM"}, "path": "edxval/tests/test_serializers.py", "size": 5482}, {"hash": {"mode": "sha256", "value": "B1DJrrxuNjoHL8SXsjoF4rEI0FlsMi0vgaiw9bxLlio"}, "path": "edxval/tests/test_transcript_utils.py", "size": 3058}, {"hash": {"mode": "sha256", "value": "aH69ktU85pqrryiKjzRJlsAS2h0GqBZh4YxUfBj0Vi8"}, "path": "edxval/tests/test_views.py", "size": 40153}, {"hash": {"mode": "sha256", "value": "v88FQAYlFLOKbTsTgIsHbCBIiuWPH4yEJkbqFNNsGYE"}, "path": "edxval/transcript_utils.py", "size": 3593}, {"hash": {"mode": "sha256", "value": "8b-trbQbI1Xveqgp11CUvHEIoJWVrrfTwwz3BxULO-I"}, "path": "edxval/urls.py", "size": 905}, {"hash": {"mode": "sha256", "value": "IHIQCyDzx1KTBEf1n4bZ-MxB5INiXdG4HmmOaT9yiuM"}, "path": "edxval/utils.py", "size": 7030}, {"hash": {"mode": "sha256", "value": "iNiir-buAdt-WMqbSNzziEfabpgi-pk0tjmNN1GmunE"}, "path": "edxval/views.py", "size": 13980}, {"hash": {"mode": "sha256", "value": "_EaGHGrUrngOGQX6hPehv2gT6PWAcZ-oUA798_ERWLY"}, "path": "edxval/wsgi.py", "size": 1197}], "metadata": {"Author": "edX", "Author-email": "UNKNOWN", "Classifier": ["Development Status :: 3 - Alpha", "Intended Audience :: Developers", "License :: OSI Approved :: GNU Affero General Public License v3", "Operating System :: OS Independent", "Programming Language :: Python"], "Home-page": "http://github.com/edx/edx-val", "License": "AGPL", "Metadata-Version": "2.1", "Name": "edxval", "Platform": ["UNKNOWN"], "Requires-Dist": ["pillow", "pysrt", "Django (<2,>=1.11)", "edx-django-oauth2-provider", "boto", "django-storages", "django-model-utils", "lxml", "edx-drf-extensions", "djangorestframework (==3.7.7)", "enum34"], "Summary": "edx-val", "Version": "1.1.26"}, "requires": ["pillow", "pysrt", "Django (<2,>=1.11)", "edx-django-oauth2-provider", "boto", "django-storages", "django-model-utils", "lxml", "edx-drf-extensions", "djangorestframework (==3.7.7)", "enum34"], "version": "1.1.26"}, "index_url": "https://pypi.org/simple", "package_name": "edxval", "package_version": "1.1.26", "package_version_requested": "1.1.26", "sha256": ["a1bff751d55572ea50bf0ec42ac19a9c705416de614c1c9a7c0c2375d4aba71c", "40ac74ddcbf01ae9d6840ed40ca99f1c01525bb8a81c408f0e0fb3ea05700c24", "9bcc14f13eb33783720c46e02ca2d48b5fe8c372e183a3c6f7301512f959342a"]}], "unparsed": [], "unresolved": []}}