{"metadata": {"analyzer": "thoth-solver", "analyzer_version": "1.4.1", "arguments": {"python": {"exclude_packages": null, "index": "https://pypi.org/simple", "no_pretty": false, "no_transitive": true, "output": "http://result-api/api/v1/solver-result", "requirements": "boto==2.5.2", "virtualenv": "/home/solver/venv"}, "thoth-solver": {"verbose": false}}, "datetime": "2019-12-24T16:57:26.220684", "distribution": {"codename": "", "id": "fedora", "like": "", "version": "31", "version_parts": {"build_number": "", "major": "31", "minor": ""}}, "document_id": "solver-fedora-31-py37-04ee44d0", "duration": 2, "hostname": "solver-fedora-31-py37-04ee44d0-6pksq", "os_release": {"id": "fedora", "name": "Fedora", "platform_id": "platform:f31", "redhat_bugzilla_product": "Fedora", "redhat_bugzilla_product_version": "31", "redhat_support_product": "Fedora", "redhat_support_product_version": "31", "variant_id": "container", "version": "31 (Container Image)", "version_id": "31"}, "python": {"api_version": 1013, "implementation_name": "cpython", "major": 3, "micro": 5, "minor": 7, "releaselevel": "final", "serial": 0}, "thoth_deployment_name": "thoth-psi-stage", "timestamp": 1577206646}, "result": {"environment": {"implementation_name": "cpython", "implementation_version": "3.7.5", "os_name": "posix", "platform_machine": "x86_64", "platform_python_implementation": "CPython", "platform_release": "3.10.0-957.21.2.el7.x86_64", "platform_system": "Linux", "platform_version": "#1 SMP Tue May 28 09:26:43 UTC 2019", "python_full_version": "3.7.5", "python_version": "3.7", "sys_platform": "linux"}, "environment_packages": [{"package_name": "pipdeptree", "package_version": "0.13.2"}], "errors": [{"details": {"command": "/home/solver/venv/bin/python3 -m pip install --force-reinstall --no-cache-dir --no-deps boto==2.5.2 --index-url \"https://pypi.org/simple\"  --trusted-host pypi.org", "message": "Command exited with non-zero status code (1):     ERROR: Command errored out with exit status 1:\n     command: /home/solver/venv/bin/python3 -c 'import sys, setuptools, tokenize; sys.argv[0] = '\"'\"'/tmp/pip-install-axejzy2f/boto/setup.py'\"'\"'; __file__='\"'\"'/tmp/pip-install-axejzy2f/boto/setup.py'\"'\"';f=getattr(tokenize, '\"'\"'open'\"'\"', open)(__file__);code=f.read().replace('\"'\"'\\r\\n'\"'\"', '\"'\"'\\n'\"'\"');f.close();exec(compile(code, __file__, '\"'\"'exec'\"'\"'))' egg_info --egg-base /tmp/pip-install-axejzy2f/boto/pip-egg-info\n         cwd: /tmp/pip-install-axejzy2f/boto/\n    Complete output (10 lines):\n    Traceback (most recent call last):\n      File \"<string>\", line 1, in <module>\n      File \"/tmp/pip-install-axejzy2f/boto/setup.py\", line 35, in <module>\n        from boto import __version__\n      File \"/tmp/pip-install-axejzy2f/boto/boto/__init__.py\", line 26, in <module>\n        from boto.pyami.config import Config, BotoConfigLocations\n      File \"/tmp/pip-install-axejzy2f/boto/boto/pyami/config.py\", line 185\n        print s.getvalue()\n              ^\n    SyntaxError: invalid syntax\n    ----------------------------------------\nERROR: Command errored out with exit status 1: python setup.py egg_info Check the logs for full command output.\n", "return_code": 1, "stderr": "    ERROR: Command errored out with exit status 1:\n     command: /home/solver/venv/bin/python3 -c 'import sys, setuptools, tokenize; sys.argv[0] = '\"'\"'/tmp/pip-install-axejzy2f/boto/setup.py'\"'\"'; __file__='\"'\"'/tmp/pip-install-axejzy2f/boto/setup.py'\"'\"';f=getattr(tokenize, '\"'\"'open'\"'\"', open)(__file__);code=f.read().replace('\"'\"'\\r\\n'\"'\"', '\"'\"'\\n'\"'\"');f.close();exec(compile(code, __file__, '\"'\"'exec'\"'\"'))' egg_info --egg-base /tmp/pip-install-axejzy2f/boto/pip-egg-info\n         cwd: /tmp/pip-install-axejzy2f/boto/\n    Complete output (10 lines):\n    Traceback (most recent call last):\n      File \"<string>\", line 1, in <module>\n      File \"/tmp/pip-install-axejzy2f/boto/setup.py\", line 35, in <module>\n        from boto import __version__\n      File \"/tmp/pip-install-axejzy2f/boto/boto/__init__.py\", line 26, in <module>\n        from boto.pyami.config import Config, BotoConfigLocations\n      File \"/tmp/pip-install-axejzy2f/boto/boto/pyami/config.py\", line 185\n        print s.getvalue()\n              ^\n    SyntaxError: invalid syntax\n    ----------------------------------------\nERROR: Command errored out with exit status 1: python setup.py egg_info Check the logs for full command output.\n", "stdout": "Collecting boto==2.5.2\n  Downloading https://files.pythonhosted.org/packages/45/81/936117196dd2d613f92acf78569379a276f944f819f150cfb8cdc0303e2f/boto-2.5.2.tar.gz (580kB)\n", "timeout": 60}, "index_url": "https://pypi.org/simple", "is_provided_package": true, "is_provided_package_version": true, "package_name": "boto", "package_version": "2.5.2", "type": "command_error"}], "tree": [], "unparsed": [], "unresolved": []}}