{"metadata": {"analyzer": "thoth-solver", "analyzer_version": "1.4.1", "arguments": {"python": {"exclude_packages": null, "index": "https://pypi.org/simple", "no_pretty": false, "no_transitive": true, "output": "http://result-api/api/v1/solver-result", "requirements": "comet-ml==1.0.49", "virtualenv": "/home/solver/venv"}, "thoth-solver": {"verbose": false}}, "datetime": "2019-12-27T17:21:24.755224", "distribution": {"codename": "", "id": "fedora", "like": "", "version": "31", "version_parts": {"build_number": "", "major": "31", "minor": ""}}, "document_id": "solver-fedora-31-py37-02743236", "duration": 3, "hostname": "solver-fedora-31-py37-02743236-t8v6k", "os_release": {"id": "fedora", "name": "Fedora", "platform_id": "platform:f31", "redhat_bugzilla_product": "Fedora", "redhat_bugzilla_product_version": "31", "redhat_support_product": "Fedora", "redhat_support_product_version": "31", "variant_id": "container", "version": "31 (Container Image)", "version_id": "31"}, "python": {"api_version": 1013, "implementation_name": "cpython", "major": 3, "micro": 5, "minor": 7, "releaselevel": "final", "serial": 0}, "thoth_deployment_name": "thoth-psi-stage", "timestamp": 1577467284}, "result": {"environment": {"implementation_name": "cpython", "implementation_version": "3.7.5", "os_name": "posix", "platform_machine": "x86_64", "platform_python_implementation": "CPython", "platform_release": "3.10.0-957.21.2.el7.x86_64", "platform_system": "Linux", "platform_version": "#1 SMP Tue May 28 09:26:43 UTC 2019", "python_full_version": "3.7.5", "python_version": "3.7", "sys_platform": "linux"}, "environment_packages": [{"package_name": "pipdeptree", "package_version": "0.13.2"}], "errors": [], "tree": [{"dependencies": [{"extra": [], "extras": [], "marker": null, "marker_evaluated": null, "marker_evaluation_error": null, "marker_evaluation_result": true, "normalized_package_name": "websocket-client", "package_name": "websocket-client", "resolved_versions": [{"index": "https://pypi.org/simple", "versions": ["0.55.0", "0.56.0", "0.57.0"]}], "specifier": ">=0.55.0"}, {"extra": [], "extras": [], "marker": null, "marker_evaluated": null, "marker_evaluation_error": null, "marker_evaluation_result": true, "normalized_package_name": "requests", "package_name": "requests", "resolved_versions": [{"index": "https://pypi.org/simple", "versions": ["2.18.4", "2.19.0", "2.19.1", "2.20.0", "2.20.1", "2.21.0", "2.22.0"]}], "specifier": ">=2.18.4"}, {"extra": [], "extras": [], "marker": null, "marker_evaluated": null, "marker_evaluation_error": null, "marker_evaluation_result": true, "normalized_package_name": "six", "package_name": "six", "resolved_versions": [{"index": "https://pypi.org/simple", "versions": ["0.9.0", "0.9.1", "0.9.2", "1.0.0", "1.1.0", "1.10.0", "1.11.0", "1.12.0", "1.13.0", "1.2.0", "1.3.0", "1.4.0", "1.4.1", "1.5.0", "1.5.1", "1.5.2", "1.6.0", "1.6.1", "1.7.0", "1.7.1", "1.7.2", "1.7.3", "1.8.0", "1.9.0"]}], "specifier": null}, {"extra": [], "extras": [], "marker": null, "marker_evaluated": null, "marker_evaluation_error": null, "marker_evaluation_result": true, "normalized_package_name": "wurlitzer", "package_name": "wurlitzer", "resolved_versions": [{"index": "https://pypi.org/simple", "versions": ["1.0.2", "1.0.3", "2.0.0"]}], "specifier": ">=1.0.2"}, {"extra": [], "extras": [], "marker": null, "marker_evaluated": null, "marker_evaluation_error": null, "marker_evaluation_result": true, "normalized_package_name": "netifaces", "package_name": "netifaces", "resolved_versions": [{"index": "https://pypi.org/simple", "versions": ["0.10.7", "0.10.8", "0.10.9"]}], "specifier": ">=0.10.7"}, {"extra": [], "extras": [], "marker": null, "marker_evaluated": null, "marker_evaluation_error": null, "marker_evaluation_result": true, "normalized_package_name": "nvidia-ml-py3", "package_name": "nvidia-ml-py3", "resolved_versions": [{"index": "https://pypi.org/simple", "versions": ["7.352.0"]}], "specifier": ">=7.352.0"}, {"extra": [], "extras": [], "marker": null, "marker_evaluated": null, "marker_evaluation_error": null, "marker_evaluation_result": true, "normalized_package_name": "comet-git-pure", "package_name": "comet-git-pure", "resolved_versions": [{"index": "https://pypi.org/simple", "versions": ["0.19.11", "0.19.12", "0.19.13", "0.19.14"]}], "specifier": ">=0.19.11"}, {"extra": [], "extras": [], "marker": null, "marker_evaluated": null, "marker_evaluation_error": null, "marker_evaluation_result": true, "normalized_package_name": "jsonschema", "package_name": "jsonschema", "resolved_versions": [{"index": "https://pypi.org/simple", "versions": ["2.6.0", "3.0.0", "3.0.1", "3.0.2", "3.1.0", "3.1.1", "3.2.0"]}], "specifier": ">=2.6.0"}, {"extra": [], "extras": [], "marker": "python_version < \"3.0\"", "marker_evaluated": "python_version < \"3.0\"", "marker_evaluation_error": null, "marker_evaluation_result": false, "normalized_package_name": "everett", "package_name": "everett", "resolved_versions": [{"index": "https://pypi.org/simple", "versions": ["0.9"]}], "specifier": "==0.9"}, {"extra": [], "extras": ["ini"], "marker": "python_version >= \"3.0\"", "marker_evaluated": "python_version >= \"3.0\"", "marker_evaluation_error": null, "marker_evaluation_result": true, "normalized_package_name": "everett", "package_name": "everett", "resolved_versions": [{"index": "https://pypi.org/simple", "versions": ["1.0.1", "1.0.2"]}], "specifier": ">=1.0.1"}], "importlib_metadata": {"entry_points": [{"group": "console_scripts", "name": "comet-upload", "value": "comet_ml.scripts.comet_upload:main"}], "files": [{"hash": {"mode": "sha256", "value": "gaNQnE8pWWG3hI7kCajnUZo0GCXHOzczjV-jB22L4KA"}, "path": "../../../bin/comet-upload", "size": 241}, {"hash": {"mode": "sha256", "value": "zuuue4knoyJ-UwPPXg8fezS7VCrXJQrAP7zeNuwvFQg"}, "path": "comet_ml-1.0.49.dist-info/INSTALLER", "size": 4}, {"hash": {"mode": "sha256", "value": "kMhZQPl37RqcOaaWY3QQ8X0RyrVG6uS1S53sPCpX_-k"}, "path": "comet_ml-1.0.49.dist-info/METADATA", "size": 2313}, {"hash": null, "path": "comet_ml-1.0.49.dist-info/RECORD", "size": null}, {"hash": {"mode": "sha256", "value": "U88EhGIw8Sj2_phqajeu_EAi3RAo8-C6zV3REsWbWbs"}, "path": "comet_ml-1.0.49.dist-info/WHEEL", "size": 92}, {"hash": {"mode": "sha256", "value": "g5NxAazMJldZri6PP_19ZYG05KRQTJyokIxNX8wfkOE"}, "path": "comet_ml-1.0.49.dist-info/entry_points.txt", "size": 69}, {"hash": {"mode": "sha256", "value": "vBQlLy36NVsXTZCT5GDUTk5_vBNClumjr7YC68Lk2MU"}, "path": "comet_ml-1.0.49.dist-info/top_level.txt", "size": 9}, {"hash": {"mode": "sha256", "value": "2p54hw1DscumAgHNflHv6UYqJviODEjLdIzG0JVLzp8"}, "path": "comet_ml/__init__.py", "size": 27808}, {"hash": null, "path": "comet_ml/__pycache__/__init__.cpython-37.pyc", "size": null}, {"hash": null, "path": "comet_ml/__pycache__/_logging.cpython-37.pyc", "size": null}, {"hash": null, "path": "comet_ml/__pycache__/_reporting.cpython-37.pyc", "size": null}, {"hash": null, "path": "comet_ml/__pycache__/api.cpython-37.pyc", "size": null}, {"hash": null, "path": "comet_ml/__pycache__/comet.cpython-37.pyc", "size": null}, {"hash": null, "path": "comet_ml/__pycache__/config.cpython-37.pyc", "size": null}, {"hash": null, "path": "comet_ml/__pycache__/connection.cpython-37.pyc", "size": null}, {"hash": null, "path": "comet_ml/__pycache__/console.cpython-37.pyc", "size": null}, {"hash": null, "path": "comet_ml/__pycache__/env_logging.cpython-37.pyc", "size": null}, {"hash": null, "path": "comet_ml/__pycache__/exceptions.cpython-37.pyc", "size": null}, {"hash": null, "path": "comet_ml/__pycache__/experiment.cpython-37.pyc", "size": null}, {"hash": null, "path": "comet_ml/__pycache__/fastai_logger.cpython-37.pyc", "size": null}, {"hash": null, "path": "comet_ml/__pycache__/feature_toggles.cpython-37.pyc", "size": null}, {"hash": null, "path": "comet_ml/__pycache__/file_uploader.cpython-37.pyc", "size": null}, {"hash": null, "path": "comet_ml/__pycache__/frameworks.cpython-37.pyc", "size": null}, {"hash": null, "path": "comet_ml/__pycache__/git_logging.cpython-37.pyc", "size": null}, {"hash": null, "path": "comet_ml/__pycache__/gpu_logging.cpython-37.pyc", "size": null}, {"hash": null, "path": "comet_ml/__pycache__/json_encoder.cpython-37.pyc", "size": null}, {"hash": null, "path": "comet_ml/__pycache__/keras_logger.cpython-37.pyc", "size": null}, {"hash": null, "path": "comet_ml/__pycache__/monkey_patching.cpython-37.pyc", "size": null}, {"hash": null, "path": "comet_ml/__pycache__/offline.cpython-37.pyc", "size": null}, {"hash": null, "path": "comet_ml/__pycache__/optimization.cpython-37.pyc", "size": null}, {"hash": null, "path": "comet_ml/__pycache__/pytorch_logger.cpython-37.pyc", "size": null}, {"hash": null, "path": "comet_ml/__pycache__/rpc.cpython-37.pyc", "size": null}, {"hash": null, "path": "comet_ml/__pycache__/sklearn_logger.cpython-37.pyc", "size": null}, {"hash": null, "path": "comet_ml/__pycache__/tensorboard_logger.cpython-37.pyc", "size": null}, {"hash": null, "path": "comet_ml/__pycache__/tensorflow_logger.cpython-37.pyc", "size": null}, {"hash": null, "path": "comet_ml/__pycache__/utils.cpython-37.pyc", "size": null}, {"hash": {"mode": "sha256", "value": "X7OXkjNYfug3ceB7rOUeZ1qQpOTmNMi9_f61J-lj3qk"}, "path": "comet_ml/_logging.py", "size": 8546}, {"hash": {"mode": "sha256", "value": "7g51P1G13SxwVw2xkAIiVV_Arh-LLQ3P2QI_a5voUkw"}, "path": "comet_ml/_reporting.py", "size": 1101}, {"hash": {"mode": "sha256", "value": "rSeiDc1YveNVFhHuUJ5ENM0qtAaDoIrnNBfhXOp1Dik"}, "path": "comet_ml/api.py", "size": 38594}, {"hash": {"mode": "sha256", "value": "GR5xtdI08ifQVzRskGyCkcjpilFNmvmbZHOcrJyMgEQ"}, "path": "comet_ml/comet.py", "size": 26958}, {"hash": {"mode": "sha256", "value": "yix4s8p2B4N8yCGjGrllgbkX5V3xjiL3pUmvYwO1Fpw"}, "path": "comet_ml/config.py", "size": 10123}, {"hash": {"mode": "sha256", "value": "87FG8-kNz6WY2ryDukB-0ebxnuDdtorD_2DoBQ6ReDU"}, "path": "comet_ml/connection.py", "size": 26640}, {"hash": {"mode": "sha256", "value": "s9z2dgcMaS0Op6ByFnCucXWTcOFe2awNZ02UFpJjNvY"}, "path": "comet_ml/console.py", "size": 13629}, {"hash": {"mode": "sha256", "value": "W5WiFYK9befCbEodPxmqGyrf2BCNeD1muB_m4HoCf_o"}, "path": "comet_ml/env_logging.py", "size": 2699}, {"hash": {"mode": "sha256", "value": "ICO62Ft9yQplvkidsgFQLpk7Q7JJVO5VHoTQJ226SrA"}, "path": "comet_ml/exceptions.py", "size": 3717}, {"hash": {"mode": "sha256", "value": "qIObUMeF6V8hCuxYnJwRhP1fp3UG2fixy0Ip7CBcaTE"}, "path": "comet_ml/experiment.py", "size": 54586}, {"hash": {"mode": "sha256", "value": "TwWmEbqVZStnM20kCbvJkUT9Pu1A02HSexMjG7tjfMk"}, "path": "comet_ml/fastai_logger.py", "size": 2977}, {"hash": {"mode": "sha256", "value": "A0O3QoPPoL02N8IhV-zO483QJmFUSJlgZfKr28BR-S4"}, "path": "comet_ml/feature_toggles.py", "size": 2357}, {"hash": {"mode": "sha256", "value": "9UJE2ls9U-gj19DeVG0lM1t2vgxi02Tch9Zbp8w5E8s"}, "path": "comet_ml/file_uploader.py", "size": 5513}, {"hash": {"mode": "sha256", "value": "1cX6HlWSG3I9wt1QjJW3XgXl5vsHNSGIp7CFbK7ajbs"}, "path": "comet_ml/frameworks.py", "size": 5429}, {"hash": {"mode": "sha256", "value": "c-xZ2BE2W0Pduf5HLtjGUZzHlODDmL3gT2hWjBvD2RM"}, "path": "comet_ml/git_logging.py", "size": 12535}, {"hash": {"mode": "sha256", "value": "-H4BOwEXQQHAPhy3W9tiG3suWZrWEirvWcJxrzutriQ"}, "path": "comet_ml/gpu_logging.py", "size": 8899}, {"hash": {"mode": "sha256", "value": "TJYXoiYxVVw1NST7fRCSII1x2_f68AWlBlh5nIkWgac"}, "path": "comet_ml/json_encoder.py", "size": 2388}, {"hash": {"mode": "sha256", "value": "f1r8OPz4ABV8EpCO5Vbj9rLaTDZFzkz0_j4XEsaSEe0"}, "path": "comet_ml/keras_logger.py", "size": 2167}, {"hash": {"mode": "sha256", "value": "6fcQIUM4r_j4n3Mx5jfcgYt6R7nAYlSJRhuKxgkCONo"}, "path": "comet_ml/monkey_patching.py", "size": 8213}, {"hash": {"mode": "sha256", "value": "FQekT93xNMPlYy-Y9177CVRL8bQoa_G4oftLqflDhqE"}, "path": "comet_ml/offline.py", "size": 15921}, {"hash": {"mode": "sha256", "value": "vsgs2SKOrbTybvec-xinMhFdGSfrPW3_dIGCy00C1V8"}, "path": "comet_ml/optimization.py", "size": 5212}, {"hash": {"mode": "sha256", "value": "qDDrsy5KAZhmdiBf-g17x_qD-1AFXLk0UkhPMxnyjEk"}, "path": "comet_ml/pytorch_logger.py", "size": 2515}, {"hash": {"mode": "sha256", "value": "ZV-mtl1HD9-gTiLtx5BlObmBjD2wh2E1sRiTAVR0APY"}, "path": "comet_ml/rpc.py", "size": 3871}, {"hash": {"mode": "sha256", "value": "6RrLj_Qg5djBkYh9PdKgBelQ8Bh5aongTCcVnB-7MBk"}, "path": "comet_ml/schemas/offline-experiment.schema.json", "size": 3700}, {"hash": {"mode": "sha256", "value": "81sZkpuo6pm6e2-zgm9ajwFbHB6SK5ArIrkKBgMXkRw"}, "path": "comet_ml/schemas/offline-file-upload-msg.schema.json", "size": 3253}, {"hash": {"mode": "sha256", "value": "BEg4qXWBlZGBFZp3t56SYz9WO23ONXnf1t8KxV1kk_s"}, "path": "comet_ml/schemas/offline-ws-msg.schema.json", "size": 9608}, {"hash": {"mode": "sha256", "value": "47DEQpj8HBSa-_TImW-5JCeuQeRkm5NMpJWZG3hSuFU"}, "path": "comet_ml/scripts/__init__.py", "size": 0}, {"hash": null, "path": "comet_ml/scripts/__pycache__/__init__.cpython-37.pyc", "size": null}, {"hash": null, "path": "comet_ml/scripts/__pycache__/comet_upload.cpython-37.pyc", "size": null}, {"hash": {"mode": "sha256", "value": "p8eScO8vCc7qfLIbBczK6WuihqbkMn6jId41XaMwH7E"}, "path": "comet_ml/scripts/comet_upload.py", "size": 1205}, {"hash": {"mode": "sha256", "value": "X3VYjcXXIXZRHZCU2uU60TrWzhQeEUZyoKdt1l61Vio"}, "path": "comet_ml/sklearn_logger.py", "size": 7311}, {"hash": {"mode": "sha256", "value": "StlZ6Ez0eO2Q3spTmXb1ob7C87WViIphpw0zD0ovhWk"}, "path": "comet_ml/tensorboard_logger.py", "size": 1998}, {"hash": {"mode": "sha256", "value": "tkbowHnxv2nC0QQFSY1zBNKdNZCuimkn66gb7k1Oygs"}, "path": "comet_ml/tensorflow_logger.py", "size": 3905}, {"hash": {"mode": "sha256", "value": "9H4DuqCzS_tW4NkztGwnJ5lVcAD7wVV5eLhfPZHWFy4"}, "path": "comet_ml/utils.py", "size": 2628}], "metadata": {"Author": "Comet ML Inc.", "Author-email": "mail@comet.ml", "Classifier": ["Development Status :: 2 - Pre-Alpha", "Programming Language :: Python", "Programming Language :: Python :: 2", "Programming Language :: Python :: 2.7", "Programming Language :: Python :: 3", "Programming Language :: Python :: 3.4", "Programming Language :: Python :: 3.5"], "Description-Content-Type": "text/x-rst", "Home-page": "https://www.comet.ml", "License": "UNKNOWN", "Metadata-Version": "2.1", "Name": "comet-ml", "Platform": ["UNKNOWN"], "Requires-Dist": ["websocket-client (>=0.55.0)", "requests (>=2.18.4)", "six", "wurlitzer (>=1.0.2)", "netifaces (>=0.10.7)", "nvidia-ml-py3 (>=7.352.0)", "comet-git-pure (>=0.19.11)", "jsonschema (>=2.6.0)", "everett (==0.9) ; python_version < \"3.0\"", "everett[ini] (>=1.0.1) ; python_version >= \"3.0\""], "Summary": "Supercharging Machine Learning", "Version": "1.0.49"}, "requires": ["websocket-client (>=0.55.0)", "requests (>=2.18.4)", "six", "wurlitzer (>=1.0.2)", "netifaces (>=0.10.7)", "nvidia-ml-py3 (>=7.352.0)", "comet-git-pure (>=0.19.11)", "jsonschema (>=2.6.0)", "everett (==0.9) ; python_version < \"3.0\"", "everett[ini] (>=1.0.1) ; python_version >= \"3.0\""], "version": "1.0.49"}, "index_url": "https://pypi.org/simple", "package_name": "comet-ml", "package_version": "1.0.49", "package_version_requested": "1.0.49", "sha256": ["dfb404c6774eebd12bdce7b044e68bb3dc59bfb78f5f7e3ab6111dc5ce1f86a8", "146c4ad84691b55010a0e7b309dcf94893c41d8ffc5ed65c5c681cf23b23e58a"]}], "unparsed": [], "unresolved": []}}