{"metadata": {"analyzer": "thoth-solver", "analyzer_version": "1.4.1", "arguments": {"python": {"exclude_packages": null, "index": "https://pypi.org/simple", "no_pretty": false, "no_transitive": true, "output": "http://result-api/api/v1/solver-result", "requirements": "instana==1.8.1", "virtualenv": "/home/solver/venv"}, "thoth-solver": {"verbose": false}}, "datetime": "2019-12-27T16:35:35.562695", "distribution": {"codename": "", "id": "fedora", "like": "", "version": "31", "version_parts": {"build_number": "", "major": "31", "minor": ""}}, "document_id": "solver-fedora-31-py37-019449dc", "duration": 5, "hostname": "solver-fedora-31-py37-019449dc-8r6qp", "os_release": {"id": "fedora", "name": "Fedora", "platform_id": "platform:f31", "redhat_bugzilla_product": "Fedora", "redhat_bugzilla_product_version": "31", "redhat_support_product": "Fedora", "redhat_support_product_version": "31", "variant_id": "container", "version": "31 (Container Image)", "version_id": "31"}, "python": {"api_version": 1013, "implementation_name": "cpython", "major": 3, "micro": 5, "minor": 7, "releaselevel": "final", "serial": 0}, "thoth_deployment_name": "thoth-psi-stage", "timestamp": 1577464535}, "result": {"environment": {"implementation_name": "cpython", "implementation_version": "3.7.5", "os_name": "posix", "platform_machine": "x86_64", "platform_python_implementation": "CPython", "platform_release": "3.10.0-957.21.2.el7.x86_64", "platform_system": "Linux", "platform_version": "#1 SMP Tue May 28 09:26:43 UTC 2019", "python_full_version": "3.7.5", "python_version": "3.7", "sys_platform": "linux"}, "environment_packages": [{"package_name": "pipdeptree", "package_version": "0.13.2"}], "errors": [], "tree": [{"dependencies": [{"extra": [], "extras": [], "marker": null, "marker_evaluated": null, "marker_evaluation_error": null, "marker_evaluation_result": true, "normalized_package_name": "autowrapt", "package_name": "autowrapt", "resolved_versions": [{"index": "https://pypi.org/simple", "versions": ["1.0"]}], "specifier": ">=1.0"}, {"extra": [], "extras": [], "marker": null, "marker_evaluated": null, "marker_evaluation_error": null, "marker_evaluation_result": true, "normalized_package_name": "basictracer", "package_name": "basictracer", "resolved_versions": [{"index": "https://pypi.org/simple", "versions": ["3.0.0", "3.1.0"]}], "specifier": ">=3.0.0"}, {"extra": [], "extras": [], "marker": null, "marker_evaluated": null, "marker_evaluation_error": null, "marker_evaluation_result": true, "normalized_package_name": "certifi", "package_name": "certifi", "resolved_versions": [{"index": "https://pypi.org/simple", "versions": ["2018.10.15", "2018.11.29", "2018.4.16", "2018.8.13", "2018.8.24", "2019.11.28", "2019.3.9", "2019.6.16", "2019.9.11"]}], "specifier": ">=2018.4.16"}, {"extra": [], "extras": [], "marker": null, "marker_evaluated": null, "marker_evaluation_error": null, "marker_evaluation_result": true, "normalized_package_name": "fysom", "package_name": "fysom", "resolved_versions": [{"index": "https://pypi.org/simple", "versions": ["2.1.2", "2.1.3", "2.1.4", "2.1.5"]}], "specifier": ">=2.1.2"}, {"extra": [], "extras": [], "marker": null, "marker_evaluated": null, "marker_evaluation_error": null, "marker_evaluation_result": true, "normalized_package_name": "opentracing", "package_name": "opentracing", "resolved_versions": [{"index": "https://pypi.org/simple", "versions": ["2.0.0", "2.1.0", "2.2.0"]}], "specifier": ">=2.0.0"}, {"extra": [], "extras": [], "marker": null, "marker_evaluated": null, "marker_evaluation_error": null, "marker_evaluation_result": true, "normalized_package_name": "requests", "package_name": "requests", "resolved_versions": [{"index": "https://pypi.org/simple", "versions": ["2.10.0", "2.11.0", "2.11.1", "2.12.0", "2.12.1", "2.12.2", "2.12.3", "2.12.4", "2.12.5", "2.13.0", "2.14.0", "2.14.1", "2.14.2", "2.15.0", "2.15.1", "2.16.0", "2.16.1", "2.16.2", "2.16.3", "2.16.4", "2.16.5", "2.17.0", "2.17.1", "2.17.2", "2.17.3", "2.18.0", "2.18.1", "2.18.2", "2.18.3", "2.18.4", "2.19.0", "2.19.1", "2.20.0", "2.20.1", "2.21.0", "2.22.0", "2.8.0", "2.8.1", "2.9.0", "2.9.1", "2.9.2"]}], "specifier": ">=2.8.0"}, {"extra": [], "extras": [], "marker": null, "marker_evaluated": null, "marker_evaluation_error": null, "marker_evaluation_result": true, "normalized_package_name": "urllib3", "package_name": "urllib3", "resolved_versions": [{"index": "https://pypi.org/simple", "versions": ["1.18.1", "1.19", "1.19.1", "1.20", "1.21", "1.21.1", "1.22", "1.23", "1.24", "1.24.1", "1.24.2", "1.24.3", "1.25", "1.25.1", "1.25.2", "1.25.3", "1.25.4", "1.25.5", "1.25.6", "1.25.7"]}], "specifier": ">=1.18.1"}, {"extra": ["test"], "extras": [], "marker": "extra == \"test\"", "marker_evaluated": "python_version >= \"0.0\"", "marker_evaluation_error": null, "marker_evaluation_result": true, "normalized_package_name": "asynqp", "package_name": "asynqp", "resolved_versions": [{"index": "https://pypi.org/simple", "versions": ["0.4", "0.5.1", "0.6"]}], "specifier": ">=0.4"}, {"extra": ["test"], "extras": [], "marker": "extra == \"test\"", "marker_evaluated": "python_version >= \"0.0\"", "marker_evaluation_error": null, "marker_evaluation_result": true, "normalized_package_name": "django", "package_name": "django", "resolved_versions": [{"index": "https://pypi.org/simple", "versions": ["1.11", "1.11.1", "1.11.10", "1.11.11", "1.11.12", "1.11.13", "1.11.14", "1.11.15", "1.11.16", "1.11.17", "1.11.18", "1.11.2", "1.11.20", "1.11.21", "1.11.22", "1.11.23", "1.11.24", "1.11.25", "1.11.26", "1.11.27", "1.11.3", "1.11.4", "1.11.5", "1.11.6", "1.11.7", "1.11.8", "1.11.9", "2.0", "2.0.1", "2.0.10", "2.0.12", "2.0.13", "2.0.2", "2.0.3", "2.0.4", "2.0.5", "2.0.6", "2.0.7", "2.0.8", "2.0.9", "2.1", "2.1.1", "2.1.10", "2.1.11", "2.1.12", "2.1.13", "2.1.14", "2.1.15", "2.1.2", "2.1.3", "2.1.4", "2.1.5", "2.1.7", "2.1.8", "2.1.9", "2.2", "2.2.1", "2.2.2", "2.2.3", "2.2.4", "2.2.5", "2.2.6", "2.2.7", "2.2.8", "2.2.9", "3.0", "3.0.1"]}], "specifier": ">=1.11"}, {"extra": ["test"], "extras": [], "marker": "extra == \"test\"", "marker_evaluated": "python_version >= \"0.0\"", "marker_evaluation_error": null, "marker_evaluation_result": true, "normalized_package_name": "nose", "package_name": "nose", "resolved_versions": [{"index": "https://pypi.org/simple", "versions": ["1.0.0", "1.1.0", "1.1.1", "1.1.2", "1.2.0", "1.2.1", "1.3.0", "1.3.1", "1.3.2", "1.3.3", "1.3.4", "1.3.5", "1.3.6", "1.3.7"]}], "specifier": ">=1.0"}, {"extra": ["test"], "extras": [], "marker": "extra == \"test\"", "marker_evaluated": "python_version >= \"0.0\"", "marker_evaluation_error": null, "marker_evaluation_result": true, "normalized_package_name": "flask", "package_name": "flask", "resolved_versions": [{"index": "https://pypi.org/simple", "versions": ["0.12.2", "0.12.3", "0.12.4", "1.0", "1.0.1", "1.0.2", "1.0.3", "1.0.4", "1.1.0", "1.1.1"]}], "specifier": ">=0.12.2"}, {"extra": ["test"], "extras": [], "marker": "extra == \"test\"", "marker_evaluated": "python_version >= \"0.0\"", "marker_evaluation_error": null, "marker_evaluation_result": true, "normalized_package_name": "lxml", "package_name": "lxml", "resolved_versions": [{"index": "https://pypi.org/simple", "versions": ["3.4.0", "3.4.1", "3.4.2", "3.4.3", "3.4.4", "3.5.0", "3.6.0", "3.6.1", "3.6.2", "3.6.3", "3.6.4", "3.7.0", "3.7.1", "3.7.2", "3.7.3", "3.8.0", "4.0.0", "4.1.0", "4.1.1", "4.2.0", "4.2.1", "4.2.2", "4.2.3", "4.2.4", "4.2.5", "4.2.6", "4.3.0", "4.3.1", "4.3.2", "4.3.3", "4.3.4", "4.3.5", "4.4.0", "4.4.1", "4.4.2"]}], "specifier": ">=3.4"}, {"extra": ["test"], "extras": [], "marker": "extra == \"test\"", "marker_evaluated": "python_version >= \"0.0\"", "marker_evaluation_error": null, "marker_evaluation_result": true, "normalized_package_name": "mock", "package_name": "mock", "resolved_versions": [{"index": "https://pypi.org/simple", "versions": ["2.0.0", "3.0.0", "3.0.1", "3.0.2", "3.0.3", "3.0.4", "3.0.5"]}], "specifier": ">=2.0.0"}, {"extra": ["test"], "extras": [], "marker": "extra == \"test\"", "marker_evaluated": "python_version >= \"0.0\"", "marker_evaluation_error": null, "marker_evaluation_result": true, "normalized_package_name": "psycopg2", "package_name": "psycopg2", "resolved_versions": [{"index": "https://pypi.org/simple", "versions": ["2.7.1", "2.7.2", "2.7.3", "2.7.3.1", "2.7.3.2", "2.7.4", "2.7.5", "2.7.6", "2.7.6.1", "2.7.7", "2.8", "2.8.1", "2.8.2", "2.8.3", "2.8.4"]}], "specifier": ">=2.7.1"}, {"extra": ["test"], "extras": [], "marker": "extra == \"test\"", "marker_evaluated": "python_version >= \"0.0\"", "marker_evaluation_error": null, "marker_evaluation_result": true, "normalized_package_name": "pytest", "package_name": "pytest", "resolved_versions": [{"index": "https://pypi.org/simple", "versions": ["3.0.1", "3.0.2", "3.0.3", "3.0.4", "3.0.5", "3.0.6", "3.0.7", "3.1.0", "3.1.1", "3.1.2", "3.1.3", "3.10.0", "3.10.1", "3.2.0", "3.2.1", "3.2.2", "3.2.3", "3.2.4", "3.2.5", "3.3.0", "3.3.1", "3.3.2", "3.4.0", "3.4.1", "3.4.2", "3.5.0", "3.5.1", "3.6.0", "3.6.1", "3.6.2", "3.6.3", "3.6.4", "3.7.0", "3.7.1", "3.7.2", "3.7.3", "3.7.4", "3.8.0", "3.8.1", "3.8.2", "3.9.1", "3.9.2", "3.9.3", "4.0.0", "4.0.1", "4.0.2", "4.1.0", "4.1.1", "4.2.0", "4.2.1", "4.3.0", "4.3.1", "4.4.0", "4.4.1", "4.4.2", "4.5.0", "4.6.0", "4.6.1", "4.6.2", "4.6.3", "4.6.4", "4.6.5", "4.6.6", "4.6.7", "4.6.8", "5.0.0", "5.0.1", "5.1.0", "5.1.1", "5.1.2", "5.1.3", "5.2.0", "5.2.1", "5.2.2", "5.2.3", "5.2.4", "5.3.0", "5.3.1", "5.3.2"]}], "specifier": ">=3.0.1"}, {"extra": ["test"], "extras": [], "marker": "extra == \"test\"", "marker_evaluated": "python_version >= \"0.0\"", "marker_evaluation_error": null, "marker_evaluation_result": true, "normalized_package_name": "redis", "package_name": "redis", "resolved_versions": [{"index": "https://pypi.org/simple", "versions": ["2.10.6", "3.0.0", "3.0.0.post1", "3.0.1", "3.1.0", "3.2.0", "3.2.1", "3.3.0", "3.3.1", "3.3.10", "3.3.11", "3.3.2", "3.3.3", "3.3.4", "3.3.5", "3.3.6", "3.3.7", "3.3.8", "3.3.9"]}], "specifier": ">=2.10.6"}, {"extra": ["test"], "extras": [], "marker": "extra == \"test\"", "marker_evaluated": "python_version >= \"0.0\"", "marker_evaluation_error": null, "marker_evaluation_result": true, "normalized_package_name": "requests", "package_name": "requests", "resolved_versions": [{"index": "https://pypi.org/simple", "versions": ["2.17.1", "2.17.2", "2.17.3", "2.18.0", "2.18.1", "2.18.2", "2.18.3", "2.18.4", "2.19.0", "2.19.1", "2.20.0", "2.20.1", "2.21.0", "2.22.0"]}], "specifier": ">=2.17.1"}, {"extra": ["test"], "extras": [], "marker": "extra == \"test\"", "marker_evaluated": "python_version >= \"0.0\"", "marker_evaluation_error": null, "marker_evaluation_result": true, "normalized_package_name": "sqlalchemy", "package_name": "sqlalchemy", "resolved_versions": [{"index": "https://pypi.org/simple", "versions": ["1.1.15", "1.1.16", "1.1.17", "1.1.18", "1.2.0", "1.2.1", "1.2.10", "1.2.11", "1.2.12", "1.2.13", "1.2.14", "1.2.15", "1.2.16", "1.2.17", "1.2.18", "1.2.19", "1.2.2", "1.2.3", "1.2.4", "1.2.5", "1.2.6", "1.2.7", "1.2.8", "1.2.9", "1.3.0", "1.3.1", "1.3.10", "1.3.11", "1.3.12", "1.3.2", "1.3.3", "1.3.4", "1.3.5", "1.3.6", "1.3.7", "1.3.8", "1.3.9"]}], "specifier": ">=1.1.15"}, {"extra": ["test"], "extras": [], "marker": "extra == \"test\"", "marker_evaluated": "python_version >= \"0.0\"", "marker_evaluation_error": null, "marker_evaluation_result": true, "normalized_package_name": "spyne", "package_name": "spyne", "resolved_versions": [{"index": "https://pypi.org/simple", "versions": ["2.10.0", "2.10.1", "2.10.10", "2.10.2", "2.10.3", "2.10.4", "2.10.5", "2.10.6", "2.10.7", "2.10.8", "2.10.9", "2.11.0", "2.12.10", "2.12.11", "2.12.12", "2.12.13", "2.12.14", "2.12.15", "2.12.16", "2.12.9", "2.9.0", "2.9.1", "2.9.2", "2.9.3", "2.9.4", "2.9.5"]}], "specifier": ">=2.9"}, {"extra": ["test"], "extras": [], "marker": "extra == \"test\"", "marker_evaluated": "python_version >= \"0.0\"", "marker_evaluation_error": null, "marker_evaluation_result": true, "normalized_package_name": "suds-jurko", "package_name": "suds-jurko", "resolved_versions": [{"index": "https://pypi.org/simple", "versions": ["0.6"]}], "specifier": ">=0.6"}, {"extra": ["test"], "extras": ["secure"], "marker": "extra == \"test\"", "marker_evaluated": "python_version >= \"0.0\"", "marker_evaluation_error": null, "marker_evaluation_result": true, "normalized_package_name": "urllib3", "package_name": "urllib3", "resolved_versions": [{"index": "https://pypi.org/simple", "versions": ["1.15", "1.15.1", "1.16", "1.17", "1.18", "1.18.1", "1.19", "1.19.1", "1.20", "1.21", "1.21.1", "1.22", "1.23", "1.24", "1.24.1", "1.24.2", "1.24.3", "1.25", "1.25.1", "1.25.2", "1.25.3", "1.25.4", "1.25.5", "1.25.6", "1.25.7"]}], "specifier": ">=1.15"}, {"extra": ["test"], "extras": [], "marker": "python_version <= \"2.7\" and extra == \"test\"", "marker_evaluated": "python_version <= \"2.7\" and python_version >= \"0.0\"", "marker_evaluation_error": null, "marker_evaluation_result": false, "normalized_package_name": "mysql-python", "package_name": "MySQL-python", "resolved_versions": [{"index": "https://pypi.org/simple", "versions": ["1.2.5"]}], "specifier": ">=1.2.5"}, {"extra": ["test"], "extras": [], "marker": "python_version <= \"2.7\" and extra == \"test\"", "marker_evaluated": "python_version <= \"2.7\" and python_version >= \"0.0\"", "marker_evaluation_error": null, "marker_evaluation_result": false, "normalized_package_name": "pyopenssl", "package_name": "pyOpenSSL", "resolved_versions": [{"index": "https://pypi.org/simple", "versions": ["16.1.0", "16.2.0", "17.0.0", "17.1.0", "17.2.0", "17.3.0", "17.4.0", "17.5.0", "18.0.0", "19.0.0", "19.1.0"]}], "specifier": ">=16.1.0"}], "importlib_metadata": {"entry_points": [{"group": "django", "name": "string", "value": "instana:load"}, {"group": "django19", "name": "string", "value": "instana:load"}, {"group": "flask", "name": "flask", "value": "instana.flaskana:hook"}, {"group": "instana", "name": "string", "value": "instana:load"}, {"group": "runtime", "name": "string", "value": "instana:load"}], "files": [{"hash": {"mode": "sha256", "value": "zuuue4knoyJ-UwPPXg8fezS7VCrXJQrAP7zeNuwvFQg"}, "path": "instana-1.8.1.dist-info/INSTALLER", "size": 4}, {"hash": {"mode": "sha256", "value": "3s4I2RBtJmwqDZ-S4ulRYT5qmLbJulHPKO4lXiZmRQI"}, "path": "instana-1.8.1.dist-info/LICENSE", "size": 1064}, {"hash": {"mode": "sha256", "value": "TR1dI083ASSWQs_w61Wy87G-gWMmO7Hel6D5IIedDOs"}, "path": "instana-1.8.1.dist-info/METADATA", "size": 2580}, {"hash": null, "path": "instana-1.8.1.dist-info/RECORD", "size": null}, {"hash": {"mode": "sha256", "value": "wYBY2EO50FhAcckpWmO3c3Zwk2MALACx6lPAl6gVKnE"}, "path": "instana-1.8.1.dist-info/WHEEL", "size": 93}, {"hash": {"mode": "sha256", "value": "FTraAh-4s0tsurIrT2wbngIWGgwiKmSqmDKpTAJasZQ"}, "path": "instana-1.8.1.dist-info/entry_points.txt", "size": 171}, {"hash": {"mode": "sha256", "value": "Oq9MuLklKr1FxRkNUS4xMXhk070XTF5JgQQnKcO1DbM"}, "path": "instana-1.8.1.dist-info/top_level.txt", "size": 8}, {"hash": {"mode": "sha256", "value": "3Qsim7oaNqPij6RztbsRzV_9I9MtiL0GubtjYz3vdHI"}, "path": "instana/__init__.py", "size": 2153}, {"hash": null, "path": "instana/__pycache__/__init__.cpython-37.pyc", "size": null}, {"hash": null, "path": "instana/__pycache__/agent.cpython-37.pyc", "size": null}, {"hash": null, "path": "instana/__pycache__/agent_const.cpython-37.pyc", "size": null}, {"hash": null, "path": "instana/__pycache__/api.cpython-37.pyc", "size": null}, {"hash": null, "path": "instana/__pycache__/flaskana.cpython-37.pyc", "size": null}, {"hash": null, "path": "instana/__pycache__/fsm.cpython-37.pyc", "size": null}, {"hash": null, "path": "instana/__pycache__/helpers.cpython-37.pyc", "size": null}, {"hash": null, "path": "instana/__pycache__/http_propagator.cpython-37.pyc", "size": null}, {"hash": null, "path": "instana/__pycache__/json_span.cpython-37.pyc", "size": null}, {"hash": null, "path": "instana/__pycache__/log.cpython-37.pyc", "size": null}, {"hash": null, "path": "instana/__pycache__/meter.cpython-37.pyc", "size": null}, {"hash": null, "path": "instana/__pycache__/options.cpython-37.pyc", "size": null}, {"hash": null, "path": "instana/__pycache__/probe.cpython-37.pyc", "size": null}, {"hash": null, "path": "instana/__pycache__/recorder.cpython-37.pyc", "size": null}, {"hash": null, "path": "instana/__pycache__/sensor.cpython-37.pyc", "size": null}, {"hash": null, "path": "instana/__pycache__/singletons.cpython-37.pyc", "size": null}, {"hash": null, "path": "instana/__pycache__/span.cpython-37.pyc", "size": null}, {"hash": null, "path": "instana/__pycache__/text_propagator.cpython-37.pyc", "size": null}, {"hash": null, "path": "instana/__pycache__/tracer.cpython-37.pyc", "size": null}, {"hash": null, "path": "instana/__pycache__/util.cpython-37.pyc", "size": null}, {"hash": null, "path": "instana/__pycache__/wsgi.cpython-37.pyc", "size": null}, {"hash": {"mode": "sha256", "value": "Bsu36JRxhqbogMz67Z5thdpffOPiBSvf7xoyXuDH2xI"}, "path": "instana/agent.py", "size": 8144}, {"hash": {"mode": "sha256", "value": "b4QJ_ABC7PvJjaVJxqAVURmoLj2i_7WZ9PIiNqLlAZI"}, "path": "instana/agent_const.py", "size": 334}, {"hash": {"mode": "sha256", "value": "jVGlQl7XgjGbwZ2xeQQd0poEcB1a1tDfbVKQEOv4ga4"}, "path": "instana/api.py", "size": 11504}, {"hash": {"mode": "sha256", "value": "pF3vNG5ARBPeJw_OucEktg-SLu2Yl19uLVjgpvOH8EM"}, "path": "instana/flaskana.py", "size": 647}, {"hash": {"mode": "sha256", "value": "x_QUSYsqQTmgeK0rdGbAdusKVvHPsDmC436cyqVnMiw"}, "path": "instana/fsm.py", "size": 7638}, {"hash": {"mode": "sha256", "value": "IMDAAJlIU0t2Y3X3JKm1KpkDBeEd_JakfPvlLcBfMRo"}, "path": "instana/helpers.py", "size": 3182}, {"hash": {"mode": "sha256", "value": "NLYkObjbQzwSHzsSuHg3Ly_XIpGXV4YHZNqWFzG0Ht0"}, "path": "instana/http_propagator.py", "size": 2717}, {"hash": {"mode": "sha256", "value": "47DEQpj8HBSa-_TImW-5JCeuQeRkm5NMpJWZG3hSuFU"}, "path": "instana/instrumentation/__init__.py", "size": 0}, {"hash": null, "path": "instana/instrumentation/__pycache__/__init__.cpython-37.pyc", "size": null}, {"hash": null, "path": "instana/instrumentation/__pycache__/asynqp.cpython-37.pyc", "size": null}, {"hash": null, "path": "instana/instrumentation/__pycache__/mysqlpython.cpython-37.pyc", "size": null}, {"hash": null, "path": "instana/instrumentation/__pycache__/pep0249.cpython-37.pyc", "size": null}, {"hash": null, "path": "instana/instrumentation/__pycache__/redis.cpython-37.pyc", "size": null}, {"hash": null, "path": "instana/instrumentation/__pycache__/sqlalchemy.cpython-37.pyc", "size": null}, {"hash": null, "path": "instana/instrumentation/__pycache__/sudsjurko.cpython-37.pyc", "size": null}, {"hash": null, "path": "instana/instrumentation/__pycache__/urllib3.cpython-37.pyc", "size": null}, {"hash": {"mode": "sha256", "value": "HIpodXjEcCulnqVyq6YTCStX5BTt_Te8oMLBp9m5axk"}, "path": "instana/instrumentation/asynqp.py", "size": 3811}, {"hash": {"mode": "sha256", "value": "47DEQpj8HBSa-_TImW-5JCeuQeRkm5NMpJWZG3hSuFU"}, "path": "instana/instrumentation/django/__init__.py", "size": 0}, {"hash": null, "path": "instana/instrumentation/django/__pycache__/__init__.cpython-37.pyc", "size": null}, {"hash": null, "path": "instana/instrumentation/django/__pycache__/middleware.cpython-37.pyc", "size": null}, {"hash": {"mode": "sha256", "value": "vSUFn0ISnGSR2JE3Vw1A6536HkkaNSdJcqa08aZl6FY"}, "path": "instana/instrumentation/django/middleware.py", "size": 5481}, {"hash": {"mode": "sha256", "value": "CIAKIOCpYSVGYmaHgfq5LH_KD7cglTeGF7POeLikaMA"}, "path": "instana/instrumentation/mysqlpython.py", "size": 405}, {"hash": {"mode": "sha256", "value": "EunrD3NSwkT_4q2p6S1sCGh9snQrNu0pM048gImgR3w"}, "path": "instana/instrumentation/pep0249.py", "size": 4453}, {"hash": {"mode": "sha256", "value": "JRZ2Rx8uRGcgMRsqgQ84Up4rCrwk4QvbKoTCrfM6uqw"}, "path": "instana/instrumentation/redis.py", "size": 3111}, {"hash": {"mode": "sha256", "value": "89mDxzliO5l4-5Ry-cWn02UjM2e6RQB5fxrPSvCXlok"}, "path": "instana/instrumentation/sqlalchemy.py", "size": 2278}, {"hash": {"mode": "sha256", "value": "BsTu21BFC-sceVM5tI-NvTaOvlkgES2USwCix76QIlk"}, "path": "instana/instrumentation/sudsjurko.py", "size": 1495}, {"hash": {"mode": "sha256", "value": "uFfS2MlJzewjisCeq945MmvfB88-OnmAY238GXasHQs"}, "path": "instana/instrumentation/urllib3.py", "size": 2934}, {"hash": {"mode": "sha256", "value": "mAKSA6bWtTz6IebY5LuYnpaRXb5FBMHJ7o2pY_UGeBo"}, "path": "instana/json_span.py", "size": 1885}, {"hash": {"mode": "sha256", "value": "8ziLDhcUD4gBy0zdJa1VtqcOcxCbv-96yFvHALXSNjE"}, "path": "instana/log.py", "size": 629}, {"hash": {"mode": "sha256", "value": "T9nDxnTp8LO6vDPzkgRpgEimF9neoc0c4i6o4ywxZVo"}, "path": "instana/meter.py", "size": 10520}, {"hash": {"mode": "sha256", "value": "Xrkypy2bj467qyBTKO2DM1xERZy7gzIDdsEjSY8f_cQ"}, "path": "instana/options.py", "size": 971}, {"hash": {"mode": "sha256", "value": "GxQIyFoHY994APsIZCO-yHdjRrHxcUOAOBErB2MiQkc"}, "path": "instana/probe.py", "size": 395}, {"hash": {"mode": "sha256", "value": "eYlVk2twbq5GSCxPoaoqAiBi0R0s8FQlVWhuoSi0ZS8"}, "path": "instana/recorder.py", "size": 9095}, {"hash": {"mode": "sha256", "value": "bDcozkU5oDcsbRilpjRrK543Tz0dL6ODI-6QwpxoHLU"}, "path": "instana/sensor.py", "size": 673}, {"hash": {"mode": "sha256", "value": "BQOAci4uu31LPskXoKfh-84Gf_pHKAGyW-bxgLSzMy4"}, "path": "instana/singletons.py", "size": 431}, {"hash": {"mode": "sha256", "value": "WEd0-uguX3jAx1m6_b2sKo5XKMaa43giz84jQ8-bY9E"}, "path": "instana/span.py", "size": 567}, {"hash": {"mode": "sha256", "value": "GjzNzbth0Winj0Ai3zIN9HMbYQnGNZlxWP72cmhzSuw"}, "path": "instana/text_propagator.py", "size": 1697}, {"hash": {"mode": "sha256", "value": "ymvqqi5abcQlU0q64-RB_K8kJc5s3JKlKhrlGPryaZU"}, "path": "instana/tracer.py", "size": 4986}, {"hash": {"mode": "sha256", "value": "V9KwEghjzlpD438hH0U1HidOYvvMaSlpYFMuO3ehDso"}, "path": "instana/util.py", "size": 5237}, {"hash": {"mode": "sha256", "value": "zKgrO5ITN5LnPwBHv7_uqWvyQZIQBXn33yrjtkFiA5g"}, "path": "instana/wsgi.py", "size": 2395}], "metadata": {"Author": "Instana Inc.", "Author-email": "peter.lombardo@instana.com", "Classifier": ["Development Status :: 5 - Production/Stable", "Framework :: Django", "Framework :: Flask", "Intended Audience :: Developers", "Intended Audience :: Information Technology", "Intended Audience :: Science/Research", "Intended Audience :: System Administrators", "License :: OSI Approved :: MIT License", "Operating System :: OS Independent", "Programming Language :: Python", "Programming Language :: Python :: 2.7", "Programming Language :: Python :: 3", "Programming Language :: Python :: 3.4", "Programming Language :: Python :: 3.5", "Programming Language :: Python :: 3.6", "Topic :: Internet :: WWW/HTTP :: WSGI :: Middleware", "Topic :: System :: Monitoring", "Topic :: System :: Networking :: Monitoring", "Topic :: Software Development :: Libraries :: Python Modules"], "Download-URL": "https://github.com/instana/python-sensor", "Home-page": "https://www.instana.com/", "Keywords": "performance,opentracing,metrics,monitoring,tracing,distributed-tracing", "License": "MIT", "Metadata-Version": "2.1", "Name": "instana", "Platform": ["UNKNOWN"], "Provides-Extra": ["test"], "Requires-Dist": ["autowrapt (>=1.0)", "basictracer (>=3.0.0)", "certifi (>=2018.4.16)", "fysom (>=2.1.2)", "opentracing (>=2.0.0)", "requests (>=2.8.0)", "urllib3 (>=1.18.1)", "asynqp (>=0.4) ; extra == 'test'", "django (>=1.11) ; extra == 'test'", "nose (>=1.0) ; extra == 'test'", "flask (>=0.12.2) ; extra == 'test'", "lxml (>=3.4) ; extra == 'test'", "mock (>=2.0.0) ; extra == 'test'", "psycopg2 (>=2.7.1) ; extra == 'test'", "pytest (>=3.0.1) ; extra == 'test'", "redis (>=2.10.6) ; extra == 'test'", "requests (>=2.17.1) ; extra == 'test'", "sqlalchemy (>=1.1.15) ; extra == 'test'", "spyne (>=2.9) ; extra == 'test'", "suds-jurko (>=0.6) ; extra == 'test'", "urllib3[secure] (>=1.15) ; extra == 'test'", "MySQL-python (>=1.2.5) ; (python_version <= \"2.7\") and extra == 'test'", "pyOpenSSL (>=16.1.0) ; (python_version <= \"2.7\") and extra == 'test'"], "Summary": "\ud83d\udc0d Python Distributed Tracing & Metrics Sensor for Instana", "Version": "1.8.1"}, "requires": ["autowrapt (>=1.0)", "basictracer (>=3.0.0)", "certifi (>=2018.4.16)", "fysom (>=2.1.2)", "opentracing (>=2.0.0)", "requests (>=2.8.0)", "urllib3 (>=1.18.1)", "asynqp (>=0.4) ; extra == 'test'", "django (>=1.11) ; extra == 'test'", "nose (>=1.0) ; extra == 'test'", "flask (>=0.12.2) ; extra == 'test'", "lxml (>=3.4) ; extra == 'test'", "mock (>=2.0.0) ; extra == 'test'", "psycopg2 (>=2.7.1) ; extra == 'test'", "pytest (>=3.0.1) ; extra == 'test'", "redis (>=2.10.6) ; extra == 'test'", "requests (>=2.17.1) ; extra == 'test'", "sqlalchemy (>=1.1.15) ; extra == 'test'", "spyne (>=2.9) ; extra == 'test'", "suds-jurko (>=0.6) ; extra == 'test'", "urllib3[secure] (>=1.15) ; extra == 'test'", "MySQL-python (>=1.2.5) ; (python_version <= \"2.7\") and extra == 'test'", "pyOpenSSL (>=16.1.0) ; (python_version <= \"2.7\") and extra == 'test'"], "version": "1.8.1"}, "index_url": "https://pypi.org/simple", "package_name": "instana", "package_version": "1.8.1", "package_version_requested": "1.8.1", "sha256": ["f4857e20ea81407d806d0eb693079b7a8e82678e2afd0168b208ea4a53899130"]}], "unparsed": [], "unresolved": []}}