{"metadata": {"analyzer": "thoth-solver", "analyzer_version": "1.4.1", "arguments": {"python": {"exclude_packages": null, "index": "https://pypi.org/simple", "no_pretty": false, "no_transitive": true, "output": "http://result-api/api/v1/solver-result", "requirements": "flask-jwt-extended==1.3.0", "virtualenv": "/home/solver/venv"}, "thoth-solver": {"verbose": false}}, "datetime": "2019-12-26T16:46:32.293743", "distribution": {"codename": "", "id": "fedora", "like": "", "version": "31", "version_parts": {"build_number": "", "major": "31", "minor": ""}}, "document_id": "solver-fedora-31-py37-06cefc91", "duration": 3, "hostname": "solver-fedora-31-py37-06cefc91-bws7x", "os_release": {"id": "fedora", "name": "Fedora", "platform_id": "platform:f31", "redhat_bugzilla_product": "Fedora", "redhat_bugzilla_product_version": "31", "redhat_support_product": "Fedora", "redhat_support_product_version": "31", "variant_id": "container", "version": "31 (Container Image)", "version_id": "31"}, "python": {"api_version": 1013, "implementation_name": "cpython", "major": 3, "micro": 5, "minor": 7, "releaselevel": "final", "serial": 0}, "thoth_deployment_name": "thoth-psi-stage", "timestamp": 1577378792}, "result": {"environment": {"implementation_name": "cpython", "implementation_version": "3.7.5", "os_name": "posix", "platform_machine": "x86_64", "platform_python_implementation": "CPython", "platform_release": "3.10.0-957.21.2.el7.x86_64", "platform_system": "Linux", "platform_version": "#1 SMP Tue May 28 09:26:43 UTC 2019", "python_full_version": "3.7.5", "python_version": "3.7", "sys_platform": "linux"}, "environment_packages": [{"package_name": "pipdeptree", "package_version": "0.13.2"}], "errors": [], "tree": [{"dependencies": [{"extra": [], "extras": [], "marker": null, "marker_evaluated": null, "marker_evaluation_error": null, "marker_evaluation_result": true, "normalized_package_name": "flask", "package_name": "Flask", "resolved_versions": [{"index": "https://pypi.org/simple", "versions": ["0.1", "0.10", "0.10.1", "0.11", "0.11.1", "0.12", "0.12.1", "0.12.2", "0.12.3", "0.12.4", "0.2", "0.3", "0.3.1", "0.4", "0.5", "0.5.1", "0.5.2", "0.6", "0.6.1", "0.7", "0.7.1", "0.7.2", "0.8", "0.8.1", "0.9", "1.0", "1.0.1", "1.0.2", "1.0.3", "1.0.4", "1.1.0", "1.1.1"]}], "specifier": null}, {"extra": [], "extras": [], "marker": null, "marker_evaluated": null, "marker_evaluation_error": null, "marker_evaluation_result": true, "normalized_package_name": "pyjwt", "package_name": "PyJWT", "resolved_versions": [{"index": "https://pypi.org/simple", "versions": ["0.1.1", "0.1.2", "0.1.3", "0.1.4", "0.1.5", "0.1.6", "0.1.7", "0.1.8", "0.1.9", "0.2.0", "0.2.1", "0.2.3", "0.3.0", "0.3.1", "0.3.2", "0.4.0", "0.4.1", "0.4.2", "0.4.3", "1.0.0", "1.0.1", "1.1.0", "1.3.0", "1.4.0", "1.4.1", "1.4.2", "1.5.0", "1.5.1", "1.5.2", "1.5.3", "1.6.0", "1.6.1", "1.6.3", "1.6.4", "1.7.0", "1.7.1"]}], "specifier": null}, {"extra": [], "extras": [], "marker": null, "marker_evaluated": null, "marker_evaluation_error": null, "marker_evaluation_result": true, "normalized_package_name": "simplekv", "package_name": "simplekv", "resolved_versions": [{"index": "https://pypi.org/simple", "versions": ["0.1", "0.10.0", "0.11.1", "0.11.10", "0.11.11", "0.11.2", "0.11.3", "0.11.4", "0.11.5", "0.11.6", "0.11.7", "0.11.8", "0.11.9", "0.12.0", "0.13.0", "0.13.1", "0.14.0", "0.3", "0.4", "0.4.1", "0.5", "0.6", "0.8.1", "0.8.2", "0.8.3", "0.8.4", "0.9", "0.9.1", "0.9.2", "0.9.3"]}], "specifier": null}, {"extra": [], "extras": [], "marker": null, "marker_evaluated": null, "marker_evaluation_error": null, "marker_evaluation_result": true, "normalized_package_name": "six", "package_name": "six", "resolved_versions": [{"index": "https://pypi.org/simple", "versions": ["0.9.0", "0.9.1", "0.9.2", "1.0.0", "1.1.0", "1.10.0", "1.11.0", "1.12.0", "1.13.0", "1.2.0", "1.3.0", "1.4.0", "1.4.1", "1.5.0", "1.5.1", "1.5.2", "1.6.0", "1.6.1", "1.7.0", "1.7.1", "1.7.2", "1.7.3", "1.8.0", "1.9.0"]}], "specifier": null}], "importlib_metadata": {"entry_points": [], "files": [{"hash": {"mode": "sha256", "value": "zuuue4knoyJ-UwPPXg8fezS7VCrXJQrAP7zeNuwvFQg"}, "path": "Flask_JWT_Extended-1.3.0.dist-info/INSTALLER", "size": 4}, {"hash": {"mode": "sha256", "value": "rXptnjTYdUH6iqGWIQleUNbDhmN8prhZUzkpAOBi648"}, "path": "Flask_JWT_Extended-1.3.0.dist-info/METADATA", "size": 1119}, {"hash": null, "path": "Flask_JWT_Extended-1.3.0.dist-info/RECORD", "size": null}, {"hash": {"mode": "sha256", "value": "wYBY2EO50FhAcckpWmO3c3Zwk2MALACx6lPAl6gVKnE"}, "path": "Flask_JWT_Extended-1.3.0.dist-info/WHEEL", "size": 93}, {"hash": {"mode": "sha256", "value": "ScNvc4cNmrFFSnAe_rENqiMpfhog1M2HkaUaydRBbUU"}, "path": "Flask_JWT_Extended-1.3.0.dist-info/top_level.txt", "size": 19}, {"hash": {"mode": "sha256", "value": "Bz8akTLOIXPsx1jAZO-_o-rbI_TeuGnzaUO96l7Woi4"}, "path": "flask_jwt_extended/__init__.py", "size": 465}, {"hash": null, "path": "flask_jwt_extended/__pycache__/__init__.cpython-37.pyc", "size": null}, {"hash": null, "path": "flask_jwt_extended/__pycache__/blacklist.cpython-37.pyc", "size": null}, {"hash": null, "path": "flask_jwt_extended/__pycache__/config.cpython-37.pyc", "size": null}, {"hash": null, "path": "flask_jwt_extended/__pycache__/exceptions.cpython-37.pyc", "size": null}, {"hash": null, "path": "flask_jwt_extended/__pycache__/jwt_manager.cpython-37.pyc", "size": null}, {"hash": null, "path": "flask_jwt_extended/__pycache__/utils.cpython-37.pyc", "size": null}, {"hash": {"mode": "sha256", "value": "bpaQNzotHnpxOuF87Q2G_0fXtufZWahuYgyxUL023KM"}, "path": "flask_jwt_extended/blacklist.py", "size": 4864}, {"hash": {"mode": "sha256", "value": "9-zstYo-ez0ei0bmRc48rz8EdWGDaKhaipIVukUJpQk"}, "path": "flask_jwt_extended/config.py", "size": 4112}, {"hash": {"mode": "sha256", "value": "u8f589hP3mENtlOOnSgfs2q9CLQAuYiL1H4cl4WsCts"}, "path": "flask_jwt_extended/exceptions.py", "size": 1215}, {"hash": {"mode": "sha256", "value": "NrwgHcPYQCndwUEuST-P2UCKsAj7aJMQFBRFfG6KYK0"}, "path": "flask_jwt_extended/jwt_manager.py", "size": 6531}, {"hash": {"mode": "sha256", "value": "5vZmcPWiDh8u8L4rGEUYZKY_SORnCv9eTZw1Fqm9UOc"}, "path": "flask_jwt_extended/utils.py", "size": 16451}], "metadata": {"Author": "Landon Gilbert-Bland", "Author-email": "landogbland@gmail.com", "Classifier": ["Development Status :: 4 - Beta", "Environment :: Web Environment", "Intended Audience :: Developers", "License :: OSI Approved :: MIT License", "Operating System :: OS Independent", "Programming Language :: Python", "Programming Language :: Python :: 2.7", "Programming Language :: Python :: 3", "Programming Language :: Python :: 3.3", "Programming Language :: Python :: 3.4", "Programming Language :: Python :: 3.5", "Programming Language :: Python :: 3.6", "Topic :: Internet :: WWW/HTTP :: Dynamic Content", "Topic :: Software Development :: Libraries :: Python Modules"], "Home-page": "https://github.com/vimalloc/flask-jwt-extended", "Keywords": "flask,jwt,json web token", "License": "MIT", "Metadata-Version": "2.1", "Name": "Flask-JWT-Extended", "Platform": ["any"], "Requires-Dist": ["Flask", "PyJWT", "simplekv", "six"], "Summary": "Extended JWT integration with Flask", "Version": "1.3.0"}, "requires": ["Flask", "PyJWT", "simplekv", "six"], "version": "1.3.0"}, "index_url": "https://pypi.org/simple", "package_name": "Flask-JWT-Extended", "package_version": "1.3.0", "package_version_requested": "1.3.0", "sha256": ["d9cc8342d466f052d5400811584addc917d1cff2f979ba7a0ff0f78f3c79170f"]}], "unparsed": [], "unresolved": []}}