{"metadata": {"analyzer": "thoth-solver", "analyzer_version": "1.4.1", "arguments": {"python": {"exclude_packages": null, "index": "https://pypi.org/simple", "no_pretty": false, "no_transitive": true, "output": "http://result-api/api/v1/solver-result", "requirements": "contentful==1.2.0", "virtualenv": "/home/solver/venv"}, "thoth-solver": {"verbose": false}}, "datetime": "2019-12-24T17:23:05.830743", "distribution": {"codename": "", "id": "fedora", "like": "", "version": "31", "version_parts": {"build_number": "", "major": "31", "minor": ""}}, "document_id": "solver-fedora-31-py37-07465260", "duration": 3, "hostname": "solver-fedora-31-py37-07465260-9tzv5", "os_release": {"id": "fedora", "name": "Fedora", "platform_id": "platform:f31", "redhat_bugzilla_product": "Fedora", "redhat_bugzilla_product_version": "31", "redhat_support_product": "Fedora", "redhat_support_product_version": "31", "variant_id": "container", "version": "31 (Container Image)", "version_id": "31"}, "python": {"api_version": 1013, "implementation_name": "cpython", "major": 3, "micro": 5, "minor": 7, "releaselevel": "final", "serial": 0}, "thoth_deployment_name": "thoth-psi-stage", "timestamp": 1577208185}, "result": {"environment": {"implementation_name": "cpython", "implementation_version": "3.7.5", "os_name": "posix", "platform_machine": "x86_64", "platform_python_implementation": "CPython", "platform_release": "3.10.0-957.21.2.el7.x86_64", "platform_system": "Linux", "platform_version": "#1 SMP Tue May 28 09:26:43 UTC 2019", "python_full_version": "3.7.5", "python_version": "3.7", "sys_platform": "linux"}, "environment_packages": [{"package_name": "pipdeptree", "package_version": "0.13.2"}], "errors": [], "tree": [{"dependencies": [{"extra": [], "extras": [], "marker": null, "marker_evaluated": null, "marker_evaluation_error": null, "marker_evaluation_result": true, "normalized_package_name": "requests", "package_name": "requests", "resolved_versions": [{"index": "https://pypi.org/simple", "versions": ["0.0.1", "0.10.0", "0.10.1", "0.10.2", "0.10.3", "0.10.4", "0.10.6", "0.10.7", "0.10.8", "0.11.1", "0.11.2", "0.12.0", "0.12.01", "0.12.1", "0.13.0", "0.13.1", "0.13.2", "0.13.3", "0.13.4", "0.13.5", "0.13.6", "0.13.7", "0.13.8", "0.13.9", "0.14.0", "0.14.1", "0.14.2", "0.2.0", "0.2.1", "0.2.2", "0.2.3", "0.2.4", "0.3.0", "0.3.1", "0.3.2", "0.3.3", "0.3.4", "0.4.0", "0.4.1", "0.5.0", "0.5.1", "0.6.0", "0.6.1", "0.6.2", "0.6.3", "0.6.4", "0.6.5", "0.6.6", "0.7.0", "0.7.1", "0.7.2", "0.7.3", "0.7.4", "0.7.5", "0.7.6", "0.8.0", "0.8.1", "0.8.2", "0.8.3", "0.8.4", "0.8.5", "0.8.6", "0.8.7", "0.8.8", "0.8.9", "0.9.0", "0.9.1", "0.9.2", "0.9.3", "1.0.0", "1.0.1", "1.0.2", "1.0.3", "1.0.4", "1.1.0", "1.2.0", "1.2.1", "1.2.2", "1.2.3", "2.0.0", "2.0.1", "2.1.0", "2.10.0", "2.11.0", "2.11.1", "2.12.0", "2.12.1", "2.12.2", "2.12.3", "2.12.4", "2.12.5", "2.13.0", "2.14.0", "2.14.1", "2.14.2", "2.15.0", "2.15.1", "2.16.0", "2.16.1", "2.16.2", "2.16.3", "2.16.4", "2.16.5", "2.17.0", "2.17.1", "2.17.2", "2.17.3", "2.18.0", "2.18.1", "2.18.2", "2.18.3", "2.18.4", "2.19.0", "2.19.1", "2.2.0", "2.2.1", "2.20.0", "2.20.1", "2.21.0", "2.22.0", "2.3.0", "2.4.0", "2.4.1", "2.4.2", "2.4.3", "2.5.0", "2.5.1", "2.5.2", "2.5.3", "2.6.0", "2.6.1", "2.6.2", "2.7.0", "2.8.0", "2.8.1", "2.9.0", "2.9.1", "2.9.2"]}], "specifier": null}, {"extra": [], "extras": [], "marker": null, "marker_evaluated": null, "marker_evaluation_error": null, "marker_evaluation_result": true, "normalized_package_name": "python-dateutil", "package_name": "python-dateutil", "resolved_versions": [{"index": "https://pypi.org/simple", "versions": ["0.1", "0.3", "0.4", "0.5", "1.0", "1.1", "1.2", "1.4", "1.4.1", "1.5", "2.0", "2.1", "2.2", "2.3", "2.4.0", "2.4.1", "2.4.2", "2.5.0", "2.5.1", "2.5.2", "2.5.3", "2.6.0", "2.6.1", "2.7.0", "2.7.1", "2.7.2", "2.7.3", "2.7.4", "2.7.5", "2.8.0", "2.8.1"]}], "specifier": null}], "importlib_metadata": {"entry_points": [], "files": [{"hash": {"mode": "sha256", "value": "zuuue4knoyJ-UwPPXg8fezS7VCrXJQrAP7zeNuwvFQg"}, "path": "contentful-1.2.0.dist-info/INSTALLER", "size": 4}, {"hash": {"mode": "sha256", "value": "Q--V04Dt0cGmG8gIDeFqTnNO44NbzvEjam4A_N7_5xM"}, "path": "contentful-1.2.0.dist-info/METADATA", "size": 996}, {"hash": null, "path": "contentful-1.2.0.dist-info/RECORD", "size": null}, {"hash": {"mode": "sha256", "value": "wYBY2EO50FhAcckpWmO3c3Zwk2MALACx6lPAl6gVKnE"}, "path": "contentful-1.2.0.dist-info/WHEEL", "size": 93}, {"hash": {"mode": "sha256", "value": "bvdVd9kSwPg0H99YgPnxhcford4ZWwLdgZjZ8S6gygA"}, "path": "contentful-1.2.0.dist-info/top_level.txt", "size": 11}, {"hash": {"mode": "sha256", "value": "nBVV_c4zkGRbwhH-t7qos5rIloktKVZSeVxiGT-3yGE"}, "path": "contentful/__init__.py", "size": 644}, {"hash": null, "path": "contentful/__pycache__/__init__.cpython-37.pyc", "size": null}, {"hash": null, "path": "contentful/__pycache__/array.cpython-37.pyc", "size": null}, {"hash": null, "path": "contentful/__pycache__/asset.cpython-37.pyc", "size": null}, {"hash": null, "path": "contentful/__pycache__/client.cpython-37.pyc", "size": null}, {"hash": null, "path": "contentful/__pycache__/content_type.cpython-37.pyc", "size": null}, {"hash": null, "path": "contentful/__pycache__/content_type_cache.cpython-37.pyc", "size": null}, {"hash": null, "path": "contentful/__pycache__/content_type_field.cpython-37.pyc", "size": null}, {"hash": null, "path": "contentful/__pycache__/content_type_field_types.cpython-37.pyc", "size": null}, {"hash": null, "path": "contentful/__pycache__/deleted_asset.cpython-37.pyc", "size": null}, {"hash": null, "path": "contentful/__pycache__/deleted_entry.cpython-37.pyc", "size": null}, {"hash": null, "path": "contentful/__pycache__/entry.cpython-37.pyc", "size": null}, {"hash": null, "path": "contentful/__pycache__/errors.cpython-37.pyc", "size": null}, {"hash": null, "path": "contentful/__pycache__/locale.cpython-37.pyc", "size": null}, {"hash": null, "path": "contentful/__pycache__/resource.cpython-37.pyc", "size": null}, {"hash": null, "path": "contentful/__pycache__/resource_builder.cpython-37.pyc", "size": null}, {"hash": null, "path": "contentful/__pycache__/space.cpython-37.pyc", "size": null}, {"hash": null, "path": "contentful/__pycache__/sync_page.cpython-37.pyc", "size": null}, {"hash": null, "path": "contentful/__pycache__/utils.cpython-37.pyc", "size": null}, {"hash": {"mode": "sha256", "value": "cdJ-BXoQJv8RWI12yGQcv-b6dbLZhEcleMUDwbgHAiE"}, "path": "contentful/array.py", "size": 1097}, {"hash": {"mode": "sha256", "value": "cPO-O3gzcM9ctLaL4GWuCkkA5Fz8BuWJcLlAMfVv2Uk"}, "path": "contentful/asset.py", "size": 1159}, {"hash": {"mode": "sha256", "value": "A_Y3leZnsN3flmMxPdfm0vzXFSVCW1giTw-yLYMk5cI"}, "path": "contentful/client.py", "size": 17281}, {"hash": {"mode": "sha256", "value": "mNOy9dTYUfCy2JKkwKAZzvyVlzxHEcr6wfiSAxMaN9s"}, "path": "contentful/content_type.py", "size": 1447}, {"hash": {"mode": "sha256", "value": "HDb7rRWwq8kFQPeyPfgUJDOwxZXgjExHmpIwO-DHRvs"}, "path": "contentful/content_type_cache.py", "size": 828}, {"hash": {"mode": "sha256", "value": "H6nKxXpiAD8r8rRGkpLujMNFLqMPt_oQ6s54wOQRkek"}, "path": "contentful/content_type_field.py", "size": 1611}, {"hash": {"mode": "sha256", "value": "438nNUcwG4VVM_7DzLUEg3B_AW8jwtDg-y06KrKpKHQ"}, "path": "contentful/content_type_field_types.py", "size": 3049}, {"hash": {"mode": "sha256", "value": "ci9j0oRAcurrpV_a-chNNVizKR36fuABT0E8g5zZkac"}, "path": "contentful/deleted_asset.py", "size": 634}, {"hash": {"mode": "sha256", "value": "0r7fab4oFv7MF4qoI-kmF0T-jDM1ty1wLiVMI9ijz3g"}, "path": "contentful/deleted_entry.py", "size": 634}, {"hash": {"mode": "sha256", "value": "gSF9vlwKnmb6yIO0fZJzm61jskH06Pk207YVDa-Rhyg"}, "path": "contentful/entry.py", "size": 2812}, {"hash": {"mode": "sha256", "value": "EZD7hQQ1MZPsv7kl3oMM5jLOUqdalKsDuZYtKr16DHw"}, "path": "contentful/errors.py", "size": 1599}, {"hash": {"mode": "sha256", "value": "BkNQTNfM4jp2EQyAf3DaepU4mzZB9qHEhmJMh8ahsyo"}, "path": "contentful/locale.py", "size": 872}, {"hash": {"mode": "sha256", "value": "ztIfaPzrd9NXP_oJbW923ladKITmsASl-LerA4dCroU"}, "path": "contentful/resource.py", "size": 4438}, {"hash": {"mode": "sha256", "value": "wEEEDT3Wl_ZAI3Qc3E4ULLz1luv1F3qJV-jdB3Nw6Is"}, "path": "contentful/resource_builder.py", "size": 2835}, {"hash": {"mode": "sha256", "value": "mrZX_OdihPrOlNcOMce8thLkllTB_53YBkaNGmxPcMI"}, "path": "contentful/space.py", "size": 831}, {"hash": {"mode": "sha256", "value": "fYm7mZzNperGQStZ3pviMsGzW316_6Lysf-R6T9UdL0"}, "path": "contentful/sync_page.py", "size": 1620}, {"hash": {"mode": "sha256", "value": "1OqCLGdFVNb8McWJOXSeJogsxGGQ_TFQ4ypnuXk5iUE"}, "path": "contentful/utils.py", "size": 3616}], "metadata": {"Author": "Contentful GmbH (David Litvak Bruno)", "Author-email": "david.litvak@contentful.com", "Classifier": ["Development Status :: 5 - Production/Stable", "Topic :: Software Development :: Libraries", "Intended Audience :: Developers", "License :: OSI Approved :: MIT License", "Natural Language :: English", "Programming Language :: Python :: 2", "Programming Language :: Python :: 2.7", "Programming Language :: Python :: 3", "Programming Language :: Python :: 3.1", "Programming Language :: Python :: 3.2", "Programming Language :: Python :: 3.3", "Programming Language :: Python :: 3.4", "Programming Language :: Python :: 3.5"], "Home-page": "https://github.com/contentful/contentful.py", "Keywords": "contentful", "License": "MIT", "Metadata-Version": "2.1", "Name": "contentful", "Platform": ["UNKNOWN"], "Requires-Dist": ["requests", "python-dateutil"], "Summary": "Contentful Delivery API Client", "Version": "1.2.0"}, "requires": ["requests", "python-dateutil"], "version": "1.2.0"}, "index_url": "https://pypi.org/simple", "package_name": "contentful", "package_version": "1.2.0", "package_version_requested": "1.2.0", "sha256": ["04d6a360faa8b2982e7cd039ea49cdaf434d95723860b8b18bd57a0dfdcdcc0e"]}], "unparsed": [], "unresolved": []}}