{"metadata": {"analyzer": "thoth-solver", "analyzer_version": "1.4.1", "arguments": {"python": {"exclude_packages": null, "index": "https://pypi.org/simple", "no_pretty": false, "no_transitive": true, "output": "http://result-api/api/v1/solver-result", "requirements": "textblob==0.5.3", "virtualenv": "/home/solver/venv"}, "thoth-solver": {"verbose": false}}, "datetime": "2019-12-27T16:42:13.090804", "distribution": {"codename": "", "id": "fedora", "like": "", "version": "31", "version_parts": {"build_number": "", "major": "31", "minor": ""}}, "document_id": "solver-fedora-31-py37-03f0012c", "duration": 3, "hostname": "solver-fedora-31-py37-03f0012c-6tb9q", "os_release": {"id": "fedora", "name": "Fedora", "platform_id": "platform:f31", "redhat_bugzilla_product": "Fedora", "redhat_bugzilla_product_version": "31", "redhat_support_product": "Fedora", "redhat_support_product_version": "31", "variant_id": "container", "version": "31 (Container Image)", "version_id": "31"}, "python": {"api_version": 1013, "implementation_name": "cpython", "major": 3, "micro": 5, "minor": 7, "releaselevel": "final", "serial": 0}, "thoth_deployment_name": "thoth-psi-stage", "timestamp": 1577464933}, "result": {"environment": {"implementation_name": "cpython", "implementation_version": "3.7.5", "os_name": "posix", "platform_machine": "x86_64", "platform_python_implementation": "CPython", "platform_release": "3.10.0-957.21.2.el7.x86_64", "platform_system": "Linux", "platform_version": "#1 SMP Tue May 28 09:26:43 UTC 2019", "python_full_version": "3.7.5", "python_version": "3.7", "sys_platform": "linux"}, "environment_packages": [{"package_name": "pipdeptree", "package_version": "0.13.2"}], "errors": [], "tree": [{"dependencies": [{"extra": [], "extras": [], "marker": null, "marker_evaluated": null, "marker_evaluation_error": null, "marker_evaluation_result": true, "normalized_package_name": "pyyaml", "package_name": "PyYAML", "resolved_versions": [{"index": "https://pypi.org/simple", "versions": ["3.01", "3.02", "3.03", "3.04", "3.05", "3.06", "3.07", "3.08", "3.09", "3.10", "3.11", "3.12", "3.13", "5.1", "5.1.1", "5.1.2", "5.2"]}], "specifier": null}], "importlib_metadata": {"entry_points": [], "files": [{"hash": {"mode": "sha256", "value": "Q3uPqOMpJZ_dv7vdwt1s5OTi13ZlLOSOzfCAMwFlamM"}, "path": "text/__init__.py", "size": 70}, {"hash": null, "path": "text/__pycache__/__init__.cpython-37.pyc", "size": null}, {"hash": null, "path": "text/__pycache__/blob.cpython-37.pyc", "size": null}, {"hash": null, "path": "text/__pycache__/compat.cpython-37.pyc", "size": null}, {"hash": null, "path": "text/__pycache__/decorators.cpython-37.pyc", "size": null}, {"hash": null, "path": "text/__pycache__/en.cpython-37.pyc", "size": null}, {"hash": null, "path": "text/__pycache__/exceptions.cpython-37.pyc", "size": null}, {"hash": null, "path": "text/__pycache__/inflect.cpython-37.pyc", "size": null}, {"hash": null, "path": "text/__pycache__/mixins.cpython-37.pyc", "size": null}, {"hash": null, "path": "text/__pycache__/np_extractors.cpython-37.pyc", "size": null}, {"hash": null, "path": "text/__pycache__/packages.cpython-37.pyc", "size": null}, {"hash": null, "path": "text/__pycache__/sentiments.cpython-37.pyc", "size": null}, {"hash": null, "path": "text/__pycache__/taggers.cpython-37.pyc", "size": null}, {"hash": null, "path": "text/__pycache__/text.cpython-37.pyc", "size": null}, {"hash": null, "path": "text/__pycache__/tokenizers.cpython-37.pyc", "size": null}, {"hash": null, "path": "text/__pycache__/translate.cpython-37.pyc", "size": null}, {"hash": null, "path": "text/__pycache__/utils.cpython-37.pyc", "size": null}, {"hash": {"mode": "sha256", "value": "SKeNer-RhuSJNVFR2660iIKzfSo0P2gQKJMRE7yTY_U"}, "path": "text/blob.py", "size": 25751}, {"hash": {"mode": "sha256", "value": "uHwpWi8-imXLSPQzVowyE_E-YCpwjEXdnT8hdsMFk8k"}, "path": "text/compat.py", "size": 4312}, {"hash": {"mode": "sha256", "value": "Kf0TAaoSxYYsE541V17M4ywvxaWLr5p_C0ahzob9vTQ"}, "path": "text/decorators.py", "size": 566}, {"hash": {"mode": "sha256", "value": "XTjLy232RnVQ0gNG5jqfdpWiCnpDhcJLwSh47rqVtIA"}, "path": "text/en-context.txt", "size": 6442}, {"hash": {"mode": "sha256", "value": "Vohz4KuagHrWlkDl8FBOczmDxCSjZlQl4HwkyPpbtR4"}, "path": "text/en-entities.txt", "size": 10334}, {"hash": {"mode": "sha256", "value": "dwwgNupILLsO6v7TsQCW0SdGj6Y0pioJd2TwFKXDyJQ"}, "path": "text/en-lexicon.txt", "size": 1215721}, {"hash": {"mode": "sha256", "value": "pLZL6vJtVs2k9FfWxe6ubVxNB-IswWwHkNKwZrc6XrU"}, "path": "text/en-morphology.txt", "size": 3135}, {"hash": {"mode": "sha256", "value": "lhQRLkcJcA0wPykbqTk3NpoWwKD4SIpC2QlcnlsYoIs"}, "path": "text/en-sentiment.xml", "size": 537472}, {"hash": {"mode": "sha256", "value": "oBIGXghdZn7wG7CIn26ADQo5lSAyWKNO_R7MI0mf2X8"}, "path": "text/en.py", "size": 4186}, {"hash": {"mode": "sha256", "value": "35-T4PoKenQ_lUwxWDc2LxJSiHpYZ3M62M3m4YVD01A"}, "path": "text/exceptions.py", "size": 773}, {"hash": {"mode": "sha256", "value": "4lLlEpnLGVNB5XUSTPhfnrymwdZZvRcP5e_FfjiO3XY"}, "path": "text/inflect.py", "size": 19616}, {"hash": {"mode": "sha256", "value": "qTViJc24XtYVqfw6bxoEEONccOwzxGqidKqLNutoenA"}, "path": "text/mixins.py", "size": 879}, {"hash": {"mode": "sha256", "value": "8FprpxElBw3RYMFEMBeFPgk5wm2enpb8bgzH-r6eLyY"}, "path": "text/nltk/__init__.py", "size": 5672}, {"hash": null, "path": "text/nltk/__pycache__/__init__.cpython-37.pyc", "size": null}, {"hash": null, "path": "text/nltk/__pycache__/align.cpython-37.pyc", "size": null}, {"hash": null, "path": "text/nltk/__pycache__/book.cpython-37.pyc", "size": null}, {"hash": null, "path": "text/nltk/__pycache__/collocations.cpython-37.pyc", "size": null}, {"hash": null, "path": "text/nltk/__pycache__/compat.cpython-37.pyc", "size": null}, {"hash": null, "path": "text/nltk/__pycache__/data.cpython-37.pyc", "size": null}, {"hash": null, "path": "text/nltk/__pycache__/decorators.cpython-37.pyc", "size": null}, {"hash": null, "path": "text/nltk/__pycache__/downloader.cpython-37.pyc", "size": null}, {"hash": null, "path": "text/nltk/__pycache__/featstruct.cpython-37.pyc", "size": null}, {"hash": null, "path": "text/nltk/__pycache__/grammar.cpython-37.pyc", "size": null}, {"hash": null, "path": "text/nltk/__pycache__/help.cpython-37.pyc", "size": null}, {"hash": null, "path": "text/nltk/__pycache__/internals.cpython-37.pyc", "size": null}, {"hash": null, "path": "text/nltk/__pycache__/lazyimport.cpython-37.pyc", "size": null}, {"hash": null, "path": "text/nltk/__pycache__/probability.cpython-37.pyc", "size": null}, {"hash": null, "path": "text/nltk/__pycache__/text.cpython-37.pyc", "size": null}, {"hash": null, "path": "text/nltk/__pycache__/toolbox.cpython-37.pyc", "size": null}, {"hash": null, "path": "text/nltk/__pycache__/tree.cpython-37.pyc", "size": null}, {"hash": null, "path": "text/nltk/__pycache__/treetransforms.cpython-37.pyc", "size": null}, {"hash": null, "path": "text/nltk/__pycache__/util.cpython-37.pyc", "size": null}, {"hash": null, "path": "text/nltk/__pycache__/yamltags.cpython-37.pyc", "size": null}, {"hash": {"mode": "sha256", "value": "lCTAFHKGDd9eIQGLv9ypV8RFs9pSvcq-cW7apqC8-aw"}, "path": "text/nltk/align.py", "size": 15423}, {"hash": {"mode": "sha256", "value": "j4ev39OF8E8FMt8w37l7ZySDiTtI-m2Xx5Z6aPdu3nA"}, "path": "text/nltk/app/__init__.py", "size": 1661}, {"hash": null, "path": "text/nltk/app/__pycache__/__init__.cpython-37.pyc", "size": null}, {"hash": null, "path": "text/nltk/app/__pycache__/chartparser_app.cpython-37.pyc", "size": null}, {"hash": null, "path": "text/nltk/app/__pycache__/chunkparser_app.cpython-37.pyc", "size": null}, {"hash": null, "path": "text/nltk/app/__pycache__/collocations_app.cpython-37.pyc", "size": null}, {"hash": null, "path": "text/nltk/app/__pycache__/concordance_app.cpython-37.pyc", "size": null}, {"hash": null, "path": "text/nltk/app/__pycache__/nemo_app.cpython-37.pyc", "size": null}, {"hash": null, "path": "text/nltk/app/__pycache__/rdparser_app.cpython-37.pyc", "size": null}, {"hash": null, "path": "text/nltk/app/__pycache__/srparser_app.cpython-37.pyc", "size": null}, {"hash": null, "path": "text/nltk/app/__pycache__/wordfreq_app.cpython-37.pyc", "size": null}, {"hash": null, "path": "text/nltk/app/__pycache__/wordnet_app.cpython-37.pyc", "size": null}, {"hash": {"mode": "sha256", "value": "SGPFY_sZ2yYMwS2GIxD0mnkmf7w0fHKbs_deSn6bsXA"}, "path": "text/nltk/app/chartparser_app.py", "size": 85741}, {"hash": {"mode": "sha256", "value": "_78UNwW8NAHrR6riCSL-6NcUDzFmj3eppYZKKms8Urk"}, "path": "text/nltk/app/chunkparser_app.py", "size": 55191}, {"hash": {"mode": "sha256", "value": "Pqk4-ryjkLI6fMXtJwOKRjCoXLvPlzHmjrgD2aOT0vg"}, "path": "text/nltk/app/collocations_app.py", "size": 13719}, {"hash": {"mode": "sha256", "value": "2hCvPMzKI3cVIYn5hRgw494UFxZgGmn2B_1CiIy0OJ0"}, "path": "text/nltk/app/concordance_app.py", "size": 23823}, {"hash": {"mode": "sha256", "value": "A_crnOtHJ28X4Rx1QwaD4DJrLviviGCHLid9cghLHds"}, "path": "text/nltk/app/nemo_app.py", "size": 12059}, {"hash": {"mode": "sha256", "value": "jq4orsVkN6CsOlILuN_mHOECPvexRIf_93oLnEDLjtg"}, "path": "text/nltk/app/rdparser_app.py", "size": 36133}, {"hash": {"mode": "sha256", "value": "y_Y3OebCeo0B5kIEBnBueGjSPKwcGkUvPgWPSHWZlbQ"}, "path": "text/nltk/app/srparser_app.py", "size": 32957}, {"hash": {"mode": "sha256", "value": "X5BcZjurAdpUADWjSCHI-M8o2cXky9Vc_Kn0Pt8gKNI"}, "path": "text/nltk/app/wordfreq_app.py", "size": 864}, {"hash": {"mode": "sha256", "value": "VowptRb-34yO81vLP1WZlQSjFY-kZblm16pVDav4YFs"}, "path": "text/nltk/app/wordnet_app.py", "size": 34256}, {"hash": {"mode": "sha256", "value": "57FrG22uFV1hHpJ7EYThJxOZKBeb_fbJ10B3vEfgwsY"}, "path": "text/nltk/book.py", "size": 3358}, {"hash": {"mode": "sha256", "value": "w2-rGnFy8kL3I0jSEqcVDW5VVgSdyRmS3zD0SkKcKAY"}, "path": "text/nltk/ccg/__init__.py", "size": 1007}, {"hash": null, "path": "text/nltk/ccg/__pycache__/__init__.cpython-37.pyc", "size": null}, {"hash": null, "path": "text/nltk/ccg/__pycache__/api.cpython-37.pyc", "size": null}, {"hash": null, "path": "text/nltk/ccg/__pycache__/chart.cpython-37.pyc", "size": null}, {"hash": null, "path": "text/nltk/ccg/__pycache__/combinator.cpython-37.pyc", "size": null}, {"hash": null, "path": "text/nltk/ccg/__pycache__/lexicon.cpython-37.pyc", "size": null}, {"hash": {"mode": "sha256", "value": "tFeFNotZQZpMOCIuZAT-XY6qCcuEtPL53b2hIJDPkYI"}, "path": "text/nltk/ccg/api.py", "size": 9988}, {"hash": {"mode": "sha256", "value": "F039sIrDkDZyxxlZe-H4ZVz_E_9VcFePlJUEPBD28RI"}, "path": "text/nltk/ccg/chart.py", "size": 12270}, {"hash": {"mode": "sha256", "value": "p7qz-78E_nKytXthojzTRtKWeEJ1C8AGzJBk98dyGLE"}, "path": "text/nltk/ccg/combinator.py", "size": 10545}, {"hash": {"mode": "sha256", "value": "SwKk5k7J0fCOX3YWRSAHVDwadDMnXo3t05IQQjlWr8M"}, "path": "text/nltk/ccg/lexicon.py", "size": 7424}, {"hash": {"mode": "sha256", "value": "bjyVNezK0ufwlKTo0utbUspe9Q3LmRTsfNOIjRc_r_4"}, "path": "text/nltk/chat/__init__.py", "size": 1546}, {"hash": null, "path": "text/nltk/chat/__pycache__/__init__.cpython-37.pyc", "size": null}, {"hash": null, "path": "text/nltk/chat/__pycache__/eliza.cpython-37.pyc", "size": null}, {"hash": null, "path": "text/nltk/chat/__pycache__/iesha.cpython-37.pyc", "size": null}, {"hash": null, "path": "text/nltk/chat/__pycache__/rude.cpython-37.pyc", "size": null}, {"hash": null, "path": "text/nltk/chat/__pycache__/suntsu.cpython-37.pyc", "size": null}, {"hash": null, "path": "text/nltk/chat/__pycache__/util.cpython-37.pyc", "size": null}, {"hash": null, "path": "text/nltk/chat/__pycache__/zen.cpython-37.pyc", "size": null}, {"hash": {"mode": "sha256", "value": "6tdLqSVtZ8YgWalX_223ioTCFQ31OOjPmzScv5yavbg"}, "path": "text/nltk/chat/eliza.py", "size": 7163}, {"hash": {"mode": "sha256", "value": "yYqtsLaP4tY1LppzhIXUtY39Fd3ZmN069glOd16L3bU"}, "path": "text/nltk/chat/iesha.py", "size": 3841}, {"hash": {"mode": "sha256", "value": "E83Cdvzgeng0j8owoO2hr-ltDVuos-Y9BoxB9v2w_f4"}, "path": "text/nltk/chat/rude.py", "size": 2703}, {"hash": {"mode": "sha256", "value": "InE74QZXezoRIn59lylUBeWaUFN_yyh3sPpscj9h4hM"}, "path": "text/nltk/chat/suntsu.py", "size": 6278}, {"hash": {"mode": "sha256", "value": "X7CA1PVShkOlM5zP_7WzRdOzoWtyXtRoWnT8nNVBkEE"}, "path": "text/nltk/chat/util.py", "size": 3909}, {"hash": {"mode": "sha256", "value": "aFdF23Z6qPxE4Hsq9lOqpXm7S1Kl13dFWB48Zql7sPs"}, "path": "text/nltk/chat/zen.py", "size": 9994}, {"hash": {"mode": "sha256", "value": "iwZ-b439E9Ths05ISVyAdggwpLQ7_v4NSMVPJDaHIQI"}, "path": "text/nltk/chunk/__init__.py", "size": 7435}, {"hash": null, "path": "text/nltk/chunk/__pycache__/__init__.cpython-37.pyc", "size": null}, {"hash": null, "path": "text/nltk/chunk/__pycache__/api.cpython-37.pyc", "size": null}, {"hash": null, "path": "text/nltk/chunk/__pycache__/named_entity.cpython-37.pyc", "size": null}, {"hash": null, "path": "text/nltk/chunk/__pycache__/regexp.cpython-37.pyc", "size": null}, {"hash": null, "path": "text/nltk/chunk/__pycache__/util.cpython-37.pyc", "size": null}, {"hash": {"mode": "sha256", "value": "wiOO6wXxuc2inITZl8Loq2Vwsqr2YSOWs10l20RiSLg"}, "path": "text/nltk/chunk/api.py", "size": 1752}, {"hash": {"mode": "sha256", "value": "G9cb2cPESIx5CZDOH7pz4-7ScVA7koYm74iBVxg53KQ"}, "path": "text/nltk/chunk/named_entity.py", "size": 10736}, {"hash": {"mode": "sha256", "value": "-ydzN-BUqLBkkXUu7XGy4F_sUXy1spOf0VIg5kPj8OU"}, "path": "text/nltk/chunk/regexp.py", "size": 54389}, {"hash": {"mode": "sha256", "value": "eS78-9WGCsC4c9xuow4MoPtAltxpailU4LY-GT0E4Rw"}, "path": "text/nltk/chunk/util.py", "size": 20376}, {"hash": {"mode": "sha256", "value": "zjKjei5mRf8xMADIO7SoPJElHx-lVnAtyxg2g_ahZPc"}, "path": "text/nltk/classify/__init__.py", "size": 4579}, {"hash": null, "path": "text/nltk/classify/__pycache__/__init__.cpython-37.pyc", "size": null}, {"hash": null, "path": "text/nltk/classify/__pycache__/api.cpython-37.pyc", "size": null}, {"hash": null, "path": "text/nltk/classify/__pycache__/decisiontree.cpython-37.pyc", "size": null}, {"hash": null, "path": "text/nltk/classify/__pycache__/mallet.cpython-37.pyc", "size": null}, {"hash": null, "path": "text/nltk/classify/__pycache__/maxent.cpython-37.pyc", "size": null}, {"hash": null, "path": "text/nltk/classify/__pycache__/megam.cpython-37.pyc", "size": null}, {"hash": null, "path": "text/nltk/classify/__pycache__/naivebayes.cpython-37.pyc", "size": null}, {"hash": null, "path": "text/nltk/classify/__pycache__/positivenaivebayes.cpython-37.pyc", "size": null}, {"hash": null, "path": "text/nltk/classify/__pycache__/rte_classify.cpython-37.pyc", "size": null}, {"hash": null, "path": "text/nltk/classify/__pycache__/scikitlearn.cpython-37.pyc", "size": null}, {"hash": null, "path": "text/nltk/classify/__pycache__/svm.cpython-37.pyc", "size": null}, {"hash": null, "path": "text/nltk/classify/__pycache__/tadm.cpython-37.pyc", "size": null}, {"hash": null, "path": "text/nltk/classify/__pycache__/util.cpython-37.pyc", "size": null}, {"hash": null, "path": "text/nltk/classify/__pycache__/weka.cpython-37.pyc", "size": null}, {"hash": {"mode": "sha256", "value": "lcM0zKHOyGANTSwsMUXPJQ4W44-czIj8eLaMfnPUyvA"}, "path": "text/nltk/classify/api.py", "size": 6479}, {"hash": {"mode": "sha256", "value": "2Dbkc2cgNN6u06NlujsUYp1oauCJR7L2RS5u07nVCto"}, "path": "text/nltk/classify/decisiontree.py", "size": 12170}, {"hash": {"mode": "sha256", "value": "Sz3b-AM370T8bOO2tyBVZXjNoC-fT5MpuiKem8Kfe5I"}, "path": "text/nltk/classify/mallet.py", "size": 2960}, {"hash": {"mode": "sha256", "value": "mUEJEoZwTjP6ukMHTZsSWqg5n9842pOP2qJxhuuOHeI"}, "path": "text/nltk/classify/maxent.py", "size": 59319}, {"hash": {"mode": "sha256", "value": "C6eimzDAIH3xolbzy-XYlhqo183dewXtWPoxLdiMwk0"}, "path": "text/nltk/classify/megam.py", "size": 6405}, {"hash": {"mode": "sha256", "value": "iM4mgt9cEd1x9rLFQhCevjJO9B6OybVSojJiydkmOtE"}, "path": "text/nltk/classify/naivebayes.py", "size": 9760}, {"hash": {"mode": "sha256", "value": "y3Ta4xzbHm6T5JDnmJTZwNptUDeIttLU5wiY2buyouc"}, "path": "text/nltk/classify/positivenaivebayes.py", "size": 7466}, {"hash": {"mode": "sha256", "value": "t4gAzG1cNqlAooaJkOwKxlxykQcg1T4AnngRpejEeP8"}, "path": "text/nltk/classify/rte_classify.py", "size": 6259}, {"hash": {"mode": "sha256", "value": "kh1uspcLKU9nIkZab-cL7JK7Huv7BwpNwoChtptuPlQ"}, "path": "text/nltk/classify/scikitlearn.py", "size": 5749}, {"hash": {"mode": "sha256", "value": "f_2FWEw5OOGMxSPJY-TAYkxLcC9QyVXrhf5LiEfLjQ8"}, "path": "text/nltk/classify/svm.py", "size": 12102}, {"hash": {"mode": "sha256", "value": "LMVPmZSHZcK7mtrlVT5Ge82nmTaUSRJ_LK4QffRg8Ms"}, "path": "text/nltk/classify/tadm.py", "size": 3531}, {"hash": {"mode": "sha256", "value": "U3vjXuGtt9suVh0dz2q2cGcF9chW_D3HRwyp53TAf0c"}, "path": "text/nltk/classify/util.py", "size": 11741}, {"hash": {"mode": "sha256", "value": "Tt671uUSK7gHpawL6nl1sEHJrGO2Zt83vKnWXYNMzfA"}, "path": "text/nltk/classify/weka.py", "size": 12612}, {"hash": {"mode": "sha256", "value": "CI866RjoQf6bRMuQmdMgwV5QbKQumcOqIJIbtcHxxD8"}, "path": "text/nltk/cluster/__init__.py", "size": 4287}, {"hash": null, "path": "text/nltk/cluster/__pycache__/__init__.cpython-37.pyc", "size": null}, {"hash": null, "path": "text/nltk/cluster/__pycache__/api.cpython-37.pyc", "size": null}, {"hash": null, "path": "text/nltk/cluster/__pycache__/em.cpython-37.pyc", "size": null}, {"hash": null, "path": "text/nltk/cluster/__pycache__/gaac.cpython-37.pyc", "size": null}, {"hash": null, "path": "text/nltk/cluster/__pycache__/kmeans.cpython-37.pyc", "size": null}, {"hash": null, "path": "text/nltk/cluster/__pycache__/util.cpython-37.pyc", "size": null}, {"hash": {"mode": "sha256", "value": "hYb-76vKAx1F8QIoSMF1p-mzeALEBQoIP5d5xT5_ek0"}, "path": "text/nltk/cluster/api.py", "size": 2061}, {"hash": {"mode": "sha256", "value": "CA40__smbu5eDfQSsT9jCqgFSm7TzqUAwId7_86OVOQ"}, "path": "text/nltk/cluster/em.py", "size": 9667}, {"hash": {"mode": "sha256", "value": "dspGeDd5X_XLSe7poivfzSXEJHql6Q4JRny0gcccE6w"}, "path": "text/nltk/cluster/gaac.py", "size": 5818}, {"hash": {"mode": "sha256", "value": "DbFSjzmFxP4jn6QaSkqYlz1-8qgxSBBm3NSldI8WIWM"}, "path": "text/nltk/cluster/kmeans.py", "size": 8431}, {"hash": {"mode": "sha256", "value": "9m2766f4Poo6rFGT1K8BUg-YEfq_-KOeLOQZvEgPDSo"}, "path": "text/nltk/cluster/util.py", "size": 9693}, {"hash": {"mode": "sha256", "value": "cFKdPDuZ9Y0rX9SEEhg06ZKEEf-LDzwkEcGcSuXZ-KE"}, "path": "text/nltk/collocations.py", "size": 10615}, {"hash": {"mode": "sha256", "value": "p3QEYbVZ1pjF2RHZf9RDziuI_zCLl0HvYKOKYBOvWFs"}, "path": "text/nltk/compat.py", "size": 8923}, {"hash": {"mode": "sha256", "value": "vHk6roD04PaEkDLwIBK1tJw5j6KrZ4hs9ZtHs-NIWIg"}, "path": "text/nltk/corpus/__init__.py", "size": 11034}, {"hash": null, "path": "text/nltk/corpus/__pycache__/__init__.cpython-37.pyc", "size": null}, {"hash": null, "path": "text/nltk/corpus/__pycache__/europarl_raw.cpython-37.pyc", "size": null}, {"hash": null, "path": "text/nltk/corpus/__pycache__/util.cpython-37.pyc", "size": null}, {"hash": {"mode": "sha256", "value": "FRrzdmswmPmCk1STNkVw5s-wCW1pG5Fkoj5R2ziGi5M"}, "path": "text/nltk/corpus/europarl_raw.py", "size": 1563}, {"hash": {"mode": "sha256", "value": "pnA8Wel4uRhY08a6okBeTAzz0nuTypYrmKDokQUulfA"}, "path": "text/nltk/corpus/reader/__init__.py", "size": 5143}, {"hash": null, "path": "text/nltk/corpus/reader/__pycache__/__init__.cpython-37.pyc", "size": null}, {"hash": null, "path": "text/nltk/corpus/reader/__pycache__/aligned.cpython-37.pyc", "size": null}, {"hash": null, "path": "text/nltk/corpus/reader/__pycache__/api.cpython-37.pyc", "size": null}, {"hash": null, "path": "text/nltk/corpus/reader/__pycache__/bnc.cpython-37.pyc", "size": null}, {"hash": null, "path": "text/nltk/corpus/reader/__pycache__/bracket_parse.cpython-37.pyc", "size": null}, {"hash": null, "path": "text/nltk/corpus/reader/__pycache__/chasen.cpython-37.pyc", "size": null}, {"hash": null, "path": "text/nltk/corpus/reader/__pycache__/childes.cpython-37.pyc", "size": null}, {"hash": null, "path": "text/nltk/corpus/reader/__pycache__/chunked.cpython-37.pyc", "size": null}, {"hash": null, "path": "text/nltk/corpus/reader/__pycache__/cmudict.cpython-37.pyc", "size": null}, {"hash": null, "path": "text/nltk/corpus/reader/__pycache__/conll.cpython-37.pyc", "size": null}, {"hash": null, "path": "text/nltk/corpus/reader/__pycache__/dependency.cpython-37.pyc", "size": null}, {"hash": null, "path": "text/nltk/corpus/reader/__pycache__/ieer.cpython-37.pyc", "size": null}, {"hash": null, "path": "text/nltk/corpus/reader/__pycache__/indian.cpython-37.pyc", "size": null}, {"hash": null, "path": "text/nltk/corpus/reader/__pycache__/ipipan.cpython-37.pyc", "size": null}, {"hash": null, "path": "text/nltk/corpus/reader/__pycache__/knbc.cpython-37.pyc", "size": null}, {"hash": null, "path": "text/nltk/corpus/reader/__pycache__/lin.cpython-37.pyc", "size": null}, {"hash": null, "path": "text/nltk/corpus/reader/__pycache__/nombank.cpython-37.pyc", "size": null}, {"hash": null, "path": "text/nltk/corpus/reader/__pycache__/nps_chat.cpython-37.pyc", "size": null}, {"hash": null, "path": "text/nltk/corpus/reader/__pycache__/pl196x.cpython-37.pyc", "size": null}, {"hash": null, "path": "text/nltk/corpus/reader/__pycache__/plaintext.cpython-37.pyc", "size": null}, {"hash": null, "path": "text/nltk/corpus/reader/__pycache__/ppattach.cpython-37.pyc", "size": null}, {"hash": null, "path": "text/nltk/corpus/reader/__pycache__/propbank.cpython-37.pyc", "size": null}, {"hash": null, "path": "text/nltk/corpus/reader/__pycache__/rte.cpython-37.pyc", "size": null}, {"hash": null, "path": "text/nltk/corpus/reader/__pycache__/semcor.cpython-37.pyc", "size": null}, {"hash": null, "path": "text/nltk/corpus/reader/__pycache__/senseval.cpython-37.pyc", "size": null}, {"hash": null, "path": "text/nltk/corpus/reader/__pycache__/sinica_treebank.cpython-37.pyc", "size": null}, {"hash": null, "path": "text/nltk/corpus/reader/__pycache__/string_category.cpython-37.pyc", "size": null}, {"hash": null, "path": "text/nltk/corpus/reader/__pycache__/switchboard.cpython-37.pyc", "size": null}, {"hash": null, "path": "text/nltk/corpus/reader/__pycache__/tagged.cpython-37.pyc", "size": null}, {"hash": null, "path": "text/nltk/corpus/reader/__pycache__/timit.cpython-37.pyc", "size": null}, {"hash": null, "path": "text/nltk/corpus/reader/__pycache__/toolbox.cpython-37.pyc", "size": null}, {"hash": null, "path": "text/nltk/corpus/reader/__pycache__/udhr.cpython-37.pyc", "size": null}, {"hash": null, "path": "text/nltk/corpus/reader/__pycache__/util.cpython-37.pyc", "size": null}, {"hash": null, "path": "text/nltk/corpus/reader/__pycache__/verbnet.cpython-37.pyc", "size": null}, {"hash": null, "path": "text/nltk/corpus/reader/__pycache__/wordlist.cpython-37.pyc", "size": null}, {"hash": null, "path": "text/nltk/corpus/reader/__pycache__/wordnet.cpython-37.pyc", "size": null}, {"hash": null, "path": "text/nltk/corpus/reader/__pycache__/xmldocs.cpython-37.pyc", "size": null}, {"hash": null, "path": "text/nltk/corpus/reader/__pycache__/ycoe.cpython-37.pyc", "size": null}, {"hash": {"mode": "sha256", "value": "KjLgj51N_EFx1C4BHp0Cm_bd1WIo0hr6_PqbT0vcZuY"}, "path": "text/nltk/corpus/reader/aligned.py", "size": 4837}, {"hash": {"mode": "sha256", "value": "4sXfuvRiHs3UPwHBvBNiBpV5V9OovUgpCrsgjNfnSGI"}, "path": "text/nltk/corpus/reader/api.py", "size": 17228}, {"hash": {"mode": "sha256", "value": "0tgqjKSCUiv-n6_LQHaj7t1JbOhahu7bwOsJoXxRVYo"}, "path": "text/nltk/corpus/reader/bnc.py", "size": 9330}, {"hash": {"mode": "sha256", "value": "WHa3dqsF9cH6uAhnrpKzwRh360ZVezbEAN73LRCQ2Ec"}, "path": "text/nltk/corpus/reader/bracket_parse.py", "size": 7858}, {"hash": {"mode": "sha256", "value": "l2SO_zAw7b4bEFMBATvwAIobOdFPWMNk9DcFJygK6jU"}, "path": "text/nltk/corpus/reader/chasen.py", "size": 4727}, {"hash": {"mode": "sha256", "value": "_1PWy1yj1pmBKxnK_bcNdo4YbTT0hVCMduc6TRjzp14"}, "path": "text/nltk/corpus/reader/childes.py", "size": 21636}, {"hash": {"mode": "sha256", "value": "mY9zdrqMXCRGsCNzEHycJ6wR_5BsCrPsL_nzcyPSOls"}, "path": "text/nltk/corpus/reader/chunked.py", "size": 8182}, {"hash": {"mode": "sha256", "value": "WCtNjqHpH6VpHSrecmoCrfwkQR9aUs4QBnDUSm1YmLI"}, "path": "text/nltk/corpus/reader/cmudict.py", "size": 3532}, {"hash": {"mode": "sha256", "value": "efoMdH93qebAqIVuecHiMogoJ81h6tyoYTBmDvurdTA"}, "path": "text/nltk/corpus/reader/conll.py", "size": 21615}, {"hash": {"mode": "sha256", "value": "PFqpUBzOIeAmL9VJQPgzvE4re3UgCHob_WjoMbQYGXk"}, "path": "text/nltk/corpus/reader/dependency.py", "size": 3973}, {"hash": {"mode": "sha256", "value": "FHddZZogi2xvKR1c77HgV--Ie5OHElUGKpaQrdnAwZg"}, "path": "text/nltk/corpus/reader/ieer.py", "size": 3983}, {"hash": {"mode": "sha256", "value": "Qo--lrHh4RPA2gRoRFkqlpO-LX6YXPQyf2nptb7is_A"}, "path": "text/nltk/corpus/reader/indian.py", "size": 3064}, {"hash": {"mode": "sha256", "value": "BmLKBWSXg2HsVzwlKk2yIsx3RvmdP4xLK8PBbQB0vxI"}, "path": "text/nltk/corpus/reader/ipipan.py", "size": 12543}, {"hash": {"mode": "sha256", "value": "7XVXl6ygiSybmbO-fot4N403i3BwjWf8s4TUDSkfjzQ"}, "path": "text/nltk/corpus/reader/knbc.py", "size": 5523}, {"hash": {"mode": "sha256", "value": "OipcfRu7kRRyoJw6aJDMj3_lEGdOGTa3wN2Fejv7KD0"}, "path": "text/nltk/corpus/reader/lin.py", "size": 6032}, {"hash": {"mode": "sha256", "value": "i8HMo_reGgrh51f1jeueVHBRy_RGOvAUlljVgcQOAks"}, "path": "text/nltk/corpus/reader/nombank.py", "size": 16334}, {"hash": {"mode": "sha256", "value": "MY-Tu-dhwNfIZIRiP1IZvRELYi01h92k0gv3IZOGO9Q"}, "path": "text/nltk/corpus/reader/nps_chat.py", "size": 2743}, {"hash": {"mode": "sha256", "value": "vsgyafxxs2Fqz2NpYeir1SwGoNx69lW30Z-pU163Hxo"}, "path": "text/nltk/corpus/reader/pl196x.py", "size": 8800}, {"hash": {"mode": "sha256", "value": "iT4g26X1uB6OYLlhYkHDhDnShvL8pCKrLHpTR0VJB54"}, "path": "text/nltk/corpus/reader/plaintext.py", "size": 9139}, {"hash": {"mode": "sha256", "value": "vde_5G-jsJANCmgRqNk_n41HfgFyWhTbcrL5fWHgdkY"}, "path": "text/nltk/corpus/reader/ppattach.py", "size": 3114}, {"hash": {"mode": "sha256", "value": "Ja2194ecof-AMLKLD60y81id2d4dxiQbaTIoG9ranhA"}, "path": "text/nltk/corpus/reader/propbank.py", "size": 17830}, {"hash": {"mode": "sha256", "value": "E90qTqWFrBSYxiK9DkSwZcfisS5coRnn7k7FbZ109AU"}, "path": "text/nltk/corpus/reader/rte.py", "size": 4705}, {"hash": {"mode": "sha256", "value": "9iNs5VMJ9r2RqmPB033SobTl0WIVPaZOaqmV97jCZaI"}, "path": "text/nltk/corpus/reader/semcor.py", "size": 9696}, {"hash": {"mode": "sha256", "value": "kjGbCzKZFoEc52Pe6-_VdZvK-SOWizju8PzkM0kyYeQ"}, "path": "text/nltk/corpus/reader/senseval.py", "size": 7786}, {"hash": {"mode": "sha256", "value": "tbvXylYUE8l1yHhaozbsI0WjquwBk7cTHE5rFNivAuU"}, "path": "text/nltk/corpus/reader/sinica_treebank.py", "size": 2372}, {"hash": {"mode": "sha256", "value": "nAexzKVMAMp-e0mf7DOG0LRrD-sR51Qp0DLvWVlTm3Y"}, "path": "text/nltk/corpus/reader/string_category.py", "size": 2185}, {"hash": {"mode": "sha256", "value": "rdSo1RT3mljdISjDJDXU561oIVTknxrKhpbtxuwt49E"}, "path": "text/nltk/corpus/reader/switchboard.py", "size": 4760}, {"hash": {"mode": "sha256", "value": "WH5PL4xgW7TXS4sMtY8Cjf4UK3QYe9EloUMdOh_DPwA"}, "path": "text/nltk/corpus/reader/tagged.py", "size": 12586}, {"hash": {"mode": "sha256", "value": "fniZuFnQ7anWw-AFU-Tuzc7tDGgGV_1owq9ScJr5biQ"}, "path": "text/nltk/corpus/reader/timit.py", "size": 16919}, {"hash": {"mode": "sha256", "value": "Kw3AHXNFFL2V05h6UdnvpcFRwhUtCwb9bf7OXTa5tbw"}, "path": "text/nltk/corpus/reader/toolbox.py", "size": 2114}, {"hash": {"mode": "sha256", "value": "kqmpWbjaJeCLz2N1dy2u5arC2RKpk472gpxaUxVHnKA"}, "path": "text/nltk/corpus/reader/udhr.py", "size": 2544}, {"hash": {"mode": "sha256", "value": "1fhfygxp-kYXVp1X3LTpw3Z9JCRf6HGxdH5aloGWzZ8"}, "path": "text/nltk/corpus/reader/util.py", "size": 30723}, {"hash": {"mode": "sha256", "value": "kNQugCkAQDMXJCBB6fdgRoZrF6Z0TKz5OtZlov9CmE0"}, "path": "text/nltk/corpus/reader/verbnet.py", "size": 15907}, {"hash": {"mode": "sha256", "value": "PmaFa1ft3Bgz_15ccXh3OHvsHamQSNEfyRrRM_sqCxY"}, "path": "text/nltk/corpus/reader/wordlist.py", "size": 1111}, {"hash": {"mode": "sha256", "value": "9_lpNMf0VHsmrtQJGH4jzd56NdhN5UrccrBqfO7javA"}, "path": "text/nltk/corpus/reader/wordnet.py", "size": 68409}, {"hash": {"mode": "sha256", "value": "JDLUMlRbbrLvcQ2PNb2srBiwVyxID9nIEXHtOpsnR0w"}, "path": "text/nltk/corpus/reader/xmldocs.py", "size": 16066}, {"hash": {"mode": "sha256", "value": "7T2gIH_bSjzxOo-o_df3xfnrNcR6ebMuNOMXTk-U56Q"}, "path": "text/nltk/corpus/reader/ycoe.py", "size": 10327}, {"hash": {"mode": "sha256", "value": "fSKDm9UvQfzvMwOIy1SCLzb0W1t1fJ53zFdROuEml_Y"}, "path": "text/nltk/corpus/util.py", "size": 4629}, {"hash": {"mode": "sha256", "value": "9kMmapVZAkETwVuQqJ6M8puNY4QCzlgPJvd3UGAy59M"}, "path": "text/nltk/data.py", "size": 51708}, {"hash": {"mode": "sha256", "value": "tRPW9VFXCpBs99yFCsXGsRm8v5ZBcY1AEKc5dM5BL50"}, "path": "text/nltk/decorators.py", "size": 7688}, {"hash": {"mode": "sha256", "value": "LTwnErzt26I1Uf6qLScasE-SDisK7qB33IAhs9rbc-o"}, "path": "text/nltk/downloader.py", "size": 91486}, {"hash": {"mode": "sha256", "value": "T5mRXL8wV42Pkn2jH3hXy0LLKgqngFwWEXisYvZ9o0E"}, "path": "text/nltk/draw/__init__.py", "size": 925}, {"hash": null, "path": "text/nltk/draw/__pycache__/__init__.cpython-37.pyc", "size": null}, {"hash": null, "path": "text/nltk/draw/__pycache__/cfg.cpython-37.pyc", "size": null}, {"hash": null, "path": "text/nltk/draw/__pycache__/dispersion.cpython-37.pyc", "size": null}, {"hash": null, "path": "text/nltk/draw/__pycache__/table.cpython-37.pyc", "size": null}, {"hash": null, "path": "text/nltk/draw/__pycache__/tree.cpython-37.pyc", "size": null}, {"hash": null, "path": "text/nltk/draw/__pycache__/util.cpython-37.pyc", "size": null}, {"hash": {"mode": "sha256", "value": "-6xixpovsgS4Os7k-jYNqdWx9USu12sWCcRi0vHaHlM"}, "path": "text/nltk/draw/cfg.py", "size": 29585}, {"hash": {"mode": "sha256", "value": "nGZTByW7DSL46U_N0MMT8Qqy_WBEMWR_ATZUifWtyKM"}, "path": "text/nltk/draw/dispersion.py", "size": 1739}, {"hash": {"mode": "sha256", "value": "so8eFPQRZLgy_rHc9LecOJLCn-3gVw7c_6rxZSBwwvw"}, "path": "text/nltk/draw/table.py", "size": 44502}, {"hash": {"mode": "sha256", "value": "Ntr6LS_MV2Nhc-46dImFlTb70TgQxjjI-GkLRJ71ewA"}, "path": "text/nltk/draw/tree.py", "size": 37036}, {"hash": {"mode": "sha256", "value": "6F9myugoIyDfYXL1phJ_ucy87-F1YphjdVBMmTmd0w4"}, "path": "text/nltk/draw/util.py", "size": 86588}, {"hash": {"mode": "sha256", "value": "47DEQpj8HBSa-_TImW-5JCeuQeRkm5NMpJWZG3hSuFU"}, "path": "text/nltk/examples/__init__.py", "size": 0}, {"hash": null, "path": "text/nltk/examples/__pycache__/__init__.cpython-37.pyc", "size": null}, {"hash": null, "path": "text/nltk/examples/__pycache__/pt.cpython-37.pyc", "size": null}, {"hash": {"mode": "sha256", "value": "mvB4P2NRFBynBe6jNL8pdCqvqdTNTT9CR0gF7cwi_Bk"}, "path": "text/nltk/examples/pt.py", "size": 1860}, {"hash": {"mode": "sha256", "value": "3C6_XVHwVCzXgxD6jprExo6I1UgXTyFONYAtUDgrgNY"}, "path": "text/nltk/featstruct.py", "size": 102175}, {"hash": {"mode": "sha256", "value": "STnmgcuymWZtlV0EL7s5kkf03Z4v-EyQ9tMYGQd5TvM"}, "path": "text/nltk/grammar.py", "size": 53877}, {"hash": {"mode": "sha256", "value": "luLuGzmWu4KEs3X097BH7LRX6tqx6gqFgU6LWKhDeuo"}, "path": "text/nltk/help.py", "size": 1653}, {"hash": {"mode": "sha256", "value": "SytzL5cwxncO3DO3w7vG0GLmxAgKZXQLDM1XVVs2N8c"}, "path": "text/nltk/inference/__init__.py", "size": 709}, {"hash": null, "path": "text/nltk/inference/__pycache__/__init__.cpython-37.pyc", "size": null}, {"hash": null, "path": "text/nltk/inference/__pycache__/api.cpython-37.pyc", "size": null}, {"hash": null, "path": "text/nltk/inference/__pycache__/discourse.cpython-37.pyc", "size": null}, {"hash": null, "path": "text/nltk/inference/__pycache__/mace.cpython-37.pyc", "size": null}, {"hash": null, "path": "text/nltk/inference/__pycache__/nonmonotonic.cpython-37.pyc", "size": null}, {"hash": null, "path": "text/nltk/inference/__pycache__/prover9.cpython-37.pyc", "size": null}, {"hash": null, "path": "text/nltk/inference/__pycache__/resolution.cpython-37.pyc", "size": null}, {"hash": null, "path": "text/nltk/inference/__pycache__/tableau.cpython-37.pyc", "size": null}, {"hash": {"mode": "sha256", "value": "suRY2_g0pKySnQvIcSjpcItNiujC8hP4FYeGRhZ8ysA"}, "path": "text/nltk/inference/api.py", "size": 19361}, {"hash": {"mode": "sha256", "value": "OT9VDOU-bax_NR_VDX926xedcUTiCixRYtg3CPVlSf0"}, "path": "text/nltk/inference/discourse.py", "size": 21879}, {"hash": {"mode": "sha256", "value": "IVZN8f6yErYhHHG9QcBMTSCNt9Y_10z50rwBkZOHVG0"}, "path": "text/nltk/inference/mace.py", "size": 11375}, {"hash": {"mode": "sha256", "value": "Zsr7JlwkoMQ6pAs8YCmX-7vlgFJiVlbMsCUE6ZIDPFQ"}, "path": "text/nltk/inference/nonmonotonic.py", "size": 18706}, {"hash": {"mode": "sha256", "value": "3jLWC9Pas2xyp8_WJGSvH_SfSDdaocppBGNx17FdwBg"}, "path": "text/nltk/inference/prover9.py", "size": 15367}, {"hash": {"mode": "sha256", "value": "XzR1cqbvY98gVtWpFqQIlRHIjNTtZnuofQBTq3zvB1U"}, "path": "text/nltk/inference/resolution.py", "size": 25610}, {"hash": {"mode": "sha256", "value": "fQbCyiAdHKVdG5yYt8-EeG9B4ioDrAt_RAYxCItanHc"}, "path": "text/nltk/inference/tableau.py", "size": 25399}, {"hash": {"mode": "sha256", "value": "zQ01zDKR7ctPCuM-LpMdz0wu2ZxFZI2nHoOI-p5-tF0"}, "path": "text/nltk/internals.py", "size": 32792}, {"hash": {"mode": "sha256", "value": "4b_56Lxdq0dU4p1FsKkqowrGvg8SRxmWHe2YBNUEYW8"}, "path": "text/nltk/lazyimport.py", "size": 4631}, {"hash": {"mode": "sha256", "value": "P4NMgxHyfbK2TMqufUl10x6kseOGy-xOPZ7cpNKHlsU"}, "path": "text/nltk/metrics/__init__.py", "size": 1270}, {"hash": null, "path": "text/nltk/metrics/__pycache__/__init__.cpython-37.pyc", "size": null}, {"hash": null, "path": "text/nltk/metrics/__pycache__/agreement.cpython-37.pyc", "size": null}, {"hash": null, "path": "text/nltk/metrics/__pycache__/association.cpython-37.pyc", "size": null}, {"hash": null, "path": "text/nltk/metrics/__pycache__/confusionmatrix.cpython-37.pyc", "size": null}, {"hash": null, "path": "text/nltk/metrics/__pycache__/distance.cpython-37.pyc", "size": null}, {"hash": null, "path": "text/nltk/metrics/__pycache__/scores.cpython-37.pyc", "size": null}, {"hash": null, "path": "text/nltk/metrics/__pycache__/segmentation.cpython-37.pyc", "size": null}, {"hash": null, "path": "text/nltk/metrics/__pycache__/spearman.cpython-37.pyc", "size": null}, {"hash": {"mode": "sha256", "value": "1YXU6S_gsHMZAHuP0KO8m6GZvth2YyIOMeEQkkLrtWY"}, "path": "text/nltk/metrics/agreement.py", "size": 14903}, {"hash": {"mode": "sha256", "value": "UBEuTad4VTlkUzEXg-b5J_EQ71_GmKB1gHvyff9vCfY"}, "path": "text/nltk/metrics/association.py", "size": 11129}, {"hash": {"mode": "sha256", "value": "MujHayopFJICk4DUQUR_0Fzxb5N7lALgqmSkVuIcpn8"}, "path": "text/nltk/metrics/confusionmatrix.py", "size": 7603}, {"hash": {"mode": "sha256", "value": "NC6LbbPInLObDDzu-rs9_-f4UiPHkKhSs3-qA_JmWzA"}, "path": "text/nltk/metrics/distance.py", "size": 5823}, {"hash": {"mode": "sha256", "value": "FN5TIdhvseKwSaYuF7ryRfNMKOf0XgqWNb2MCFQzhHE"}, "path": "text/nltk/metrics/scores.py", "size": 7858}, {"hash": {"mode": "sha256", "value": "wtEgJ_uSPrJXVUMJF--H1HP1iPGRo_HMPJf7iFUQ3us"}, "path": "text/nltk/metrics/segmentation.py", "size": 7315}, {"hash": {"mode": "sha256", "value": "dLyt2mu1h-SwHKk0JlVQv8XN8NAJjqfVjD4XnP7t8PA"}, "path": "text/nltk/metrics/spearman.py", "size": 2128}, {"hash": {"mode": "sha256", "value": "h0FDjol0sARfuPy9cg2VRlRkEefSCRQPoG_DjQCM7MQ"}, "path": "text/nltk/misc/__init__.py", "size": 358}, {"hash": null, "path": "text/nltk/misc/__pycache__/__init__.cpython-37.pyc", "size": null}, {"hash": null, "path": "text/nltk/misc/__pycache__/babelfish.cpython-37.pyc", "size": null}, {"hash": null, "path": "text/nltk/misc/__pycache__/chomsky.cpython-37.pyc", "size": null}, {"hash": null, "path": "text/nltk/misc/__pycache__/minimalset.cpython-37.pyc", "size": null}, {"hash": null, "path": "text/nltk/misc/__pycache__/sort.cpython-37.pyc", "size": null}, {"hash": null, "path": "text/nltk/misc/__pycache__/wordfinder.cpython-37.pyc", "size": null}, {"hash": {"mode": "sha256", "value": "koSYyClkjBg5AdVoRNHzCX2B0VMc28un_vDSgBMcJZw"}, "path": "text/nltk/misc/babelfish.py", "size": 388}, {"hash": {"mode": "sha256", "value": "SgrXCc3b7d06m5LujpU3zM7qEjB_RhsChNb1muCfV-4"}, "path": "text/nltk/misc/chomsky.py", "size": 5230}, {"hash": {"mode": "sha256", "value": "cYAP2DHHoKSW6APovu7K66qOTfgTiVECa2ICYh_IYFE"}, "path": "text/nltk/misc/minimalset.py", "size": 2883}, {"hash": {"mode": "sha256", "value": "YGfYgwqNQta4QZ5cKuxGGiH38LXrF1l5-9w5w3ydBJU"}, "path": "text/nltk/misc/sort.py", "size": 4352}, {"hash": {"mode": "sha256", "value": "huOmGm5Hf3rhAG8Gvj460-e2pCUpMTLDnp5RCEaH1Fo"}, "path": "text/nltk/misc/wordfinder.py", "size": 4073}, {"hash": {"mode": "sha256", "value": "CDNyqnyzpHuxA7K8OzRZugiCKHs2AEKSP1Oi7u3ytYo"}, "path": "text/nltk/model/__init__.py", "size": 235}, {"hash": null, "path": "text/nltk/model/__pycache__/__init__.cpython-37.pyc", "size": null}, {"hash": null, "path": "text/nltk/model/__pycache__/api.cpython-37.pyc", "size": null}, {"hash": null, "path": "text/nltk/model/__pycache__/ngram.cpython-37.pyc", "size": null}, {"hash": {"mode": "sha256", "value": "RYvh5Ohg5DhoM81C6hQgzkXoUrwXrNA41Ac3Hgkfjc8"}, "path": "text/nltk/model/api.py", "size": 1294}, {"hash": {"mode": "sha256", "value": "w3wO1upEdMUbx2vNp2GK9AhrzfFVcKwJkFWnCe6f4Dc"}, "path": "text/nltk/model/ngram.py", "size": 8401}, {"hash": {"mode": "sha256", "value": "NyNQ5_hgvyWbn2UCSfN2mhSSuUPjCQ1ez2ycTnfLO-U"}, "path": "text/nltk/parse/__init__.py", "size": 3988}, {"hash": null, "path": "text/nltk/parse/__pycache__/__init__.cpython-37.pyc", "size": null}, {"hash": null, "path": "text/nltk/parse/__pycache__/api.cpython-37.pyc", "size": null}, {"hash": null, "path": "text/nltk/parse/__pycache__/chart.cpython-37.pyc", "size": null}, {"hash": null, "path": "text/nltk/parse/__pycache__/dependencygraph.cpython-37.pyc", "size": null}, {"hash": null, "path": "text/nltk/parse/__pycache__/earleychart.cpython-37.pyc", "size": null}, {"hash": null, "path": "text/nltk/parse/__pycache__/featurechart.cpython-37.pyc", "size": null}, {"hash": null, "path": "text/nltk/parse/__pycache__/generate.cpython-37.pyc", "size": null}, {"hash": null, "path": "text/nltk/parse/__pycache__/generate2.cpython-37.pyc", "size": null}, {"hash": null, "path": "text/nltk/parse/__pycache__/malt.cpython-37.pyc", "size": null}, {"hash": null, "path": "text/nltk/parse/__pycache__/nonprojectivedependencyparser.cpython-37.pyc", "size": null}, {"hash": null, "path": "text/nltk/parse/__pycache__/pchart.cpython-37.pyc", "size": null}, {"hash": null, "path": "text/nltk/parse/__pycache__/projectivedependencyparser.cpython-37.pyc", "size": null}, {"hash": null, "path": "text/nltk/parse/__pycache__/rd.cpython-37.pyc", "size": null}, {"hash": null, "path": "text/nltk/parse/__pycache__/sr.cpython-37.pyc", "size": null}, {"hash": null, "path": "text/nltk/parse/__pycache__/util.cpython-37.pyc", "size": null}, {"hash": null, "path": "text/nltk/parse/__pycache__/viterbi.cpython-37.pyc", "size": null}, {"hash": {"mode": "sha256", "value": "dtt5E0D_wDi9qn87-hjRqe2qftZhxhGAAIw7dU78f5M"}, "path": "text/nltk/parse/api.py", "size": 5154}, {"hash": {"mode": "sha256", "value": "EGyvaHT8ojQ9Zgd0pfRzrbgvT6IWAvTobrLZHvuwfS0"}, "path": "text/nltk/parse/chart.py", "size": 64249}, {"hash": {"mode": "sha256", "value": "pDwaUOGautDnRF_GTeQLM-aJSJnTqbAYtR4SpSVCQic"}, "path": "text/nltk/parse/dependencygraph.py", "size": 22821}, {"hash": {"mode": "sha256", "value": "z3O-chJEeGOJ-tqW18lDGf9YX1K2WK_uNWGwh8VyyjY"}, "path": "text/nltk/parse/earleychart.py", "size": 18856}, {"hash": {"mode": "sha256", "value": "kvk9l_YZ36c6OiSiC2-uUXz5KHHFbpEdYF5ccDblojA"}, "path": "text/nltk/parse/featurechart.py", "size": 22190}, {"hash": {"mode": "sha256", "value": "V3R_6Z1LZF_PDgGVpKrQaonXIKD59hgVSRatOgVikAI"}, "path": "text/nltk/parse/generate.py", "size": 2471}, {"hash": {"mode": "sha256", "value": "EeKzOg5GH8eGN7QbVyDYpVAqVuCCh5L9A3BcFmJse_M"}, "path": "text/nltk/parse/generate2.py", "size": 2154}, {"hash": {"mode": "sha256", "value": "13FRjhzIv_k_qcJ1Q7EQziHTR1YElU-0y3DlwUUAKhA"}, "path": "text/nltk/parse/malt.py", "size": 9722}, {"hash": {"mode": "sha256", "value": "pOZo9Qbs27VBDDPGX68YwAKI7ywsLithL1s94nUt61I"}, "path": "text/nltk/parse/nonprojectivedependencyparser.py", "size": 26411}, {"hash": {"mode": "sha256", "value": "gs3NPiH5tKn_IHBWOsa4J1PTYnpYTZG38UlXSud4oo8"}, "path": "text/nltk/parse/pchart.py", "size": 18791}, {"hash": {"mode": "sha256", "value": "-zV9xlIbFRQU2C0CA7ojpZ6mKkI11UNQLGULAiUPGw4"}, "path": "text/nltk/parse/projectivedependencyparser.py", "size": 23636}, {"hash": {"mode": "sha256", "value": "YqSg7mv2otpPasp8rHPeNHtMtKN8loNqkZ9S_q8a4Mc"}, "path": "text/nltk/parse/rd.py", "size": 25281}, {"hash": {"mode": "sha256", "value": "ASCS9S6mHSPwCNH61XYKB2S5ysCsX5r06jWFlGoqT0U"}, "path": "text/nltk/parse/sr.py", "size": 16512}, {"hash": {"mode": "sha256", "value": "-QGvRtoAyjSBuUOKPJNSvbPcd2xCUOU8KBfmid2E50Q"}, "path": "text/nltk/parse/util.py", "size": 6475}, {"hash": {"mode": "sha256", "value": "U0YqXcnfr3UsEx0ZIot8nyrB9L3KyFB1_Wbzb7MC8lI"}, "path": "text/nltk/parse/viterbi.py", "size": 16812}, {"hash": {"mode": "sha256", "value": "nS7cb4aJnJTevF2u73EwJAW1DqKWQFufTneMXr7M09w"}, "path": "text/nltk/probability.py", "size": 87783}, {"hash": {"mode": "sha256", "value": "Bk08q6PUr-a0NvhwUVZ7PUtwrVWJ5HPnaHFJwnHEoOM"}, "path": "text/nltk/sem/__init__.py", "size": 2359}, {"hash": null, "path": "text/nltk/sem/__pycache__/__init__.cpython-37.pyc", "size": null}, {"hash": null, "path": "text/nltk/sem/__pycache__/boxer.cpython-37.pyc", "size": null}, {"hash": null, "path": "text/nltk/sem/__pycache__/chat80.cpython-37.pyc", "size": null}, {"hash": null, "path": "text/nltk/sem/__pycache__/cooper_storage.cpython-37.pyc", "size": null}, {"hash": null, "path": "text/nltk/sem/__pycache__/drt.cpython-37.pyc", "size": null}, {"hash": null, "path": "text/nltk/sem/__pycache__/drt_glue_demo.cpython-37.pyc", "size": null}, {"hash": null, "path": "text/nltk/sem/__pycache__/evaluate.cpython-37.pyc", "size": null}, {"hash": null, "path": "text/nltk/sem/__pycache__/glue.cpython-37.pyc", "size": null}, {"hash": null, "path": "text/nltk/sem/__pycache__/hole.cpython-37.pyc", "size": null}, {"hash": null, "path": "text/nltk/sem/__pycache__/lfg.cpython-37.pyc", "size": null}, {"hash": null, "path": "text/nltk/sem/__pycache__/linearlogic.cpython-37.pyc", "size": null}, {"hash": null, "path": "text/nltk/sem/__pycache__/logic.cpython-37.pyc", "size": null}, {"hash": null, "path": "text/nltk/sem/__pycache__/relextract.cpython-37.pyc", "size": null}, {"hash": null, "path": "text/nltk/sem/__pycache__/skolemize.cpython-37.pyc", "size": null}, {"hash": null, "path": "text/nltk/sem/__pycache__/util.cpython-37.pyc", "size": null}, {"hash": {"mode": "sha256", "value": "iJ7-2TUUMTPueS_zgarhqUgo1TEnhophriu5PEyhEYo"}, "path": "text/nltk/sem/boxer.py", "size": 48104}, {"hash": {"mode": "sha256", "value": "VnErvKiBkUFDXellEIb6Aga-l4GeMAmmpVK4BeRxBZw"}, "path": "text/nltk/sem/chat80.py", "size": 25733}, {"hash": {"mode": "sha256", "value": "rcTiJjDXDirUdQHvZbws4BldK1QOvFWOXC2CM0NBoMk"}, "path": "text/nltk/sem/cooper_storage.py", "size": 4073}, {"hash": {"mode": "sha256", "value": "l37CxQGtfqmWcBd2Bv86kq1ve3VHSJUYDHTI_cSX8og"}, "path": "text/nltk/sem/drt.py", "size": 50151}, {"hash": {"mode": "sha256", "value": "Wj3a81qDLQyWXH3KYeJrQU6zfdtD7x8A1OBbW7JbWx8"}, "path": "text/nltk/sem/drt_glue_demo.py", "size": 18307}, {"hash": {"mode": "sha256", "value": "lxSZouwFy-5_8zFU7RG7XG8H0O_OZDaWsomI1oiAqwI"}, "path": "text/nltk/sem/evaluate.py", "size": 23122}, {"hash": {"mode": "sha256", "value": "cMdDW9RxLSXDhozyK0OgTGrAVwO_lvifAAcaHf_iQr4"}, "path": "text/nltk/sem/glue.py", "size": 27252}, {"hash": {"mode": "sha256", "value": "8Zj6bbHxLhOm2wVIoYiECKXGimnbnxhPa4D_NtGRG0k"}, "path": "text/nltk/sem/hole.py", "size": 13916}, {"hash": {"mode": "sha256", "value": "kfgiUb2qQw8g3H_7_G-_yKaYjBYg6ykzvWfn0L6Ki0Y"}, "path": "text/nltk/sem/lfg.py", "size": 6543}, {"hash": {"mode": "sha256", "value": "3LKQ38fx5Yu5DyDsbo3dUcvKSzmHU5UBeqE_4XV0xaA"}, "path": "text/nltk/sem/linearlogic.py", "size": 16490}, {"hash": {"mode": "sha256", "value": "RA3IZFGV3iHvdhLt-Feh6Sc5na3rX78D4TaaQ9yhXMA"}, "path": "text/nltk/sem/logic.py", "size": 67597}, {"hash": {"mode": "sha256", "value": "LLE36wcVkaLe1TJvEGf8n_3M-K-noGvz3yHUZcMf3lI"}, "path": "text/nltk/sem/relextract.py", "size": 14600}, {"hash": {"mode": "sha256", "value": "EVjmrQHitIkG98lska8maqVfg1JCz8VoEFNlxo_k4ZY"}, "path": "text/nltk/sem/skolemize.py", "size": 5387}, {"hash": {"mode": "sha256", "value": "K16Vu_0XB5Ds4-PcfnVAOswXIKlv93fBVfBWwbG8Rgg"}, "path": "text/nltk/sem/util.py", "size": 10355}, {"hash": {"mode": "sha256", "value": "yIxzJ2FCfSwETm5zSUSKD_jkFlx6fKweIhgQnAT5pMg"}, "path": "text/nltk/stem/__init__.py", "size": 1270}, {"hash": null, "path": "text/nltk/stem/__pycache__/__init__.cpython-37.pyc", "size": null}, {"hash": null, "path": "text/nltk/stem/__pycache__/api.cpython-37.pyc", "size": null}, {"hash": null, "path": "text/nltk/stem/__pycache__/isri.cpython-37.pyc", "size": null}, {"hash": null, "path": "text/nltk/stem/__pycache__/lancaster.cpython-37.pyc", "size": null}, {"hash": null, "path": "text/nltk/stem/__pycache__/porter.cpython-37.pyc", "size": null}, {"hash": null, "path": "text/nltk/stem/__pycache__/regexp.cpython-37.pyc", "size": null}, {"hash": null, "path": "text/nltk/stem/__pycache__/rslp.cpython-37.pyc", "size": null}, {"hash": null, "path": "text/nltk/stem/__pycache__/snowball.cpython-37.pyc", "size": null}, {"hash": null, "path": "text/nltk/stem/__pycache__/wordnet.cpython-37.pyc", "size": null}, {"hash": {"mode": "sha256", "value": "h3SL8dQWk0lM_dcMDk9axt5MDb94W4FYzB8YMW44O3o"}, "path": "text/nltk/stem/api.py", "size": 798}, {"hash": {"mode": "sha256", "value": "Hh0En8nlf04oMWu86BLJ_OaHdxBfM9hsizpPhEmAzM0"}, "path": "text/nltk/stem/isri.py", "size": 17068}, {"hash": {"mode": "sha256", "value": "7beXqEnKCgLuaRn2cdjL1jQt_iNxhTei5LyMGrxnwkk"}, "path": "text/nltk/stem/lancaster.py", "size": 11337}, {"hash": {"mode": "sha256", "value": "1MJnjDmeugXpK-3t7JhWmnHfPHyC-ybLEuzfX0ni5Uw"}, "path": "text/nltk/stem/porter.py", "size": 24735}, {"hash": {"mode": "sha256", "value": "UjrNxtArFNwR0CrVbItGsF4vm9q3atRE0utOohgMihE"}, "path": "text/nltk/stem/regexp.py", "size": 1701}, {"hash": {"mode": "sha256", "value": "iVI4qR0nTGGqJc4envIeYkW8HD6An6tT2lps2PL9uyw"}, "path": "text/nltk/stem/rslp.py", "size": 5563}, {"hash": {"mode": "sha256", "value": "lD8IXnDuCgPeXS_1KBjaigyPV5pdDPVp536kQjN3CC0"}, "path": "text/nltk/stem/snowball.py", "size": 146857}, {"hash": {"mode": "sha256", "value": "S6HM5Y4OtqONhj7lGT_QtBAuntJQn6tvS4hyRfTsG3M"}, "path": "text/nltk/stem/wordnet.py", "size": 1513}, {"hash": {"mode": "sha256", "value": "SbXeCbfiR7aCkk1GKg1OztxmP5k5Pov1DcTB3Cw9BU8"}, "path": "text/nltk/tag/__init__.py", "size": 4497}, {"hash": null, "path": "text/nltk/tag/__pycache__/__init__.cpython-37.pyc", "size": null}, {"hash": null, "path": "text/nltk/tag/__pycache__/api.cpython-37.pyc", "size": null}, {"hash": null, "path": "text/nltk/tag/__pycache__/brill.cpython-37.pyc", "size": null}, {"hash": null, "path": "text/nltk/tag/__pycache__/crf.cpython-37.pyc", "size": null}, {"hash": null, "path": "text/nltk/tag/__pycache__/hmm.cpython-37.pyc", "size": null}, {"hash": null, "path": "text/nltk/tag/__pycache__/hunpos.cpython-37.pyc", "size": null}, {"hash": null, "path": "text/nltk/tag/__pycache__/senna.cpython-37.pyc", "size": null}, {"hash": null, "path": "text/nltk/tag/__pycache__/sequential.cpython-37.pyc", "size": null}, {"hash": null, "path": "text/nltk/tag/__pycache__/simplify.cpython-37.pyc", "size": null}, {"hash": null, "path": "text/nltk/tag/__pycache__/stanford.cpython-37.pyc", "size": null}, {"hash": null, "path": "text/nltk/tag/__pycache__/tnt.cpython-37.pyc", "size": null}, {"hash": null, "path": "text/nltk/tag/__pycache__/util.cpython-37.pyc", "size": null}, {"hash": {"mode": "sha256", "value": "Wt7JIZfFRPs7OKMZ9Fz2-edXIh_d0RnlfOOx5tcYNJg"}, "path": "text/nltk/tag/api.py", "size": 2925}, {"hash": {"mode": "sha256", "value": "dHX1m3-x_JJRpcvjYAsl7luBztkCL1DE00_qSqst8I4"}, "path": "text/nltk/tag/brill.py", "size": 57835}, {"hash": {"mode": "sha256", "value": "p0VjiXd5AqzodUE6Ea-qukWrI8NiyEedtc0AWgOhfiU"}, "path": "text/nltk/tag/crf.py", "size": 31295}, {"hash": {"mode": "sha256", "value": "i8HL2Lw-cLqFKz4848O_IRrceV8Ts9jQDQQs3KSFqCY"}, "path": "text/nltk/tag/hmm.py", "size": 49368}, {"hash": {"mode": "sha256", "value": "UUDCxFWqhmHjb1D86rJs2wJ5iTZ8_QToxTy1iNZi5Aw"}, "path": "text/nltk/tag/hunpos.py", "size": 5186}, {"hash": {"mode": "sha256", "value": "g-_x9WIqXCL8U5P-AuRkneMW9naQSVYHoiPqsJNnjkY"}, "path": "text/nltk/tag/senna.py", "size": 10772}, {"hash": {"mode": "sha256", "value": "otQhqbMFvYXY6PKnhIU3GYnctMtkoe133Y8Im1TXkvQ"}, "path": "text/nltk/tag/sequential.py", "size": 26388}, {"hash": {"mode": "sha256", "value": "HPCcSH-8EQS17caFEL0ixASUVSaNS5vFn-FqqiMijg8"}, "path": "text/nltk/tag/simplify.py", "size": 3411}, {"hash": {"mode": "sha256", "value": "nj1rbcLmMrg5gj60OQ9qBKMfqvnz_yGqgulunAm2OC4"}, "path": "text/nltk/tag/stanford.py", "size": 6590}, {"hash": {"mode": "sha256", "value": "y8HzVmKTzExdVHiZ9iE8jyX9QlQJKiA3GqYRmKlznUU"}, "path": "text/nltk/tag/tnt.py", "size": 18395}, {"hash": {"mode": "sha256", "value": "Yj4PkeIbTI_Yvj6bzQW92PxL55qtpl6snJ9d2UumJjc"}, "path": "text/nltk/tag/util.py", "size": 2406}, {"hash": {"mode": "sha256", "value": "47DEQpj8HBSa-_TImW-5JCeuQeRkm5NMpJWZG3hSuFU"}, "path": "text/nltk/test/unit/__init__.py", "size": 0}, {"hash": null, "path": "text/nltk/test/unit/__pycache__/__init__.cpython-37.pyc", "size": null}, {"hash": null, "path": "text/nltk/test/unit/__pycache__/test_2x_compat.cpython-37.pyc", "size": null}, {"hash": null, "path": "text/nltk/test/unit/__pycache__/test_classify.cpython-37.pyc", "size": null}, {"hash": null, "path": "text/nltk/test/unit/__pycache__/test_collocations.cpython-37.pyc", "size": null}, {"hash": null, "path": "text/nltk/test/unit/__pycache__/test_corpora.cpython-37.pyc", "size": null}, {"hash": null, "path": "text/nltk/test/unit/__pycache__/test_corpus_views.cpython-37.pyc", "size": null}, {"hash": null, "path": "text/nltk/test/unit/__pycache__/test_hmm.cpython-37.pyc", "size": null}, {"hash": null, "path": "text/nltk/test/unit/__pycache__/test_naivebayes.cpython-37.pyc", "size": null}, {"hash": null, "path": "text/nltk/test/unit/__pycache__/test_seekable_unicode_stream_reader.cpython-37.pyc", "size": null}, {"hash": null, "path": "text/nltk/test/unit/__pycache__/test_stem.cpython-37.pyc", "size": null}, {"hash": null, "path": "text/nltk/test/unit/__pycache__/test_tag.cpython-37.pyc", "size": null}, {"hash": null, "path": "text/nltk/test/unit/__pycache__/utils.cpython-37.pyc", "size": null}, {"hash": {"mode": "sha256", "value": "Z__p3fVY4DuJQYhRJnfrAqhp0gNVOFP_57wwDQKrPBU"}, "path": "text/nltk/test/unit/test_2x_compat.py", "size": 730}, {"hash": {"mode": "sha256", "value": "LXixXGH3A48n64YZpzEQrXhxHIX_53ZfMHRFJuwRoto"}, "path": "text/nltk/test/unit/test_classify.py", "size": 1370}, {"hash": {"mode": "sha256", "value": "V2cW2Ku2M9wADatjaT31d_0s6swWtV-L3MNF7dSHMBY"}, "path": "text/nltk/test/unit/test_collocations.py", "size": 2893}, {"hash": {"mode": "sha256", "value": "7xtouiiT_HWvQnRW4B9eh7s9YPa-Jp-GTLnAMktCI9I"}, "path": "text/nltk/test/unit/test_corpora.py", "size": 5996}, {"hash": {"mode": "sha256", "value": "DwOjDe-3TTvGExTCPumKUuPaZ1YpGf7ufeC1ne1LTeI"}, "path": "text/nltk/test/unit/test_corpus_views.py", "size": 1650}, {"hash": {"mode": "sha256", "value": "LSfjUN9082S_kDHcXT2mJ6oyD4HveDn-J2kiT7qGZPI"}, "path": "text/nltk/test/unit/test_hmm.py", "size": 2497}, {"hash": {"mode": "sha256", "value": "NJ-s1cbca_QhUpvfDdvCcd16kBzALkOaQgneaVedl0Q"}, "path": "text/nltk/test/unit/test_naivebayes.py", "size": 848}, {"hash": {"mode": "sha256", "value": "DZkwLsQt0KfDl0Vnw1fNfvBz_e0ChmYNQDFC_VFMjzs"}, "path": "text/nltk/test/unit/test_seekable_unicode_stream_reader.py", "size": 3587}, {"hash": {"mode": "sha256", "value": "aBnS3RUp5TqbNdeyvWTINNA-vtH_SlAu_PMQBIAxi6c"}, "path": "text/nltk/test/unit/test_stem.py", "size": 1047}, {"hash": {"mode": "sha256", "value": "SrTMjNtr1jYetOLJHNiMsBfrA9J3wYiBh1FkQ6whCl0"}, "path": "text/nltk/test/unit/test_tag.py", "size": 671}, {"hash": {"mode": "sha256", "value": "h04Gjr80ZoOEDW4I-EN6FN8sYwlkAdjoqg9l_TAe0EQ"}, "path": "text/nltk/test/unit/utils.py", "size": 1361}, {"hash": {"mode": "sha256", "value": "RE0FAbJ9syRyH0R2fbaJpOYF9tfSvz_nuZyX6UDYvA0"}, "path": "text/nltk/text.py", "size": 23157}, {"hash": {"mode": "sha256", "value": "H-ZKkSktt3m7--pfH-M2jZ6mJt3n55Vzcw6xXibQotg"}, "path": "text/nltk/tokenize/__init__.py", "size": 3537}, {"hash": null, "path": "text/nltk/tokenize/__pycache__/__init__.cpython-37.pyc", "size": null}, {"hash": null, "path": "text/nltk/tokenize/__pycache__/api.cpython-37.pyc", "size": null}, {"hash": null, "path": "text/nltk/tokenize/__pycache__/punkt.cpython-37.pyc", "size": null}, {"hash": null, "path": "text/nltk/tokenize/__pycache__/regexp.cpython-37.pyc", "size": null}, {"hash": null, "path": "text/nltk/tokenize/__pycache__/sexpr.cpython-37.pyc", "size": null}, {"hash": null, "path": "text/nltk/tokenize/__pycache__/simple.cpython-37.pyc", "size": null}, {"hash": null, "path": "text/nltk/tokenize/__pycache__/texttiling.cpython-37.pyc", "size": null}, {"hash": null, "path": "text/nltk/tokenize/__pycache__/treebank.cpython-37.pyc", "size": null}, {"hash": null, "path": "text/nltk/tokenize/__pycache__/util.cpython-37.pyc", "size": null}, {"hash": {"mode": "sha256", "value": "y0ArnUP4yXX-cBEcCEKidfV21ztnFC0tzgH7SUZ7NuQ"}, "path": "text/nltk/tokenize/api.py", "size": 2148}, {"hash": {"mode": "sha256", "value": "M9YOgDLCh5h87LFBDKIqQgSXCqOzGqGzJxMiuNUSswI"}, "path": "text/nltk/tokenize/punkt.py", "size": 61751}, {"hash": {"mode": "sha256", "value": "oSQdRSZaqjF6ARqV3VDTqIKTOopG_ZlGT0tMF8jusI8"}, "path": "text/nltk/tokenize/regexp.py", "size": 8326}, {"hash": {"mode": "sha256", "value": "-wi36tEPsXMEYv4LOJ3knYWqv2acFlCIZT1-lb_nAkc"}, "path": "text/nltk/tokenize/sexpr.py", "size": 5345}, {"hash": {"mode": "sha256", "value": "sjFzzH2fOJvIRTw97insv21OSrpo2Z574xpSvSlAItc"}, "path": "text/nltk/tokenize/simple.py", "size": 5287}, {"hash": {"mode": "sha256", "value": "i9T6gfw4i1nXH2otw7-qIpDjRnPcYM8UGNF0R6CB7vw"}, "path": "text/nltk/tokenize/texttiling.py", "size": 16768}, {"hash": {"mode": "sha256", "value": "wp_yuUXt12jnhLKhLESV-5pB97zLz1xzhhYpo5Eb-14"}, "path": "text/nltk/tokenize/treebank.py", "size": 4144}, {"hash": {"mode": "sha256", "value": "Iq-nqtJ7hLU8v0IA7GPC0yyzoD71JVusdwbcF9eyBkc"}, "path": "text/nltk/tokenize/util.py", "size": 3164}, {"hash": {"mode": "sha256", "value": "aQzUIl4g59zsze22-knIdUdueiW96Lox18iiqhLrnUE"}, "path": "text/nltk/toolbox.py", "size": 17970}, {"hash": {"mode": "sha256", "value": "dhl0WMZG7BsqDOMDmhpQJH5qxOXSianpmr-1ZkVZdwo"}, "path": "text/nltk/tree.py", "size": 61335}, {"hash": {"mode": "sha256", "value": "Mzxb2c9Ebxy2qLZoZym7EI6dF_BNRIoVMRJowgyabdw"}, "path": "text/nltk/treetransforms.py", "size": 12810}, {"hash": {"mode": "sha256", "value": "Pi8RdZ4i9EAdu1kT8aA5nhKs5OSM-oHL311gI8_6Eew"}, "path": "text/nltk/util.py", "size": 40263}, {"hash": {"mode": "sha256", "value": "ze-_U782KV2bByjNEu3AXqm98Y45w-047AKEMmhy_8g"}, "path": "text/nltk/yamltags.py", "size": 1036}, {"hash": {"mode": "sha256", "value": "qzyWwWV_s66dAGPSOeK2E5RK6EQLUEuQevJSkDEK9QM"}, "path": "text/np_extractors.py", "size": 8123}, {"hash": {"mode": "sha256", "value": "OKmm2DnXP-B5Y7XKY7j01dyeDNCYXCKPx82b6T9G0Zc"}, "path": "text/packages.py", "size": 248}, {"hash": {"mode": "sha256", "value": "G7wUaCT-_mXQgS4_kamAGBRb93Ics5hMENgSG3DC41o"}, "path": "text/sentiments.py", "size": 3169}, {"hash": {"mode": "sha256", "value": "60nUDtrsqRGZDIK91a8vApSFLgsSecdgj4r3oMpilJA"}, "path": "text/taggers.py", "size": 1271}, {"hash": {"mode": "sha256", "value": "rngDTmUrWQLbCMIowmDsKax7uiR4i63gERsM3AH8bFc"}, "path": "text/text.py", "size": 52107}, {"hash": {"mode": "sha256", "value": "6VXBDhc4b2mUStTq81zhRayEclIak_gdx_lhdGtd6Gc"}, "path": "text/tokenizers.py", "size": 3419}, {"hash": {"mode": "sha256", "value": "jB7Hf2OeuVFaiNcHfZdS2NICG1MMCWi9jjMe8ba3eR4"}, "path": "text/translate.py", "size": 2933}, {"hash": {"mode": "sha256", "value": "R6TR-mfC4nrgej_qADYvRQGd-9auPdEaUkQHMcgwsv0"}, "path": "text/utils.py", "size": 486}, {"hash": {"mode": "sha256", "value": "Uvm_CLJjYOw_lIhDGLdNGYQgqb9GnOdP7AE3ymIFt-I"}, "path": "textblob-0.5.3.dist-info/DESCRIPTION.rst", "size": 9489}, {"hash": {"mode": "sha256", "value": "zuuue4knoyJ-UwPPXg8fezS7VCrXJQrAP7zeNuwvFQg"}, "path": "textblob-0.5.3.dist-info/INSTALLER", "size": 4}, {"hash": {"mode": "sha256", "value": "9AnBSrPmqfHNgX2_GDVvfApVLwxNh9_5pGyQ75bbtGE"}, "path": "textblob-0.5.3.dist-info/METADATA", "size": 9807}, {"hash": null, "path": "textblob-0.5.3.dist-info/RECORD", "size": null}, {"hash": {"mode": "sha256", "value": "M5FdkWCoMkuP4l8guZXMvM74LDH0dw3pKfHhPowrGg8"}, "path": "textblob-0.5.3.dist-info/WHEEL", "size": 110}, {"hash": {"mode": "sha256", "value": "knnyMtSZqRpLN3UCC3uL-K3z8ESKVB42QJnAZ54dF8s"}, "path": "textblob-0.5.3.dist-info/pydist.json", "size": 565}, {"hash": {"mode": "sha256", "value": "ueaOG-o-WxnKay-YtzpUtz2q-qJQSEkC4JmC4HoS5zM"}, "path": "textblob-0.5.3.dist-info/top_level.txt", "size": 5}], "metadata": {"Author": "Steven Loria", "Author-email": "sloria1@gmail.com", "Home-page": "https://github.com/sloria/TextBlob", "License": "Copyright 2013 Steven Loria", "Metadata-Version": "2.0", "Name": "textblob", "Requires-Dist": ["PyYAML"], "Summary": "Simple, Pythonic text processing. Sentiment analysis, POS tagging, noun phrase parsing, and more.", "Version": "0.5.3"}, "requires": ["PyYAML"], "version": "0.5.3"}, "index_url": "https://pypi.org/simple", "package_name": "textblob", "package_version": "0.5.3", "package_version_requested": "0.5.3", "sha256": ["2d47067c14b2ef867fb07374731086ff5426191f5623543f7017b5b53d4a50c9", "fee44171d4b27539b808f040ccbba3ade5551d82e40a1a3dea77ddc7ed0a3015"]}], "unparsed": [], "unresolved": []}}