{"metadata": {"analyzer": "thoth-solver", "analyzer_version": "1.4.1", "arguments": {"python": {"exclude_packages": null, "index": "https://pypi.org/simple", "no_pretty": false, "no_transitive": true, "output": "http://result-api/api/v1/solver-result", "requirements": "plone==4.3.14", "virtualenv": "/home/solver/venv"}, "thoth-solver": {"verbose": false}}, "datetime": "2019-12-24T16:54:17.407075", "distribution": {"codename": "", "id": "fedora", "like": "", "version": "31", "version_parts": {"build_number": "", "major": "31", "minor": ""}}, "document_id": "solver-fedora-31-py37-04024ebc", "duration": 3, "hostname": "solver-fedora-31-py37-04024ebc-f9t69", "os_release": {"id": "fedora", "name": "Fedora", "platform_id": "platform:f31", "redhat_bugzilla_product": "Fedora", "redhat_bugzilla_product_version": "31", "redhat_support_product": "Fedora", "redhat_support_product_version": "31", "variant_id": "container", "version": "31 (Container Image)", "version_id": "31"}, "python": {"api_version": 1013, "implementation_name": "cpython", "major": 3, "micro": 5, "minor": 7, "releaselevel": "final", "serial": 0}, "thoth_deployment_name": "thoth-psi-stage", "timestamp": 1577206457}, "result": {"environment": {"implementation_name": "cpython", "implementation_version": "3.7.5", "os_name": "posix", "platform_machine": "x86_64", "platform_python_implementation": "CPython", "platform_release": "3.10.0-957.21.2.el7.x86_64", "platform_system": "Linux", "platform_version": "#1 SMP Tue May 28 09:26:43 UTC 2019", "python_full_version": "3.7.5", "python_version": "3.7", "sys_platform": "linux"}, "environment_packages": [{"package_name": "pipdeptree", "package_version": "0.13.2"}], "errors": [], "tree": [{"dependencies": [{"extra": [], "extras": [], "marker": null, "marker_evaluated": null, "marker_evaluation_error": null, "marker_evaluation_result": true, "normalized_package_name": "setuptools", "package_name": "setuptools", "resolved_versions": [{"index": "https://pypi.org/simple", "versions": ["0.7.2", "0.7.3", "0.7.4", "0.7.5", "0.7.6", "0.7.7", "0.7.8", "0.8", "0.9", "0.9.1", "0.9.2", "0.9.3", "0.9.4", "0.9.5", "0.9.6", "0.9.7", "0.9.8", "1.0", "1.1", "1.1.1", "1.1.2", "1.1.3", "1.1.4", "1.1.5", "1.1.6", "1.1.7", "1.2", "1.3", "1.3.1", "1.3.2", "1.4", "1.4.1", "1.4.2", "10.0", "10.0.1", "10.1", "10.2", "10.2.1", "11.0", "11.1", "11.2", "11.3", "11.3.1", "12.0", "12.0.1", "12.0.2", "12.0.3", "12.0.4", "12.0.5", "12.1", "12.2", "12.3", "12.4", "13.0", "13.0.1", "13.0.2", "14.0", "14.1", "14.1.1", "14.2", "14.3", "14.3.1", "15.0", "15.1", "15.2", "16.0", "17.0", "17.1", "17.1.1", "18.0", "18.0.1", "18.1", "18.2", "18.3", "18.3.1", "18.3.2", "18.4", "18.5", "18.6", "18.6.1", "18.7", "18.7.1", "18.8", "18.8.1", "19.0", "19.1", "19.1.1", "19.2", "19.3", "19.4", "19.4.1", "19.5", "19.6", "19.6.1", "19.6.2", "19.7", "2.0", "2.0.1", "2.0.2", "2.1", "2.1.1", "2.1.2", "2.2", "20.0", "20.1", "20.1.1", "20.10.1", "20.2.2", "20.3", "20.3.1", "20.4", "20.6.6", "20.6.7", "20.6.8", "20.7.0", "20.8.0", "20.8.1", "20.9.0", "21.0.0", "21.1.0", "21.2.0", "21.2.1", "21.2.2", "22.0.0", "22.0.1", "22.0.2", "22.0.4", "22.0.5", "23.0.0", "23.1.0", "23.2.0", "23.2.1", "24.0.0", "24.0.1", "24.0.2", "24.0.3", "24.1.0", "24.1.1", "24.2.0", "24.2.1", "24.3.0", "24.3.1", "25.0.0", "25.0.1", "25.0.2", "25.1.0", "25.1.1", "25.1.2", "25.1.3", "25.1.4", "25.1.5", "25.1.6", "25.2.0", "25.3.0", "25.4.0", "26.0.0", "26.1.0", "26.1.1", "27.0.0", "27.1.0", "27.1.2", "27.2.0", "27.3.0", "27.3.1", "28.0.0", "28.1.0", "28.2.0", "28.3.0", "28.4.0", "28.5.0", "28.6.0", "28.6.1", "28.7.0", "28.7.1", "28.8.0", "28.8.1", "29.0.0", "29.0.1", "3.0", "3.0.1", "3.0.2", "3.1", "3.2", "3.3", "3.4", "3.4.1", "3.4.2", "3.4.3", "3.4.4", "3.5", "3.5.1", "3.5.2", "3.6", "3.7", "3.7.1", "3.8", "3.8.1", "30.0.0", "30.1.0", "30.2.0", "30.2.1", "30.3.0", "30.4.0", "31.0.0", "31.0.1", "32.0.0", "32.1.0", "32.1.1", "32.1.2", "32.1.3", "32.2.0", "32.3.0", "32.3.1", "33.1.0", "33.1.1", "34.0.0", "34.0.1", "34.0.2", "34.0.3", "34.1.0", "34.1.1", "34.2.0", "34.3.0", "34.3.1", "34.3.2", "34.3.3", "34.4.0", "34.4.1", "35.0.0", "35.0.1", "35.0.2", "36.0.1", "36.1.0", "36.1.1", "36.2.0", "36.2.1", "36.2.2", "36.2.3", "36.2.4", "36.2.5", "36.2.6", "36.2.7", "36.3.0", "36.4.0", "36.5.0", "36.6.0", "36.6.1", "36.7.0", "36.7.1", "36.7.2", "36.8.0", "37.0.0", "38.0.0", "38.1.0", "38.2.0", "38.2.1", "38.2.3", "38.2.4", "38.2.5", "38.3.0", "38.4.0", "38.4.1", "38.5.0", "38.5.1", "38.5.2", "38.6.0", "38.6.1", "38.7.0", "39.0.0", "39.0.1", "39.1.0", "39.2.0", "4.0", "4.0.1", "40.0.0", "40.1.0", "40.1.1", "40.2.0", "40.3.0", "40.4.0", "40.4.1", "40.4.2", "40.4.3", "40.5.0", "40.6.0", "40.6.1", "40.6.2", "40.6.3", "40.7.0", "40.7.1", "40.7.2", "40.7.3", "40.8.0", "40.9.0", "41.0.0", "41.0.1", "41.1.0", "41.2.0", "41.3.0", "41.4.0", "41.5.0", "41.5.1", "41.6.0", "42.0.0", "42.0.1", "42.0.2", "5.0", "5.0.1", "5.0.2", "5.1", "5.2", "5.3", "5.4", "5.4.1", "5.4.2", "5.5", "5.5.1", "5.6", "5.7", "5.8", "6.0.1", "6.0.2", "6.1", "7.0", "8.0", "8.0.1", "8.0.2", "8.0.3", "8.0.4", "8.1", "8.2", "8.2.1", "8.3", "9.0", "9.0.1", "9.1"]}], "specifier": null}, {"extra": [], "extras": [], "marker": null, "marker_evaluated": null, "marker_evaluation_error": null, "marker_evaluation_result": true, "normalized_package_name": "products-cmfplacefulworkflow", "package_name": "Products.CMFPlacefulWorkflow", "resolved_versions": [{"index": "https://pypi.org/simple", "versions": ["1.3.1", "1.3.2", "1.4.0", "1.4.1", "1.4.2", "1.5", "1.5.1", "1.5.10", "1.5.11", "1.5.12", "1.5.13", "1.5.14", "1.5.15", "1.5.2", "1.5.3", "1.5.4", "1.5.5", "1.5.6", "1.5.7", "1.5.8", "1.5.9", "1.6.0", "1.6.1", "1.6.2", "1.6.3", "1.6.4", "1.6.5", "1.6.6", "1.6.7", "1.7.0", "1.7.1", "1.7.2", "1.7.3", "1.7.4", "1.7.5", "1.7.6", "2.0.0"]}], "specifier": null}, {"extra": [], "extras": [], "marker": null, "marker_evaluated": null, "marker_evaluation_error": null, "marker_evaluation_result": true, "normalized_package_name": "products-cmfplone", "package_name": "Products.CMFPlone", "resolved_versions": [{"index": "https://pypi.org/simple", "versions": ["4.1", "4.1.1", "4.1.2", "4.1.3", "4.1.4", "4.1.5", "4.1.6", "4.2", "4.2.0.1", "4.2.1", "4.2.1.1", "4.2.2", "4.2.3", "4.2.4", "4.2.5", "4.2.6", "4.2.7", "4.3", "4.3.1", "4.3.10", "4.3.11", "4.3.12", "4.3.13", "4.3.14", "4.3.15", "4.3.16", "4.3.17", "4.3.18", "4.3.19", "4.3.2", "4.3.3", "4.3.4", "4.3.4.1", "4.3.5", "4.3.6", "4.3.7", "4.3.8", "4.3.9", "5.0", "5.0.1", "5.0.10", "5.0.2", "5.0.3", "5.0.3.1", "5.0.4", "5.0.5", "5.0.6", "5.0.7", "5.0.8", "5.0.9", "5.1.0", "5.1.0.1", "5.1.1", "5.1.2", "5.1.2.1", "5.1.3", "5.1.4", "5.1.5", "5.1.6", "5.2.0"]}], "specifier": null}, {"extra": [], "extras": [], "marker": null, "marker_evaluated": null, "marker_evaluation_error": null, "marker_evaluation_result": true, "normalized_package_name": "plone-app-caching", "package_name": "plone.app.caching", "resolved_versions": [{"index": "https://pypi.org/simple", "versions": ["1.0", "1.0.1", "1.0.2", "1.0.3", "1.1", "1.1.1", "1.1.10", "1.1.11", "1.1.12", "1.1.2", "1.1.3", "1.1.4", "1.1.5", "1.1.6", "1.1.7", "1.1.8", "1.1.9", "1.2.0", "1.2.1", "1.2.10", "1.2.11", "1.2.12", "1.2.13", "1.2.14", "1.2.15", "1.2.16", "1.2.17", "1.2.18", "1.2.19", "1.2.2", "1.2.20", "1.2.21", "1.2.22", "1.2.23", "1.2.3", "1.2.4", "1.2.5", "1.2.6", "1.2.7", "1.2.8", "1.2.9", "2.0.0", "2.0.1", "2.0.2", "2.0.3"]}], "specifier": null}, {"extra": [], "extras": [], "marker": null, "marker_evaluated": null, "marker_evaluation_error": null, "marker_evaluation_result": true, "normalized_package_name": "plone-app-dexterity", "package_name": "plone.app.dexterity", "resolved_versions": [{"index": "https://pypi.org/simple", "versions": ["1.0", "1.0.1", "1.0.2", "1.0.3", "1.1", "1.2", "1.2.1", "1.2.2", "2.0", "2.0.1", "2.0.10", "2.0.11", "2.0.12", "2.0.13", "2.0.14", "2.0.15", "2.0.16", "2.0.17", "2.0.18", "2.0.19", "2.0.2", "2.0.3", "2.0.4", "2.0.5", "2.0.6", "2.0.7", "2.0.8", "2.0.9", "2.1.0", "2.1.1", "2.1.10", "2.1.11", "2.1.12", "2.1.13", "2.1.14", "2.1.15", "2.1.16", "2.1.17", "2.1.18", "2.1.19", "2.1.2", "2.1.20", "2.1.3", "2.1.4", "2.1.5", "2.1.6", "2.1.7", "2.1.8", "2.1.9", "2.2.0", "2.3.0", "2.3.1", "2.3.2", "2.3.3", "2.3.4", "2.3.5", "2.3.6", "2.3.7", "2.3.8", "2.3.9", "2.4.0", "2.4.1", "2.4.10", "2.4.2", "2.4.3", "2.4.4", "2.4.5", "2.4.6", "2.4.7", "2.4.8", "2.4.9", "2.5.0", "2.5.1", "2.5.2", "2.5.3", "2.6.0", "2.6.1", "2.6.2", "2.6.3", "2.6.4"]}], "specifier": null}, {"extra": [], "extras": [], "marker": null, "marker_evaluated": null, "marker_evaluation_error": null, "marker_evaluation_result": true, "normalized_package_name": "plone-app-iterate", "package_name": "plone.app.iterate", "resolved_versions": [{"index": "https://pypi.org/simple", "versions": ["1.0", "1.0.7", "1.0a1.2", "1.0b1.1", "1.1.0", "1.1.5", "1.2.0", "1.2.1", "1.2.2", "1.2.3", "1.2.4", "1.2.5", "2.0", "2.1", "2.1.1", "2.1.10", "2.1.11", "2.1.12", "2.1.13", "2.1.14", "2.1.15", "2.1.16", "2.1.17", "2.1.18", "2.1.2", "2.1.3", "2.1.4", "2.1.5", "2.1.6", "2.1.7", "2.1.8", "2.1.9", "3.0.0", "3.0.1", "3.1.0", "3.1.1", "3.1.2", "3.1.3", "3.1.4", "3.1.5", "3.1.6", "3.1.7", "3.2.0", "3.2.1", "3.2.2", "3.2.3", "3.2.4", "3.3.0", "3.3.1", "3.3.10", "3.3.11", "3.3.12", "3.3.13", "3.3.2", "3.3.3", "3.3.4", "3.3.5", "3.3.6", "3.3.7", "3.3.8", "3.3.9"]}], "specifier": null}, {"extra": [], "extras": [], "marker": null, "marker_evaluated": null, "marker_evaluation_error": null, "marker_evaluation_result": true, "normalized_package_name": "plone-app-openid", "package_name": "plone.app.openid", "resolved_versions": [{"index": "https://pypi.org/simple", "versions": ["0.9", "1.0", "1.0.1", "1.0.2", "1.0.3", "1.1", "1.1.1", "2.0", "2.0.1", "2.0.2", "2.0.3", "2.0.4", "2.1.0", "2.1.1", "2.2.0", "2.2.1", "2.2.2", "2.2.3"]}], "specifier": null}, {"extra": [], "extras": [], "marker": null, "marker_evaluated": null, "marker_evaluation_error": null, "marker_evaluation_result": true, "normalized_package_name": "plone-app-theming", "package_name": "plone.app.theming", "resolved_versions": [{"index": "https://pypi.org/simple", "versions": ["1.0", "1.0.1", "1.0.2", "1.0.3", "1.0.4", "1.1", "1.1.1", "1.1.2", "1.1.3", "1.1.4", "1.1.5", "1.1.6", "1.1.7", "1.1.8", "1.2.0", "1.2.1", "1.2.10", "1.2.11", "1.2.12", "1.2.13", "1.2.14", "1.2.15", "1.2.16", "1.2.17", "1.2.18", "1.2.19", "1.2.2", "1.2.3", "1.2.4", "1.2.5", "1.2.6", "1.2.7", "1.2.8", "1.2.9", "1.3.0", "1.3.1", "1.3.2", "1.3.3", "1.3.4", "1.3.5", "1.3.6", "2.0", "2.0.1", "2.0.2", "2.0.3", "2.0.4", "2.0.5", "3.0.0", "3.0.1", "4.0.0", "4.0.1", "4.0.2", "4.0.3", "4.0.4"]}], "specifier": null}, {"extra": [], "extras": [], "marker": null, "marker_evaluated": null, "marker_evaluation_error": null, "marker_evaluation_result": true, "normalized_package_name": "wicked", "package_name": "wicked", "resolved_versions": [{"index": "https://pypi.org/simple", "versions": ["1.1", "1.1.0", "1.1.1", "1.1.10", "1.1.11", "1.1.12", "1.1.2", "1.1.3", "1.1.5", "1.1.6", "1.1.7", "1.1.8", "1.1.8alpha1dev-r102536", "1.1.9"]}], "specifier": null}], "importlib_metadata": {"entry_points": [], "files": [{"hash": {"mode": "sha256", "value": "zuuue4knoyJ-UwPPXg8fezS7VCrXJQrAP7zeNuwvFQg"}, "path": "Plone-4.3.14.dist-info/INSTALLER", "size": 4}, {"hash": {"mode": "sha256", "value": "2yoUS82JqShYLcUSg8lhHTB3FoJHzKpGqxKMtURlTDA"}, "path": "Plone-4.3.14.dist-info/METADATA", "size": 7605}, {"hash": null, "path": "Plone-4.3.14.dist-info/RECORD", "size": null}, {"hash": {"mode": "sha256", "value": "wYBY2EO50FhAcckpWmO3c3Zwk2MALACx6lPAl6gVKnE"}, "path": "Plone-4.3.14.dist-info/WHEEL", "size": 93}, {"hash": {"mode": "sha256", "value": "AbpHGcgLb-kRsJGnwFEktk7uzpZOCcBY74-YBdrKVGs"}, "path": "Plone-4.3.14.dist-info/top_level.txt", "size": 1}], "metadata": {"Author": "Plone Foundation", "Author-email": "plone-developers@lists.sourceforge.net", "Classifier": ["Environment :: Web Environment", "Framework :: Plone", "Framework :: Plone :: 4.3", "Framework :: Zope2", "License :: OSI Approved :: GNU General Public License (GPL)", "Operating System :: OS Independent", "Programming Language :: Python", "Programming Language :: Python :: 2.6", "Programming Language :: Python :: 2.7", "Topic :: Internet :: WWW/HTTP :: Dynamic Content"], "Home-page": "http://plone.org/", "Keywords": "Plone CMF python Zope", "License": "GPL version 2", "Metadata-Version": "2.1", "Name": "Plone", "Platform": ["UNKNOWN"], "Requires-Dist": ["setuptools", "Products.CMFPlacefulWorkflow", "Products.CMFPlone", "plone.app.caching", "plone.app.dexterity", "plone.app.iterate", "plone.app.openid", "plone.app.theming", "wicked"], "Summary": "The Plone Content Management System", "Version": "4.3.14"}, "requires": ["setuptools", "Products.CMFPlacefulWorkflow", "Products.CMFPlone", "plone.app.caching", "plone.app.dexterity", "plone.app.iterate", "plone.app.openid", "plone.app.theming", "wicked"], "version": "4.3.14"}, "index_url": "https://pypi.org/simple", "package_name": "Plone", "package_version": "4.3.14", "package_version_requested": "4.3.14", "sha256": ["1565bac779bbb9938a2c30595f958ce66103049b9412ec17faae6c86e3c67f25"]}], "unparsed": [], "unresolved": []}}