{"metadata": {"analyzer": "thoth-solver", "analyzer_version": "1.4.1", "arguments": {"python": {"exclude_packages": null, "index": "https://pypi.org/simple", "no_pretty": false, "no_transitive": true, "output": "http://result-api/api/v1/solver-result", "requirements": "python-troveclient==2.1.0", "virtualenv": "/home/solver/venv"}, "thoth-solver": {"verbose": false}}, "datetime": "2019-12-27T17:18:17.286509", "distribution": {"codename": "", "id": "fedora", "like": "", "version": "31", "version_parts": {"build_number": "", "major": "31", "minor": ""}}, "document_id": "solver-fedora-31-py37-0038c08a", "duration": 3, "hostname": "solver-fedora-31-py37-0038c08a-nsh2r", "os_release": {"id": "fedora", "name": "Fedora", "platform_id": "platform:f31", "redhat_bugzilla_product": "Fedora", "redhat_bugzilla_product_version": "31", "redhat_support_product": "Fedora", "redhat_support_product_version": "31", "variant_id": "container", "version": "31 (Container Image)", "version_id": "31"}, "python": {"api_version": 1013, "implementation_name": "cpython", "major": 3, "micro": 5, "minor": 7, "releaselevel": "final", "serial": 0}, "thoth_deployment_name": "thoth-psi-stage", "timestamp": 1577467097}, "result": {"environment": {"implementation_name": "cpython", "implementation_version": "3.7.5", "os_name": "posix", "platform_machine": "x86_64", "platform_python_implementation": "CPython", "platform_release": "3.10.0-957.21.2.el7.x86_64", "platform_system": "Linux", "platform_version": "#1 SMP Tue May 28 09:26:43 UTC 2019", "python_full_version": "3.7.5", "python_version": "3.7", "sys_platform": "linux"}, "environment_packages": [{"package_name": "pipdeptree", "package_version": "0.13.2"}], "errors": [], "tree": [{"dependencies": [{"extra": [], "extras": [], "marker": null, "marker_evaluated": null, "marker_evaluation_error": null, "marker_evaluation_result": true, "normalized_package_name": "pbr", "package_name": "pbr", "resolved_versions": [{"index": "https://pypi.org/simple", "versions": ["1.10.0", "1.6.0", "1.7.0", "1.8.0", "1.8.1", "1.9.0", "1.9.1", "2.0.0", "2.1.0", "3.0.0", "3.0.1", "3.1.0", "3.1.1", "4.0.0", "4.0.1", "4.0.2", "4.0.3", "4.0.4", "4.1.0", "4.1.1", "4.2.0", "4.3.0", "5.0.0", "5.1.0", "5.1.1", "5.1.2", "5.1.3", "5.2.0", "5.2.1", "5.3.0", "5.3.1", "5.4.0", "5.4.1", "5.4.2", "5.4.3", "5.4.4"]}], "specifier": ">=1.6"}, {"extra": [], "extras": [], "marker": null, "marker_evaluated": null, "marker_evaluation_error": null, "marker_evaluation_result": true, "normalized_package_name": "prettytable", "package_name": "PrettyTable", "resolved_versions": [{"index": "https://pypi.org/simple", "versions": ["0.7.1", "0.7.2"]}], "specifier": "<0.8,>=0.7"}, {"extra": [], "extras": [], "marker": null, "marker_evaluated": null, "marker_evaluation_error": null, "marker_evaluation_result": true, "normalized_package_name": "requests", "package_name": "requests", "resolved_versions": [{"index": "https://pypi.org/simple", "versions": ["2.10.0", "2.11.0", "2.11.1", "2.12.0", "2.12.1", "2.12.2", "2.12.3", "2.12.4", "2.12.5", "2.13.0", "2.14.0", "2.14.1", "2.14.2", "2.15.0", "2.15.1", "2.16.0", "2.16.1", "2.16.2", "2.16.3", "2.16.4", "2.16.5", "2.17.0", "2.17.1", "2.17.2", "2.17.3", "2.18.0", "2.18.1", "2.18.2", "2.18.3", "2.18.4", "2.19.0", "2.19.1", "2.20.0", "2.20.1", "2.21.0", "2.22.0", "2.8.1", "2.9.1", "2.9.2"]}], "specifier": "!=2.9.0,>=2.8.1"}, {"extra": [], "extras": [], "marker": null, "marker_evaluated": null, "marker_evaluation_error": null, "marker_evaluation_result": true, "normalized_package_name": "simplejson", "package_name": "simplejson", "resolved_versions": [{"index": "https://pypi.org/simple", "versions": ["2.2.0", "2.2.1", "2.3.0", "2.3.1", "2.3.2", "2.3.3", "2.4.0", "2.5.0", "2.5.1", "2.5.2", "2.6.0", "2.6.1", "2.6.2", "3.0.0", "3.0.3", "3.0.4", "3.0.5", "3.0.6", "3.0.7", "3.0.8", "3.0.9", "3.1.0", "3.1.2", "3.1.3", "3.10.0", "3.11.1", "3.12.0", "3.13.0", "3.13.2", "3.14.0", "3.15.0", "3.16.0", "3.17.0", "3.2.0", "3.3.0", "3.3.1", "3.3.2", "3.3.3", "3.4.0", "3.4.1", "3.5.0", "3.5.1", "3.5.2", "3.5.3", "3.6.0", "3.6.1", "3.6.2", "3.6.3", "3.6.4", "3.6.5", "3.7.0", "3.7.1", "3.7.2", "3.7.3", "3.8.0", "3.8.1", "3.8.2", "3.9.0"]}], "specifier": ">=2.2.0"}, {"extra": [], "extras": [], "marker": null, "marker_evaluated": null, "marker_evaluation_error": null, "marker_evaluation_result": true, "normalized_package_name": "oslo-utils", "package_name": "oslo.utils", "resolved_versions": [{"index": "https://pypi.org/simple", "versions": ["3.10.0", "3.11.0", "3.12.0", "3.13.0", "3.14.0", "3.15.0", "3.16.0", "3.16.1", "3.17.0", "3.18.0", "3.19.0", "3.20.0", "3.21.0", "3.22.0", "3.22.1", "3.22.2", "3.22.3", "3.23.0", "3.24.0", "3.25.0", "3.25.1", "3.26.0", "3.27.0", "3.28.0", "3.28.1", "3.28.2", "3.28.3", "3.28.4", "3.29.0", "3.30.0", "3.31.0", "3.32.0", "3.33.0", "3.34.0", "3.35.0", "3.35.1", "3.36.0", "3.36.1", "3.36.2", "3.36.3", "3.36.4", "3.37.0", "3.37.1", "3.38.0", "3.39.0", "3.39.1", "3.40.0", "3.40.1", "3.40.2", "3.40.3", "3.40.4", "3.41.0", "3.41.1", "3.41.2", "3.41.3", "3.42.0", "3.42.1", "3.5.0", "3.6.0", "3.7.0", "3.8.0", "3.9.0"]}], "specifier": ">=3.5.0"}, {"extra": [], "extras": [], "marker": null, "marker_evaluated": null, "marker_evaluation_error": null, "marker_evaluation_result": true, "normalized_package_name": "python-keystoneclient", "package_name": "python-keystoneclient", "resolved_versions": [{"index": "https://pypi.org/simple", "versions": ["1.6.0", "1.7.0", "1.7.1", "1.7.2", "1.7.3", "1.7.4", "1.8.1", "2.0.0", "2.1.1", "2.1.2", "2.2.0", "2.3.0", "2.3.1", "2.3.2", "3.0.0", "3.1.0", "3.10.0", "3.11.0", "3.12.0", "3.13.0", "3.13.1", "3.14.0", "3.15.0", "3.15.1", "3.16.0", "3.17.0", "3.18.0", "3.19.0", "3.2.0", "3.20.0", "3.21.0", "3.22.0", "3.3.0", "3.4.0", "3.5.0", "3.5.1", "3.6.0", "3.7.0", "3.8.0", "3.9.0"]}], "specifier": "!=1.8.0,!=2.1.0,>=1.6.0"}, {"extra": [], "extras": [], "marker": null, "marker_evaluated": null, "marker_evaluation_error": null, "marker_evaluation_result": true, "normalized_package_name": "babel", "package_name": "Babel", "resolved_versions": [{"index": "https://pypi.org/simple", "versions": ["1.3", "2.0", "2.1.1", "2.2.0", "2.3.0", "2.3.1", "2.3.2", "2.3.3", "2.3.4", "2.4.0", "2.5.0", "2.5.1", "2.5.2", "2.5.3", "2.6.0", "2.7.0"]}], "specifier": ">=1.3"}, {"extra": [], "extras": [], "marker": null, "marker_evaluated": null, "marker_evaluation_error": null, "marker_evaluation_result": true, "normalized_package_name": "six", "package_name": "six", "resolved_versions": [{"index": "https://pypi.org/simple", "versions": ["1.10.0", "1.11.0", "1.12.0", "1.13.0", "1.9.0"]}], "specifier": ">=1.9.0"}, {"extra": [], "extras": [], "marker": null, "marker_evaluated": null, "marker_evaluation_error": null, "marker_evaluation_result": true, "normalized_package_name": "python-swiftclient", "package_name": "python-swiftclient", "resolved_versions": [{"index": "https://pypi.org/simple", "versions": ["2.2.0", "2.3.0", "2.3.1", "2.3.2", "2.4.0", "2.5.0", "2.6.0", "2.7.0", "3.0.0", "3.1.0", "3.2.0", "3.3.0", "3.4.0", "3.4.1", "3.5.0", "3.5.1", "3.6.0", "3.6.1", "3.7.0", "3.7.1", "3.8.0", "3.8.1"]}], "specifier": ">=2.2.0"}], "importlib_metadata": {"entry_points": [{"group": "console_scripts", "name": "trove", "value": "troveclient.shell:main"}], "files": [{"hash": {"mode": "sha256", "value": "dZQylTC3DsjHmFTFr9ZkDc90IRTbpnFyxODDd1x9ISY"}, "path": "../../../bin/trove", "size": 229}, {"hash": {"mode": "sha256", "value": "9rsX9RNWLysofX-IMeWEbnFNRqGOO8tXXgVCNkWo3FQ"}, "path": "python_troveclient-2.1.0.dist-info/DESCRIPTION.rst", "size": 15449}, {"hash": {"mode": "sha256", "value": "zuuue4knoyJ-UwPPXg8fezS7VCrXJQrAP7zeNuwvFQg"}, "path": "python_troveclient-2.1.0.dist-info/INSTALLER", "size": 4}, {"hash": {"mode": "sha256", "value": "pNqRLvCORdbK5_GLyJR52ExMGQgxqGEs68Kv4oUbi0c"}, "path": "python_troveclient-2.1.0.dist-info/METADATA", "size": 16541}, {"hash": null, "path": "python_troveclient-2.1.0.dist-info/RECORD", "size": null}, {"hash": {"mode": "sha256", "value": "AvR0WeTpDaxT645bl5FQxUK6NPsTls2ttpcGJg3j1Xg"}, "path": "python_troveclient-2.1.0.dist-info/WHEEL", "size": 110}, {"hash": {"mode": "sha256", "value": "HcL0R2kE_RYzrN5BuiuTJQatnu-6H97zJrzwNPf-rsE"}, "path": "python_troveclient-2.1.0.dist-info/entry_points.txt", "size": 50}, {"hash": {"mode": "sha256", "value": "CdNrUEQ5e5vZaFtQs5pcCTYQCxx5Uwem7gOuYKqHb4s"}, "path": "python_troveclient-2.1.0.dist-info/metadata.json", "size": 1606}, {"hash": {"mode": "sha256", "value": "6CWdhGX0VqqjzHYQsEHZ98KO5f_LF0nd2waJXvwbDHw"}, "path": "python_troveclient-2.1.0.dist-info/pbr.json", "size": 46}, {"hash": {"mode": "sha256", "value": "2XI27SJm-1MsR5uybOAmheXq2zUigAnf63WcBPepidU"}, "path": "python_troveclient-2.1.0.dist-info/top_level.txt", "size": 12}, {"hash": {"mode": "sha256", "value": "IgS0KQtuHLD_xk4ObVowLk7Xr4a_pbOyTDKBzLdEQ4U"}, "path": "troveclient/__init__.py", "size": 986}, {"hash": null, "path": "troveclient/__pycache__/__init__.cpython-37.pyc", "size": null}, {"hash": null, "path": "troveclient/__pycache__/auth_plugin.cpython-37.pyc", "size": null}, {"hash": null, "path": "troveclient/__pycache__/base.cpython-37.pyc", "size": null}, {"hash": null, "path": "troveclient/__pycache__/client.cpython-37.pyc", "size": null}, {"hash": null, "path": "troveclient/__pycache__/common.cpython-37.pyc", "size": null}, {"hash": null, "path": "troveclient/__pycache__/exceptions.cpython-37.pyc", "size": null}, {"hash": null, "path": "troveclient/__pycache__/extension.cpython-37.pyc", "size": null}, {"hash": null, "path": "troveclient/__pycache__/i18n.cpython-37.pyc", "size": null}, {"hash": null, "path": "troveclient/__pycache__/service_catalog.cpython-37.pyc", "size": null}, {"hash": null, "path": "troveclient/__pycache__/shell.cpython-37.pyc", "size": null}, {"hash": null, "path": "troveclient/__pycache__/utils.cpython-37.pyc", "size": null}, {"hash": {"mode": "sha256", "value": "dqegb8fNl9dvwlfcgqoc8jEXgd8fqkJEA2r0NsI4u2E"}, "path": "troveclient/auth_plugin.py", "size": 3439}, {"hash": {"mode": "sha256", "value": "NBpgbDnyWt2h_j3_eb6o-Kq9dLv-x22BQpDLwLws_n8"}, "path": "troveclient/base.py", "size": 9288}, {"hash": {"mode": "sha256", "value": "5OLXN3CcC8ZBQGkmJRe3YjisMJXf4N6St3km36E2D1s"}, "path": "troveclient/client.py", "size": 19302}, {"hash": {"mode": "sha256", "value": "lPi08asXeK0PJzMyfhrgLyiCygLXw7QaLefYHqnq9TY"}, "path": "troveclient/common.py", "size": 2147}, {"hash": {"mode": "sha256", "value": "HAxTZ8SCJHj3El7jbw8KZx-6OjzbF1kpOSPPtvFEIt8"}, "path": "troveclient/compat/__init__.py", "size": 1548}, {"hash": null, "path": "troveclient/compat/__pycache__/__init__.cpython-37.pyc", "size": null}, {"hash": null, "path": "troveclient/compat/__pycache__/auth.cpython-37.pyc", "size": null}, {"hash": null, "path": "troveclient/compat/__pycache__/base.cpython-37.pyc", "size": null}, {"hash": null, "path": "troveclient/compat/__pycache__/cli.cpython-37.pyc", "size": null}, {"hash": null, "path": "troveclient/compat/__pycache__/client.cpython-37.pyc", "size": null}, {"hash": null, "path": "troveclient/compat/__pycache__/common.cpython-37.pyc", "size": null}, {"hash": null, "path": "troveclient/compat/__pycache__/exceptions.cpython-37.pyc", "size": null}, {"hash": null, "path": "troveclient/compat/__pycache__/mcli.cpython-37.pyc", "size": null}, {"hash": null, "path": "troveclient/compat/__pycache__/utils.cpython-37.pyc", "size": null}, {"hash": null, "path": "troveclient/compat/__pycache__/versions.cpython-37.pyc", "size": null}, {"hash": {"mode": "sha256", "value": "kxit-efUk4OY9_MtEvchPTQvQ-LiYOzMKveUKEE58tc"}, "path": "troveclient/compat/auth.py", "size": 9310}, {"hash": {"mode": "sha256", "value": "VSg4nvv4fHutTV9RWRYLSDnhe5kNFCqajLoBSFJckhE"}, "path": "troveclient/compat/base.py", "size": 9726}, {"hash": {"mode": "sha256", "value": "RIZMOmQ3f65lCZJDvXE6xCBgSZiVtHSryQfulKxsHtg"}, "path": "troveclient/compat/cli.py", "size": 16232}, {"hash": {"mode": "sha256", "value": "pqwY5jNQzGWOXm_kDaWCSlnGOk8Ae-N6R17_IQtjzmM"}, "path": "troveclient/compat/client.py", "size": 14086}, {"hash": {"mode": "sha256", "value": "w9fUC4zv1S-PXEW_mOfAm1FQSquJ81a2lTQC2oOyDvs"}, "path": "troveclient/compat/common.py", "size": 14082}, {"hash": {"mode": "sha256", "value": "yxvKGmEdbq2daR7rm6_ucUVIE6w4qroJTfqRPJXAuTU"}, "path": "troveclient/compat/exceptions.py", "size": 4844}, {"hash": {"mode": "sha256", "value": "oUvMlMYhDSggIAxbb_QdEdYy7kggwsegonEoK8pM9rU"}, "path": "troveclient/compat/mcli.py", "size": 7715}, {"hash": {"mode": "sha256", "value": "47DEQpj8HBSa-_TImW-5JCeuQeRkm5NMpJWZG3hSuFU"}, "path": "troveclient/compat/tests/__init__.py", "size": 0}, {"hash": null, "path": "troveclient/compat/tests/__pycache__/__init__.cpython-37.pyc", "size": null}, {"hash": null, "path": "troveclient/compat/tests/__pycache__/test_auth.cpython-37.pyc", "size": null}, {"hash": null, "path": "troveclient/compat/tests/__pycache__/test_common.cpython-37.pyc", "size": null}, {"hash": {"mode": "sha256", "value": "nt_l9tvWsdnuojDuWF1snpvRXFD9x-ecuJ8d2BgYFME"}, "path": "troveclient/compat/tests/test_auth.py", "size": 16231}, {"hash": {"mode": "sha256", "value": "qJMc0Q7YDy4QHVDiNf-YWCYahK1jDKrErlzDoa6fYbo"}, "path": "troveclient/compat/tests/test_common.py", "size": 13538}, {"hash": {"mode": "sha256", "value": "8J_NQkQgH6DJ0A4sqOE0QEm9uvGDwujT6qq3KwrjT3s"}, "path": "troveclient/compat/utils.py", "size": 1975}, {"hash": {"mode": "sha256", "value": "GFHSAa3cUC7HcdNR0dkn2xUNNAHJWskatJM4Io1a8NM"}, "path": "troveclient/compat/versions.py", "size": 1220}, {"hash": {"mode": "sha256", "value": "dq0Uhwvxt-9g4UE5QON06HPzLfK80JBN2hfnXWZrikw"}, "path": "troveclient/exceptions.py", "size": 1260}, {"hash": {"mode": "sha256", "value": "rrWZRPKvZ-6OmqfcCuHnl5rPnUpEGvNurzNkO9tZox8"}, "path": "troveclient/extension.py", "size": 1397}, {"hash": {"mode": "sha256", "value": "8PbhnLQhZ2zS3W3B9RF2uspkO1j__1ySI_rM5DRaTnY"}, "path": "troveclient/i18n.py", "size": 1473}, {"hash": {"mode": "sha256", "value": "47DEQpj8HBSa-_TImW-5JCeuQeRkm5NMpJWZG3hSuFU"}, "path": "troveclient/openstack/__init__.py", "size": 0}, {"hash": null, "path": "troveclient/openstack/__pycache__/__init__.cpython-37.pyc", "size": null}, {"hash": {"mode": "sha256", "value": "47DEQpj8HBSa-_TImW-5JCeuQeRkm5NMpJWZG3hSuFU"}, "path": "troveclient/openstack/common/__init__.py", "size": 0}, {"hash": null, "path": "troveclient/openstack/common/__pycache__/__init__.cpython-37.pyc", "size": null}, {"hash": null, "path": "troveclient/openstack/common/__pycache__/gettextutils.cpython-37.pyc", "size": null}, {"hash": null, "path": "troveclient/openstack/common/__pycache__/importutils.cpython-37.pyc", "size": null}, {"hash": null, "path": "troveclient/openstack/common/__pycache__/strutils.cpython-37.pyc", "size": null}, {"hash": {"mode": "sha256", "value": "47DEQpj8HBSa-_TImW-5JCeuQeRkm5NMpJWZG3hSuFU"}, "path": "troveclient/openstack/common/apiclient/__init__.py", "size": 0}, {"hash": null, "path": "troveclient/openstack/common/apiclient/__pycache__/__init__.cpython-37.pyc", "size": null}, {"hash": null, "path": "troveclient/openstack/common/apiclient/__pycache__/auth.cpython-37.pyc", "size": null}, {"hash": null, "path": "troveclient/openstack/common/apiclient/__pycache__/base.cpython-37.pyc", "size": null}, {"hash": null, "path": "troveclient/openstack/common/apiclient/__pycache__/client.cpython-37.pyc", "size": null}, {"hash": null, "path": "troveclient/openstack/common/apiclient/__pycache__/exceptions.cpython-37.pyc", "size": null}, {"hash": null, "path": "troveclient/openstack/common/apiclient/__pycache__/fake_client.cpython-37.pyc", "size": null}, {"hash": {"mode": "sha256", "value": "YNWSlVa3eA8CRg9407qegkIWk-1KP734914PRgO5tDY"}, "path": "troveclient/openstack/common/apiclient/auth.py", "size": 7040}, {"hash": {"mode": "sha256", "value": "vx1lCXLMyxT1SAsc1pS2OlL8pEO39kaRDAE_KwVXsgk"}, "path": "troveclient/openstack/common/apiclient/base.py", "size": 16109}, {"hash": {"mode": "sha256", "value": "wbEnbv8htbkVJKQBTTy083HMjp_XMLcthCA2b8gLYXY"}, "path": "troveclient/openstack/common/apiclient/client.py", "size": 12729}, {"hash": {"mode": "sha256", "value": "oZIDJ5J_texSUAtZPxp_3emeOQtjH-0MUvhPyCThCVE"}, "path": "troveclient/openstack/common/apiclient/exceptions.py", "size": 11916}, {"hash": {"mode": "sha256", "value": "aFNAs3ScoSgbNK9TEE-As4KDWsphEW2zVQHPlr1Sct0"}, "path": "troveclient/openstack/common/apiclient/fake_client.py", "size": 5851}, {"hash": {"mode": "sha256", "value": "9WwqVtmUq90FS6rkmmMg2y2Ow3KJdqNBRxcIVxYmpFs"}, "path": "troveclient/openstack/common/gettextutils.py", "size": 12736}, {"hash": {"mode": "sha256", "value": "nimPNkEseaUBoEIMYaIZobrMnL0RE56n4j4plQ08Wrs"}, "path": "troveclient/openstack/common/importutils.py", "size": 2189}, {"hash": {"mode": "sha256", "value": "PcfP8eJpgQmYlhHCxFN-4OyoY2-cwFZTCcbSobnM23s"}, "path": "troveclient/openstack/common/strutils.py", "size": 7313}, {"hash": {"mode": "sha256", "value": "eOF4YB47mfppCVhib0oZm0MbXthwHEMQgZsfJorlPvo"}, "path": "troveclient/service_catalog.py", "size": 3466}, {"hash": {"mode": "sha256", "value": "36zr-qI6CbGBwzT8v9xfMkhZQcP7uB5e8y7u9o1ikJA"}, "path": "troveclient/shell.py", "size": 30524}, {"hash": {"mode": "sha256", "value": "47DEQpj8HBSa-_TImW-5JCeuQeRkm5NMpJWZG3hSuFU"}, "path": "troveclient/tests/__init__.py", "size": 0}, {"hash": null, "path": "troveclient/tests/__pycache__/__init__.cpython-37.pyc", "size": null}, {"hash": null, "path": "troveclient/tests/__pycache__/fakes.cpython-37.pyc", "size": null}, {"hash": null, "path": "troveclient/tests/__pycache__/test_accounts.cpython-37.pyc", "size": null}, {"hash": null, "path": "troveclient/tests/__pycache__/test_backups.cpython-37.pyc", "size": null}, {"hash": null, "path": "troveclient/tests/__pycache__/test_base.cpython-37.pyc", "size": null}, {"hash": null, "path": "troveclient/tests/__pycache__/test_client.cpython-37.pyc", "size": null}, {"hash": null, "path": "troveclient/tests/__pycache__/test_clusters.cpython-37.pyc", "size": null}, {"hash": null, "path": "troveclient/tests/__pycache__/test_common.cpython-37.pyc", "size": null}, {"hash": null, "path": "troveclient/tests/__pycache__/test_configurations.cpython-37.pyc", "size": null}, {"hash": null, "path": "troveclient/tests/__pycache__/test_databases.cpython-37.pyc", "size": null}, {"hash": null, "path": "troveclient/tests/__pycache__/test_datastores.cpython-37.pyc", "size": null}, {"hash": null, "path": "troveclient/tests/__pycache__/test_discover.cpython-37.pyc", "size": null}, {"hash": null, "path": "troveclient/tests/__pycache__/test_instances.cpython-37.pyc", "size": null}, {"hash": null, "path": "troveclient/tests/__pycache__/test_limits.cpython-37.pyc", "size": null}, {"hash": null, "path": "troveclient/tests/__pycache__/test_management.cpython-37.pyc", "size": null}, {"hash": null, "path": "troveclient/tests/__pycache__/test_metadata.cpython-37.pyc", "size": null}, {"hash": null, "path": "troveclient/tests/__pycache__/test_modules.cpython-37.pyc", "size": null}, {"hash": null, "path": "troveclient/tests/__pycache__/test_root.cpython-37.pyc", "size": null}, {"hash": null, "path": "troveclient/tests/__pycache__/test_secgroups.cpython-37.pyc", "size": null}, {"hash": null, "path": "troveclient/tests/__pycache__/test_shell.cpython-37.pyc", "size": null}, {"hash": null, "path": "troveclient/tests/__pycache__/test_users.cpython-37.pyc", "size": null}, {"hash": null, "path": "troveclient/tests/__pycache__/test_utils.cpython-37.pyc", "size": null}, {"hash": null, "path": "troveclient/tests/__pycache__/test_v1_shell.cpython-37.pyc", "size": null}, {"hash": null, "path": "troveclient/tests/__pycache__/utils.cpython-37.pyc", "size": null}, {"hash": {"mode": "sha256", "value": "zh8fzXWsSYv7638C5NDpmahbQnUSx85fOqaVbMDLCwo"}, "path": "troveclient/tests/fakes.py", "size": 19601}, {"hash": {"mode": "sha256", "value": "n1bX1BwHw9UVbf8rzsqESV934bf4UkxeBeql5k6xZTY"}, "path": "troveclient/tests/test_accounts.py", "size": 3627}, {"hash": {"mode": "sha256", "value": "rvgYyi5MKH_vGfzu2bgdgJwbKBk67uTX1ZnNmUW3bYY"}, "path": "troveclient/tests/test_backups.py", "size": 4844}, {"hash": {"mode": "sha256", "value": "eqW6uS9Yi6K_X17MoNI9hsHq3vYZbrIgw2_1ibzDL3E"}, "path": "troveclient/tests/test_base.py", "size": 17283}, {"hash": {"mode": "sha256", "value": "ILnyyhF5LSpea8eFjdIHmizSvHHqh5CbZDqUobKHPKY"}, "path": "troveclient/tests/test_client.py", "size": 23152}, {"hash": {"mode": "sha256", "value": "AWaJ1neH3wYwPFZ16IdOG6QhkDSe28bYpGih1D9623g"}, "path": "troveclient/tests/test_clusters.py", "size": 4433}, {"hash": {"mode": "sha256", "value": "qHpSWJfBsw3QDKtGO8jzw8ajR47rq8Pl-WJJwA31y0U"}, "path": "troveclient/tests/test_common.py", "size": 4110}, {"hash": {"mode": "sha256", "value": "4eNOAy56Ky4LggnTGk1Z7Ahe5jC7FID8DZTrP0AMLOE"}, "path": "troveclient/tests/test_configurations.py", "size": 9423}, {"hash": {"mode": "sha256", "value": "amvgNUOqmO450Likmx3CzoT1i4nfVlSLIdnkL-M-Lcc"}, "path": "troveclient/tests/test_databases.py", "size": 3537}, {"hash": {"mode": "sha256", "value": "EpY_fn6X0_c71VhJDJjkckf_IDxwT9PHrjLoNyqlDyI"}, "path": "troveclient/tests/test_datastores.py", "size": 8826}, {"hash": {"mode": "sha256", "value": "5gKz2OYDGgI9k_FvYkWYDEJ9Duf3eNrQl8wKwqrVIrM"}, "path": "troveclient/tests/test_discover.py", "size": 2971}, {"hash": {"mode": "sha256", "value": "R4YE18dATXMXkzmotBIlcKd2lu-qAv2-rz9YURzQVfM"}, "path": "troveclient/tests/test_instances.py", "size": 9701}, {"hash": {"mode": "sha256", "value": "AxZrLeT_gNNgrGoaeZVOJ2cwzWQho_3_0Lyqjz7g1HQ"}, "path": "troveclient/tests/test_limits.py", "size": 3334}, {"hash": {"mode": "sha256", "value": "M4tnGjlMSTpshTP1cZvgyxq4pOP6gSYfW4yX9O_q2c8"}, "path": "troveclient/tests/test_management.py", "size": 11055}, {"hash": {"mode": "sha256", "value": "JvsB-Ol6TUS8SCcmvMnxNeweA_TgMeRyrJKfca3inKg"}, "path": "troveclient/tests/test_metadata.py", "size": 6327}, {"hash": {"mode": "sha256", "value": "6kT3bUbvqmnvnZ-nugFpUR1ixeqsh_ixiSZCjtWq2bI"}, "path": "troveclient/tests/test_modules.py", "size": 4236}, {"hash": {"mode": "sha256", "value": "Ehluoh_vV96VCAndFwRea3B9EFUdJ5_a6kIRMMAvFZM"}, "path": "troveclient/tests/test_root.py", "size": 1752}, {"hash": {"mode": "sha256", "value": "FGn04097_M6X8cWuSg_7GpTT0k0Gdr0oZJhDSvLutJ8"}, "path": "troveclient/tests/test_secgroups.py", "size": 4396}, {"hash": {"mode": "sha256", "value": "KKxk6aCjHz7EGl51OekL54bJz_uyqFo9-y4s0rmnoO4"}, "path": "troveclient/tests/test_shell.py", "size": 13137}, {"hash": {"mode": "sha256", "value": "6Bk_5D5rbC9D0fGD4AtsFkwcBKsXWeN2QqFIWh3eBWw"}, "path": "troveclient/tests/test_users.py", "size": 5084}, {"hash": {"mode": "sha256", "value": "wngWA4dsBKcYTgNE8oG9VgIzzVwer5c9RQR5pKlVqWU"}, "path": "troveclient/tests/test_utils.py", "size": 1912}, {"hash": {"mode": "sha256", "value": "xuPd6OB20aS_krfw2zSbCA5ND76w7tsBeWiijjunLFY"}, "path": "troveclient/tests/test_v1_shell.py", "size": 23371}, {"hash": {"mode": "sha256", "value": "9jkeNjQF-f1m_GSt9N9gHFb63R-6tUr-6weU59oWVpY"}, "path": "troveclient/tests/utils.py", "size": 2907}, {"hash": {"mode": "sha256", "value": "GpY5kvY8TaA4H8w3QvxwD2ll2pqnf9CjgFOPWeKNZIg"}, "path": "troveclient/utils.py", "size": 8965}, {"hash": {"mode": "sha256", "value": "47DEQpj8HBSa-_TImW-5JCeuQeRkm5NMpJWZG3hSuFU"}, "path": "troveclient/v1/__init__.py", "size": 0}, {"hash": null, "path": "troveclient/v1/__pycache__/__init__.cpython-37.pyc", "size": null}, {"hash": null, "path": "troveclient/v1/__pycache__/accounts.cpython-37.pyc", "size": null}, {"hash": null, "path": "troveclient/v1/__pycache__/backups.cpython-37.pyc", "size": null}, {"hash": null, "path": "troveclient/v1/__pycache__/client.cpython-37.pyc", "size": null}, {"hash": null, "path": "troveclient/v1/__pycache__/clusters.cpython-37.pyc", "size": null}, {"hash": null, "path": "troveclient/v1/__pycache__/configurations.cpython-37.pyc", "size": null}, {"hash": null, "path": "troveclient/v1/__pycache__/databases.cpython-37.pyc", "size": null}, {"hash": null, "path": "troveclient/v1/__pycache__/datastores.cpython-37.pyc", "size": null}, {"hash": null, "path": "troveclient/v1/__pycache__/diagnostics.cpython-37.pyc", "size": null}, {"hash": null, "path": "troveclient/v1/__pycache__/flavors.cpython-37.pyc", "size": null}, {"hash": null, "path": "troveclient/v1/__pycache__/hosts.cpython-37.pyc", "size": null}, {"hash": null, "path": "troveclient/v1/__pycache__/instances.cpython-37.pyc", "size": null}, {"hash": null, "path": "troveclient/v1/__pycache__/limits.cpython-37.pyc", "size": null}, {"hash": null, "path": "troveclient/v1/__pycache__/management.cpython-37.pyc", "size": null}, {"hash": null, "path": "troveclient/v1/__pycache__/metadata.cpython-37.pyc", "size": null}, {"hash": null, "path": "troveclient/v1/__pycache__/modules.cpython-37.pyc", "size": null}, {"hash": null, "path": "troveclient/v1/__pycache__/quota.cpython-37.pyc", "size": null}, {"hash": null, "path": "troveclient/v1/__pycache__/root.cpython-37.pyc", "size": null}, {"hash": null, "path": "troveclient/v1/__pycache__/security_groups.cpython-37.pyc", "size": null}, {"hash": null, "path": "troveclient/v1/__pycache__/shell.cpython-37.pyc", "size": null}, {"hash": null, "path": "troveclient/v1/__pycache__/storage.cpython-37.pyc", "size": null}, {"hash": null, "path": "troveclient/v1/__pycache__/users.cpython-37.pyc", "size": null}, {"hash": {"mode": "sha256", "value": "1vGrl9kFNV_N_LRzJGXzymZ4w5Yb8NlWMe4rHuqEpNs"}, "path": "troveclient/v1/accounts.py", "size": 2113}, {"hash": {"mode": "sha256", "value": "nS48QwZ5DKKe_lDfG4KXSHKHKGakgql22qcup0oYi4s"}, "path": "troveclient/v1/backups.py", "size": 2541}, {"hash": {"mode": "sha256", "value": "hnETXFLxBuF6p-v7F1jPZpYowea2k75Pj0yuwtdnYMw"}, "path": "troveclient/v1/client.py", "size": 5317}, {"hash": {"mode": "sha256", "value": "nPwu9IpeLAV3BdMkYz4VS0RUylLo2_N-F450lFSwmcg"}, "path": "troveclient/v1/clusters.py", "size": 3748}, {"hash": {"mode": "sha256", "value": "o3O0VtjaqCAi_75fYo610YMVhsELcCn791I6bvG3nlQ"}, "path": "troveclient/v1/configurations.py", "size": 5198}, {"hash": {"mode": "sha256", "value": "S2aWUadLeOVAH2HMOHwa4Gwl7VgMN5K0BDTp0jtMh6Q"}, "path": "troveclient/v1/databases.py", "size": 2511}, {"hash": {"mode": "sha256", "value": "yCpWxzxlTGqmG29m2O6v60jgLJLUSCn8JLSV7NyWizY"}, "path": "troveclient/v1/datastores.py", "size": 5190}, {"hash": {"mode": "sha256", "value": "N7bv_zYNViZoi-zzezmVoUNl0e0a4li50HrNNHxkiDA"}, "path": "troveclient/v1/diagnostics.py", "size": 1743}, {"hash": {"mode": "sha256", "value": "defFi2wkhHYTpssFsQeJ9jE3BU0phPBcDKpc2HMBUZ8"}, "path": "troveclient/v1/flavors.py", "size": 1996}, {"hash": {"mode": "sha256", "value": "BQpdEvC2uBtPxMbSP5KQfS0yUxKpRC5-JCuHITTPSN0"}, "path": "troveclient/v1/hosts.py", "size": 2242}, {"hash": {"mode": "sha256", "value": "LoP5ofjqEGZK5-fBNHcx0d_TSYhxbz0p2dRW4zCNUfs"}, "path": "troveclient/v1/instances.py", "size": 15011}, {"hash": {"mode": "sha256", "value": "AVC3Rig7nsyhAE6yFw21BfZS168v20NNFqvmDGxRmKo"}, "path": "troveclient/v1/limits.py", "size": 1579}, {"hash": {"mode": "sha256", "value": "Wk0pQoyS0SNjtBngkGsfjS7S4b9VleZQQd_oPvJdjOo"}, "path": "troveclient/v1/management.py", "size": 10807}, {"hash": {"mode": "sha256", "value": "ZZwPH_paU_ibNnbOuIFPEJOPLeORpDfKra8cNCM5MXg"}, "path": "troveclient/v1/metadata.py", "size": 2955}, {"hash": {"mode": "sha256", "value": "D0uj4NdEqLt5poDhOp4Wlj_OG8TDNwmlOj6Dv8V12jQ"}, "path": "troveclient/v1/modules.py", "size": 4929}, {"hash": {"mode": "sha256", "value": "wDVFxPyPdLWBcCg8U0inyPAt1DcY8ID9Pz93pr2qMsQ"}, "path": "troveclient/v1/quota.py", "size": 1923}, {"hash": {"mode": "sha256", "value": "1zJoW1MxZ0OLWvEejG38X8_us6bOMGXaSRkXPgcX2r8"}, "path": "troveclient/v1/root.py", "size": 3681}, {"hash": {"mode": "sha256", "value": "Ey30QghcWiVmqAO4JhIf3gr27bIPfW99wfE9lZCU-R4"}, "path": "troveclient/v1/security_groups.py", "size": 2946}, {"hash": {"mode": "sha256", "value": "WrGYx_iEJsnc3M-zdrU1J2gccrMeHvipNpea4f1c6qM"}, "path": "troveclient/v1/shell.py", "size": 69345}, {"hash": {"mode": "sha256", "value": "JvhUGkxnpiDmOeERZoIqHE1E3ipYz2lodL1EsioVM24"}, "path": "troveclient/v1/storage.py", "size": 1479}, {"hash": {"mode": "sha256", "value": "2tGOR3L86gM_WMRMDNEKvHh-3WTSfV9W3M6MP6p-qbc"}, "path": "troveclient/v1/users.py", "size": 5010}], "metadata": {"Author": "OpenStack", "Author-email": "openstack-dev@lists.openstack.org", "Classifier": ["Environment :: OpenStack", "Intended Audience :: Information Technology", "Intended Audience :: System Administrators", "License :: OSI Approved :: Apache Software License", "Operating System :: POSIX :: Linux", "Programming Language :: Python", "Programming Language :: Python :: 2", "Programming Language :: Python :: 2.7", "Programming Language :: Python :: 3", "Programming Language :: Python :: 3.4"], "Home-page": "http://www.openstack.org/", "License": "UNKNOWN", "Metadata-Version": "2.0", "Name": "python-troveclient", "Platform": ["UNKNOWN"], "Requires-Dist": ["pbr (>=1.6)", "PrettyTable (<0.8,>=0.7)", "requests (!=2.9.0,>=2.8.1)", "simplejson (>=2.2.0)", "oslo.utils (>=3.5.0)", "python-keystoneclient (!=1.8.0,!=2.1.0,>=1.6.0)", "Babel (>=1.3)", "six (>=1.9.0)", "python-swiftclient (>=2.2.0)"], "Summary": "Client library for OpenStack DBaaS API", "Version": "2.1.0"}, "requires": ["pbr (>=1.6)", "PrettyTable (<0.8,>=0.7)", "requests (!=2.9.0,>=2.8.1)", "simplejson (>=2.2.0)", "oslo.utils (>=3.5.0)", "python-keystoneclient (!=1.8.0,!=2.1.0,>=1.6.0)", "Babel (>=1.3)", "six (>=1.9.0)", "python-swiftclient (>=2.2.0)"], "version": "2.1.0"}, "index_url": "https://pypi.org/simple", "package_name": "python-troveclient", "package_version": "2.1.0", "package_version_requested": "2.1.0", "sha256": ["c23d83896936d5d2df5453eda51ca406dba860df2225939a07eae4832d7e1824", "f24ced386277f6e7eba9025e969893531bfb818123489c086c2b9a08eab98e41"]}], "unparsed": [], "unresolved": []}}