{"metadata": {"analyzer": "thoth-solver", "analyzer_version": "1.4.1", "arguments": {"python": {"exclude_packages": null, "index": "https://pypi.org/simple", "no_pretty": false, "no_transitive": true, "output": "http://result-api/api/v1/solver-result", "requirements": "pylons-sphinx-themes==0.1", "virtualenv": "/home/solver/venv"}, "thoth-solver": {"verbose": false}}, "datetime": "2019-12-24T16:51:34.546648", "distribution": {"codename": "", "id": "fedora", "like": "", "version": "31", "version_parts": {"build_number": "", "major": "31", "minor": ""}}, "document_id": "solver-fedora-31-py37-03481df2", "duration": 3, "hostname": "solver-fedora-31-py37-03481df2-l8hb8", "os_release": {"id": "fedora", "name": "Fedora", "platform_id": "platform:f31", "redhat_bugzilla_product": "Fedora", "redhat_bugzilla_product_version": "31", "redhat_support_product": "Fedora", "redhat_support_product_version": "31", "variant_id": "container", "version": "31 (Container Image)", "version_id": "31"}, "python": {"api_version": 1013, "implementation_name": "cpython", "major": 3, "micro": 5, "minor": 7, "releaselevel": "final", "serial": 0}, "thoth_deployment_name": "thoth-psi-stage", "timestamp": 1577206294}, "result": {"environment": {"implementation_name": "cpython", "implementation_version": "3.7.5", "os_name": "posix", "platform_machine": "x86_64", "platform_python_implementation": "CPython", "platform_release": "3.10.0-957.21.2.el7.x86_64", "platform_system": "Linux", "platform_version": "#1 SMP Tue May 28 09:26:43 UTC 2019", "python_full_version": "3.7.5", "python_version": "3.7", "sys_platform": "linux"}, "environment_packages": [{"package_name": "pipdeptree", "package_version": "0.13.2"}], "errors": [], "tree": [{"dependencies": [{"extra": [], "extras": [], "marker": null, "marker_evaluated": null, "marker_evaluation_error": null, "marker_evaluation_result": true, "normalized_package_name": "sphinx", "package_name": "Sphinx", "resolved_versions": [{"index": "https://pypi.org/simple", "versions": ["0.1.61611", "0.1.61798", "0.1.61843", "0.1.61945", "0.1.61950", "0.2", "0.3", "0.4", "0.4.1", "0.4.2", "0.4.3", "0.5", "0.5.1", "0.5.2", "0.6", "0.6.1", "0.6.2", "0.6.3", "0.6.4", "0.6.5", "0.6.6", "0.6.7", "1.0", "1.0.1", "1.0.2", "1.0.3", "1.0.4", "1.0.5", "1.0.6", "1.0.7", "1.0.8", "1.1", "1.1.1", "1.1.2", "1.1.3", "1.2", "1.2.1", "1.2.2", "1.2.3", "1.3", "1.3.1", "1.3.2", "1.3.3", "1.3.4", "1.3.5", "1.3.6", "1.4", "1.4.1", "1.4.2", "1.4.3", "1.4.4", "1.4.5", "1.4.6", "1.4.7", "1.4.8", "1.4.9", "1.5", "1.5.1", "1.5.2", "1.5.3", "1.5.4", "1.5.5", "1.5.6", "1.6.1", "1.6.2", "1.6.3", "1.6.4", "1.6.5", "1.6.6", "1.6.7", "1.7.0", "1.7.1", "1.7.2", "1.7.3", "1.7.4", "1.7.5", "1.7.6", "1.7.7", "1.7.8", "1.7.9", "1.8.0", "1.8.1", "1.8.2", "1.8.3", "1.8.4", "1.8.5", "2.0.0", "2.0.1", "2.1.0", "2.1.1", "2.1.2", "2.2.0", "2.2.1", "2.2.2", "2.3.0", "2.3.1"]}], "specifier": null}, {"extra": [], "extras": [], "marker": null, "marker_evaluated": null, "marker_evaluation_error": null, "marker_evaluation_result": true, "normalized_package_name": "docutils", "package_name": "docutils", "resolved_versions": [{"index": "https://pypi.org/simple", "versions": ["0.10", "0.11", "0.12", "0.13.1", "0.14", "0.15", "0.15.1", "0.15.2", "0.3", "0.3.5", "0.3.7", "0.3.9", "0.4", "0.5", "0.6", "0.7", "0.8", "0.8.1", "0.9", "0.9.1"]}], "specifier": null}], "importlib_metadata": {"entry_points": [], "files": [{"hash": {"mode": "sha256", "value": "zuuue4knoyJ-UwPPXg8fezS7VCrXJQrAP7zeNuwvFQg"}, "path": "pylons_sphinx_themes-0.1.dist-info/INSTALLER", "size": 4}, {"hash": {"mode": "sha256", "value": "qpwql_7brmFsyyx8f1hCBur1bLXrdOuFGw1HrcQUycs"}, "path": "pylons_sphinx_themes-0.1.dist-info/METADATA", "size": 717}, {"hash": null, "path": "pylons_sphinx_themes-0.1.dist-info/RECORD", "size": null}, {"hash": {"mode": "sha256", "value": "wYBY2EO50FhAcckpWmO3c3Zwk2MALACx6lPAl6gVKnE"}, "path": "pylons_sphinx_themes-0.1.dist-info/WHEEL", "size": 93}, {"hash": {"mode": "sha256", "value": "AXS1ht-mWJMpcP-0zJOHa3axspjA6EDTJS3MbgeJQc8"}, "path": "pylons_sphinx_themes-0.1.dist-info/top_level.txt", "size": 21}, {"hash": {"mode": "sha256", "value": "w65jRJM3aFlrXJVcM0JOyiPUh_sdRsy56tB0Mxvm07Y"}, "path": "pylons_sphinx_themes/__init__.py", "size": 179}, {"hash": null, "path": "pylons_sphinx_themes/__pycache__/__init__.cpython-37.pyc", "size": null}, {"hash": null, "path": "pylons_sphinx_themes/__pycache__/pylons_theme_support.cpython-37.pyc", "size": null}, {"hash": {"mode": "sha256", "value": "WpPqgIK4sbtqeqi7OYvMJUIfh4ZFEL4vJnZvSkByqQo"}, "path": "pylons_sphinx_themes/pylons_theme_support.py", "size": 2493}], "metadata": {"Author": "Steve Piercy", "Author-email": "pylons-discuss@googlegroups.com", "Classifier": ["Environment :: Web Environment", "Intended Audience :: Developers", "Intended Audience :: System Administrators", "Programming Language :: Python", "License :: Repoze Public License", "Topic :: Internet", "Topic :: Software Development :: Documentation"], "Home-page": "http://pylonsproject.org", "Keywords": "pylons web pyramid sphinx documentation", "License": "BSD-derived (http://www.repoze.org/LICENSE.txt)", "Metadata-Version": "2.1", "Name": "pylons-sphinx-themes", "Platform": ["UNKNOWN"], "Requires-Dist": ["Sphinx", "docutils"], "Summary": "Pylons Sphinx themes for documentation styling.", "Version": "0.1"}, "requires": ["Sphinx", "docutils"], "version": "0.1"}, "index_url": "https://pypi.org/simple", "package_name": "pylons-sphinx-themes", "package_version": "0.1", "package_version_requested": "0.1", "sha256": ["24034f4e578b9d9cd06846995dbcbd286319a166f0c2e7f323cd21e5fd34aacc"]}], "unparsed": [], "unresolved": []}}