{"metadata": {"analyzer": "thoth-solver", "analyzer_version": "1.4.1", "arguments": {"python": {"exclude_packages": null, "index": "https://pypi.org/simple", "no_pretty": false, "no_transitive": true, "output": "http://result-api/api/v1/solver-result", "requirements": "flask-migrate==1.4.0", "virtualenv": "/home/solver/venv"}, "thoth-solver": {"verbose": false}}, "datetime": "2019-12-24T17:15:26.893465", "distribution": {"codename": "", "id": "fedora", "like": "", "version": "31", "version_parts": {"build_number": "", "major": "31", "minor": ""}}, "document_id": "solver-fedora-31-py37-05668d39", "duration": 3, "hostname": "solver-fedora-31-py37-05668d39-pr6xf", "os_release": {"id": "fedora", "name": "Fedora", "platform_id": "platform:f31", "redhat_bugzilla_product": "Fedora", "redhat_bugzilla_product_version": "31", "redhat_support_product": "Fedora", "redhat_support_product_version": "31", "variant_id": "container", "version": "31 (Container Image)", "version_id": "31"}, "python": {"api_version": 1013, "implementation_name": "cpython", "major": 3, "micro": 5, "minor": 7, "releaselevel": "final", "serial": 0}, "thoth_deployment_name": "thoth-psi-stage", "timestamp": 1577207726}, "result": {"environment": {"implementation_name": "cpython", "implementation_version": "3.7.5", "os_name": "posix", "platform_machine": "x86_64", "platform_python_implementation": "CPython", "platform_release": "3.10.0-957.21.2.el7.x86_64", "platform_system": "Linux", "platform_version": "#1 SMP Tue May 28 09:26:43 UTC 2019", "python_full_version": "3.7.5", "python_version": "3.7", "sys_platform": "linux"}, "environment_packages": [{"package_name": "pipdeptree", "package_version": "0.13.2"}], "errors": [], "tree": [{"dependencies": [{"extra": [], "extras": [], "marker": null, "marker_evaluated": null, "marker_evaluation_error": null, "marker_evaluation_result": true, "normalized_package_name": "flask", "package_name": "Flask", "resolved_versions": [{"index": "https://pypi.org/simple", "versions": ["0.10", "0.10.1", "0.11", "0.11.1", "0.12", "0.12.1", "0.12.2", "0.12.3", "0.12.4", "0.9", "1.0", "1.0.1", "1.0.2", "1.0.3", "1.0.4", "1.1.0", "1.1.1"]}], "specifier": ">=0.9"}, {"extra": [], "extras": [], "marker": null, "marker_evaluated": null, "marker_evaluation_error": null, "marker_evaluation_result": true, "normalized_package_name": "flask-sqlalchemy", "package_name": "Flask-SQLAlchemy", "resolved_versions": [{"index": "https://pypi.org/simple", "versions": ["1.0", "2.0", "2.1", "2.2", "2.3.0", "2.3.1", "2.3.2", "2.4.0", "2.4.1"]}], "specifier": ">=1.0"}, {"extra": [], "extras": [], "marker": null, "marker_evaluated": null, "marker_evaluation_error": null, "marker_evaluation_result": true, "normalized_package_name": "alembic", "package_name": "alembic", "resolved_versions": [{"index": "https://pypi.org/simple", "versions": ["0.6.0", "0.6.1", "0.6.2", "0.6.3", "0.6.4", "0.6.5", "0.6.6", "0.6.7", "0.7.0", "0.7.1", "0.7.2", "0.7.3", "0.7.4", "0.7.5.post1", "0.7.5.post2", "0.7.6", "0.7.7", "0.8.0", "0.8.1", "0.8.10", "0.8.2", "0.8.3", "0.8.4", "0.8.5", "0.8.6", "0.8.7", "0.8.8", "0.8.9", "0.9.0", "0.9.1", "0.9.10", "0.9.2", "0.9.3", "0.9.4", "0.9.5", "0.9.6", "0.9.7", "0.9.8", "0.9.9", "1.0.0", "1.0.1", "1.0.10", "1.0.11", "1.0.2", "1.0.3", "1.0.4", "1.0.5", "1.0.6", "1.0.7", "1.0.8", "1.0.9", "1.1.0", "1.2.0", "1.2.1", "1.3.0", "1.3.1", "1.3.2"]}], "specifier": ">=0.6"}, {"extra": [], "extras": [], "marker": null, "marker_evaluated": null, "marker_evaluation_error": null, "marker_evaluation_result": true, "normalized_package_name": "flask-script", "package_name": "Flask-Script", "resolved_versions": [{"index": "https://pypi.org/simple", "versions": ["0.6.0", "0.6.1", "0.6.2", "0.6.3", "0.6.4", "0.6.5", "0.6.6", "0.6.7", "1.0.0", "2.0.3", "2.0.5", "2.0.6"]}], "specifier": ">=0.6"}], "importlib_metadata": {"entry_points": [], "files": [{"hash": {"mode": "sha256", "value": "zuuue4knoyJ-UwPPXg8fezS7VCrXJQrAP7zeNuwvFQg"}, "path": "Flask_Migrate-1.4.0.dist-info/INSTALLER", "size": 4}, {"hash": {"mode": "sha256", "value": "kfkXGlJQvKy3Y__6tAJ8ynIp1HQfeROXhL8jZU1d-DI"}, "path": "Flask_Migrate-1.4.0.dist-info/LICENSE", "size": 1082}, {"hash": {"mode": "sha256", "value": "alsHIkgyoq99z-nK6hsyByrvj4TfzIsobHYjMEX_E4w"}, "path": "Flask_Migrate-1.4.0.dist-info/METADATA", "size": 934}, {"hash": null, "path": "Flask_Migrate-1.4.0.dist-info/RECORD", "size": null}, {"hash": {"mode": "sha256", "value": "wYBY2EO50FhAcckpWmO3c3Zwk2MALACx6lPAl6gVKnE"}, "path": "Flask_Migrate-1.4.0.dist-info/WHEEL", "size": 93}, {"hash": {"mode": "sha256", "value": "jLoPgiMG6oR4ugNteXn3IHskVVIyIXVStZOVq-AWLdU"}, "path": "Flask_Migrate-1.4.0.dist-info/top_level.txt", "size": 14}, {"hash": {"mode": "sha256", "value": "jrSdoW6x1Ag_hn4G8hJTvJMTPFdFrTlbdZwZFcmJ2Hk"}, "path": "flask_migrate/__init__.py", "size": 14286}, {"hash": null, "path": "flask_migrate/__pycache__/__init__.cpython-37.pyc", "size": null}, {"hash": {"mode": "sha256", "value": "MVlc9TYmr57RbhXET6QxgyCcwWP7w-vLkEsirENqiIQ"}, "path": "flask_migrate/templates/flask/README", "size": 38}, {"hash": null, "path": "flask_migrate/templates/flask/__pycache__/env.cpython-37.pyc", "size": null}, {"hash": {"mode": "sha256", "value": "zQU53x-FQXAbtuOxp3_hgtsEZK8M0Unkw9F_uMSBEDc"}, "path": "flask_migrate/templates/flask/alembic.ini.mako", "size": 770}, {"hash": {"mode": "sha256", "value": "CkTfA5T9kms5ML2sFhGVsj3wh_UhdiWLDLJlIk6Cor0"}, "path": "flask_migrate/templates/flask/env.py", "size": 2221}, {"hash": {"mode": "sha256", "value": "D8kFI44_9vBJZrAYSkZxDTX2-S5Y-oEetEd9BKlo9S8"}, "path": "flask_migrate/templates/flask/script.py.mako", "size": 412}], "metadata": {"Author": "Miguel Grinberg", "Author-email": "miguelgrinberg50@gmail.com", "Classifier": ["Environment :: Web Environment", "Intended Audience :: Developers", "License :: OSI Approved :: MIT License", "Operating System :: OS Independent", "Programming Language :: Python", "Programming Language :: Python :: 3", "Topic :: Internet :: WWW/HTTP :: Dynamic Content", "Topic :: Software Development :: Libraries :: Python Modules"], "Home-page": "http://github.com/miguelgrinberg/flask-migrate/", "License": "MIT", "Metadata-Version": "2.1", "Name": "Flask-Migrate", "Platform": ["any"], "Requires-Dist": ["Flask (>=0.9)", "Flask-SQLAlchemy (>=1.0)", "alembic (>=0.6)", "Flask-Script (>=0.6)"], "Summary": "SQLAlchemy database migrations for Flask applications using Alembic", "Version": "1.4.0"}, "requires": ["Flask (>=0.9)", "Flask-SQLAlchemy (>=1.0)", "alembic (>=0.6)", "Flask-Script (>=0.6)"], "version": "1.4.0"}, "index_url": "https://pypi.org/simple", "package_name": "Flask-Migrate", "package_version": "1.4.0", "package_version_requested": "1.4.0", "sha256": ["e63b1aafc7bec62a63ccb8e0f5856a271ab986a044aa81a022e0c68243439258"]}], "unparsed": [], "unresolved": []}}