{"metadata": {"analyzer": "thoth-solver", "analyzer_version": "1.4.1", "arguments": {"python": {"exclude_packages": null, "index": "https://pypi.org/simple", "no_pretty": false, "no_transitive": true, "output": "http://result-api/api/v1/solver-result", "requirements": "azure-kusto-data==0.0.7", "virtualenv": "/home/solver/venv"}, "thoth-solver": {"verbose": false}}, "datetime": "2019-12-27T16:50:06.477073", "distribution": {"codename": "", "id": "fedora", "like": "", "version": "31", "version_parts": {"build_number": "", "major": "31", "minor": ""}}, "document_id": "solver-fedora-31-py37-07384342", "duration": 3, "hostname": "solver-fedora-31-py37-07384342-w5g96", "os_release": {"id": "fedora", "name": "Fedora", "platform_id": "platform:f31", "redhat_bugzilla_product": "Fedora", "redhat_bugzilla_product_version": "31", "redhat_support_product": "Fedora", "redhat_support_product_version": "31", "variant_id": "container", "version": "31 (Container Image)", "version_id": "31"}, "python": {"api_version": 1013, "implementation_name": "cpython", "major": 3, "micro": 5, "minor": 7, "releaselevel": "final", "serial": 0}, "thoth_deployment_name": "thoth-psi-stage", "timestamp": 1577465406}, "result": {"environment": {"implementation_name": "cpython", "implementation_version": "3.7.5", "os_name": "posix", "platform_machine": "x86_64", "platform_python_implementation": "CPython", "platform_release": "3.10.0-957.21.2.el7.x86_64", "platform_system": "Linux", "platform_version": "#1 SMP Tue May 28 09:26:43 UTC 2019", "python_full_version": "3.7.5", "python_version": "3.7", "sys_platform": "linux"}, "environment_packages": [{"package_name": "pipdeptree", "package_version": "0.13.2"}], "errors": [], "tree": [{"dependencies": [{"extra": [], "extras": [], "marker": null, "marker_evaluated": null, "marker_evaluation_error": null, "marker_evaluation_result": true, "normalized_package_name": "adal", "package_name": "adal", "resolved_versions": [{"index": "https://pypi.org/simple", "versions": ["1.0.0", "1.0.1", "1.0.2", "1.1.0", "1.2.0", "1.2.1", "1.2.2"]}], "specifier": ">=1.0.0"}, {"extra": [], "extras": [], "marker": null, "marker_evaluated": null, "marker_evaluation_error": null, "marker_evaluation_result": true, "normalized_package_name": "azure-nspkg", "package_name": "azure-nspkg", "resolved_versions": [{"index": "https://pypi.org/simple", "versions": ["2.0.0", "3.0.0", "3.0.1", "3.0.2"]}], "specifier": ">=2.0.0"}, {"extra": [], "extras": [], "marker": null, "marker_evaluated": null, "marker_evaluation_error": null, "marker_evaluation_result": true, "normalized_package_name": "pandas", "package_name": "pandas", "resolved_versions": [{"index": "https://pypi.org/simple", "versions": ["0.15.0", "0.15.1", "0.15.2", "0.16.0", "0.16.1", "0.16.2", "0.17.0", "0.17.1", "0.18.0", "0.18.1", "0.19.0", "0.19.1", "0.19.2", "0.20.0", "0.20.1", "0.20.2", "0.20.3", "0.21.0", "0.21.1", "0.22.0", "0.23.0", "0.23.1", "0.23.2", "0.23.3", "0.23.4", "0.24.0", "0.24.1", "0.24.2", "0.25.0", "0.25.1", "0.25.2", "0.25.3"]}], "specifier": ">=0.15.0"}, {"extra": [], "extras": [], "marker": null, "marker_evaluated": null, "marker_evaluation_error": null, "marker_evaluation_result": true, "normalized_package_name": "python-dateutil", "package_name": "python-dateutil", "resolved_versions": [{"index": "https://pypi.org/simple", "versions": ["2.6.0", "2.6.1", "2.7.0", "2.7.1", "2.7.2", "2.7.3", "2.7.4", "2.7.5", "2.8.0", "2.8.1"]}], "specifier": ">=2.6.0"}, {"extra": [], "extras": [], "marker": null, "marker_evaluated": null, "marker_evaluation_error": null, "marker_evaluation_result": true, "normalized_package_name": "requests", "package_name": "requests", "resolved_versions": [{"index": "https://pypi.org/simple", "versions": ["2.13.0", "2.14.0", "2.14.1", "2.14.2", "2.15.0", "2.15.1", "2.16.0", "2.16.1", "2.16.2", "2.16.3", "2.16.4", "2.16.5", "2.17.0", "2.17.1", "2.17.2", "2.17.3", "2.18.0", "2.18.1", "2.18.2", "2.18.3", "2.18.4", "2.19.0", "2.19.1", "2.20.0", "2.20.1", "2.21.0", "2.22.0"]}], "specifier": ">=2.13.0"}, {"extra": [], "extras": [], "marker": null, "marker_evaluated": null, "marker_evaluation_error": null, "marker_evaluation_result": true, "normalized_package_name": "six", "package_name": "six", "resolved_versions": [{"index": "https://pypi.org/simple", "versions": ["1.10.0", "1.11.0", "1.12.0", "1.13.0"]}], "specifier": ">=1.10.0"}, {"extra": [], "extras": [], "marker": null, "marker_evaluated": null, "marker_evaluation_error": null, "marker_evaluation_result": true, "normalized_package_name": "azure-nspkg", "package_name": "azure-nspkg", "resolved_versions": [{"index": "https://pypi.org/simple", "versions": ["2.0.0", "3.0.0", "3.0.1", "3.0.2"]}], "specifier": ">=2.0.0"}, {"extra": ["tests"], "extras": [], "marker": "extra == \"tests\"", "marker_evaluated": "python_version >= \"0.0\"", "marker_evaluation_error": null, "marker_evaluation_result": true, "normalized_package_name": "nose", "package_name": "nose", "resolved_versions": [{"index": "https://pypi.org/simple", "versions": ["1.3.7"]}], "specifier": ">=1.3.7"}, {"extra": ["tests"], "extras": [], "marker": "extra == \"tests\"", "marker_evaluated": "python_version >= \"0.0\"", "marker_evaluation_error": null, "marker_evaluation_result": true, "normalized_package_name": "mock", "package_name": "mock", "resolved_versions": [{"index": "https://pypi.org/simple", "versions": ["2.0.0", "3.0.0", "3.0.1", "3.0.2", "3.0.3", "3.0.4", "3.0.5"]}], "specifier": ">=2.0.0"}], "importlib_metadata": {"entry_points": [], "files": [{"hash": {"mode": "sha256", "value": "G-d438vPx7m_ks5e9XTtM3u7LDRO5dSSukibukWmyPM"}, "path": "azure/kusto/__init__.py", "size": 56}, {"hash": null, "path": "azure/kusto/__pycache__/__init__.cpython-37.pyc", "size": null}, {"hash": {"mode": "sha256", "value": "Cn4ojRMzX-lfh99pbqijuiSdUpv_PcbyZW_UYskJZqo"}, "path": "azure/kusto/data/__init__.py", "size": 199}, {"hash": null, "path": "azure/kusto/data/__pycache__/__init__.cpython-37.pyc", "size": null}, {"hash": null, "path": "azure/kusto/data/__pycache__/aad_helper.cpython-37.pyc", "size": null}, {"hash": null, "path": "azure/kusto/data/__pycache__/kusto_client.cpython-37.pyc", "size": null}, {"hash": null, "path": "azure/kusto/data/__pycache__/kusto_exceptions.cpython-37.pyc", "size": null}, {"hash": null, "path": "azure/kusto/data/__pycache__/version.cpython-37.pyc", "size": null}, {"hash": {"mode": "sha256", "value": "1NfiH_8jKyBOvmY1ayUjxvo5dsn75Me7klVRz1lLCn4"}, "path": "azure/kusto/data/aad_helper.py", "size": 2013}, {"hash": {"mode": "sha256", "value": "PA706kbMN34WdPXxnfY4QJwBkfdEoYAduwtXlu4oeoo"}, "path": "azure/kusto/data/kusto_client.py", "size": 14747}, {"hash": {"mode": "sha256", "value": "s1ig6eBX_mlSqEv0lJcEU6tRP69XDREHRcNUZ55cZhQ"}, "path": "azure/kusto/data/kusto_exceptions.py", "size": 1351}, {"hash": {"mode": "sha256", "value": "qg1_iLEaPToAKS9bWf-s6gGWXIE2VXg2bpzHNfMj0Dw"}, "path": "azure/kusto/data/version.py", "size": 40}, {"hash": {"mode": "sha256", "value": "zuuue4knoyJ-UwPPXg8fezS7VCrXJQrAP7zeNuwvFQg"}, "path": "azure_kusto_data-0.0.7.dist-info/INSTALLER", "size": 4}, {"hash": {"mode": "sha256", "value": "BfMCgdZ_yKSg-FYdPvJxlYguSzLs0oZ95wlr6vfd1WU"}, "path": "azure_kusto_data-0.0.7.dist-info/METADATA", "size": 1214}, {"hash": null, "path": "azure_kusto_data-0.0.7.dist-info/RECORD", "size": null}, {"hash": {"mode": "sha256", "value": "gduuPyBvFJQSQ0zdyxF7k0zynDXbIbvg5ZBHoXum5uk"}, "path": "azure_kusto_data-0.0.7.dist-info/WHEEL", "size": 110}, {"hash": {"mode": "sha256", "value": "h-L8XDVPJ9YzBbHlPvM7FVo1cqNGToNK9ix99ySGOUY"}, "path": "azure_kusto_data-0.0.7.dist-info/top_level.txt", "size": 12}, {"hash": {"mode": "sha256", "value": "AbpHGcgLb-kRsJGnwFEktk7uzpZOCcBY74-YBdrKVGs"}, "path": "tests/__init__.py", "size": 1}, {"hash": null, "path": "tests/__pycache__/__init__.cpython-37.pyc", "size": null}, {"hash": null, "path": "tests/__pycache__/sample_driver.cpython-37.pyc", "size": null}, {"hash": null, "path": "tests/__pycache__/test_converter.cpython-37.pyc", "size": null}, {"hash": null, "path": "tests/__pycache__/test_functional.cpython-37.pyc", "size": null}, {"hash": null, "path": "tests/__pycache__/test_kusto_client.cpython-37.pyc", "size": null}, {"hash": {"mode": "sha256", "value": "mIgEokxEfjJ8chZTy4zOgc4o6GGd7K44Bb7QXA1xMeU"}, "path": "tests/sample_driver.py", "size": 2257}, {"hash": {"mode": "sha256", "value": "Yr4J5_BhMjkTrgWy4PAUwQ_tHUxTKdt4OI4tvQqYh40"}, "path": "tests/test_converter.py", "size": 3229}, {"hash": {"mode": "sha256", "value": "IoLwm9-2_H4e2K21fFuC1QEyU27QjsBzftZo5rRB4iM"}, "path": "tests/test_functional.py", "size": 7295}, {"hash": {"mode": "sha256", "value": "E8NGgngSh-nBvucxc7d2rIhxKJzhTeenKWd9zE1ujZc"}, "path": "tests/test_kusto_client.py", "size": 15004}], "metadata": {"Author": "Microsoft Corporation", "Author-email": "kustalk@microsoft.com", "Classifier": ["Development Status :: 3 - Alpha", "Intended Audience :: Developers", "Topic :: Software Development", "Programming Language :: Python :: 2.7", "Programming Language :: Python :: 3.4", "Programming Language :: Python :: 3.5", "Programming Language :: Python :: 3.6", "License :: OSI Approved :: MIT License"], "Home-page": "https://kusto.azurewebsites.net/docs/api/kusto_python_client_library.html", "Keywords": "kusto wrapper client library", "License": "MIT", "Metadata-Version": "2.1", "Name": "azure-kusto-data", "Platform": ["UNKNOWN"], "Provides-Extra": ["tests", "tests"], "Requires-Dist": ["adal (>=1.0.0)", "azure-nspkg (>=2.0.0)", "pandas (>=0.15.0)", "python-dateutil (>=2.6.0)", "requests (>=2.13.0)", "six (>=1.10.0)", "azure-nspkg (>=2.0.0)", "nose (>=1.3.7); extra == 'tests'", "mock (>=2.0.0); extra == 'tests'"], "Summary": "Kusto Data Client", "Version": "0.0.7"}, "requires": ["adal (>=1.0.0)", "azure-nspkg (>=2.0.0)", "pandas (>=0.15.0)", "python-dateutil (>=2.6.0)", "requests (>=2.13.0)", "six (>=1.10.0)", "azure-nspkg (>=2.0.0)", "nose (>=1.3.7); extra == 'tests'", "mock (>=2.0.0); extra == 'tests'"], "version": "0.0.7"}, "index_url": "https://pypi.org/simple", "package_name": "azure-kusto-data", "package_version": "0.0.7", "package_version_requested": "0.0.7", "sha256": ["415c5c587f1d7b62ad2374564e44d3bcb93f0e56987e5e76cba7c99f1f1d3307", "75c635fd8eab8d6dc39a60e74fd867fec4a846aa99134acaf0583ef0d2aa9970"]}], "unparsed": [], "unresolved": []}}