{"metadata": {"analyzer": "thoth-solver", "analyzer_version": "1.4.1", "arguments": {"python": {"exclude_packages": null, "index": "https://pypi.org/simple", "no_pretty": false, "no_transitive": true, "output": "http://result-api/api/v1/solver-result", "requirements": "django-waffle==0.7.1", "virtualenv": "/home/solver/venv"}, "thoth-solver": {"verbose": false}}, "datetime": "2019-12-27T16:40:25.617702", "distribution": {"codename": "", "id": "fedora", "like": "", "version": "31", "version_parts": {"build_number": "", "major": "31", "minor": ""}}, "document_id": "solver-fedora-31-py37-032429be", "duration": 3, "hostname": "solver-fedora-31-py37-032429be-mst8q", "os_release": {"id": "fedora", "name": "Fedora", "platform_id": "platform:f31", "redhat_bugzilla_product": "Fedora", "redhat_bugzilla_product_version": "31", "redhat_support_product": "Fedora", "redhat_support_product_version": "31", "variant_id": "container", "version": "31 (Container Image)", "version_id": "31"}, "python": {"api_version": 1013, "implementation_name": "cpython", "major": 3, "micro": 5, "minor": 7, "releaselevel": "final", "serial": 0}, "thoth_deployment_name": "thoth-psi-stage", "timestamp": 1577464825}, "result": {"environment": {"implementation_name": "cpython", "implementation_version": "3.7.5", "os_name": "posix", "platform_machine": "x86_64", "platform_python_implementation": "CPython", "platform_release": "3.10.0-957.21.2.el7.x86_64", "platform_system": "Linux", "platform_version": "#1 SMP Tue May 28 09:26:43 UTC 2019", "python_full_version": "3.7.5", "python_version": "3.7", "sys_platform": "linux"}, "environment_packages": [{"package_name": "pipdeptree", "package_version": "0.13.2"}], "errors": [], "tree": [{"dependencies": [], "importlib_metadata": {"entry_points": [], "files": [{"hash": {"mode": "sha256", "value": "zuuue4knoyJ-UwPPXg8fezS7VCrXJQrAP7zeNuwvFQg"}, "path": "django_waffle-0.7.1.dist-info/INSTALLER", "size": 4}, {"hash": {"mode": "sha256", "value": "jv5RlxES2k6MMUyrAa6BqofDRek6V6WvTIBz4wQ-r4k"}, "path": "django_waffle-0.7.1.dist-info/LICENSE", "size": 1522}, {"hash": {"mode": "sha256", "value": "_mW7zI54tTz-0ZnC5bT6mbZxX_2cksRZjvEHWxWRICU"}, "path": "django_waffle-0.7.1.dist-info/METADATA", "size": 12460}, {"hash": null, "path": "django_waffle-0.7.1.dist-info/RECORD", "size": null}, {"hash": {"mode": "sha256", "value": "wYBY2EO50FhAcckpWmO3c3Zwk2MALACx6lPAl6gVKnE"}, "path": "django_waffle-0.7.1.dist-info/WHEEL", "size": 93}, {"hash": {"mode": "sha256", "value": "Gn-NSXsVQ1UKCn1DMlWkWVBAV3hT8ROwdYnY5RDIekM"}, "path": "django_waffle-0.7.1.dist-info/top_level.txt", "size": 7}, {"hash": {"mode": "sha256", "value": "S59nFJd8utV-fyryE0mJmS9sHZn-cZPfvCKaxZ0mZ5w"}, "path": "waffle/__init__.py", "size": 5225}, {"hash": null, "path": "waffle/__pycache__/__init__.cpython-37.pyc", "size": null}, {"hash": null, "path": "waffle/__pycache__/admin.cpython-37.pyc", "size": null}, {"hash": null, "path": "waffle/__pycache__/decorators.cpython-37.pyc", "size": null}, {"hash": null, "path": "waffle/__pycache__/helpers.cpython-37.pyc", "size": null}, {"hash": null, "path": "waffle/__pycache__/middleware.cpython-37.pyc", "size": null}, {"hash": null, "path": "waffle/__pycache__/models.cpython-37.pyc", "size": null}, {"hash": null, "path": "waffle/__pycache__/views.cpython-37.pyc", "size": null}, {"hash": {"mode": "sha256", "value": "I8vThYDfkad5123-fWr3V_hTi8e3fbdCleKmUXRWbgc"}, "path": "waffle/admin.py", "size": 1304}, {"hash": {"mode": "sha256", "value": "S9-qth56uTTfmndf8HeTZeXpReews2YObXQVgFTKqic"}, "path": "waffle/decorators.py", "size": 1221}, {"hash": {"mode": "sha256", "value": "EVkNLW6pk0zh4yDksNys2tXTXO5VldmX1hyl5PfsgGo"}, "path": "waffle/helpers.py", "size": 343}, {"hash": {"mode": "sha256", "value": "oKzhGy02hb6PFupwP5qX13oJ--_8cBr9cFyN_QXax14"}, "path": "waffle/middleware.py", "size": 864}, {"hash": {"mode": "sha256", "value": "-FaznIOSiXe80RccjeJ_oapUuYLv1-e3M9BwQDsiqgk"}, "path": "waffle/migrations/0001_initial.py", "size": 7447}, {"hash": {"mode": "sha256", "value": "g1DcAwQzPU0rOXWZkS9fIZLILR6ycsItFCc820cZ19c"}, "path": "waffle/migrations/0002_auto__add_sample.py", "size": 5809}, {"hash": {"mode": "sha256", "value": "JYWRc1nLcSdHF88QiQdLjcu4GRK9otzjiMa2m0HJLQQ"}, "path": "waffle/migrations/0003_auto__add_field_flag_note__add_field_switch_note__add_field_sample_not.py", "size": 6356}, {"hash": {"mode": "sha256", "value": "47DEQpj8HBSa-_TImW-5JCeuQeRkm5NMpJWZG3hSuFU"}, "path": "waffle/migrations/__init__.py", "size": 0}, {"hash": null, "path": "waffle/migrations/__pycache__/0001_initial.cpython-37.pyc", "size": null}, {"hash": null, "path": "waffle/migrations/__pycache__/0002_auto__add_sample.cpython-37.pyc", "size": null}, {"hash": null, "path": "waffle/migrations/__pycache__/0003_auto__add_field_flag_note__add_field_switch_note__add_field_sample_not.cpython-37.pyc", "size": null}, {"hash": null, "path": "waffle/migrations/__pycache__/__init__.cpython-37.pyc", "size": null}, {"hash": {"mode": "sha256", "value": "pEuE4o5L8miDi4fTOMzlKnjNul7ctHnl827La5Paszo"}, "path": "waffle/models.py", "size": 2732}, {"hash": {"mode": "sha256", "value": "47DEQpj8HBSa-_TImW-5JCeuQeRkm5NMpJWZG3hSuFU"}, "path": "waffle/templatetags/__init__.py", "size": 0}, {"hash": null, "path": "waffle/templatetags/__pycache__/__init__.cpython-37.pyc", "size": null}, {"hash": {"mode": "sha256", "value": "EnD0kLuZrxP-Mlonq496Z7gWUA6ep_rpKcvCnKpiCxg"}, "path": "waffle/templatetags/waffle_tags.py", "size": 2856}, {"hash": {"mode": "sha256", "value": "47DEQpj8HBSa-_TImW-5JCeuQeRkm5NMpJWZG3hSuFU"}, "path": "waffle/tests/__init__.py", "size": 0}, {"hash": null, "path": "waffle/tests/__pycache__/__init__.cpython-37.pyc", "size": null}, {"hash": null, "path": "waffle/tests/__pycache__/test_decorators.cpython-37.pyc", "size": null}, {"hash": null, "path": "waffle/tests/__pycache__/test_middleware.cpython-37.pyc", "size": null}, {"hash": null, "path": "waffle/tests/__pycache__/test_templates.cpython-37.pyc", "size": null}, {"hash": null, "path": "waffle/tests/__pycache__/test_views.cpython-37.pyc", "size": null}, {"hash": null, "path": "waffle/tests/__pycache__/test_waffle.cpython-37.pyc", "size": null}, {"hash": {"mode": "sha256", "value": "n0CcrWAXPUFcU3vfKkOWA8jd1WKLlKxZiTeOdEw4Oco"}, "path": "waffle/tests/test_decorators.py", "size": 1160}, {"hash": {"mode": "sha256", "value": "Igf4XIJQhJkBz3ZXSLaAObEuD-9W5nHy9Qq_ekugFYM"}, "path": "waffle/tests/test_middleware.py", "size": 1265}, {"hash": {"mode": "sha256", "value": "-K14EvZ1EMnGStE0RYJsYYDxN3RtDxsxWGNtXD90W2g"}, "path": "waffle/tests/test_templates.py", "size": 1002}, {"hash": {"mode": "sha256", "value": "6QoZZfTYvbdYhN36DGjxZCGXpTEkdzwQL_DLDkOZMrI"}, "path": "waffle/tests/test_views.py", "size": 382}, {"hash": {"mode": "sha256", "value": "CYS8vfSGJMwMmqxGqAbi0UZmw2OWiA56P4zb_IeVdJ4"}, "path": "waffle/tests/test_waffle.py", "size": 7692}, {"hash": {"mode": "sha256", "value": "SdiMC31Jjls1J_dM20Tq9t74ZPOSlhss9l64LG4C6II"}, "path": "waffle/views.py", "size": 1324}], "metadata": {"Author": "James Socol", "Author-email": "james.socol@gmail.com", "Classifier": ["Development Status :: 4 - Beta", "Environment :: Web Environment", "Framework :: Django", "Intended Audience :: Developers", "License :: OSI Approved :: BSD License", "Operating System :: OS Independent", "Programming Language :: Python", "Topic :: Software Development :: Libraries :: Python Modules"], "Home-page": "http://github.com/jsocol/django-waffle", "License": "BSD", "Metadata-Version": "2.1", "Name": "django-waffle", "Platform": ["UNKNOWN"], "Summary": "A feature flipper for Django.", "Version": "0.7.1"}, "requires": null, "version": "0.7.1"}, "index_url": "https://pypi.org/simple", "package_name": "django-waffle", "package_version": "0.7.1", "package_version_requested": "0.7.1", "sha256": ["671e19cd430c6dca65a3ab82d8b9eb9f9023ba615f725c58bafa41ec4f08e4ba"]}], "unparsed": [], "unresolved": []}}