{"metadata": {"analyzer": "thoth-solver", "analyzer_version": "1.4.1", "arguments": {"python": {"exclude_packages": null, "index": "https://pypi.org/simple", "no_pretty": false, "no_transitive": true, "output": "http://result-api/api/v1/solver-result", "requirements": "addict==0.0.5", "virtualenv": "/home/solver/venv"}, "thoth-solver": {"verbose": false}}, "datetime": "2019-12-27T17:20:40.005405", "distribution": {"codename": "", "id": "fedora", "like": "", "version": "31", "version_parts": {"build_number": "", "major": "31", "minor": ""}}, "document_id": "solver-fedora-31-py37-020c35db", "duration": 2, "hostname": "solver-fedora-31-py37-020c35db-f67th", "os_release": {"id": "fedora", "name": "Fedora", "platform_id": "platform:f31", "redhat_bugzilla_product": "Fedora", "redhat_bugzilla_product_version": "31", "redhat_support_product": "Fedora", "redhat_support_product_version": "31", "variant_id": "container", "version": "31 (Container Image)", "version_id": "31"}, "python": {"api_version": 1013, "implementation_name": "cpython", "major": 3, "micro": 5, "minor": 7, "releaselevel": "final", "serial": 0}, "thoth_deployment_name": "thoth-psi-stage", "timestamp": 1577467240}, "result": {"environment": {"implementation_name": "cpython", "implementation_version": "3.7.5", "os_name": "posix", "platform_machine": "x86_64", "platform_python_implementation": "CPython", "platform_release": "3.10.0-957.21.2.el7.x86_64", "platform_system": "Linux", "platform_version": "#1 SMP Tue May 28 09:26:43 UTC 2019", "python_full_version": "3.7.5", "python_version": "3.7", "sys_platform": "linux"}, "environment_packages": [{"package_name": "pipdeptree", "package_version": "0.13.2"}], "errors": [], "tree": [{"dependencies": [], "importlib_metadata": {"entry_points": [], "files": [{"hash": {"mode": "sha256", "value": "zuuue4knoyJ-UwPPXg8fezS7VCrXJQrAP7zeNuwvFQg"}, "path": "addict-0.0.5.dist-info/INSTALLER", "size": 4}, {"hash": {"mode": "sha256", "value": "jSKg126NPyNQ-eViZlrw_KkDJI_uGFRFDFXhEqLDEjk"}, "path": "addict-0.0.5.dist-info/METADATA", "size": 772}, {"hash": null, "path": "addict-0.0.5.dist-info/RECORD", "size": null}, {"hash": {"mode": "sha256", "value": "wYBY2EO50FhAcckpWmO3c3Zwk2MALACx6lPAl6gVKnE"}, "path": "addict-0.0.5.dist-info/WHEEL", "size": 93}, {"hash": {"mode": "sha256", "value": "GGfQKsz1N-bSRYzNpyp8GY8uAEqh3SWaXRbAnBUKjHA"}, "path": "addict-0.0.5.dist-info/top_level.txt", "size": 7}, {"hash": {"mode": "sha256", "value": "fdc4tHAgKSUFNwtLbhs4dYrhBX6YUWuEuusd5il2uSw"}, "path": "addict/__init__.py", "size": 193}, {"hash": null, "path": "addict/__pycache__/__init__.cpython-37.pyc", "size": null}, {"hash": null, "path": "addict/__pycache__/addict.cpython-37.pyc", "size": null}, {"hash": {"mode": "sha256", "value": "K6-FO0YelXDDYbJG2mdU2AOpPrJEZeLi7r59kI_8M9o"}, "path": "addict/addict.py", "size": 4649}], "metadata": {"Author": "Mats Julian Olsen", "Author-email": "mats@plysjbyen.net", "Classifier": ["Programming Language :: Python", "Programming Language :: Python :: 2.7", "Programming Language :: Python :: 3", "Programming Language :: Python :: 3.3", "Programming Language :: Python :: 3.4", "License :: OSI Approved :: MIT License", "Operating System :: OS Independent", "Intended Audience :: Developers", "Topic :: Software Development :: Libraries :: Python Modules", "Development Status :: 3"], "Home-page": "https://github.com/mewwts/addict", "License": "UNKNOWN", "Metadata-Version": "2.1", "Name": "addict", "Platform": ["UNKNOWN"], "Summary": "A Python Dict whos keys can be set both using attribute and item syntax", "Version": "0.0.5"}, "requires": null, "version": "0.0.5"}, "index_url": "https://pypi.org/simple", "package_name": "addict", "package_version": "0.0.5", "package_version_requested": "0.0.5", "sha256": ["2a44465824662de0b91e5c654bec6bc0fadf13c9bdd2574877906d10f69589ad"]}], "unparsed": [], "unresolved": []}}