{"metadata": {"analyzer": "thoth-solver", "analyzer_version": "1.4.1", "arguments": {"python": {"exclude_packages": null, "index": "https://pypi.org/simple", "no_pretty": false, "no_transitive": true, "output": "http://result-api/api/v1/solver-result", "requirements": "tableauserverclient==0.9", "virtualenv": "/home/solver/venv"}, "thoth-solver": {"verbose": false}}, "datetime": "2019-12-27T16:34:29.999402", "distribution": {"codename": "", "id": "fedora", "like": "", "version": "31", "version_parts": {"build_number": "", "major": "31", "minor": ""}}, "document_id": "solver-fedora-31-py37-0147c2c8", "duration": 2, "hostname": "solver-fedora-31-py37-0147c2c8-sph78", "os_release": {"id": "fedora", "name": "Fedora", "platform_id": "platform:f31", "redhat_bugzilla_product": "Fedora", "redhat_bugzilla_product_version": "31", "redhat_support_product": "Fedora", "redhat_support_product_version": "31", "variant_id": "container", "version": "31 (Container Image)", "version_id": "31"}, "python": {"api_version": 1013, "implementation_name": "cpython", "major": 3, "micro": 5, "minor": 7, "releaselevel": "final", "serial": 0}, "thoth_deployment_name": "thoth-psi-stage", "timestamp": 1577464469}, "result": {"environment": {"implementation_name": "cpython", "implementation_version": "3.7.5", "os_name": "posix", "platform_machine": "x86_64", "platform_python_implementation": "CPython", "platform_release": "3.10.0-957.21.2.el7.x86_64", "platform_system": "Linux", "platform_version": "#1 SMP Tue May 28 09:26:43 UTC 2019", "python_full_version": "3.7.5", "python_version": "3.7", "sys_platform": "linux"}, "environment_packages": [{"package_name": "pipdeptree", "package_version": "0.13.2"}], "errors": [], "tree": [{"dependencies": [{"extra": [], "extras": [], "marker": null, "marker_evaluated": null, "marker_evaluation_error": null, "marker_evaluation_result": true, "normalized_package_name": "requests", "package_name": "requests", "resolved_versions": [{"index": "https://pypi.org/simple", "versions": ["2.11.0", "2.11.1", "2.12.0", "2.12.1", "2.12.2", "2.12.3", "2.12.4", "2.12.5", "2.13.0", "2.14.0", "2.14.1", "2.14.2", "2.15.0", "2.15.1", "2.16.0", "2.16.1", "2.16.2", "2.16.3", "2.16.4", "2.16.5", "2.17.0", "2.17.1", "2.17.2", "2.17.3", "2.18.0", "2.18.1", "2.18.2", "2.18.3", "2.18.4", "2.19.0", "2.19.1", "2.20.0", "2.20.1", "2.21.0", "2.22.0"]}], "specifier": "<3.0,>=2.11"}, {"extra": [], "extras": [], "marker": null, "marker_evaluated": null, "marker_evaluation_error": null, "marker_evaluation_result": true, "normalized_package_name": "urllib3", "package_name": "urllib3", "resolved_versions": [{"index": "https://pypi.org/simple", "versions": ["1.24.3"]}], "specifier": "==1.24.3"}], "importlib_metadata": {"entry_points": [], "files": [{"hash": {"mode": "sha256", "value": "zuuue4knoyJ-UwPPXg8fezS7VCrXJQrAP7zeNuwvFQg"}, "path": "tableauserverclient-0.9.dist-info/INSTALLER", "size": 4}, {"hash": {"mode": "sha256", "value": "POG1S6fq2CpC1x_hmUHmrsWXNAFmCnXN-NJpjQIMiO8"}, "path": "tableauserverclient-0.9.dist-info/LICENSE", "size": 1074}, {"hash": {"mode": "sha256", "value": "OYaGozOXk7bUNSm1z577iDYpti8a40XIqqR4lyQ47D8"}, "path": "tableauserverclient-0.9.dist-info/LICENSE.versioneer", "size": 334}, {"hash": {"mode": "sha256", "value": "Gk3doEZenq_8CwpcKtWUeDax3E78m3uTfhsfO_eCMRs"}, "path": "tableauserverclient-0.9.dist-info/METADATA", "size": 354}, {"hash": null, "path": "tableauserverclient-0.9.dist-info/RECORD", "size": null}, {"hash": {"mode": "sha256", "value": "h_aVn5OB2IERUjMbi2pucmR_zzWJtk303YXvhh60NJ8"}, "path": "tableauserverclient-0.9.dist-info/WHEEL", "size": 110}, {"hash": {"mode": "sha256", "value": "kBnL39G2RlGqxJSsShDBWG4WZ3NFcWJkv1EGiOfZh4Q"}, "path": "tableauserverclient-0.9.dist-info/top_level.txt", "size": 20}, {"hash": {"mode": "sha256", "value": "wRWCvQgJveRw5CCGwHIVKVARXm8Hlh5aKysTGCYDJLw"}, "path": "tableauserverclient/__init__.py", "size": 845}, {"hash": null, "path": "tableauserverclient/__pycache__/__init__.cpython-37.pyc", "size": null}, {"hash": null, "path": "tableauserverclient/__pycache__/_version.cpython-37.pyc", "size": null}, {"hash": null, "path": "tableauserverclient/__pycache__/datetime_helpers.cpython-37.pyc", "size": null}, {"hash": null, "path": "tableauserverclient/__pycache__/filesys_helpers.cpython-37.pyc", "size": null}, {"hash": null, "path": "tableauserverclient/__pycache__/namespace.cpython-37.pyc", "size": null}, {"hash": {"mode": "sha256", "value": "cZsKSIR4tADr9xr0NnNKclSFM-Mj_CINkOL1UFZNbNY"}, "path": "tableauserverclient/_version.py", "size": 495}, {"hash": {"mode": "sha256", "value": "ekWOuipsNPL3qZEzwYOKGyvrplg0scAIof730dwsT1c"}, "path": "tableauserverclient/datetime_helpers.py", "size": 689}, {"hash": {"mode": "sha256", "value": "WTx1zyLZ0Zje6q-1s8QQ8MpQ5V6-Y-wGCCRZSsvkHug"}, "path": "tableauserverclient/filesys_helpers.py", "size": 195}, {"hash": {"mode": "sha256", "value": "BNjRheV3cbRhQq_7NplNyYp42jBmfI0tu414BA8Pavw"}, "path": "tableauserverclient/models/__init__.py", "size": 1094}, {"hash": null, "path": "tableauserverclient/models/__pycache__/__init__.cpython-37.pyc", "size": null}, {"hash": null, "path": "tableauserverclient/models/__pycache__/column_item.cpython-37.pyc", "size": null}, {"hash": null, "path": "tableauserverclient/models/__pycache__/connection_credentials.cpython-37.pyc", "size": null}, {"hash": null, "path": "tableauserverclient/models/__pycache__/connection_item.cpython-37.pyc", "size": null}, {"hash": null, "path": "tableauserverclient/models/__pycache__/database_item.cpython-37.pyc", "size": null}, {"hash": null, "path": "tableauserverclient/models/__pycache__/datasource_item.cpython-37.pyc", "size": null}, {"hash": null, "path": "tableauserverclient/models/__pycache__/exceptions.cpython-37.pyc", "size": null}, {"hash": null, "path": "tableauserverclient/models/__pycache__/fileupload_item.cpython-37.pyc", "size": null}, {"hash": null, "path": "tableauserverclient/models/__pycache__/flow_item.cpython-37.pyc", "size": null}, {"hash": null, "path": "tableauserverclient/models/__pycache__/group_item.cpython-37.pyc", "size": null}, {"hash": null, "path": "tableauserverclient/models/__pycache__/interval_item.cpython-37.pyc", "size": null}, {"hash": null, "path": "tableauserverclient/models/__pycache__/job_item.cpython-37.pyc", "size": null}, {"hash": null, "path": "tableauserverclient/models/__pycache__/pagination_item.cpython-37.pyc", "size": null}, {"hash": null, "path": "tableauserverclient/models/__pycache__/permissions_item.cpython-37.pyc", "size": null}, {"hash": null, "path": "tableauserverclient/models/__pycache__/personal_access_token_auth.cpython-37.pyc", "size": null}, {"hash": null, "path": "tableauserverclient/models/__pycache__/project_item.cpython-37.pyc", "size": null}, {"hash": null, "path": "tableauserverclient/models/__pycache__/property_decorators.cpython-37.pyc", "size": null}, {"hash": null, "path": "tableauserverclient/models/__pycache__/reference_item.cpython-37.pyc", "size": null}, {"hash": null, "path": "tableauserverclient/models/__pycache__/schedule_item.cpython-37.pyc", "size": null}, {"hash": null, "path": "tableauserverclient/models/__pycache__/server_info_item.cpython-37.pyc", "size": null}, {"hash": null, "path": "tableauserverclient/models/__pycache__/site_item.cpython-37.pyc", "size": null}, {"hash": null, "path": "tableauserverclient/models/__pycache__/subscription_item.cpython-37.pyc", "size": null}, {"hash": null, "path": "tableauserverclient/models/__pycache__/table_item.cpython-37.pyc", "size": null}, {"hash": null, "path": "tableauserverclient/models/__pycache__/tableau_auth.cpython-37.pyc", "size": null}, {"hash": null, "path": "tableauserverclient/models/__pycache__/tag_item.cpython-37.pyc", "size": null}, {"hash": null, "path": "tableauserverclient/models/__pycache__/target.cpython-37.pyc", "size": null}, {"hash": null, "path": "tableauserverclient/models/__pycache__/task_item.cpython-37.pyc", "size": null}, {"hash": null, "path": "tableauserverclient/models/__pycache__/user_item.cpython-37.pyc", "size": null}, {"hash": null, "path": "tableauserverclient/models/__pycache__/view_item.cpython-37.pyc", "size": null}, {"hash": null, "path": "tableauserverclient/models/__pycache__/workbook_item.cpython-37.pyc", "size": null}, {"hash": {"mode": "sha256", "value": "35B5FU4uKciQBIziI5N3wuZ6qLn2cv0hgdqBLYkwgUU"}, "path": "tableauserverclient/models/column_item.py", "size": 1918}, {"hash": {"mode": "sha256", "value": "Pc2O7DA-ZLATC5NSQec83CdChYrI0MKW5Fg6B4aX248"}, "path": "tableauserverclient/models/connection_credentials.py", "size": 1317}, {"hash": {"mode": "sha256", "value": "4x73aMA795SfQe8rvCsoq_DxcasG1KeoEebjQzre3Ww"}, "path": "tableauserverclient/models/connection_item.py", "size": 3437}, {"hash": {"mode": "sha256", "value": "bk_hW5qnYWl_Z06JCcNWF-aq5uUES5ORfbVbi7ePjY4"}, "path": "tableauserverclient/models/database_item.py", "size": 7508}, {"hash": {"mode": "sha256", "value": "7BR2nIP5fdlsdRz7X3N_Vx7U3i4PUgNlDsfS2KwKH1A"}, "path": "tableauserverclient/models/datasource_item.py", "size": 6371}, {"hash": {"mode": "sha256", "value": "pQu5DS4jNMT9A0wEBWv2vANAQU1vgNpFatVr8sGE4zk"}, "path": "tableauserverclient/models/exceptions.py", "size": 105}, {"hash": {"mode": "sha256", "value": "IxByXV-gTeRznpYOkVtDbI7XENbXvqDR9OAd-hXbtJI"}, "path": "tableauserverclient/models/fileupload_item.py", "size": 730}, {"hash": {"mode": "sha256", "value": "xODpMN-E-qhuCYzlv2dBSE9q0B7SKGeY4kbUeY5P4Go"}, "path": "tableauserverclient/models/flow_item.py", "size": 5295}, {"hash": {"mode": "sha256", "value": "goUnNAIP8tYIxkRWU62uslHR4VPfB3T2eAXwevihaKI"}, "path": "tableauserverclient/models/group_item.py", "size": 1882}, {"hash": {"mode": "sha256", "value": "gm0mXOjej8QN0toOHBkdCQ0w66nvMHGHb2SDmolvb-g"}, "path": "tableauserverclient/models/interval_item.py", "size": 5033}, {"hash": {"mode": "sha256", "value": "gEh2jVUp5Ag2vrGeU0hFIUVuRkXgT7O5afgTMuBtvMk"}, "path": "tableauserverclient/models/job_item.py", "size": 4500}, {"hash": {"mode": "sha256", "value": "rM88nkXyYQDy8NKtIo7O8lYI3EkqsaEBqFJE3g8sMFQ"}, "path": "tableauserverclient/models/pagination_item.py", "size": 967}, {"hash": {"mode": "sha256", "value": "sMVq7QnGz4_E2xp1bU5Nc_eEFeRLBBORamnmJ2EfuZo"}, "path": "tableauserverclient/models/permissions_item.py", "size": 3030}, {"hash": {"mode": "sha256", "value": "a3UQ5FNNV-gafl4nbshk8O49a86ZvWs8s4hn0qgcw9A"}, "path": "tableauserverclient/models/personal_access_token_auth.py", "size": 503}, {"hash": {"mode": "sha256", "value": "7FunyMrSYyVjdr-Gu3baLYWoSylLT488WZtSoXU2Ei0"}, "path": "tableauserverclient/models/project_item.py", "size": 4590}, {"hash": {"mode": "sha256", "value": "E9LBxXyY1-2wmyJUPp3RKRI2fyq371dufSDQPMwKSSw"}, "path": "tableauserverclient/models/property_decorators.py", "size": 4893}, {"hash": {"mode": "sha256", "value": "JTcNcCZFKoEIqa5pG4gvf7IZ2auZ-wq8rOJ9qbsCH1o"}, "path": "tableauserverclient/models/reference_item.py", "size": 404}, {"hash": {"mode": "sha256", "value": "XvsQR63LGvRjZOzHBi6mkg3jgFQdPv7sFjfT0b5fbc0"}, "path": "tableauserverclient/models/schedule_item.py", "size": 8484}, {"hash": {"mode": "sha256", "value": "wmALBD20_DHaxwoTSw2vpPLuNcyAZS0ln9E7m-fF-WY"}, "path": "tableauserverclient/models/server_info_item.py", "size": 1042}, {"hash": {"mode": "sha256", "value": "pFcYQL8m72QuIIBKMtVE54TIbLzopTVfbWNg2N12BFk"}, "path": "tableauserverclient/models/site_item.py", "size": 9938}, {"hash": {"mode": "sha256", "value": "7qNcENImxO0k1KIhC6eOaeDzAGDr6jQ0ww2ewetZqHQ"}, "path": "tableauserverclient/models/subscription_item.py", "size": 1964}, {"hash": {"mode": "sha256", "value": "BwcUlfEZuT8nwdXUU-VPaj63BA47-GdppgfW4odyFbo"}, "path": "tableauserverclient/models/table_item.py", "size": 4061}, {"hash": {"mode": "sha256", "value": "J7HNrxJe5tqSgzJXNVGFvqmyurpyxQSw51FGYinaEys"}, "path": "tableauserverclient/models/tableau_auth.py", "size": 1119}, {"hash": {"mode": "sha256", "value": "nMuExMozvpiFzjI314m-9cemLnThKuXzv-F8NoURAY4"}, "path": "tableauserverclient/models/tag_item.py", "size": 509}, {"hash": {"mode": "sha256", "value": "416arur15zzllILXa2Qfz8wTHww4KEIF12prFYUwlto"}, "path": "tableauserverclient/models/target.py", "size": 265}, {"hash": {"mode": "sha256", "value": "BSmg_sHvnrzdr6GeGsLVqa7ymaYEtU0R8BXMy9j6j-w"}, "path": "tableauserverclient/models/task_item.py", "size": 2114}, {"hash": {"mode": "sha256", "value": "BK8CCvKdrwWD8QX7CWQvXY7l3tmR0ke0_tCZx8ilhhs"}, "path": "tableauserverclient/models/user_item.py", "size": 5642}, {"hash": {"mode": "sha256", "value": "fgHTw9kfzmwvChLPQDfLuKJC4LT644PKnwUDd2R2GUs"}, "path": "tableauserverclient/models/view_item.py", "size": 4770}, {"hash": {"mode": "sha256", "value": "TD9X8G48qtue3Vy50Blod5pUitBhS4xBc_EncShI7fk"}, "path": "tableauserverclient/models/workbook_item.py", "size": 9618}, {"hash": {"mode": "sha256", "value": "-JyPhE89MjCKFEch4K4bqgNhyHIQQ4DF5hi-IhBBlbA"}, "path": "tableauserverclient/namespace.py", "size": 967}, {"hash": {"mode": "sha256", "value": "YfhEQkmv4fCy1O0r_Oem7BlZu4SO_03BetTLIxfLomM"}, "path": "tableauserverclient/server/__init__.py", "size": 797}, {"hash": null, "path": "tableauserverclient/server/__pycache__/__init__.cpython-37.pyc", "size": null}, {"hash": null, "path": "tableauserverclient/server/__pycache__/exceptions.cpython-37.pyc", "size": null}, {"hash": null, "path": "tableauserverclient/server/__pycache__/filter.cpython-37.pyc", "size": null}, {"hash": null, "path": "tableauserverclient/server/__pycache__/pager.cpython-37.pyc", "size": null}, {"hash": null, "path": "tableauserverclient/server/__pycache__/request_factory.cpython-37.pyc", "size": null}, {"hash": null, "path": "tableauserverclient/server/__pycache__/request_options.cpython-37.pyc", "size": null}, {"hash": null, "path": "tableauserverclient/server/__pycache__/server.cpython-37.pyc", "size": null}, {"hash": null, "path": "tableauserverclient/server/__pycache__/sort.cpython-37.pyc", "size": null}, {"hash": {"mode": "sha256", "value": "TxxT4LueGgxgaVR2X3iT-_JHSH5io6uYwq7OSpSCxJI"}, "path": "tableauserverclient/server/endpoint/__init__.py", "size": 788}, {"hash": null, "path": "tableauserverclient/server/endpoint/__pycache__/__init__.cpython-37.pyc", "size": null}, {"hash": null, "path": "tableauserverclient/server/endpoint/__pycache__/auth_endpoint.cpython-37.pyc", "size": null}, {"hash": null, "path": "tableauserverclient/server/endpoint/__pycache__/databases_endpoint.cpython-37.pyc", "size": null}, {"hash": null, "path": "tableauserverclient/server/endpoint/__pycache__/datasources_endpoint.cpython-37.pyc", "size": null}, {"hash": null, "path": "tableauserverclient/server/endpoint/__pycache__/default_permissions_endpoint.cpython-37.pyc", "size": null}, {"hash": null, "path": "tableauserverclient/server/endpoint/__pycache__/endpoint.cpython-37.pyc", "size": null}, {"hash": null, "path": "tableauserverclient/server/endpoint/__pycache__/exceptions.cpython-37.pyc", "size": null}, {"hash": null, "path": "tableauserverclient/server/endpoint/__pycache__/fileuploads_endpoint.cpython-37.pyc", "size": null}, {"hash": null, "path": "tableauserverclient/server/endpoint/__pycache__/flows_endpoint.cpython-37.pyc", "size": null}, {"hash": null, "path": "tableauserverclient/server/endpoint/__pycache__/groups_endpoint.cpython-37.pyc", "size": null}, {"hash": null, "path": "tableauserverclient/server/endpoint/__pycache__/jobs_endpoint.cpython-37.pyc", "size": null}, {"hash": null, "path": "tableauserverclient/server/endpoint/__pycache__/metadata_endpoint.cpython-37.pyc", "size": null}, {"hash": null, "path": "tableauserverclient/server/endpoint/__pycache__/permissions_endpoint.cpython-37.pyc", "size": null}, {"hash": null, "path": "tableauserverclient/server/endpoint/__pycache__/projects_endpoint.cpython-37.pyc", "size": null}, {"hash": null, "path": "tableauserverclient/server/endpoint/__pycache__/resource_tagger.cpython-37.pyc", "size": null}, {"hash": null, "path": "tableauserverclient/server/endpoint/__pycache__/schedules_endpoint.cpython-37.pyc", "size": null}, {"hash": null, "path": "tableauserverclient/server/endpoint/__pycache__/server_info_endpoint.cpython-37.pyc", "size": null}, {"hash": null, "path": "tableauserverclient/server/endpoint/__pycache__/sites_endpoint.cpython-37.pyc", "size": null}, {"hash": null, "path": "tableauserverclient/server/endpoint/__pycache__/subscriptions_endpoint.cpython-37.pyc", "size": null}, {"hash": null, "path": "tableauserverclient/server/endpoint/__pycache__/tables_endpoint.cpython-37.pyc", "size": null}, {"hash": null, "path": "tableauserverclient/server/endpoint/__pycache__/tasks_endpoint.cpython-37.pyc", "size": null}, {"hash": null, "path": "tableauserverclient/server/endpoint/__pycache__/users_endpoint.cpython-37.pyc", "size": null}, {"hash": null, "path": "tableauserverclient/server/endpoint/__pycache__/views_endpoint.cpython-37.pyc", "size": null}, {"hash": null, "path": "tableauserverclient/server/endpoint/__pycache__/workbooks_endpoint.cpython-37.pyc", "size": null}, {"hash": {"mode": "sha256", "value": "cyPuHsresL8TJ4HBk8hSKQYlOIOocOtzYuB9DoWcj8o"}, "path": "tableauserverclient/server/endpoint/auth_endpoint.py", "size": 2151}, {"hash": {"mode": "sha256", "value": "WTd5BwZhv0eOt67CRlXtsalcGEQnwKPgx6GbAhd9Fy8"}, "path": "tableauserverclient/server/endpoint/databases_endpoint.py", "size": 4417}, {"hash": {"mode": "sha256", "value": "-vi2j8JaTxLmNghuNLzgb4liiYtoCYKpp5psKN1o5QI"}, "path": "tableauserverclient/server/endpoint/datasources_endpoint.py", "size": 11213}, {"hash": {"mode": "sha256", "value": "KTKwqd2yFwiahPmHO-iss45HZuEs2CukZw20MY72oPg"}, "path": "tableauserverclient/server/endpoint/default_permissions_endpoint.py", "size": 3405}, {"hash": {"mode": "sha256", "value": "G9Csa9pli5vt14Jp880osESEgV7eCNZLxXLMwHPvTuc"}, "path": "tableauserverclient/server/endpoint/endpoint.py", "size": 6253}, {"hash": {"mode": "sha256", "value": "X66gRDyr4mJvm4QnSR-Foo3ADGI6EQ1q32DCUZPti8o"}, "path": "tableauserverclient/server/endpoint/exceptions.py", "size": 1569}, {"hash": {"mode": "sha256", "value": "5eMK3ENngW5uAuA667n3H22Dp1SyVbnRKl9f3IdHuR4"}, "path": "tableauserverclient/server/endpoint/fileuploads_endpoint.py", "size": 2526}, {"hash": {"mode": "sha256", "value": "aV4nxvyRVUgLOuU-5Z57FHVLi3waBYN2GVPwLzBfYPU"}, "path": "tableauserverclient/server/endpoint/flows_endpoint.py", "size": 9589}, {"hash": {"mode": "sha256", "value": "YA1K5yr1G_j6B0StAeRSRpTGwy-TABGwLL3qEenP2nI"}, "path": "tableauserverclient/server/endpoint/groups_endpoint.py", "size": 4625}, {"hash": {"mode": "sha256", "value": "9QirCtLBsrwXHlXK3r7idZC3h-PHTzdHwu512YY5nVI"}, "path": "tableauserverclient/server/endpoint/jobs_endpoint.py", "size": 1811}, {"hash": {"mode": "sha256", "value": "h5925Y4sictyd5BymSe5qC8IL-m9yegYvK_NTgxy9KI"}, "path": "tableauserverclient/server/endpoint/metadata_endpoint.py", "size": 1006}, {"hash": {"mode": "sha256", "value": "JoxhpLHxhl5sROYQskMDze66E0GLNy-JTjaAVVkORXU"}, "path": "tableauserverclient/server/endpoint/permissions_endpoint.py", "size": 3375}, {"hash": {"mode": "sha256", "value": "qmYNwAeA3uVQJ-0IpzqPuiwCZxNJzq54ocikOUv2Zak"}, "path": "tableauserverclient/server/endpoint/projects_endpoint.py", "size": 4592}, {"hash": {"mode": "sha256", "value": "ythfj2f6jdRp0z_ZeQUydZW2qnpyPRIV9pLJTrNdrik"}, "path": "tableauserverclient/server/endpoint/resource_tagger.py", "size": 2092}, {"hash": {"mode": "sha256", "value": "HaJj5smNJgzypLQtRi1Gp5gUJ2pPtuBVwsaOL0BWK7Q"}, "path": "tableauserverclient/server/endpoint/schedules_endpoint.py", "size": 4004}, {"hash": {"mode": "sha256", "value": "Jf6odW3VatqPVR2O6G-Y6RnCNYEVB2z0fiT4O2G-DSw"}, "path": "tableauserverclient/server/endpoint/server_info_endpoint.py", "size": 949}, {"hash": {"mode": "sha256", "value": "SaszCr6BAIM-UMzhc_F2AIbknj8b14IT7XqIotM0Egk"}, "path": "tableauserverclient/server/endpoint/sites_endpoint.py", "size": 4417}, {"hash": {"mode": "sha256", "value": "YevJR3CDUWEOt_bN-EE4TYv54re8goWJcwzoxe4w8js"}, "path": "tableauserverclient/server/endpoint/subscriptions_endpoint.py", "size": 2299}, {"hash": {"mode": "sha256", "value": "3lK5BDPXfbOHP8J8qrzVOT9JoB66V7EYHSfQRWrcPD4"}, "path": "tableauserverclient/server/endpoint/tables_endpoint.py", "size": 4534}, {"hash": {"mode": "sha256", "value": "bfdEF5TRzG_dYAtDieQWx-UdrYeXaHxxBtMxv0G0bl0"}, "path": "tableauserverclient/server/endpoint/tasks_endpoint.py", "size": 1738}, {"hash": {"mode": "sha256", "value": "qJ4J9h-7tpFj39us2FYvUpvJiLOIoq7rRmHNLrR5JYw"}, "path": "tableauserverclient/server/endpoint/users_endpoint.py", "size": 3815}, {"hash": {"mode": "sha256", "value": "kU680Vh57VA5Dg9K2gWaBD88wAfglyuw22xbGlzHrNI"}, "path": "tableauserverclient/server/endpoint/views_endpoint.py", "size": 4673}, {"hash": {"mode": "sha256", "value": "-ihHKyuPX1jjSAqXB9tmw6PUzTAg2De7KbiQRGrHYFE"}, "path": "tableauserverclient/server/endpoint/workbooks_endpoint.py", "size": 14145}, {"hash": {"mode": "sha256", "value": "xgSr3HcDdq8T-gmVUWAFuyTVzj72YVLd9NTzSBtrw6c"}, "path": "tableauserverclient/server/exceptions.py", "size": 44}, {"hash": {"mode": "sha256", "value": "vRFZw1Sy9Kh6kIXL9SI60MuI8hHDTC1l7p_iEEaD0k8"}, "path": "tableauserverclient/server/filter.py", "size": 865}, {"hash": {"mode": "sha256", "value": "J7qKWcyLoy7trCh0jgnJPiT2NcWftDZCHqz8sslm_CA"}, "path": "tableauserverclient/server/pager.py", "size": 2747}, {"hash": {"mode": "sha256", "value": "evBohGVgT2wdzncjAgMHEJic0wTPnJAAVgDnQpB9-ik"}, "path": "tableauserverclient/server/request_factory.py", "size": 26292}, {"hash": {"mode": "sha256", "value": "DrHpVeIqA7kquhkqFdXe88bxfNvq1goVl-lLnFmgs10"}, "path": "tableauserverclient/server/request_options.py", "size": 4890}, {"hash": {"mode": "sha256", "value": "ptalxBlmyJLeuVMDGnkOG92_HbbMRrE81SAOTLdhNHM"}, "path": "tableauserverclient/server/server.py", "size": 4862}, {"hash": {"mode": "sha256", "value": "BqnaObV6BVoJLgsHzKeB9WHb83fekYXNYTfFq8J3AC0"}, "path": "tableauserverclient/server/sort.py", "size": 208}], "metadata": {"Author": "Tableau", "Author-email": "github@tableau.com", "Home-page": "https://github.com/tableau/server-client-python", "License": "MIT", "Metadata-Version": "2.1", "Name": "tableauserverclient", "Platform": ["UNKNOWN"], "Requires-Dist": ["requests (<3.0,>=2.11)", "urllib3 (==1.24.3)"], "Summary": "A Python module for working with the Tableau Server REST API.", "Version": "0.9"}, "requires": ["requests (<3.0,>=2.11)", "urllib3 (==1.24.3)"], "version": "0.9"}, "index_url": "https://pypi.org/simple", "package_name": "tableauserverclient", "package_version": "0.9", "package_version_requested": "0.9", "sha256": ["4e2f28dc7ed8897b14f91b7789d80023b86d7d5efeecd773b0a8f5a3c642502e", "444eafec1550cc847dbc6bf86cac9669678c0d47e4f33092d6814fee326ba9fd"]}], "unparsed": [], "unresolved": []}}