{"metadata": {"analyzer": "thoth-solver", "analyzer_version": "1.4.1", "arguments": {"python": {"exclude_packages": null, "index": "https://pypi.org/simple", "no_pretty": false, "no_transitive": true, "output": "http://result-api/api/v1/solver-result", "requirements": "manuel==1.4.1", "virtualenv": "/home/solver/venv"}, "thoth-solver": {"verbose": false}}, "datetime": "2019-12-26T16:35:09.962266", "distribution": {"codename": "", "id": "fedora", "like": "", "version": "31", "version_parts": {"build_number": "", "major": "31", "minor": ""}}, "document_id": "solver-fedora-31-py37-0245e4a0", "duration": 3, "hostname": "solver-fedora-31-py37-0245e4a0-st4sz", "os_release": {"id": "fedora", "name": "Fedora", "platform_id": "platform:f31", "redhat_bugzilla_product": "Fedora", "redhat_bugzilla_product_version": "31", "redhat_support_product": "Fedora", "redhat_support_product_version": "31", "variant_id": "container", "version": "31 (Container Image)", "version_id": "31"}, "python": {"api_version": 1013, "implementation_name": "cpython", "major": 3, "micro": 5, "minor": 7, "releaselevel": "final", "serial": 0}, "thoth_deployment_name": "thoth-psi-stage", "timestamp": 1577378109}, "result": {"environment": {"implementation_name": "cpython", "implementation_version": "3.7.5", "os_name": "posix", "platform_machine": "x86_64", "platform_python_implementation": "CPython", "platform_release": "3.10.0-957.21.2.el7.x86_64", "platform_system": "Linux", "platform_version": "#1 SMP Tue May 28 09:26:43 UTC 2019", "python_full_version": "3.7.5", "python_version": "3.7", "sys_platform": "linux"}, "environment_packages": [{"package_name": "pipdeptree", "package_version": "0.13.2"}], "errors": [], "tree": [{"dependencies": [{"extra": [], "extras": [], "marker": null, "marker_evaluated": null, "marker_evaluation_error": null, "marker_evaluation_result": true, "normalized_package_name": "setuptools", "package_name": "setuptools", "resolved_versions": [{"index": "https://pypi.org/simple", "versions": ["0.7.2", "0.7.3", "0.7.4", "0.7.5", "0.7.6", "0.7.7", "0.7.8", "0.8", "0.9", "0.9.1", "0.9.2", "0.9.3", "0.9.4", "0.9.5", "0.9.6", "0.9.7", "0.9.8", "1.0", "1.1", "1.1.1", "1.1.2", "1.1.3", "1.1.4", "1.1.5", "1.1.6", "1.1.7", "1.2", "1.3", "1.3.1", "1.3.2", "1.4", "1.4.1", "1.4.2", "10.0", "10.0.1", "10.1", "10.2", "10.2.1", "11.0", "11.1", "11.2", "11.3", "11.3.1", "12.0", "12.0.1", "12.0.2", "12.0.3", "12.0.4", "12.0.5", "12.1", "12.2", "12.3", "12.4", "13.0", "13.0.1", "13.0.2", "14.0", "14.1", "14.1.1", "14.2", "14.3", "14.3.1", "15.0", "15.1", "15.2", "16.0", "17.0", "17.1", "17.1.1", "18.0", "18.0.1", "18.1", "18.2", "18.3", "18.3.1", "18.3.2", "18.4", "18.5", "18.6", "18.6.1", "18.7", "18.7.1", "18.8", "18.8.1", "19.0", "19.1", "19.1.1", "19.2", "19.3", "19.4", "19.4.1", "19.5", "19.6", "19.6.1", "19.6.2", "19.7", "2.0", "2.0.1", "2.0.2", "2.1", "2.1.1", "2.1.2", "2.2", "20.0", "20.1", "20.1.1", "20.10.1", "20.2.2", "20.3", "20.3.1", "20.4", "20.6.6", "20.6.7", "20.6.8", "20.7.0", "20.8.0", "20.8.1", "20.9.0", "21.0.0", "21.1.0", "21.2.0", "21.2.1", "21.2.2", "22.0.0", "22.0.1", "22.0.2", "22.0.4", "22.0.5", "23.0.0", "23.1.0", "23.2.0", "23.2.1", "24.0.0", "24.0.1", "24.0.2", "24.0.3", "24.1.0", "24.1.1", "24.2.0", "24.2.1", "24.3.0", "24.3.1", "25.0.0", "25.0.1", "25.0.2", "25.1.0", "25.1.1", "25.1.2", "25.1.3", "25.1.4", "25.1.5", "25.1.6", "25.2.0", "25.3.0", "25.4.0", "26.0.0", "26.1.0", "26.1.1", "27.0.0", "27.1.0", "27.1.2", "27.2.0", "27.3.0", "27.3.1", "28.0.0", "28.1.0", "28.2.0", "28.3.0", "28.4.0", "28.5.0", "28.6.0", "28.6.1", "28.7.0", "28.7.1", "28.8.0", "28.8.1", "29.0.0", "29.0.1", "3.0", "3.0.1", "3.0.2", "3.1", "3.2", "3.3", "3.4", "3.4.1", "3.4.2", "3.4.3", "3.4.4", "3.5", "3.5.1", "3.5.2", "3.6", "3.7", "3.7.1", "3.8", "3.8.1", "30.0.0", "30.1.0", "30.2.0", "30.2.1", "30.3.0", "30.4.0", "31.0.0", "31.0.1", "32.0.0", "32.1.0", "32.1.1", "32.1.2", "32.1.3", "32.2.0", "32.3.0", "32.3.1", "33.1.0", "33.1.1", "34.0.0", "34.0.1", "34.0.2", "34.0.3", "34.1.0", "34.1.1", "34.2.0", "34.3.0", "34.3.1", "34.3.2", "34.3.3", "34.4.0", "34.4.1", "35.0.0", "35.0.1", "35.0.2", "36.0.1", "36.1.0", "36.1.1", "36.2.0", "36.2.1", "36.2.2", "36.2.3", "36.2.4", "36.2.5", "36.2.6", "36.2.7", "36.3.0", "36.4.0", "36.5.0", "36.6.0", "36.6.1", "36.7.0", "36.7.1", "36.7.2", "36.8.0", "37.0.0", "38.0.0", "38.1.0", "38.2.0", "38.2.1", "38.2.3", "38.2.4", "38.2.5", "38.3.0", "38.4.0", "38.4.1", "38.5.0", "38.5.1", "38.5.2", "38.6.0", "38.6.1", "38.7.0", "39.0.0", "39.0.1", "39.1.0", "39.2.0", "4.0", "4.0.1", "40.0.0", "40.1.0", "40.1.1", "40.2.0", "40.3.0", "40.4.0", "40.4.1", "40.4.2", "40.4.3", "40.5.0", "40.6.0", "40.6.1", "40.6.2", "40.6.3", "40.7.0", "40.7.1", "40.7.2", "40.7.3", "40.8.0", "40.9.0", "41.0.0", "41.0.1", "41.1.0", "41.2.0", "41.3.0", "41.4.0", "41.5.0", "41.5.1", "41.6.0", "42.0.0", "42.0.1", "42.0.2", "5.0", "5.0.1", "5.0.2", "5.1", "5.2", "5.3", "5.4", "5.4.1", "5.4.2", "5.5", "5.5.1", "5.6", "5.7", "5.8", "6.0.1", "6.0.2", "6.1", "7.0", "8.0", "8.0.1", "8.0.2", "8.0.3", "8.0.4", "8.1", "8.2", "8.2.1", "8.3", "9.0", "9.0.1", "9.1"]}], "specifier": null}, {"extra": [], "extras": [], "marker": null, "marker_evaluated": null, "marker_evaluation_error": null, "marker_evaluation_result": true, "normalized_package_name": "zope-testrunner", "package_name": "zope.testrunner", "resolved_versions": [{"index": "https://pypi.org/simple", "versions": ["4.0.0", "4.0.1", "4.0.2", "4.0.3", "4.0.4", "4.1.0", "4.1.1", "4.2.0", "4.3.0", "4.3.1", "4.3.2", "4.3.3", "4.4.0", "4.4.1", "4.4.10", "4.4.2", "4.4.3", "4.4.4", "4.4.5", "4.4.6", "4.4.7", "4.4.8", "4.4.9", "4.5.0", "4.5.1", "4.6.0", "4.7.0", "4.8.0", "4.8.1", "4.9", "4.9.1", "4.9.2", "5.0", "5.1"]}], "specifier": null}, {"extra": ["tests"], "extras": [], "marker": "extra == \"tests\"", "marker_evaluated": "python_version >= \"0.0\"", "marker_evaluation_error": null, "marker_evaluation_result": true, "normalized_package_name": "zope-testing", "package_name": "zope.testing", "resolved_versions": [{"index": "https://pypi.org/simple", "versions": ["3.0", "3.10.0", "3.10.1", "3.10.2", "3.10.3", "3.4", "3.5.0", "3.5.1", "3.5.3", "3.5.4", "3.5.5", "3.5.6", "3.6.0", "3.7.0", "3.7.1", "3.7.2", "3.7.3", "3.7.4", "3.7.5", "3.7.6", "3.7.7", "3.8.0", "3.8.1", "3.8.2", "3.8.3", "3.8.4", "3.8.5", "3.8.6", "3.8.7", "3.9.0", "3.9.1", "3.9.2", "3.9.3", "3.9.4", "3.9.5", "3.9.6", "3.9.7", "4.0.0", "4.1.0", "4.1.0dev-r124241", "4.1.1", "4.1.2", "4.1.3", "4.2.0", "4.3.0", "4.4.0", "4.4.1", "4.5.0", "4.6.0", "4.6.1", "4.6.2", "4.7"]}], "specifier": null}], "importlib_metadata": {"entry_points": [], "files": [{"hash": {"mode": "sha256", "value": "zuuue4knoyJ-UwPPXg8fezS7VCrXJQrAP7zeNuwvFQg"}, "path": "manuel-1.4.1.dist-info/INSTALLER", "size": 4}, {"hash": {"mode": "sha256", "value": "PmcdsR32h1FswdtbPWXkqjg-rKPCDOo_r1Og9zNdCjw"}, "path": "manuel-1.4.1.dist-info/LICENSE.txt", "size": 2070}, {"hash": {"mode": "sha256", "value": "-axAYLl7gFLJixO0sDKS_ra_cCQMJ6epLBt2fjJ_X-Q"}, "path": "manuel-1.4.1.dist-info/METADATA", "size": 4118}, {"hash": null, "path": "manuel-1.4.1.dist-info/RECORD", "size": null}, {"hash": {"mode": "sha256", "value": "wYBY2EO50FhAcckpWmO3c3Zwk2MALACx6lPAl6gVKnE"}, "path": "manuel-1.4.1.dist-info/WHEEL", "size": 93}, {"hash": {"mode": "sha256", "value": "-jLN1SOpeSiG5kGi7WNJCW7wnMlhGK0ktus1XiD9oqY"}, "path": "manuel-1.4.1.dist-info/top_level.txt", "size": 7}, {"hash": {"mode": "sha256", "value": "Q__zd9QMyD1pLaeyvbGoshexJ9cOWpx_IOxZwjMhY4U"}, "path": "manuel/README.txt", "size": 19688}, {"hash": {"mode": "sha256", "value": "fXIwhKSMBfa06QrS6fbJT_uIiijP_g2pFdAIBLazjKI"}, "path": "manuel/__init__.py", "size": 11414}, {"hash": null, "path": "manuel/__pycache__/__init__.cpython-37.pyc", "size": null}, {"hash": null, "path": "manuel/__pycache__/capture.cpython-37.pyc", "size": null}, {"hash": null, "path": "manuel/__pycache__/doctest.cpython-37.pyc", "size": null}, {"hash": null, "path": "manuel/__pycache__/footnote.cpython-37.pyc", "size": null}, {"hash": null, "path": "manuel/__pycache__/ignore.cpython-37.pyc", "size": null}, {"hash": null, "path": "manuel/__pycache__/isolation.cpython-37.pyc", "size": null}, {"hash": null, "path": "manuel/__pycache__/testcase.cpython-37.pyc", "size": null}, {"hash": null, "path": "manuel/__pycache__/testing.cpython-37.pyc", "size": null}, {"hash": null, "path": "manuel/__pycache__/tests.cpython-37.pyc", "size": null}, {"hash": {"mode": "sha256", "value": "24DH2kk_Mw30vB1KyhxECI1VHkisXfq60Ev3Ivn5QD8"}, "path": "manuel/bugs.txt", "size": 4362}, {"hash": {"mode": "sha256", "value": "IzASqCzgtq7gOArObpShMlSsxPAy9SdRa4Tywr2RDRg"}, "path": "manuel/capture.py", "size": 3133}, {"hash": {"mode": "sha256", "value": "fVJs7ShcFf3t1cQKNOIRc7BCqEEgfPUjknBOpOVIWR8"}, "path": "manuel/capture.txt", "size": 1778}, {"hash": {"mode": "sha256", "value": "hMl9eYfNz5JpRJ2ZN7TtL6JIvNgoPw49EmmAN4vk8hU"}, "path": "manuel/codeblock.py", "size": 1094}, {"hash": {"mode": "sha256", "value": "2qrWJ49vPiUbUIqZZ-w6zCdxRZqfgPsFIyhvcQr8c-k"}, "path": "manuel/doctest.py", "size": 3521}, {"hash": {"mode": "sha256", "value": "L6l4IEqQkpRPqRCnYiH2bd1uU_iExpXpClvVbM4mPas"}, "path": "manuel/footnote.py", "size": 2539}, {"hash": {"mode": "sha256", "value": "z63geDd0I0r97vYGBZvCMhbLmbaIgMchZjHpDz1jjF4"}, "path": "manuel/ignore.py", "size": 508}, {"hash": {"mode": "sha256", "value": "D4e_JfP1m9b8MhyVF4szuxyDSZhK8Zgqn37IjuRr_6I"}, "path": "manuel/isolation.py", "size": 1122}, {"hash": {"mode": "sha256", "value": "QaG2wCK3ketWhOxH-ri9-LNjaY9O_79sSWvAyzLvGBc"}, "path": "manuel/table-example.txt", "size": 9527}, {"hash": {"mode": "sha256", "value": "KDia1kZ8nrx9FUvfWd2Fq_DAConL1VdeKqx2g_4tSx4"}, "path": "manuel/testcase.py", "size": 1402}, {"hash": {"mode": "sha256", "value": "WIDr_m2DivvelTQQVyTOFWaPsDb6hDS2BEAAluui0sY"}, "path": "manuel/testing.py", "size": 5750}, {"hash": {"mode": "sha256", "value": "V7z4U6SJmQ5jeOUNYjoq5lbB_eKRCZZixS36oF2Ms3E"}, "path": "manuel/tests.py", "size": 1848}], "metadata": {"Author": "Benji York", "Author-email": "benji@benjiyork.com", "Home-page": "http://pypi.python.org/pypi/manuel", "License": "ZPL", "Metadata-Version": "2.1", "Name": "manuel", "Platform": ["UNKNOWN"], "Provides-Extra": ["tests"], "Requires-Dist": ["setuptools", "zope.testrunner", "zope.testing ; extra == 'tests'"], "Summary": "Manuel lets you build tested documentation.", "Version": "1.4.1"}, "requires": ["setuptools", "zope.testrunner", "zope.testing ; extra == 'tests'"], "version": "1.4.1"}, "index_url": "https://pypi.org/simple", "package_name": "manuel", "package_version": "1.4.1", "package_version_requested": "1.4.1", "sha256": ["603e1358611a99744564ca94693f31b396ef29425730043d648cdcd4647e5b1e"]}], "unparsed": [], "unresolved": []}}