{"metadata": {"analyzer": "thoth-solver", "analyzer_version": "1.4.1", "arguments": {"python": {"exclude_packages": null, "index": "https://pypi.org/simple", "no_pretty": false, "no_transitive": true, "output": "http://result-api/api/v1/solver-result", "requirements": "dash==0.17.8rc2", "virtualenv": "/home/solver/venv"}, "thoth-solver": {"verbose": false}}, "datetime": "2019-12-27T16:33:37.184439", "distribution": {"codename": "", "id": "fedora", "like": "", "version": "31", "version_parts": {"build_number": "", "major": "31", "minor": ""}}, "document_id": "solver-fedora-31-py37-0123c8ea", "duration": 3, "hostname": "solver-fedora-31-py37-0123c8ea-97tm9", "os_release": {"id": "fedora", "name": "Fedora", "platform_id": "platform:f31", "redhat_bugzilla_product": "Fedora", "redhat_bugzilla_product_version": "31", "redhat_support_product": "Fedora", "redhat_support_product_version": "31", "variant_id": "container", "version": "31 (Container Image)", "version_id": "31"}, "python": {"api_version": 1013, "implementation_name": "cpython", "major": 3, "micro": 5, "minor": 7, "releaselevel": "final", "serial": 0}, "thoth_deployment_name": "thoth-psi-stage", "timestamp": 1577464417}, "result": {"environment": {"implementation_name": "cpython", "implementation_version": "3.7.5", "os_name": "posix", "platform_machine": "x86_64", "platform_python_implementation": "CPython", "platform_release": "3.10.0-957.21.2.el7.x86_64", "platform_system": "Linux", "platform_version": "#1 SMP Tue May 28 09:26:43 UTC 2019", "python_full_version": "3.7.5", "python_version": "3.7", "sys_platform": "linux"}, "environment_packages": [{"package_name": "pipdeptree", "package_version": "0.13.2"}], "errors": [], "tree": [{"dependencies": [{"extra": [], "extras": [], "marker": null, "marker_evaluated": null, "marker_evaluation_error": null, "marker_evaluation_result": true, "normalized_package_name": "flask", "package_name": "Flask", "resolved_versions": [{"index": "https://pypi.org/simple", "versions": ["0.12", "0.12.1", "0.12.2", "0.12.3", "0.12.4", "1.0", "1.0.1", "1.0.2", "1.0.3", "1.0.4", "1.1.0", "1.1.1"]}], "specifier": ">=0.12"}, {"extra": [], "extras": [], "marker": null, "marker_evaluated": null, "marker_evaluation_error": null, "marker_evaluation_result": true, "normalized_package_name": "flask-compress", "package_name": "flask-compress", "resolved_versions": [{"index": "https://pypi.org/simple", "versions": ["0.10.0", "0.9", "1.0.0", "1.0.1", "1.0.2", "1.1.0", "1.1.1", "1.2.0", "1.2.1", "1.3.0", "1.3.1", "1.3.2", "1.4.0"]}], "specifier": null}, {"extra": [], "extras": [], "marker": null, "marker_evaluated": null, "marker_evaluation_error": null, "marker_evaluation_result": true, "normalized_package_name": "flask-seasurf", "package_name": "flask-seasurf", "resolved_versions": [{"index": "https://pypi.org/simple", "versions": ["0.1", "0.1.1", "0.1.11", "0.1.12", "0.1.13", "0.1.14", "0.1.15", "0.1.16", "0.1.17", "0.1.18", "0.1.19", "0.1.2", "0.1.20", "0.1.21", "0.1.22", "0.1.3", "0.1.4", "0.1.6", "0.1.7", "0.1.8", "0.1.9", "0.2.0", "0.2.1", "0.2.2"]}], "specifier": null}, {"extra": [], "extras": [], "marker": null, "marker_evaluated": null, "marker_evaluation_error": null, "marker_evaluation_result": true, "normalized_package_name": "plotly", "package_name": "plotly", "resolved_versions": [{"index": "https://pypi.org/simple", "versions": ["0.2", "0.3", "0.4", "0.5", "0.5.1", "0.5.10", "0.5.11", "0.5.12", "0.5.13", "0.5.2", "0.5.3", "0.5.4", "0.5.5", "0.5.6", "0.5.7", "0.5.8", "0.5.9", "1.0.0", "1.0.1", "1.0.10", "1.0.11", "1.0.12", "1.0.13", "1.0.14", "1.0.15", "1.0.16", "1.0.17", "1.0.18", "1.0.19", "1.0.2", "1.0.20", "1.0.21", "1.0.22", "1.0.23", "1.0.24", "1.0.25", "1.0.26", "1.0.27", "1.0.28", "1.0.29", "1.0.3", "1.0.30", "1.0.31", "1.0.32", "1.0.33", "1.0.34", "1.0.4", "1.0.5", "1.0.6", "1.0.7", "1.0.8", "1.0.9", "1.1.0", "1.1.1", "1.1.2", "1.1.3", "1.1.4", "1.10.0", "1.11.0", "1.12.0", "1.12.1", "1.12.10", "1.12.11", "1.12.12", "1.12.2", "1.12.3", "1.12.4", "1.12.5", "1.12.6", "1.12.7", "1.12.8", "1.12.9", "1.13.0", "1.2.0", "1.2.1", "1.2.2", "1.2.3", "1.2.4", "1.2.6", "1.2.7", "1.2.8", "1.2.9", "1.3.0", "1.3.1", "1.3.2", "1.4.0", "1.4.1", "1.4.10", "1.4.11", "1.4.12", "1.4.13", "1.4.14", "1.4.2", "1.4.3", "1.4.4", "1.4.5", "1.4.7", "1.4.9", "1.5.0", "1.6.10", "1.6.11", "1.6.12", "1.6.13", "1.6.14", "1.6.15", "1.6.16", "1.6.17", "1.6.18", "1.6.19", "1.6.4", "1.6.6", "1.6.7", "1.6.8", "1.6.9", "1.7.0", "1.7.1", "1.7.2", "1.7.3", "1.7.4", "1.7.5", "1.7.6", "1.7.7", "1.7.9", "1.8.0", "1.8.1", "1.8.11", "1.8.12", "1.8.2", "1.8.3", "1.8.4", "1.8.5", "1.8.6", "1.8.8", "1.9.0", "1.9.1", "1.9.10", "1.9.11", "1.9.12", "1.9.13", "1.9.2", "1.9.3", "1.9.4", "1.9.5", "1.9.6", "1.9.7", "1.9.8", "1.9.9", "2.0.0", "2.0.1", "2.0.10", "2.0.11", "2.0.12", "2.0.13", "2.0.14", "2.0.15", "2.0.16", "2.0.2", "2.0.5", "2.0.6", "2.0.7", "2.0.8", "2.0.9", "2.1.0", "2.2.0", "2.2.1", "2.2.2", "2.2.3", "2.3.0", "2.4.0", "2.4.1", "2.5.0", "2.5.1", "2.6.0", "2.7.0", "3.0.0", "3.0.2", "3.1.0", "3.1.1", "3.10.0", "3.2.0", "3.2.1", "3.3.0", "3.4.0", "3.4.1", "3.4.2", "3.5.0", "3.6.0", "3.6.1", "3.7.0", "3.7.1", "3.8.0", "3.8.1", "3.9.0", "4.0.0", "4.1.0", "4.1.1", "4.2.0", "4.2.1", "4.3.0", "4.4.0", "4.4.1"]}], "specifier": null}], "importlib_metadata": {"entry_points": [], "files": [{"hash": {"mode": "sha256", "value": "zuuue4knoyJ-UwPPXg8fezS7VCrXJQrAP7zeNuwvFQg"}, "path": "dash-0.17.8rc2.dist-info/INSTALLER", "size": 4}, {"hash": {"mode": "sha256", "value": "dj6YC-mpAHDYT-iGLmEh5XDdKatKNBE51TFFI_x7opY"}, "path": "dash-0.17.8rc2.dist-info/METADATA", "size": 3522}, {"hash": null, "path": "dash-0.17.8rc2.dist-info/RECORD", "size": null}, {"hash": {"mode": "sha256", "value": "wYBY2EO50FhAcckpWmO3c3Zwk2MALACx6lPAl6gVKnE"}, "path": "dash-0.17.8rc2.dist-info/WHEEL", "size": 93}, {"hash": {"mode": "sha256", "value": "-DWUFs7b9LRL0cq3G3kbQSHjszdIGHxTDnAgevh8Pzk"}, "path": "dash-0.17.8rc2.dist-info/top_level.txt", "size": 5}, {"hash": {"mode": "sha256", "value": "D2VOxYpimWdKh4GHGrzwi9dupBO2hD3Dda3SUH0tIdc"}, "path": "dash/__init__.py", "size": 82}, {"hash": null, "path": "dash/__pycache__/__init__.cpython-37.pyc", "size": null}, {"hash": null, "path": "dash/__pycache__/authentication.cpython-37.pyc", "size": null}, {"hash": null, "path": "dash/__pycache__/dash.cpython-37.pyc", "size": null}, {"hash": null, "path": "dash/__pycache__/dependencies.cpython-37.pyc", "size": null}, {"hash": null, "path": "dash/__pycache__/exceptions.cpython-37.pyc", "size": null}, {"hash": null, "path": "dash/__pycache__/plotly_api.cpython-37.pyc", "size": null}, {"hash": null, "path": "dash/__pycache__/resources.cpython-37.pyc", "size": null}, {"hash": null, "path": "dash/__pycache__/version.cpython-37.pyc", "size": null}, {"hash": {"mode": "sha256", "value": "47DEQpj8HBSa-_TImW-5JCeuQeRkm5NMpJWZG3hSuFU"}, "path": "dash/authentication.py", "size": 0}, {"hash": {"mode": "sha256", "value": "WVnHz7J3zGurRxl8p-KJC9xNNxJ7R8VozsvP2hX1uBE"}, "path": "dash/dash.py", "size": 20217}, {"hash": {"mode": "sha256", "value": "-un988Us9JilW8duThEv5XAz_eW43rNrGSwFjrEAKxY"}, "path": "dash/dependencies.py", "size": 658}, {"hash": {"mode": "sha256", "value": "-dRK_shSGu76sZka7VR3EdbfFA0Uw_JMoj1W2LCn8hk"}, "path": "dash/development/__init__.py", "size": 60}, {"hash": null, "path": "dash/development/__pycache__/__init__.cpython-37.pyc", "size": null}, {"hash": null, "path": "dash/development/__pycache__/base_component.cpython-37.pyc", "size": null}, {"hash": null, "path": "dash/development/__pycache__/component_loader.cpython-37.pyc", "size": null}, {"hash": {"mode": "sha256", "value": "imMHhyw2Nn1qJl1ayi9FYSvUFnFs4iefbbWqYmznBew"}, "path": "dash/development/base_component.py", "size": 14027}, {"hash": {"mode": "sha256", "value": "aI3A7aFYwcyAZwLExFgTeS09DVX_FD_0ozJ-cDdNieE"}, "path": "dash/development/component_loader.py", "size": 1517}, {"hash": {"mode": "sha256", "value": "eUNiLXt0Sl9Jqt1Mmyn_sF5HTQ8BdbQoeHlp78ryTuk"}, "path": "dash/exceptions.py", "size": 634}, {"hash": {"mode": "sha256", "value": "2heyFw3Lr7eA3F1tc-IjSLVAfo5Nzdxgqj9dqAdiT5M"}, "path": "dash/plotly_api.py", "size": 1365}, {"hash": {"mode": "sha256", "value": "C8Tn1XsJkWniz7tSvdgdK_H_C1yTvLzeFd6Qq0Axbhw"}, "path": "dash/resources.py", "size": 4131}, {"hash": {"mode": "sha256", "value": "3A4RaDLH3jzWgi3IUEXqUxhUn-etH1vTozDiazti8Ps"}, "path": "dash/version.py", "size": 26}], "metadata": {"Author": "chris p", "Author-email": "chris@plot.ly", "Classifier": ["Development Status :: 5 - Production/Stable", "Environment :: Web Environment", "Framework :: Flask", "Intended Audience :: Developers", "Intended Audience :: Education", "Intended Audience :: Financial and Insurance Industry", "Intended Audience :: Healthcare Industry", "Intended Audience :: Manufacturing", "Intended Audience :: Science/Research", "License :: OSI Approved :: MIT License", "Programming Language :: Python :: 2.7", "Programming Language :: Python :: 3.3", "Programming Language :: Python :: 3.4", "Programming Language :: Python :: 3.5", "Programming Language :: Python :: 3.6", "Topic :: Database :: Front-Ends", "Topic :: Office/Business :: Financial :: Spreadsheet", "Topic :: Scientific/Engineering :: Visualization", "Topic :: Software Development :: Libraries :: Application Frameworks", "Topic :: Software Development :: Widget Sets"], "Home-page": "https://plot.ly/dash", "License": "MIT", "Metadata-Version": "2.1", "Name": "dash", "Platform": ["UNKNOWN"], "Requires-Dist": ["Flask (>=0.12)", "flask-compress", "flask-seasurf", "plotly"], "Summary": "A Python framework for building reactive web-apps. Developed by Plotly.", "Version": "0.17.8rc2"}, "requires": ["Flask (>=0.12)", "flask-compress", "flask-seasurf", "plotly"], "version": "0.17.8rc2"}, "index_url": "https://pypi.org/simple", "package_name": "dash", "package_version": "0.17.8rc2", "package_version_requested": "0.17.8rc2", "sha256": ["a2c30adf6f819d07a2b0dd915cd0b715141d0f15172c1b2ff4ca9bb16ef98f81"]}], "unparsed": [], "unresolved": []}}