{"metadata": {"analyzer": "thoth-solver", "analyzer_version": "1.4.1", "arguments": {"python": {"exclude_packages": null, "index": "https://pypi.org/simple", "no_pretty": false, "no_transitive": true, "output": "http://result-api/api/v1/solver-result", "requirements": "humanfriendly==3.1", "virtualenv": "/home/solver/venv"}, "thoth-solver": {"verbose": false}}, "datetime": "2019-12-24T16:51:35.186065", "distribution": {"codename": "", "id": "fedora", "like": "", "version": "31", "version_parts": {"build_number": "", "major": "31", "minor": ""}}, "document_id": "solver-fedora-31-py37-034d1988", "duration": 2, "hostname": "solver-fedora-31-py37-034d1988-lw2dj", "os_release": {"id": "fedora", "name": "Fedora", "platform_id": "platform:f31", "redhat_bugzilla_product": "Fedora", "redhat_bugzilla_product_version": "31", "redhat_support_product": "Fedora", "redhat_support_product_version": "31", "variant_id": "container", "version": "31 (Container Image)", "version_id": "31"}, "python": {"api_version": 1013, "implementation_name": "cpython", "major": 3, "micro": 5, "minor": 7, "releaselevel": "final", "serial": 0}, "thoth_deployment_name": "thoth-psi-stage", "timestamp": 1577206295}, "result": {"environment": {"implementation_name": "cpython", "implementation_version": "3.7.5", "os_name": "posix", "platform_machine": "x86_64", "platform_python_implementation": "CPython", "platform_release": "3.10.0-957.21.2.el7.x86_64", "platform_system": "Linux", "platform_version": "#1 SMP Tue May 28 09:26:43 UTC 2019", "python_full_version": "3.7.5", "python_version": "3.7", "sys_platform": "linux"}, "environment_packages": [{"package_name": "pipdeptree", "package_version": "0.13.2"}], "errors": [], "tree": [{"dependencies": [{"extra": [], "extras": [], "marker": "python_version == \"2.6\" or python_version == \"2.7\" or python_version == \"3.0\" or python_version == \"3.1\" or python_version == \"3.2\"", "marker_evaluated": "python_version == \"2.6\" or python_version == \"2.7\" or python_version == \"3.0\" or python_version == \"3.1\" or python_version == \"3.2\"", "marker_evaluation_error": null, "marker_evaluation_result": false, "normalized_package_name": "monotonic", "package_name": "monotonic", "resolved_versions": [{"index": "https://pypi.org/simple", "versions": ["0.1", "0.2", "0.3", "0.4", "0.5", "0.6", "1.0", "1.1", "1.2", "1.3", "1.4", "1.5"]}], "specifier": null}, {"extra": [], "extras": [], "marker": "python_version == \"2.6\" or python_version == \"3.0\"", "marker_evaluated": "python_version == \"2.6\" or python_version == \"3.0\"", "marker_evaluation_error": null, "marker_evaluation_result": false, "normalized_package_name": "importlib", "package_name": "importlib", "resolved_versions": [{"index": "https://pypi.org/simple", "versions": ["1.0", "1.0.1", "1.0.2", "1.0.3", "1.0.4"]}], "specifier": null}], "importlib_metadata": {"entry_points": [{"group": "console_scripts", "name": "humanfriendly", "value": "humanfriendly.cli:main"}], "files": [{"hash": {"mode": "sha256", "value": "AbgAC2fBZqtd5VvAO3k4dmrJSAL9A2Q5NanNha5y8Mk"}, "path": "../../../bin/humanfriendly", "size": 229}, {"hash": {"mode": "sha256", "value": "20GUHMAfQeMeM5dDwCGPq8AXgOHEzpGeIb-fjKt5Ra4"}, "path": "humanfriendly-3.1.dist-info/DESCRIPTION.rst", "size": 6009}, {"hash": {"mode": "sha256", "value": "zuuue4knoyJ-UwPPXg8fezS7VCrXJQrAP7zeNuwvFQg"}, "path": "humanfriendly-3.1.dist-info/INSTALLER", "size": 4}, {"hash": {"mode": "sha256", "value": "yz7NP4PkLGfmCXy2TN29Nz5FVCQJeucR6IwjEKzMbxI"}, "path": "humanfriendly-3.1.dist-info/METADATA", "size": 7931}, {"hash": null, "path": "humanfriendly-3.1.dist-info/RECORD", "size": null}, {"hash": {"mode": "sha256", "value": "o2k-Qa-RMNIJmUdIc7KU6VWR_ErNRbWNlxDIpl7lm34"}, "path": "humanfriendly-3.1.dist-info/WHEEL", "size": 110}, {"hash": {"mode": "sha256", "value": "hU-ADsGls3mgf3plBt9B-oYLCtBDQiUJZ00khuAoqXc"}, "path": "humanfriendly-3.1.dist-info/entry_points.txt", "size": 58}, {"hash": {"mode": "sha256", "value": "SE9hz_ib2V_FO7lk5z-kaoQdEjJvK4NPsKoQ4aOp6Ag"}, "path": "humanfriendly-3.1.dist-info/metadata.json", "size": 2174}, {"hash": {"mode": "sha256", "value": "7eKAKhckmlD4ZoWJkWmhnTs1pnP_bzF-56VTq0D7WIo"}, "path": "humanfriendly-3.1.dist-info/top_level.txt", "size": 14}, {"hash": {"mode": "sha256", "value": "oCkLAKPwTl0mkmFyCr0NrcHtX_QDGQPOH2idP8wKonc"}, "path": "humanfriendly/__init__.py", "size": 37399}, {"hash": null, "path": "humanfriendly/__pycache__/__init__.cpython-37.pyc", "size": null}, {"hash": null, "path": "humanfriendly/__pycache__/cli.cpython-37.pyc", "size": null}, {"hash": null, "path": "humanfriendly/__pycache__/compat.cpython-37.pyc", "size": null}, {"hash": null, "path": "humanfriendly/__pycache__/prompts.cpython-37.pyc", "size": null}, {"hash": null, "path": "humanfriendly/__pycache__/sphinx.cpython-37.pyc", "size": null}, {"hash": null, "path": "humanfriendly/__pycache__/tables.cpython-37.pyc", "size": null}, {"hash": null, "path": "humanfriendly/__pycache__/terminal.cpython-37.pyc", "size": null}, {"hash": null, "path": "humanfriendly/__pycache__/tests.cpython-37.pyc", "size": null}, {"hash": null, "path": "humanfriendly/__pycache__/text.cpython-37.pyc", "size": null}, {"hash": null, "path": "humanfriendly/__pycache__/usage.cpython-37.pyc", "size": null}, {"hash": {"mode": "sha256", "value": "EVrq4SrzZyX-ohc7l9oVSc7dlmCrbsWGj7HUXxPMc5A"}, "path": "humanfriendly/cli.py", "size": 5844}, {"hash": {"mode": "sha256", "value": "gl9EgNQdq-KgJeqobFOWgCaiRbwWK4iOMglp2c1o9sE"}, "path": "humanfriendly/compat.py", "size": 2970}, {"hash": {"mode": "sha256", "value": "w_auBVLuqsgd4sRSBrmySLLIaVbf-L58gogj7959nO4"}, "path": "humanfriendly/prompts.py", "size": 15634}, {"hash": {"mode": "sha256", "value": "_X13LJwV4HCXcI0gFC_tj-VBWKbPNZMcJo_Pe78BaR4"}, "path": "humanfriendly/sphinx.py", "size": 5429}, {"hash": {"mode": "sha256", "value": "uROyUa_Eh-wwowQRrkymaij-htKFkHdOH4igAEAivOI"}, "path": "humanfriendly/tables.py", "size": 11615}, {"hash": {"mode": "sha256", "value": "fUgGa4_RGNJc_7IMUnDVoL0DWH4eOzmTXDtyoUXY9zQ"}, "path": "humanfriendly/terminal.py", "size": 20587}, {"hash": {"mode": "sha256", "value": "itw-c-IYVJSwpS5omSoALISr072wB71UABEF2TM7Hy8"}, "path": "humanfriendly/tests.py", "size": 46764}, {"hash": {"mode": "sha256", "value": "7u_e-tPZKL8sr9eW8pqlAWxqTavsdxSm7ckb6JiYBjQ"}, "path": "humanfriendly/text.py", "size": 12445}, {"hash": {"mode": "sha256", "value": "IpIMXN3X3-9L4XVCkC5bnrfuBK4Q0ltxbVajKEFvKgo"}, "path": "humanfriendly/usage.py", "size": 13782}], "metadata": {"Author": "Peter Odding", "Author-email": "peter@peterodding.com", "Classifier": ["Development Status :: 6 - Mature", "Environment :: Console", "Framework :: Sphinx :: Extension", "Intended Audience :: Developers", "Intended Audience :: System Administrators", "License :: OSI Approved :: MIT License", "Natural Language :: English", "Programming Language :: Python", "Programming Language :: Python :: 2", "Programming Language :: Python :: 2.6", "Programming Language :: Python :: 2.7", "Programming Language :: Python :: 3", "Programming Language :: Python :: 3.4", "Programming Language :: Python :: 3.5", "Programming Language :: Python :: 3.6", "Programming Language :: Python :: Implementation :: CPython", "Programming Language :: Python :: Implementation :: PyPy", "Topic :: Communications", "Topic :: Scientific/Engineering :: Human Machine Interfaces", "Topic :: Software Development", "Topic :: Software Development :: Libraries :: Python Modules", "Topic :: Software Development :: User Interfaces", "Topic :: System :: Shells", "Topic :: System :: System Shells", "Topic :: System :: Systems Administration", "Topic :: Terminals", "Topic :: Text Processing :: General", "Topic :: Text Processing :: Linguistic", "Topic :: Utilities"], "Home-page": "https://humanfriendly.readthedocs.io", "License": "UNKNOWN", "Metadata-Version": "2.0", "Name": "humanfriendly", "Platform": ["UNKNOWN"], "Requires-Dist": ["monotonic; python_version == \"2.6\" or python_version == \"2.7\" or python_version == \"3.0\" or python_version == \"3.1\" or python_version == \"3.2\"", "importlib; python_version == \"2.6\" or python_version == \"3.0\""], "Summary": "Human friendly output for text interfaces using Python", "Version": "3.1"}, "requires": ["monotonic; python_version == \"2.6\" or python_version == \"2.7\" or python_version == \"3.0\" or python_version == \"3.1\" or python_version == \"3.2\"", "importlib; python_version == \"2.6\" or python_version == \"3.0\""], "version": "3.1"}, "index_url": "https://pypi.org/simple", "package_name": "humanfriendly", "package_version": "3.1", "package_version_requested": "3.1", "sha256": ["7723802b3b808e9c31d2fe9177a926da1a63ebcabb23b3d63a60ca542e2cca48", "3b6751d960bb3368b2a1a02d332426d42a7ec41554b12d1acc0e10cd4ca29e72"]}], "unparsed": [], "unresolved": []}}