{"metadata": {"analyzer": "thoth-solver", "analyzer_version": "1.4.1", "arguments": {"python": {"exclude_packages": null, "index": "https://pypi.org/simple", "no_pretty": false, "no_transitive": true, "output": "http://result-api/api/v1/solver-result", "requirements": "parallel-ssh==1.5.2", "virtualenv": "/home/solver/venv"}, "thoth-solver": {"verbose": false}}, "datetime": "2019-12-27T16:46:40.332994", "distribution": {"codename": "", "id": "fedora", "like": "", "version": "31", "version_parts": {"build_number": "", "major": "31", "minor": ""}}, "document_id": "solver-fedora-31-py37-05b03eb3", "duration": 3, "hostname": "solver-fedora-31-py37-05b03eb3-lz7vt", "os_release": {"id": "fedora", "name": "Fedora", "platform_id": "platform:f31", "redhat_bugzilla_product": "Fedora", "redhat_bugzilla_product_version": "31", "redhat_support_product": "Fedora", "redhat_support_product_version": "31", "variant_id": "container", "version": "31 (Container Image)", "version_id": "31"}, "python": {"api_version": 1013, "implementation_name": "cpython", "major": 3, "micro": 5, "minor": 7, "releaselevel": "final", "serial": 0}, "thoth_deployment_name": "thoth-psi-stage", "timestamp": 1577465200}, "result": {"environment": {"implementation_name": "cpython", "implementation_version": "3.7.5", "os_name": "posix", "platform_machine": "x86_64", "platform_python_implementation": "CPython", "platform_release": "3.10.0-957.21.2.el7.x86_64", "platform_system": "Linux", "platform_version": "#1 SMP Tue May 28 09:26:43 UTC 2019", "python_full_version": "3.7.5", "python_version": "3.7", "sys_platform": "linux"}, "environment_packages": [{"package_name": "pipdeptree", "package_version": "0.13.2"}], "errors": [{"details": {"command": "/home/solver/venv/bin/python3 -m pip install --force-reinstall --no-cache-dir --no-deps parallel-ssh==1.5.2 --index-url \"https://pypi.org/simple\"  --trusted-host pypi.org", "message": "Command exited with non-zero status code (1):   ERROR: Command errored out with exit status 1:\n   command: /home/solver/venv/bin/python3 -u -c 'import sys, setuptools, tokenize; sys.argv[0] = '\"'\"'/tmp/pip-install-ebw7hpbo/parallel-ssh/setup.py'\"'\"'; __file__='\"'\"'/tmp/pip-install-ebw7hpbo/parallel-ssh/setup.py'\"'\"';f=getattr(tokenize, '\"'\"'open'\"'\"', open)(__file__);code=f.read().replace('\"'\"'\\r\\n'\"'\"', '\"'\"'\\n'\"'\"');f.close();exec(compile(code, __file__, '\"'\"'exec'\"'\"'))' bdist_wheel -d /tmp/pip-wheel-m4zt79q8 --python-tag cp37\n       cwd: /tmp/pip-install-ebw7hpbo/parallel-ssh/\n  Complete output (29 lines):\n  running bdist_wheel\n  running build\n  running build_py\n  creating build\n  creating build/lib.linux-x86_64-3.7\n  creating build/lib.linux-x86_64-3.7/pssh\n  copying pssh/agent.py -> build/lib.linux-x86_64-3.7/pssh\n  copying pssh/constants.py -> build/lib.linux-x86_64-3.7/pssh\n  copying pssh/output.py -> build/lib.linux-x86_64-3.7/pssh\n  copying pssh/exceptions.py -> build/lib.linux-x86_64-3.7/pssh\n  copying pssh/base_pssh.py -> build/lib.linux-x86_64-3.7/pssh\n  copying pssh/tunnel.py -> build/lib.linux-x86_64-3.7/pssh\n  copying pssh/pssh_client.py -> build/lib.linux-x86_64-3.7/pssh\n  copying pssh/__init__.py -> build/lib.linux-x86_64-3.7/pssh\n  copying pssh/ssh_client.py -> build/lib.linux-x86_64-3.7/pssh\n  copying pssh/ssh2_client.py -> build/lib.linux-x86_64-3.7/pssh\n  copying pssh/_version.py -> build/lib.linux-x86_64-3.7/pssh\n  copying pssh/utils.py -> build/lib.linux-x86_64-3.7/pssh\n  copying pssh/pssh2_client.py -> build/lib.linux-x86_64-3.7/pssh\n  creating build/lib.linux-x86_64-3.7/pssh/native\n  copying pssh/native/__init__.py -> build/lib.linux-x86_64-3.7/pssh/native\n  running build_ext\n  building 'pssh.native._ssh2' extension\n  creating build/temp.linux-x86_64-3.7\n  creating build/temp.linux-x86_64-3.7/pssh\n  creating build/temp.linux-x86_64-3.7/pssh/native\n  gcc -pthread -Wno-unused-result -Wsign-compare -DDYNAMIC_ANNOTATIONS_ENABLED=1 -DNDEBUG -O2 -g -pipe -Wall -Werror=format-security -Wp,-D_FORTIFY_SOURCE=2 -Wp,-D_GLIBCXX_ASSERTIONS -fexceptions -fstack-protector-strong -grecord-gcc-switches -m64 -mtune=generic -fasynchronous-unwind-tables -fstack-clash-protection -fcf-protection -D_GNU_SOURCE -fPIC -fwrapv -fPIC -Ilibssh2/include -I/usr/include/python3.7m -c pssh/native/_ssh2.c -o build/temp.linux-x86_64-3.7/pssh/native/_ssh2.o -O3\n  unable to execute 'gcc': No such file or directory\n  error: command 'gcc' failed with exit status 1\n  ----------------------------------------\n  ERROR: Failed building wheel for parallel-ssh\n    ERROR: Command errored out with exit status 1:\n     command: /home/solver/venv/bin/python3 -u -c 'import sys, setuptools, tokenize; sys.argv[0] = '\"'\"'/tmp/pip-install-ebw7hpbo/parallel-ssh/setup.py'\"'\"'; __file__='\"'\"'/tmp/pip-install-ebw7hpbo/parallel-ssh/setup.py'\"'\"';f=getattr(tokenize, '\"'\"'open'\"'\"', open)(__file__);code=f.read().replace('\"'\"'\\r\\n'\"'\"', '\"'\"'\\n'\"'\"');f.close();exec(compile(code, __file__, '\"'\"'exec'\"'\"'))' install --record /tmp/pip-record-apgv9dpd/install-record.txt --single-version-externally-managed --compile --install-headers /home/solver/venv/include/site/python3.7/parallel-ssh\n         cwd: /tmp/pip-install-ebw7hpbo/parallel-ssh/\n    Complete output (29 lines):\n    running install\n    running build\n    running build_py\n    creating build\n    creating build/lib.linux-x86_64-3.7\n    creating build/lib.linux-x86_64-3.7/pssh\n    copying pssh/agent.py -> build/lib.linux-x86_64-3.7/pssh\n    copying pssh/constants.py -> build/lib.linux-x86_64-3.7/pssh\n    copying pssh/output.py -> build/lib.linux-x86_64-3.7/pssh\n    copying pssh/exceptions.py -> build/lib.linux-x86_64-3.7/pssh\n    copying pssh/base_pssh.py -> build/lib.linux-x86_64-3.7/pssh\n    copying pssh/tunnel.py -> build/lib.linux-x86_64-3.7/pssh\n    copying pssh/pssh_client.py -> build/lib.linux-x86_64-3.7/pssh\n    copying pssh/__init__.py -> build/lib.linux-x86_64-3.7/pssh\n    copying pssh/ssh_client.py -> build/lib.linux-x86_64-3.7/pssh\n    copying pssh/ssh2_client.py -> build/lib.linux-x86_64-3.7/pssh\n    copying pssh/_version.py -> build/lib.linux-x86_64-3.7/pssh\n    copying pssh/utils.py -> build/lib.linux-x86_64-3.7/pssh\n    copying pssh/pssh2_client.py -> build/lib.linux-x86_64-3.7/pssh\n    creating build/lib.linux-x86_64-3.7/pssh/native\n    copying pssh/native/__init__.py -> build/lib.linux-x86_64-3.7/pssh/native\n    running build_ext\n    building 'pssh.native._ssh2' extension\n    creating build/temp.linux-x86_64-3.7\n    creating build/temp.linux-x86_64-3.7/pssh\n    creating build/temp.linux-x86_64-3.7/pssh/native\n    gcc -pthread -Wno-unused-result -Wsign-compare -DDYNAMIC_ANNOTATIONS_ENABLED=1 -DNDEBUG -O2 -g -pipe -Wall -Werror=format-security -Wp,-D_FORTIFY_SOURCE=2 -Wp,-D_GLIBCXX_ASSERTIONS -fexceptions -fstack-protector-strong -grecord-gcc-switches -m64 -mtune=generic -fasynchronous-unwind-tables -fstack-clash-protection -fcf-protection -D_GNU_SOURCE -fPIC -fwrapv -fPIC -Ilibssh2/include -I/usr/include/python3.7m -c pssh/native/_ssh2.c -o build/temp.linux-x86_64-3.7/pssh/native/_ssh2.o -O3\n    unable to execute 'gcc': No such file or directory\n    error: command 'gcc' failed with exit status 1\n    ----------------------------------------\nERROR: Command errored out with exit status 1: /home/solver/venv/bin/python3 -u -c 'import sys, setuptools, tokenize; sys.argv[0] = '\"'\"'/tmp/pip-install-ebw7hpbo/parallel-ssh/setup.py'\"'\"'; __file__='\"'\"'/tmp/pip-install-ebw7hpbo/parallel-ssh/setup.py'\"'\"';f=getattr(tokenize, '\"'\"'open'\"'\"', open)(__file__);code=f.read().replace('\"'\"'\\r\\n'\"'\"', '\"'\"'\\n'\"'\"');f.close();exec(compile(code, __file__, '\"'\"'exec'\"'\"'))' install --record /tmp/pip-record-apgv9dpd/install-record.txt --single-version-externally-managed --compile --install-headers /home/solver/venv/include/site/python3.7/parallel-ssh Check the logs for full command output.\n", "return_code": 1, "stderr": "  ERROR: Command errored out with exit status 1:\n   command: /home/solver/venv/bin/python3 -u -c 'import sys, setuptools, tokenize; sys.argv[0] = '\"'\"'/tmp/pip-install-ebw7hpbo/parallel-ssh/setup.py'\"'\"'; __file__='\"'\"'/tmp/pip-install-ebw7hpbo/parallel-ssh/setup.py'\"'\"';f=getattr(tokenize, '\"'\"'open'\"'\"', open)(__file__);code=f.read().replace('\"'\"'\\r\\n'\"'\"', '\"'\"'\\n'\"'\"');f.close();exec(compile(code, __file__, '\"'\"'exec'\"'\"'))' bdist_wheel -d /tmp/pip-wheel-m4zt79q8 --python-tag cp37\n       cwd: /tmp/pip-install-ebw7hpbo/parallel-ssh/\n  Complete output (29 lines):\n  running bdist_wheel\n  running build\n  running build_py\n  creating build\n  creating build/lib.linux-x86_64-3.7\n  creating build/lib.linux-x86_64-3.7/pssh\n  copying pssh/agent.py -> build/lib.linux-x86_64-3.7/pssh\n  copying pssh/constants.py -> build/lib.linux-x86_64-3.7/pssh\n  copying pssh/output.py -> build/lib.linux-x86_64-3.7/pssh\n  copying pssh/exceptions.py -> build/lib.linux-x86_64-3.7/pssh\n  copying pssh/base_pssh.py -> build/lib.linux-x86_64-3.7/pssh\n  copying pssh/tunnel.py -> build/lib.linux-x86_64-3.7/pssh\n  copying pssh/pssh_client.py -> build/lib.linux-x86_64-3.7/pssh\n  copying pssh/__init__.py -> build/lib.linux-x86_64-3.7/pssh\n  copying pssh/ssh_client.py -> build/lib.linux-x86_64-3.7/pssh\n  copying pssh/ssh2_client.py -> build/lib.linux-x86_64-3.7/pssh\n  copying pssh/_version.py -> build/lib.linux-x86_64-3.7/pssh\n  copying pssh/utils.py -> build/lib.linux-x86_64-3.7/pssh\n  copying pssh/pssh2_client.py -> build/lib.linux-x86_64-3.7/pssh\n  creating build/lib.linux-x86_64-3.7/pssh/native\n  copying pssh/native/__init__.py -> build/lib.linux-x86_64-3.7/pssh/native\n  running build_ext\n  building 'pssh.native._ssh2' extension\n  creating build/temp.linux-x86_64-3.7\n  creating build/temp.linux-x86_64-3.7/pssh\n  creating build/temp.linux-x86_64-3.7/pssh/native\n  gcc -pthread -Wno-unused-result -Wsign-compare -DDYNAMIC_ANNOTATIONS_ENABLED=1 -DNDEBUG -O2 -g -pipe -Wall -Werror=format-security -Wp,-D_FORTIFY_SOURCE=2 -Wp,-D_GLIBCXX_ASSERTIONS -fexceptions -fstack-protector-strong -grecord-gcc-switches -m64 -mtune=generic -fasynchronous-unwind-tables -fstack-clash-protection -fcf-protection -D_GNU_SOURCE -fPIC -fwrapv -fPIC -Ilibssh2/include -I/usr/include/python3.7m -c pssh/native/_ssh2.c -o build/temp.linux-x86_64-3.7/pssh/native/_ssh2.o -O3\n  unable to execute 'gcc': No such file or directory\n  error: command 'gcc' failed with exit status 1\n  ----------------------------------------\n  ERROR: Failed building wheel for parallel-ssh\n    ERROR: Command errored out with exit status 1:\n     command: /home/solver/venv/bin/python3 -u -c 'import sys, setuptools, tokenize; sys.argv[0] = '\"'\"'/tmp/pip-install-ebw7hpbo/parallel-ssh/setup.py'\"'\"'; __file__='\"'\"'/tmp/pip-install-ebw7hpbo/parallel-ssh/setup.py'\"'\"';f=getattr(tokenize, '\"'\"'open'\"'\"', open)(__file__);code=f.read().replace('\"'\"'\\r\\n'\"'\"', '\"'\"'\\n'\"'\"');f.close();exec(compile(code, __file__, '\"'\"'exec'\"'\"'))' install --record /tmp/pip-record-apgv9dpd/install-record.txt --single-version-externally-managed --compile --install-headers /home/solver/venv/include/site/python3.7/parallel-ssh\n         cwd: /tmp/pip-install-ebw7hpbo/parallel-ssh/\n    Complete output (29 lines):\n    running install\n    running build\n    running build_py\n    creating build\n    creating build/lib.linux-x86_64-3.7\n    creating build/lib.linux-x86_64-3.7/pssh\n    copying pssh/agent.py -> build/lib.linux-x86_64-3.7/pssh\n    copying pssh/constants.py -> build/lib.linux-x86_64-3.7/pssh\n    copying pssh/output.py -> build/lib.linux-x86_64-3.7/pssh\n    copying pssh/exceptions.py -> build/lib.linux-x86_64-3.7/pssh\n    copying pssh/base_pssh.py -> build/lib.linux-x86_64-3.7/pssh\n    copying pssh/tunnel.py -> build/lib.linux-x86_64-3.7/pssh\n    copying pssh/pssh_client.py -> build/lib.linux-x86_64-3.7/pssh\n    copying pssh/__init__.py -> build/lib.linux-x86_64-3.7/pssh\n    copying pssh/ssh_client.py -> build/lib.linux-x86_64-3.7/pssh\n    copying pssh/ssh2_client.py -> build/lib.linux-x86_64-3.7/pssh\n    copying pssh/_version.py -> build/lib.linux-x86_64-3.7/pssh\n    copying pssh/utils.py -> build/lib.linux-x86_64-3.7/pssh\n    copying pssh/pssh2_client.py -> build/lib.linux-x86_64-3.7/pssh\n    creating build/lib.linux-x86_64-3.7/pssh/native\n    copying pssh/native/__init__.py -> build/lib.linux-x86_64-3.7/pssh/native\n    running build_ext\n    building 'pssh.native._ssh2' extension\n    creating build/temp.linux-x86_64-3.7\n    creating build/temp.linux-x86_64-3.7/pssh\n    creating build/temp.linux-x86_64-3.7/pssh/native\n    gcc -pthread -Wno-unused-result -Wsign-compare -DDYNAMIC_ANNOTATIONS_ENABLED=1 -DNDEBUG -O2 -g -pipe -Wall -Werror=format-security -Wp,-D_FORTIFY_SOURCE=2 -Wp,-D_GLIBCXX_ASSERTIONS -fexceptions -fstack-protector-strong -grecord-gcc-switches -m64 -mtune=generic -fasynchronous-unwind-tables -fstack-clash-protection -fcf-protection -D_GNU_SOURCE -fPIC -fwrapv -fPIC -Ilibssh2/include -I/usr/include/python3.7m -c pssh/native/_ssh2.c -o build/temp.linux-x86_64-3.7/pssh/native/_ssh2.o -O3\n    unable to execute 'gcc': No such file or directory\n    error: command 'gcc' failed with exit status 1\n    ----------------------------------------\nERROR: Command errored out with exit status 1: /home/solver/venv/bin/python3 -u -c 'import sys, setuptools, tokenize; sys.argv[0] = '\"'\"'/tmp/pip-install-ebw7hpbo/parallel-ssh/setup.py'\"'\"'; __file__='\"'\"'/tmp/pip-install-ebw7hpbo/parallel-ssh/setup.py'\"'\"';f=getattr(tokenize, '\"'\"'open'\"'\"', open)(__file__);code=f.read().replace('\"'\"'\\r\\n'\"'\"', '\"'\"'\\n'\"'\"');f.close();exec(compile(code, __file__, '\"'\"'exec'\"'\"'))' install --record /tmp/pip-record-apgv9dpd/install-record.txt --single-version-externally-managed --compile --install-headers /home/solver/venv/include/site/python3.7/parallel-ssh Check the logs for full command output.\n", "stdout": "Collecting parallel-ssh==1.5.2\n  Downloading https://files.pythonhosted.org/packages/4e/87/7ab2ab7a5b5b08484e34763243abb58752b6bab1d6b41c78fed121bf69f3/parallel-ssh-1.5.2.tar.gz (93kB)\nBuilding wheels for collected packages: parallel-ssh\n  Building wheel for parallel-ssh (setup.py): started\n  Building wheel for parallel-ssh (setup.py): finished with status 'error'\n  Running setup.py clean for parallel-ssh\nFailed to build parallel-ssh\nInstalling collected packages: parallel-ssh\n    Running setup.py install for parallel-ssh: started\n    Running setup.py install for parallel-ssh: finished with status 'error'\n", "timeout": 60}, "index_url": "https://pypi.org/simple", "is_provided_package": true, "is_provided_package_version": true, "package_name": "parallel-ssh", "package_version": "1.5.2", "type": "command_error"}], "tree": [], "unparsed": [], "unresolved": []}}