{"metadata": {"analyzer": "thoth-solver", "analyzer_version": "1.4.1", "arguments": {"python": {"exclude_packages": null, "index": "https://pypi.org/simple", "no_pretty": false, "no_transitive": true, "output": "http://result-api/api/v1/solver-result", "requirements": "trimesh==2.30.22", "virtualenv": "/home/solver/venv"}, "thoth-solver": {"verbose": false}}, "datetime": "2019-12-27T17:21:07.104645", "distribution": {"codename": "", "id": "fedora", "like": "", "version": "31", "version_parts": {"build_number": "", "major": "31", "minor": ""}}, "document_id": "solver-fedora-31-py37-023a78aa", "duration": 6, "hostname": "solver-fedora-31-py37-023a78aa-w2gzb", "os_release": {"id": "fedora", "name": "Fedora", "platform_id": "platform:f31", "redhat_bugzilla_product": "Fedora", "redhat_bugzilla_product_version": "31", "redhat_support_product": "Fedora", "redhat_support_product_version": "31", "variant_id": "container", "version": "31 (Container Image)", "version_id": "31"}, "python": {"api_version": 1013, "implementation_name": "cpython", "major": 3, "micro": 5, "minor": 7, "releaselevel": "final", "serial": 0}, "thoth_deployment_name": "thoth-psi-stage", "timestamp": 1577467267}, "result": {"environment": {"implementation_name": "cpython", "implementation_version": "3.7.5", "os_name": "posix", "platform_machine": "x86_64", "platform_python_implementation": "CPython", "platform_release": "3.10.0-957.21.2.el7.x86_64", "platform_system": "Linux", "platform_version": "#1 SMP Tue May 28 09:26:43 UTC 2019", "python_full_version": "3.7.5", "python_version": "3.7", "sys_platform": "linux"}, "environment_packages": [{"package_name": "pipdeptree", "package_version": "0.13.2"}], "errors": [], "tree": [{"dependencies": [{"extra": [], "extras": [], "marker": null, "marker_evaluated": null, "marker_evaluation_error": null, "marker_evaluation_result": true, "normalized_package_name": "numpy", "package_name": "numpy", "resolved_versions": [{"index": "https://pypi.org/simple", "versions": ["0.9.6", "0.9.8", "1.0", "1.0.3", "1.0.4", "1.1.1", "1.10.0", "1.10.1", "1.10.2", "1.10.3", "1.10.4", "1.11.0", "1.11.1", "1.11.2", "1.11.3", "1.12.0", "1.12.1", "1.13.0", "1.13.1", "1.13.3", "1.14.0", "1.14.1", "1.14.2", "1.14.3", "1.14.4", "1.14.5", "1.14.6", "1.15.0", "1.15.1", "1.15.2", "1.15.3", "1.15.4", "1.16.0", "1.16.1", "1.16.2", "1.16.3", "1.16.4", "1.16.5", "1.17.0", "1.17.1", "1.17.2", "1.17.3", "1.17.4", "1.18.0", "1.2.0", "1.2.1", "1.3.0", "1.4.0", "1.4.1", "1.5.0", "1.5.1", "1.6.0", "1.6.1", "1.6.2", "1.7.0", "1.7.1", "1.7.2", "1.8.0", "1.8.1", "1.8.2", "1.9.0", "1.9.1", "1.9.2", "1.9.3"]}], "specifier": null}, {"extra": [], "extras": [], "marker": null, "marker_evaluated": null, "marker_evaluation_error": null, "marker_evaluation_result": true, "normalized_package_name": "scipy", "package_name": "scipy", "resolved_versions": [{"index": "https://pypi.org/simple", "versions": ["0.10.0", "0.10.1", "0.11.0", "0.12.0", "0.12.1", "0.13.0", "0.13.1", "0.13.2", "0.13.3", "0.14.0", "0.14.1", "0.14.1rc1.dev-205726a", "0.14.1rc1.dev-52fb336", "0.15.0", "0.15.1", "0.16.0", "0.16.1", "0.17.0", "0.17.1", "0.18.0", "0.18.1", "0.19.0", "0.19.1", "0.4.4", "0.5.2", "0.6.0", "0.7.0", "0.7.2", "0.8.0", "0.9.0", "1.0.0", "1.0.1", "1.1.0", "1.2.0", "1.2.1", "1.2.2", "1.3.0", "1.3.1", "1.3.2", "1.3.3", "1.4.0", "1.4.1"]}], "specifier": null}, {"extra": [], "extras": [], "marker": null, "marker_evaluated": null, "marker_evaluation_error": null, "marker_evaluation_result": true, "normalized_package_name": "networkx", "package_name": "networkx", "resolved_versions": [{"index": "https://pypi.org/simple", "versions": ["0.23", "0.24", "0.25", "0.26", "0.27", "0.28", "0.29", "0.30", "0.31", "0.32", "0.33", "0.34", "0.35", "0.35.1", "0.36", "0.37", "0.99", "1.0", "1.0.1", "1.1", "1.10", "1.11", "1.2", "1.3", "1.4", "1.5", "1.6", "1.7", "1.8", "1.8.1", "1.9", "1.9.1", "2.0", "2.1", "2.2", "2.3", "2.4"]}], "specifier": null}, {"extra": ["all"], "extras": [], "marker": "extra == \"all\"", "marker_evaluated": "python_version >= \"0.0\"", "marker_evaluation_error": null, "marker_evaluation_result": true, "normalized_package_name": "lxml", "package_name": "lxml", "resolved_versions": [{"index": "https://pypi.org/simple", "versions": ["0.9", "0.9.1", "0.9.2", "1.0", "1.0.1", "1.0.2", "1.0.3", "1.0.4", "1.1", "1.1.1", "1.1.2", "1.2", "1.2.1", "1.3", "1.3.1", "1.3.2", "1.3.3", "1.3.4", "1.3.5", "1.3.6", "2.0", "2.0.1", "2.0.10", "2.0.11", "2.0.2", "2.0.3", "2.0.4", "2.0.5", "2.0.6", "2.0.7", "2.0.8", "2.0.9", "2.1", "2.1.1", "2.1.2", "2.1.3", "2.1.4", "2.1.5", "2.2", "2.2.1", "2.2.2", "2.2.3", "2.2.4", "2.2.5", "2.2.6", "2.2.7", "2.2.8", "2.3", "2.3.1", "2.3.2", "2.3.3", "2.3.4", "2.3.5", "2.3.6", "3.0", "3.0.1", "3.0.2", "3.1.0", "3.1.1", "3.1.2", "3.2.0", "3.2.1", "3.2.2", "3.2.3", "3.2.4", "3.2.5", "3.3.0", "3.3.1", "3.3.2", "3.3.3", "3.3.4", "3.3.5", "3.3.6", "3.4.0", "3.4.1", "3.4.2", "3.4.3", "3.4.4", "3.5.0", "3.6.0", "3.6.1", "3.6.2", "3.6.3", "3.6.4", "3.7.0", "3.7.1", "3.7.2", "3.7.3", "3.8.0", "4.0.0", "4.1.0", "4.1.1", "4.2.0", "4.2.1", "4.2.2", "4.2.3", "4.2.4", "4.2.5", "4.2.6", "4.3.0", "4.3.1", "4.3.2", "4.3.3", "4.3.4", "4.3.5", "4.4.0", "4.4.1", "4.4.2"]}], "specifier": null}, {"extra": ["all"], "extras": [], "marker": "extra == \"all\"", "marker_evaluated": "python_version >= \"0.0\"", "marker_evaluation_error": null, "marker_evaluation_result": true, "normalized_package_name": "pyglet", "package_name": "pyglet", "resolved_versions": [{"index": "https://pypi.org/simple", "versions": ["1.0", "1.1", "1.1.1", "1.1.2", "1.1.4", "1.2.0", "1.2.1", "1.2.2", "1.2.3", "1.2.4", "1.3.0", "1.3.1", "1.3.2", "1.3.3", "1.4.0", "1.4.1", "1.4.2", "1.4.3", "1.4.4", "1.4.5", "1.4.6", "1.4.7", "1.4.8"]}], "specifier": null}, {"extra": ["all"], "extras": [], "marker": "extra == \"all\"", "marker_evaluated": "python_version >= \"0.0\"", "marker_evaluation_error": null, "marker_evaluation_result": true, "normalized_package_name": "shapely", "package_name": "Shapely", "resolved_versions": [{"index": "https://pypi.org/simple", "versions": ["1.0", "1.0.1", "1.0.11", "1.0.12", "1.0.13", "1.0.14", "1.0.15", "1.0.2", "1.0.3", "1.0.4", "1.0.5", "1.0.6", "1.0.7", "1.0.8", "1.2", "1.2.1", "1.2.10", "1.2.12", "1.2.13", "1.2.14", "1.2.15", "1.2.16", "1.2.17", "1.2.18", "1.2.19", "1.2.2", "1.2.3", "1.2.4", "1.2.5", "1.2.6", "1.2.7", "1.2.8", "1.2.9", "1.3.0", "1.3.1", "1.3.2", "1.3.3", "1.4.0", "1.4.1", "1.4.2", "1.4.3", "1.4.4", "1.5.0", "1.5.1", "1.5.10", "1.5.11", "1.5.12", "1.5.13", "1.5.14", "1.5.15", "1.5.16", "1.5.17", "1.5.17.post1", "1.5.2", "1.5.3", "1.5.4", "1.5.5", "1.5.6", "1.5.7", "1.5.8", "1.5.9", "1.6.0", "1.6.1", "1.6.2", "1.6.2.post1", "1.6.3", "1.6.4", "1.6.4.post1", "1.6.4.post2"]}], "specifier": null}, {"extra": ["all"], "extras": [], "marker": "extra == \"all\"", "marker_evaluated": "python_version >= \"0.0\"", "marker_evaluation_error": null, "marker_evaluation_result": true, "normalized_package_name": "rtree", "package_name": "rtree", "resolved_versions": [{"index": "https://pypi.org/simple", "versions": ["0.1.0", "0.2.0", "0.3.0", "0.4", "0.4.1", "0.4.2", "0.4.3", "0.5.0", "0.6.0", "0.7.0", "0.8.0", "0.8.1", "0.8.2", "0.8.3", "0.9.0", "0.9.1", "0.9.2", "0.9.3"]}], "specifier": null}, {"extra": ["all"], "extras": [], "marker": "extra == \"all\"", "marker_evaluated": "python_version >= \"0.0\"", "marker_evaluation_error": null, "marker_evaluation_result": true, "normalized_package_name": "svg-path", "package_name": "svg.path", "resolved_versions": [{"index": "https://pypi.org/simple", "versions": ["2.1.1", "2.2", "3.0", "3.1", "4.0.1", "4.0.2"]}], "specifier": null}, {"extra": ["all"], "extras": [], "marker": "extra == \"all\"", "marker_evaluated": "python_version >= \"0.0\"", "marker_evaluation_error": null, "marker_evaluation_result": true, "normalized_package_name": "meshpy", "package_name": "meshpy", "resolved_versions": [{"index": "https://pypi.org/simple", "versions": ["0.91", "0.91.1", "0.91.2", "2011.1", "2013.1", "2013.1.1", "2013.1.2", "2014.1", "2016.1", "2016.1.1", "2016.1.2", "2018.1", "2018.1.1", "2018.2", "2018.2.1"]}], "specifier": null}, {"extra": ["all"], "extras": [], "marker": "extra == \"all\"", "marker_evaluated": "python_version >= \"0.0\"", "marker_evaluation_error": null, "marker_evaluation_result": true, "normalized_package_name": "sympy", "package_name": "sympy", "resolved_versions": [{"index": "https://pypi.org/simple", "versions": ["0.5.13-hg", "0.5.14", "0.5.15", "0.6.0", "0.6.1", "0.6.2", "0.6.3", "0.6.4", "0.6.5", "0.6.6", "0.7.0", "0.7.1", "0.7.2", "0.7.3", "0.7.4", "0.7.4.1", "0.7.5", "0.7.6", "0.7.6.1", "1.0", "1.1", "1.1.1", "1.2", "1.3", "1.4", "1.5"]}], "specifier": null}, {"extra": ["all"], "extras": [], "marker": "extra == \"all\"", "marker_evaluated": "python_version >= \"0.0\"", "marker_evaluation_error": null, "marker_evaluation_result": true, "normalized_package_name": "msgpack", "package_name": "msgpack", "resolved_versions": [{"index": "https://pypi.org/simple", "versions": ["0.5.0", "0.5.1", "0.5.2", "0.5.3", "0.5.4", "0.5.5", "0.5.6", "0.6.0", "0.6.1", "0.6.2"]}], "specifier": null}, {"extra": ["all"], "extras": [], "marker": "extra == \"all\"", "marker_evaluated": "python_version >= \"0.0\"", "marker_evaluation_error": null, "marker_evaluation_result": true, "normalized_package_name": "python-fcl", "package_name": "python-fcl", "resolved_versions": [{"index": "https://pypi.org/simple", "versions": ["0.0.10", "0.0.11", "0.0.12", "0.0.4", "0.0.5", "0.0.6", "0.0.7", "0.0.8", "0.0.9"]}], "specifier": null}, {"extra": ["all"], "extras": [], "marker": "extra == \"all\"", "marker_evaluated": "python_version >= \"0.0\"", "marker_evaluation_error": null, "marker_evaluation_result": true, "normalized_package_name": "colorlog", "package_name": "colorlog", "resolved_versions": [{"index": "https://pypi.org/simple", "versions": ["0.1", "0.2", "0.3", "0.4", "0.5", "0.6", "1.0", "1.1", "1.2", "1.3", "1.4", "1.5", "1.6", "1.7", "1.8", "2.0.0", "2.1.0", "2.1.1", "2.10.0", "2.2.0", "2.3.0", "2.3.1", "2.4.0", "2.5.0", "2.6.0", "2.6.1", "2.6.2", "2.6.3", "2.7.0", "2.8.0", "2.9.0", "3.0.0", "3.0.1", "3.1.0", "3.1.1", "3.1.2", "3.1.3", "3.1.4", "3.2.0", "4.0.0", "4.0.2"]}], "specifier": null}, {"extra": ["all"], "extras": [], "marker": "extra == \"all\"", "marker_evaluated": "python_version >= \"0.0\"", "marker_evaluation_error": null, "marker_evaluation_result": true, "normalized_package_name": "xxhash", "package_name": "xxhash", "resolved_versions": [{"index": "https://pypi.org/simple", "versions": ["0.0.1", "0.0.2", "0.1.0", "0.1.1", "0.1.2", "0.1.3", "0.2.0", "0.3.0", "0.3.1", "0.3.2", "0.4.0", "0.4.1", "0.4.3", "0.5.0", "0.6.0", "0.6.1", "0.6.3", "1.0.0", "1.0.1", "1.1.0", "1.1.0.post0", "1.2.0", "1.3.0", "1.4.0", "1.4.1", "1.4.2", "1.4.3"]}], "specifier": null}, {"extra": ["all"], "extras": [], "marker": "extra == \"all\"", "marker_evaluated": "python_version >= \"0.0\"", "marker_evaluation_error": null, "marker_evaluation_result": true, "normalized_package_name": "pillow", "package_name": "pillow", "resolved_versions": [{"index": "https://pypi.org/simple", "versions": ["1.0", "1.1", "1.2", "1.3", "1.4", "1.5", "1.6", "1.7.0", "1.7.1", "1.7.2", "1.7.3", "1.7.4", "1.7.5", "1.7.6", "1.7.7", "1.7.8", "2.0.0", "2.1.0", "2.2.0", "2.2.1", "2.2.2", "2.3.0", "2.3.1", "2.3.2", "2.4.0", "2.5.0", "2.5.1", "2.5.2", "2.5.3", "2.6.0", "2.6.1", "2.6.2", "2.7.0", "2.8.0", "2.8.1", "2.8.2", "2.9.0", "3.0.0", "3.1.0", "3.1.1", "3.1.2", "3.2.0", "3.3.0", "3.3.1", "3.3.2", "3.3.3", "3.4.0", "3.4.1", "3.4.2", "4.0.0", "4.1.0", "4.1.1", "4.2.0", "4.2.1", "4.3.0", "5.0.0", "5.1.0", "5.2.0", "5.3.0", "5.4.0", "5.4.1", "6.0.0", "6.1.0", "6.2.0", "6.2.1"]}], "specifier": null}, {"extra": ["all"], "extras": [], "marker": "extra == \"all\"", "marker_evaluated": "python_version >= \"0.0\"", "marker_evaluation_error": null, "marker_evaluation_result": true, "normalized_package_name": "setuptools", "package_name": "setuptools", "resolved_versions": [{"index": "https://pypi.org/simple", "versions": ["0.7.2", "0.7.3", "0.7.4", "0.7.5", "0.7.6", "0.7.7", "0.7.8", "0.8", "0.9", "0.9.1", "0.9.2", "0.9.3", "0.9.4", "0.9.5", "0.9.6", "0.9.7", "0.9.8", "1.0", "1.1", "1.1.1", "1.1.2", "1.1.3", "1.1.4", "1.1.5", "1.1.6", "1.1.7", "1.2", "1.3", "1.3.1", "1.3.2", "1.4", "1.4.1", "1.4.2", "10.0", "10.0.1", "10.1", "10.2", "10.2.1", "11.0", "11.1", "11.2", "11.3", "11.3.1", "12.0", "12.0.1", "12.0.2", "12.0.3", "12.0.4", "12.0.5", "12.1", "12.2", "12.3", "12.4", "13.0", "13.0.1", "13.0.2", "14.0", "14.1", "14.1.1", "14.2", "14.3", "14.3.1", "15.0", "15.1", "15.2", "16.0", "17.0", "17.1", "17.1.1", "18.0", "18.0.1", "18.1", "18.2", "18.3", "18.3.1", "18.3.2", "18.4", "18.5", "18.6", "18.6.1", "18.7", "18.7.1", "18.8", "18.8.1", "19.0", "19.1", "19.1.1", "19.2", "19.3", "19.4", "19.4.1", "19.5", "19.6", "19.6.1", "19.6.2", "19.7", "2.0", "2.0.1", "2.0.2", "2.1", "2.1.1", "2.1.2", "2.2", "20.0", "20.1", "20.1.1", "20.10.1", "20.2.2", "20.3", "20.3.1", "20.4", "20.6.6", "20.6.7", "20.6.8", "20.7.0", "20.8.0", "20.8.1", "20.9.0", "21.0.0", "21.1.0", "21.2.0", "21.2.1", "21.2.2", "22.0.0", "22.0.1", "22.0.2", "22.0.4", "22.0.5", "23.0.0", "23.1.0", "23.2.0", "23.2.1", "24.0.0", "24.0.1", "24.0.2", "24.0.3", "24.1.0", "24.1.1", "24.2.0", "24.2.1", "24.3.0", "24.3.1", "25.0.0", "25.0.1", "25.0.2", "25.1.0", "25.1.1", "25.1.2", "25.1.3", "25.1.4", "25.1.5", "25.1.6", "25.2.0", "25.3.0", "25.4.0", "26.0.0", "26.1.0", "26.1.1", "27.0.0", "27.1.0", "27.1.2", "27.2.0", "27.3.0", "27.3.1", "28.0.0", "28.1.0", "28.2.0", "28.3.0", "28.4.0", "28.5.0", "28.6.0", "28.6.1", "28.7.0", "28.7.1", "28.8.0", "28.8.1", "29.0.0", "29.0.1", "3.0", "3.0.1", "3.0.2", "3.1", "3.2", "3.3", "3.4", "3.4.1", "3.4.2", "3.4.3", "3.4.4", "3.5", "3.5.1", "3.5.2", "3.6", "3.7", "3.7.1", "3.8", "3.8.1", "30.0.0", "30.1.0", "30.2.0", "30.2.1", "30.3.0", "30.4.0", "31.0.0", "31.0.1", "32.0.0", "32.1.0", "32.1.1", "32.1.2", "32.1.3", "32.2.0", "32.3.0", "32.3.1", "33.1.0", "33.1.1", "34.0.0", "34.0.1", "34.0.2", "34.0.3", "34.1.0", "34.1.1", "34.2.0", "34.3.0", "34.3.1", "34.3.2", "34.3.3", "34.4.0", "34.4.1", "35.0.0", "35.0.1", "35.0.2", "36.0.1", "36.1.0", "36.1.1", "36.2.0", "36.2.1", "36.2.2", "36.2.3", "36.2.4", "36.2.5", "36.2.6", "36.2.7", "36.3.0", "36.4.0", "36.5.0", "36.6.0", "36.6.1", "36.7.0", "36.7.1", "36.7.2", "36.8.0", "37.0.0", "38.0.0", "38.1.0", "38.2.0", "38.2.1", "38.2.3", "38.2.4", "38.2.5", "38.3.0", "38.4.0", "38.4.1", "38.5.0", "38.5.1", "38.5.2", "38.6.0", "38.6.1", "38.7.0", "39.0.0", "39.0.1", "39.1.0", "39.2.0", "4.0", "4.0.1", "40.0.0", "40.1.0", "40.1.1", "40.2.0", "40.3.0", "40.4.0", "40.4.1", "40.4.2", "40.4.3", "40.5.0", "40.6.0", "40.6.1", "40.6.2", "40.6.3", "40.7.0", "40.7.1", "40.7.2", "40.7.3", "40.8.0", "40.9.0", "41.0.0", "41.0.1", "41.1.0", "41.2.0", "41.3.0", "41.4.0", "41.5.0", "41.5.1", "41.6.0", "42.0.0", "42.0.1", "42.0.2", "5.0", "5.0.1", "5.0.2", "5.1", "5.2", "5.3", "5.4", "5.4.1", "5.4.2", "5.5", "5.5.1", "5.6", "5.7", "5.8", "6.0.1", "6.0.2", "6.1", "7.0", "8.0", "8.0.1", "8.0.2", "8.0.3", "8.0.4", "8.1", "8.2", "8.2.1", "8.3", "9.0", "9.0.1", "9.1"]}], "specifier": null}, {"extra": ["easy"], "extras": [], "marker": "extra == \"easy\"", "marker_evaluated": "python_version >= \"0.0\"", "marker_evaluation_error": null, "marker_evaluation_result": true, "normalized_package_name": "lxml", "package_name": "lxml", "resolved_versions": [{"index": "https://pypi.org/simple", "versions": ["0.9", "0.9.1", "0.9.2", "1.0", "1.0.1", "1.0.2", "1.0.3", "1.0.4", "1.1", "1.1.1", "1.1.2", "1.2", "1.2.1", "1.3", "1.3.1", "1.3.2", "1.3.3", "1.3.4", "1.3.5", "1.3.6", "2.0", "2.0.1", "2.0.10", "2.0.11", "2.0.2", "2.0.3", "2.0.4", "2.0.5", "2.0.6", "2.0.7", "2.0.8", "2.0.9", "2.1", "2.1.1", "2.1.2", "2.1.3", "2.1.4", "2.1.5", "2.2", "2.2.1", "2.2.2", "2.2.3", "2.2.4", "2.2.5", "2.2.6", "2.2.7", "2.2.8", "2.3", "2.3.1", "2.3.2", "2.3.3", "2.3.4", "2.3.5", "2.3.6", "3.0", "3.0.1", "3.0.2", "3.1.0", "3.1.1", "3.1.2", "3.2.0", "3.2.1", "3.2.2", "3.2.3", "3.2.4", "3.2.5", "3.3.0", "3.3.1", "3.3.2", "3.3.3", "3.3.4", "3.3.5", "3.3.6", "3.4.0", "3.4.1", "3.4.2", "3.4.3", "3.4.4", "3.5.0", "3.6.0", "3.6.1", "3.6.2", "3.6.3", "3.6.4", "3.7.0", "3.7.1", "3.7.2", "3.7.3", "3.8.0", "4.0.0", "4.1.0", "4.1.1", "4.2.0", "4.2.1", "4.2.2", "4.2.3", "4.2.4", "4.2.5", "4.2.6", "4.3.0", "4.3.1", "4.3.2", "4.3.3", "4.3.4", "4.3.5", "4.4.0", "4.4.1", "4.4.2"]}], "specifier": null}, {"extra": ["easy"], "extras": [], "marker": "extra == \"easy\"", "marker_evaluated": "python_version >= \"0.0\"", "marker_evaluation_error": null, "marker_evaluation_result": true, "normalized_package_name": "pyglet", "package_name": "pyglet", "resolved_versions": [{"index": "https://pypi.org/simple", "versions": ["1.0", "1.1", "1.1.1", "1.1.2", "1.1.4", "1.2.0", "1.2.1", "1.2.2", "1.2.3", "1.2.4", "1.3.0", "1.3.1", "1.3.2", "1.3.3", "1.4.0", "1.4.1", "1.4.2", "1.4.3", "1.4.4", "1.4.5", "1.4.6", "1.4.7", "1.4.8"]}], "specifier": null}, {"extra": ["easy"], "extras": [], "marker": "extra == \"easy\"", "marker_evaluated": "python_version >= \"0.0\"", "marker_evaluation_error": null, "marker_evaluation_result": true, "normalized_package_name": "shapely", "package_name": "Shapely", "resolved_versions": [{"index": "https://pypi.org/simple", "versions": ["1.0", "1.0.1", "1.0.11", "1.0.12", "1.0.13", "1.0.14", "1.0.15", "1.0.2", "1.0.3", "1.0.4", "1.0.5", "1.0.6", "1.0.7", "1.0.8", "1.2", "1.2.1", "1.2.10", "1.2.12", "1.2.13", "1.2.14", "1.2.15", "1.2.16", "1.2.17", "1.2.18", "1.2.19", "1.2.2", "1.2.3", "1.2.4", "1.2.5", "1.2.6", "1.2.7", "1.2.8", "1.2.9", "1.3.0", "1.3.1", "1.3.2", "1.3.3", "1.4.0", "1.4.1", "1.4.2", "1.4.3", "1.4.4", "1.5.0", "1.5.1", "1.5.10", "1.5.11", "1.5.12", "1.5.13", "1.5.14", "1.5.15", "1.5.16", "1.5.17", "1.5.17.post1", "1.5.2", "1.5.3", "1.5.4", "1.5.5", "1.5.6", "1.5.7", "1.5.8", "1.5.9", "1.6.0", "1.6.1", "1.6.2", "1.6.2.post1", "1.6.3", "1.6.4", "1.6.4.post1", "1.6.4.post2"]}], "specifier": null}, {"extra": ["easy"], "extras": [], "marker": "extra == \"easy\"", "marker_evaluated": "python_version >= \"0.0\"", "marker_evaluation_error": null, "marker_evaluation_result": true, "normalized_package_name": "rtree", "package_name": "rtree", "resolved_versions": [{"index": "https://pypi.org/simple", "versions": ["0.1.0", "0.2.0", "0.3.0", "0.4", "0.4.1", "0.4.2", "0.4.3", "0.5.0", "0.6.0", "0.7.0", "0.8.0", "0.8.1", "0.8.2", "0.8.3", "0.9.0", "0.9.1", "0.9.2", "0.9.3"]}], "specifier": null}, {"extra": ["easy"], "extras": [], "marker": "extra == \"easy\"", "marker_evaluated": "python_version >= \"0.0\"", "marker_evaluation_error": null, "marker_evaluation_result": true, "normalized_package_name": "svg-path", "package_name": "svg.path", "resolved_versions": [{"index": "https://pypi.org/simple", "versions": ["2.1.1", "2.2", "3.0", "3.1", "4.0.1", "4.0.2"]}], "specifier": null}, {"extra": ["easy"], "extras": [], "marker": "extra == \"easy\"", "marker_evaluated": "python_version >= \"0.0\"", "marker_evaluation_error": null, "marker_evaluation_result": true, "normalized_package_name": "sympy", "package_name": "sympy", "resolved_versions": [{"index": "https://pypi.org/simple", "versions": ["0.5.13-hg", "0.5.14", "0.5.15", "0.6.0", "0.6.1", "0.6.2", "0.6.3", "0.6.4", "0.6.5", "0.6.6", "0.7.0", "0.7.1", "0.7.2", "0.7.3", "0.7.4", "0.7.4.1", "0.7.5", "0.7.6", "0.7.6.1", "1.0", "1.1", "1.1.1", "1.2", "1.3", "1.4", "1.5"]}], "specifier": null}, {"extra": ["easy"], "extras": [], "marker": "extra == \"easy\"", "marker_evaluated": "python_version >= \"0.0\"", "marker_evaluation_error": null, "marker_evaluation_result": true, "normalized_package_name": "msgpack", "package_name": "msgpack", "resolved_versions": [{"index": "https://pypi.org/simple", "versions": ["0.5.0", "0.5.1", "0.5.2", "0.5.3", "0.5.4", "0.5.5", "0.5.6", "0.6.0", "0.6.1", "0.6.2"]}], "specifier": null}, {"extra": ["easy"], "extras": [], "marker": "extra == \"easy\"", "marker_evaluated": "python_version >= \"0.0\"", "marker_evaluation_error": null, "marker_evaluation_result": true, "normalized_package_name": "pillow", "package_name": "pillow", "resolved_versions": [{"index": "https://pypi.org/simple", "versions": ["1.0", "1.1", "1.2", "1.3", "1.4", "1.5", "1.6", "1.7.0", "1.7.1", "1.7.2", "1.7.3", "1.7.4", "1.7.5", "1.7.6", "1.7.7", "1.7.8", "2.0.0", "2.1.0", "2.2.0", "2.2.1", "2.2.2", "2.3.0", "2.3.1", "2.3.2", "2.4.0", "2.5.0", "2.5.1", "2.5.2", "2.5.3", "2.6.0", "2.6.1", "2.6.2", "2.7.0", "2.8.0", "2.8.1", "2.8.2", "2.9.0", "3.0.0", "3.1.0", "3.1.1", "3.1.2", "3.2.0", "3.3.0", "3.3.1", "3.3.2", "3.3.3", "3.4.0", "3.4.1", "3.4.2", "4.0.0", "4.1.0", "4.1.1", "4.2.0", "4.2.1", "4.3.0", "5.0.0", "5.1.0", "5.2.0", "5.3.0", "5.4.0", "5.4.1", "6.0.0", "6.1.0", "6.2.0", "6.2.1"]}], "specifier": null}, {"extra": ["easy"], "extras": [], "marker": "extra == \"easy\"", "marker_evaluated": "python_version >= \"0.0\"", "marker_evaluation_error": null, "marker_evaluation_result": true, "normalized_package_name": "colorlog", "package_name": "colorlog", "resolved_versions": [{"index": "https://pypi.org/simple", "versions": ["0.1", "0.2", "0.3", "0.4", "0.5", "0.6", "1.0", "1.1", "1.2", "1.3", "1.4", "1.5", "1.6", "1.7", "1.8", "2.0.0", "2.1.0", "2.1.1", "2.10.0", "2.2.0", "2.3.0", "2.3.1", "2.4.0", "2.5.0", "2.6.0", "2.6.1", "2.6.2", "2.6.3", "2.7.0", "2.8.0", "2.9.0", "3.0.0", "3.0.1", "3.1.0", "3.1.1", "3.1.2", "3.1.3", "3.1.4", "3.2.0", "4.0.0", "4.0.2"]}], "specifier": null}], "importlib_metadata": {"entry_points": [], "files": [{"hash": {"mode": "sha256", "value": "zuuue4knoyJ-UwPPXg8fezS7VCrXJQrAP7zeNuwvFQg"}, "path": "trimesh-2.30.22.dist-info/INSTALLER", "size": 4}, {"hash": {"mode": "sha256", "value": "X7665OcDtdAwnmBVyQA08gvPF22edx64f_FSt97173Q"}, "path": "trimesh-2.30.22.dist-info/METADATA", "size": 10105}, {"hash": null, "path": "trimesh-2.30.22.dist-info/RECORD", "size": null}, {"hash": {"mode": "sha256", "value": "wYBY2EO50FhAcckpWmO3c3Zwk2MALACx6lPAl6gVKnE"}, "path": "trimesh-2.30.22.dist-info/WHEEL", "size": 93}, {"hash": {"mode": "sha256", "value": "bHXSeALt9l4__maYNLp93GRZSOJ5iApS2fe3jibIV1U"}, "path": "trimesh-2.30.22.dist-info/top_level.txt", "size": 8}, {"hash": {"mode": "sha256", "value": "In_C1MXB1B7_GPuVLqLw8C6eD9zjZz0bdIu50RlEqHo"}, "path": "trimesh/__init__.py", "size": 715}, {"hash": null, "path": "trimesh/__pycache__/__init__.cpython-37.pyc", "size": null}, {"hash": null, "path": "trimesh/__pycache__/base.cpython-37.pyc", "size": null}, {"hash": null, "path": "trimesh/__pycache__/boolean.cpython-37.pyc", "size": null}, {"hash": null, "path": "trimesh/__pycache__/bounds.cpython-37.pyc", "size": null}, {"hash": null, "path": "trimesh/__pycache__/caching.cpython-37.pyc", "size": null}, {"hash": null, "path": "trimesh/__pycache__/collision.cpython-37.pyc", "size": null}, {"hash": null, "path": "trimesh/__pycache__/comparison.cpython-37.pyc", "size": null}, {"hash": null, "path": "trimesh/__pycache__/constants.cpython-37.pyc", "size": null}, {"hash": null, "path": "trimesh/__pycache__/convex.cpython-37.pyc", "size": null}, {"hash": null, "path": "trimesh/__pycache__/creation.cpython-37.pyc", "size": null}, {"hash": null, "path": "trimesh/__pycache__/decomposition.cpython-37.pyc", "size": null}, {"hash": null, "path": "trimesh/__pycache__/geometry.cpython-37.pyc", "size": null}, {"hash": null, "path": "trimesh/__pycache__/graph.cpython-37.pyc", "size": null}, {"hash": null, "path": "trimesh/__pycache__/grouping.cpython-37.pyc", "size": null}, {"hash": null, "path": "trimesh/__pycache__/inertia.cpython-37.pyc", "size": null}, {"hash": null, "path": "trimesh/__pycache__/integrate.cpython-37.pyc", "size": null}, {"hash": null, "path": "trimesh/__pycache__/intersections.cpython-37.pyc", "size": null}, {"hash": null, "path": "trimesh/__pycache__/nsphere.cpython-37.pyc", "size": null}, {"hash": null, "path": "trimesh/__pycache__/permutate.cpython-37.pyc", "size": null}, {"hash": null, "path": "trimesh/__pycache__/points.cpython-37.pyc", "size": null}, {"hash": null, "path": "trimesh/__pycache__/poses.cpython-37.pyc", "size": null}, {"hash": null, "path": "trimesh/__pycache__/primitives.cpython-37.pyc", "size": null}, {"hash": null, "path": "trimesh/__pycache__/proximity.cpython-37.pyc", "size": null}, {"hash": null, "path": "trimesh/__pycache__/remesh.cpython-37.pyc", "size": null}, {"hash": null, "path": "trimesh/__pycache__/repair.cpython-37.pyc", "size": null}, {"hash": null, "path": "trimesh/__pycache__/sample.cpython-37.pyc", "size": null}, {"hash": null, "path": "trimesh/__pycache__/transformations.cpython-37.pyc", "size": null}, {"hash": null, "path": "trimesh/__pycache__/triangles.cpython-37.pyc", "size": null}, {"hash": null, "path": "trimesh/__pycache__/units.cpython-37.pyc", "size": null}, {"hash": null, "path": "trimesh/__pycache__/util.cpython-37.pyc", "size": null}, {"hash": null, "path": "trimesh/__pycache__/version.cpython-37.pyc", "size": null}, {"hash": null, "path": "trimesh/__pycache__/visual.cpython-37.pyc", "size": null}, {"hash": null, "path": "trimesh/__pycache__/voxel.cpython-37.pyc", "size": null}, {"hash": {"mode": "sha256", "value": "-RW1hod2zwMR7agxhxR3zgwzeJ1iipx6yCEjwgPF6x4"}, "path": "trimesh/base.py", "size": 74622}, {"hash": {"mode": "sha256", "value": "yOY3rM45cQZRmxkJaaYWvouD-PvMRDbM2DWiXkpRj9g"}, "path": "trimesh/boolean.py", "size": 1923}, {"hash": {"mode": "sha256", "value": "8TCwFamZXKnHzOfyCxs_-pVyuByYvwsPL1x_Rh3jGvw"}, "path": "trimesh/bounds.py", "size": 13297}, {"hash": {"mode": "sha256", "value": "MCMTQSidGgUeTKQRhUFZdZOCtxGoLTRMZnHGK2PDtq0"}, "path": "trimesh/caching.py", "size": 16353}, {"hash": {"mode": "sha256", "value": "xan9mLNfnZRD_PaXepzEYEx32RFFCVXAV2C31_DPsm8"}, "path": "trimesh/collision.py", "size": 21048}, {"hash": {"mode": "sha256", "value": "99ZsqaKIibj5eQijtKjF77VY9uqxgqOHmlUaJnpZp28"}, "path": "trimesh/comparison.py", "size": 4330}, {"hash": {"mode": "sha256", "value": "n5a2itlmceZ4ZrUkPchJ1Y159rgfpIUNAnFhx5VDbhw"}, "path": "trimesh/constants.py", "size": 4762}, {"hash": {"mode": "sha256", "value": "t5KUCsFKIx9GCoV1xAoXoLXus9DP1J2JLsSPPFtC8q0"}, "path": "trimesh/convex.py", "size": 6963}, {"hash": {"mode": "sha256", "value": "sQ3HX8N4EymdVBU5nVTLFr5SNB3s0uBZFax0IpxQWdc"}, "path": "trimesh/creation.py", "size": 22028}, {"hash": {"mode": "sha256", "value": "5lKdl06ACj2-HO7FVTbaM8KpIxMfNqu5JKxmhIh7cnU"}, "path": "trimesh/decomposition.py", "size": 901}, {"hash": {"mode": "sha256", "value": "VjosRVUTLlgIiZnhVT2wdm7pEgOgMI-ybcl-sVWrr30"}, "path": "trimesh/geometry.py", "size": 7950}, {"hash": {"mode": "sha256", "value": "YY1slP1vrSXjGb07Uud5qZKe0Qqggo47ZbLNbWragWA"}, "path": "trimesh/graph.py", "size": 23456}, {"hash": {"mode": "sha256", "value": "1wnpYMa4aW6a_rBRTkDve6yvSWqNNv-UQ01aCApf2c4"}, "path": "trimesh/grouping.py", "size": 18657}, {"hash": {"mode": "sha256", "value": "jEFoozEEt2JKDURHmtxzVI5WZX9lkSFlt3_h3upy440"}, "path": "trimesh/inertia.py", "size": 6028}, {"hash": {"mode": "sha256", "value": "s8lNdt1ZXdBWef8pAPM_mCuviO6LfQsvh5YMvD-DT6c"}, "path": "trimesh/integrate.py", "size": 3670}, {"hash": {"mode": "sha256", "value": "--bpR6Mmi3TKcS1MuwrxJ0orqF5aoD-7yygcb-oQ1hc"}, "path": "trimesh/interfaces/__init__.py", "size": 61}, {"hash": null, "path": "trimesh/interfaces/__pycache__/__init__.cpython-37.pyc", "size": null}, {"hash": null, "path": "trimesh/interfaces/__pycache__/blender.cpython-37.pyc", "size": null}, {"hash": null, "path": "trimesh/interfaces/__pycache__/generic.cpython-37.pyc", "size": null}, {"hash": null, "path": "trimesh/interfaces/__pycache__/scad.cpython-37.pyc", "size": null}, {"hash": null, "path": "trimesh/interfaces/__pycache__/vhacd.cpython-37.pyc", "size": null}, {"hash": {"mode": "sha256", "value": "qLdr6tfS9irVdo1o8Ei0MLjapUPhBLHhnZIEbpQloeU"}, "path": "trimesh/interfaces/blender.py", "size": 1826}, {"hash": {"mode": "sha256", "value": "V0rTFc6cLf-z7RhEWWRTd0t-eS42n48uWmcsz7q_GYA"}, "path": "trimesh/interfaces/generic.py", "size": 2803}, {"hash": {"mode": "sha256", "value": "2ZveQG0Ifaer0IGpYR_e0AwPpEc67UQe-24abG4YvOo"}, "path": "trimesh/interfaces/scad.py", "size": 2105}, {"hash": {"mode": "sha256", "value": "E3OySws3CtV96xbn4lDXoaUdiQnjrsL6rlmeoBpLo8s"}, "path": "trimesh/interfaces/vhacd.py", "size": 1300}, {"hash": {"mode": "sha256", "value": "GwYeJDpYccnSlsNNotsXLOx9KGO2fBYodbb5RpgWwfY"}, "path": "trimesh/intersections.py", "size": 9540}, {"hash": {"mode": "sha256", "value": "47DEQpj8HBSa-_TImW-5JCeuQeRkm5NMpJWZG3hSuFU"}, "path": "trimesh/io/__init__.py", "size": 0}, {"hash": null, "path": "trimesh/io/__pycache__/__init__.cpython-37.pyc", "size": null}, {"hash": null, "path": "trimesh/io/__pycache__/assimp.cpython-37.pyc", "size": null}, {"hash": null, "path": "trimesh/io/__pycache__/export.cpython-37.pyc", "size": null}, {"hash": null, "path": "trimesh/io/__pycache__/gltf.cpython-37.pyc", "size": null}, {"hash": null, "path": "trimesh/io/__pycache__/load.cpython-37.pyc", "size": null}, {"hash": null, "path": "trimesh/io/__pycache__/misc.cpython-37.pyc", "size": null}, {"hash": null, "path": "trimesh/io/__pycache__/ply.cpython-37.pyc", "size": null}, {"hash": null, "path": "trimesh/io/__pycache__/stl.cpython-37.pyc", "size": null}, {"hash": null, "path": "trimesh/io/__pycache__/threemf.cpython-37.pyc", "size": null}, {"hash": null, "path": "trimesh/io/__pycache__/urdf.cpython-37.pyc", "size": null}, {"hash": null, "path": "trimesh/io/__pycache__/wavefront.cpython-37.pyc", "size": null}, {"hash": null, "path": "trimesh/io/__pycache__/xml_based.cpython-37.pyc", "size": null}, {"hash": {"mode": "sha256", "value": "RTg62JxLv6vBOi1xrFU_VJiyfKggvlgfqPWiVOYWPqg"}, "path": "trimesh/io/assimp.py", "size": 3077}, {"hash": {"mode": "sha256", "value": "rr-jBr5LNH32PtxyCA7iwM6s9oE6XulJQvGF2hTRplg"}, "path": "trimesh/io/export.py", "size": 5044}, {"hash": {"mode": "sha256", "value": "gftChabEPPjkNbaE32Sxi7wlIG9vV3K8FUoykki8N9E"}, "path": "trimesh/io/gltf.py", "size": 14020}, {"hash": {"mode": "sha256", "value": "myZ9O-TSFs4pFceFpnbmNE4wL00bLb-gkNwy67dowWo"}, "path": "trimesh/io/load.py", "size": 11779}, {"hash": {"mode": "sha256", "value": "Qp82uDwUVpFGJUd95ypvQmQP6XJZxDlh2kgZJDexYEk"}, "path": "trimesh/io/misc.py", "size": 4221}, {"hash": {"mode": "sha256", "value": "54lNItb9pW1sAHlakJISCAPZt6MKQHh5fAL4mTI51zk"}, "path": "trimesh/io/ply.py", "size": 15898}, {"hash": {"mode": "sha256", "value": "Ix7EbeyGDHwmfEOx7DZpJq2bnEw2jxEeKIPc2OIA_WU"}, "path": "trimesh/io/stl.py", "size": 7424}, {"hash": {"mode": "sha256", "value": "JE-aDG4Rqyv0dtKHFyDYZfPtZRaPE1Y9hOUH6dDzlws"}, "path": "trimesh/io/threemf.py", "size": 7273}, {"hash": {"mode": "sha256", "value": "6ENuyyqub-fdyQXZLcHvuVs9nLsTxJjn0Rl-zUf84U8"}, "path": "trimesh/io/urdf.py", "size": 5077}, {"hash": {"mode": "sha256", "value": "091LPxGdhApfVACP6w02i3sKiEwjpFL7bsW3AEPcTeU"}, "path": "trimesh/io/wavefront.py", "size": 7943}, {"hash": {"mode": "sha256", "value": "cWAZSwqwwqppnKeREMbhrMcc8xMSFURX18V0RhCbLZs"}, "path": "trimesh/io/xml_based.py", "size": 17198}, {"hash": {"mode": "sha256", "value": "Kwp62KPKFJ5Xs12kLbviK-J8hQizRoswKtKccY4Gw7U"}, "path": "trimesh/nsphere.py", "size": 4383}, {"hash": {"mode": "sha256", "value": "x9J_d84daS1Ii6eLYUxUEZagE6xyzIz656OxHT4Ilr4"}, "path": "trimesh/path/__init__.py", "size": 33}, {"hash": null, "path": "trimesh/path/__pycache__/__init__.cpython-37.pyc", "size": null}, {"hash": null, "path": "trimesh/path/__pycache__/arc.cpython-37.pyc", "size": null}, {"hash": null, "path": "trimesh/path/__pycache__/creation.cpython-37.pyc", "size": null}, {"hash": null, "path": "trimesh/path/__pycache__/curve.cpython-37.pyc", "size": null}, {"hash": null, "path": "trimesh/path/__pycache__/entities.cpython-37.pyc", "size": null}, {"hash": null, "path": "trimesh/path/__pycache__/intersections.cpython-37.pyc", "size": null}, {"hash": null, "path": "trimesh/path/__pycache__/packing.cpython-37.pyc", "size": null}, {"hash": null, "path": "trimesh/path/__pycache__/path.cpython-37.pyc", "size": null}, {"hash": null, "path": "trimesh/path/__pycache__/polygons.cpython-37.pyc", "size": null}, {"hash": null, "path": "trimesh/path/__pycache__/raster.cpython-37.pyc", "size": null}, {"hash": null, "path": "trimesh/path/__pycache__/simplify.cpython-37.pyc", "size": null}, {"hash": null, "path": "trimesh/path/__pycache__/traversal.cpython-37.pyc", "size": null}, {"hash": null, "path": "trimesh/path/__pycache__/util.cpython-37.pyc", "size": null}, {"hash": {"mode": "sha256", "value": "PEqK0AXhafTZYnCacgNtMoCe5Pw8awl2H7cfMPmB5yo"}, "path": "trimesh/path/arc.py", "size": 6718}, {"hash": {"mode": "sha256", "value": "VQ6aaTJOVrPazfrjU6Qd-I6DKkX-cpYK_XCMX1CgnK4"}, "path": "trimesh/path/creation.py", "size": 1813}, {"hash": {"mode": "sha256", "value": "OT_wSDsVYcZz1fonNotD91NTWI2SogOxxqCyZh9__10"}, "path": "trimesh/path/curve.py", "size": 3404}, {"hash": {"mode": "sha256", "value": "Hs9QeVHbb52RKp51ysvgsbmhQZb_JRGuYBNzSHWxm58"}, "path": "trimesh/path/entities.py", "size": 9300}, {"hash": {"mode": "sha256", "value": "kT9mABj4EucHTNqKEb9e7fKkCupKz8mjduasLwgp0L4"}, "path": "trimesh/path/intersections.py", "size": 2349}, {"hash": {"mode": "sha256", "value": "47DEQpj8HBSa-_TImW-5JCeuQeRkm5NMpJWZG3hSuFU"}, "path": "trimesh/path/io/__init__.py", "size": 0}, {"hash": null, "path": "trimesh/path/io/__pycache__/__init__.cpython-37.pyc", "size": null}, {"hash": null, "path": "trimesh/path/io/__pycache__/dxf.cpython-37.pyc", "size": null}, {"hash": null, "path": "trimesh/path/io/__pycache__/export.cpython-37.pyc", "size": null}, {"hash": null, "path": "trimesh/path/io/__pycache__/load.cpython-37.pyc", "size": null}, {"hash": null, "path": "trimesh/path/io/__pycache__/misc.cpython-37.pyc", "size": null}, {"hash": null, "path": "trimesh/path/io/__pycache__/svg_io.cpython-37.pyc", "size": null}, {"hash": {"mode": "sha256", "value": "umX9Pf9gZ9NLz1gzX6OZNsMFX6MeLIGcPCRS3N1Crwg"}, "path": "trimesh/path/io/dxf.py", "size": 13629}, {"hash": {"mode": "sha256", "value": "DTKXdw2ZU1U0RfrWlvTv5gpfe3ta_LdvDpj599p28ro"}, "path": "trimesh/path/io/export.py", "size": 1692}, {"hash": {"mode": "sha256", "value": "keGwpvFljb-09sRpZq3TM5tQbKQDikabIHrWmThYO6A"}, "path": "trimesh/path/io/load.py", "size": 2103}, {"hash": {"mode": "sha256", "value": "qa6-KrtHCL7wXCG_7kLmInZgtpEwNq83C8fQ92-0mLo"}, "path": "trimesh/path/io/misc.py", "size": 5265}, {"hash": {"mode": "sha256", "value": "MLSjmb3ZdIVp9XeyVEz0hVaguhoI1PS7AbYLt_1Jxtw"}, "path": "trimesh/path/io/svg_io.py", "size": 7865}, {"hash": {"mode": "sha256", "value": "YDz2x6X9B2jStOzCDVEbxUypFvIbtmrCRDcIFGZ-u6o"}, "path": "trimesh/path/packing.py", "size": 9072}, {"hash": {"mode": "sha256", "value": "gA-KtP87euuWlyKnr0Afd_CHXPvYbS6QQPK1LyZNm3c"}, "path": "trimesh/path/path.py", "size": 35731}, {"hash": {"mode": "sha256", "value": "kOUDxdov6Ed1X3167UTgGURouiKbJ6u5SQ0JWN1Cr7s"}, "path": "trimesh/path/polygons.py", "size": 16194}, {"hash": {"mode": "sha256", "value": "V8pOaEUdbu1-EENUPa8ISd9PDLHRCSvsiiUGH_bnN70"}, "path": "trimesh/path/raster.py", "size": 2898}, {"hash": {"mode": "sha256", "value": "nuojSmiRCpraJWlBuUFS6AA59FSkDYuk2eyRHtxZkgg"}, "path": "trimesh/path/simplify.py", "size": 12826}, {"hash": {"mode": "sha256", "value": "CjsKt28MO9YCJmsJVHyW8tpqQyRky8nqyRQOF2h0Q0U"}, "path": "trimesh/path/traversal.py", "size": 9777}, {"hash": {"mode": "sha256", "value": "ilrBeM3Jx-XNxRWuxu9s_7w5pMRnZC8mKTvJjMC5WKE"}, "path": "trimesh/path/util.py", "size": 1899}, {"hash": {"mode": "sha256", "value": "axxoOOoBovB7xCztMxayABhhsGDmA89RUrZFt8WxX7c"}, "path": "trimesh/permutate.py", "size": 4214}, {"hash": {"mode": "sha256", "value": "UnaCIYK9jkEapf9tqEXJ5B4b7yOfBxNtJuJmCyFiLFw"}, "path": "trimesh/points.py", "size": 11320}, {"hash": {"mode": "sha256", "value": "UzEaqjuUKl3gCIVymfw6y-nMedIjItWSEMp25jIcu6M"}, "path": "trimesh/poses.py", "size": 10022}, {"hash": {"mode": "sha256", "value": "ygJzuSJhANLIFPuBpM4a1O4bDMJS5HoTHq_au4deOak"}, "path": "trimesh/primitives.py", "size": 20199}, {"hash": {"mode": "sha256", "value": "xG_Wt2eAKpmcV7Fr_WBPOB-6-rUEFYr8Edw3PrU_htY"}, "path": "trimesh/proximity.py", "size": 9831}, {"hash": {"mode": "sha256", "value": "KCGAKPrzn5CeOP4-jp-mdrlsXdAx5ZHSFhbcC3oqJms"}, "path": "trimesh/ray/__init__.py", "size": 183}, {"hash": null, "path": "trimesh/ray/__pycache__/__init__.cpython-37.pyc", "size": null}, {"hash": null, "path": "trimesh/ray/__pycache__/ray_pyembree.cpython-37.pyc", "size": null}, {"hash": null, "path": "trimesh/ray/__pycache__/ray_triangle.cpython-37.pyc", "size": null}, {"hash": null, "path": "trimesh/ray/__pycache__/ray_util.cpython-37.pyc", "size": null}, {"hash": {"mode": "sha256", "value": "rJHpg8k7ms0uwVH7onI1sAIQVwQvVzxQ1x9Wsu05JHk"}, "path": "trimesh/ray/ray_pyembree.py", "size": 9357}, {"hash": {"mode": "sha256", "value": "V-YPZOl0N8W1iTChpO2m1IOFDR22nchPvahfhwltYRc"}, "path": "trimesh/ray/ray_triangle.py", "size": 12396}, {"hash": {"mode": "sha256", "value": "r0Xmrq2XHdELg7aqa57Hwb6o8N0oDX3ENR-UkKP8wNk"}, "path": "trimesh/ray/ray_util.py", "size": 4537}, {"hash": {"mode": "sha256", "value": "kbE9i5eX5028kURHy1hXpj9Kd1cyVC1YAhVxNJClVgk"}, "path": "trimesh/remesh.py", "size": 4264}, {"hash": {"mode": "sha256", "value": "gkn-y9zN7uCamWXewbybTpp7z_Ri06lm9Rm2TAhPeCk"}, "path": "trimesh/repair.py", "size": 10528}, {"hash": {"mode": "sha256", "value": "7I6Kc6koSWeTTGsYiDb3T44zklzamoft5pzfZusKYqE"}, "path": "trimesh/resources/__init__.py", "size": 573}, {"hash": null, "path": "trimesh/resources/__pycache__/__init__.cpython-37.pyc", "size": null}, {"hash": {"mode": "sha256", "value": "ni6Rals80gV06eeMWebnnsGj7DRf8Apu-ipzavXfvEU"}, "path": "trimesh/resources/blender.py.template", "size": 1290}, {"hash": {"mode": "sha256", "value": "4CmYCwamNz6Urr-gOXTgPPL4rcfmoKzvhOn9MHQlH-c"}, "path": "trimesh/resources/collada.dae.template", "size": 4131}, {"hash": {"mode": "sha256", "value": "cedtSboXSg8u7U1hJ1JUqi89Q0KJfx1Zu5Dsl7B5NDI"}, "path": "trimesh/resources/dxf.json.template", "size": 2360}, {"hash": {"mode": "sha256", "value": "unAPeNf7tf7rSIzTUSRii_o0PIC4Ou42BhGKtJeUX18"}, "path": "trimesh/resources/ply.template", "size": 407}, {"hash": {"mode": "sha256", "value": "5imsUNjGjFHJlBhyIRodDzdL_LI46_MmZ9CCOQGI6Sc"}, "path": "trimesh/resources/svg.xml.template", "size": 252}, {"hash": {"mode": "sha256", "value": "Gz3E2E84MOrC9vSRVC_AHzoHpUfA8MQ4dRjovpcLEqk"}, "path": "trimesh/resources/viewer.html.template", "size": 69739}, {"hash": {"mode": "sha256", "value": "JEUnDKb-YQrAjssWU6epYRGS215OSvwsNVIddXAjwP4"}, "path": "trimesh/resources/yafaray.xml.template", "size": 3460}, {"hash": {"mode": "sha256", "value": "quC5NLqxzjxvi2zMk9ejRAhWFzwVAHR9vJdaKh_hfMw"}, "path": "trimesh/sample.py", "size": 4573}, {"hash": {"mode": "sha256", "value": "-_cXY0pEdtS4_gCmKsVBuF8YBpOv9Uy5THDvmCYMLJk"}, "path": "trimesh/scene/__init__.py", "size": 38}, {"hash": null, "path": "trimesh/scene/__pycache__/__init__.cpython-37.pyc", "size": null}, {"hash": null, "path": "trimesh/scene/__pycache__/scene.cpython-37.pyc", "size": null}, {"hash": null, "path": "trimesh/scene/__pycache__/transforms.cpython-37.pyc", "size": null}, {"hash": null, "path": "trimesh/scene/__pycache__/viewer.cpython-37.pyc", "size": null}, {"hash": null, "path": "trimesh/scene/__pycache__/viewerJS.cpython-37.pyc", "size": null}, {"hash": {"mode": "sha256", "value": "7XtIGrolrv54e-qyAKplcVZPwqyox9cJ4yfJ3XK16c4"}, "path": "trimesh/scene/scene.py", "size": 24620}, {"hash": {"mode": "sha256", "value": "xtUdRiwVpaiaBHLwG6zdC5pKAiyDUyjAf9_FCLtS3l4"}, "path": "trimesh/scene/transforms.py", "size": 12620}, {"hash": {"mode": "sha256", "value": "I-T9whKZKPvOxwzEeMa7Lc_iT68ZZlYNPI3zVV-TRhg"}, "path": "trimesh/scene/viewer.py", "size": 17127}, {"hash": {"mode": "sha256", "value": "GIn-brKWEA6KQ21mudrGVHSpf87ozJs0rFBAMTH2O7E"}, "path": "trimesh/scene/viewerJS.py", "size": 2403}, {"hash": {"mode": "sha256", "value": "9yFJ_odKBA8Ptveo_kULmr9bwFEB7eD7CurcABjP_jo"}, "path": "trimesh/transformations.py", "size": 68519}, {"hash": {"mode": "sha256", "value": "h4CjghTP1dwfReP0KDt3uxpJyZaeai_QjvE15EUiTJI"}, "path": "trimesh/triangles.py", "size": 18262}, {"hash": {"mode": "sha256", "value": "PUfJFTGJ-JK3sf_00jv9ytj1_MRb8qP-Wrhfci6L9gU"}, "path": "trimesh/units.py", "size": 5285}, {"hash": {"mode": "sha256", "value": "JHnx3-D_Svt3jkgUj2QdUBDGkWr_u6KF662hekNK6UA"}, "path": "trimesh/util.py", "size": 48629}, {"hash": {"mode": "sha256", "value": "z1m2HFpyS_TrHdLC24W-AR00r-HKDHqFkqBZlRo2Ioc"}, "path": "trimesh/version.py", "size": 24}, {"hash": {"mode": "sha256", "value": "DXJJNZhPF_avPWAFa_BMxPFEo8gyKfDR63RbLEOqk9k"}, "path": "trimesh/visual.py", "size": 20285}, {"hash": {"mode": "sha256", "value": "XvkQR0XuGFKYH2enL4EaaeWp4q2y0Cm6gm6UpxonoKo"}, "path": "trimesh/voxel.py", "size": 16511}], "metadata": {"Author": "Mike Dawson-Haggerty", "Author-email": "mik3dh@gmail.com", "Classifier": ["Development Status :: 4 - Beta", "License :: OSI Approved :: MIT License", "Programming Language :: Python", "Programming Language :: Python :: 2.7", "Programming Language :: Python :: 3.3", "Programming Language :: Python :: 3.4", "Programming Language :: Python :: 3.5", "Programming Language :: Python :: 3.6", "Natural Language :: English", "Topic :: Scientific/Engineering"], "Home-page": "http://github.com/mikedh/trimesh", "Keywords": "graphics mesh geometry 3D", "License": "MIT", "Metadata-Version": "2.1", "Name": "trimesh", "Platform": ["UNKNOWN"], "Provides-Extra": ["all", "easy"], "Requires-Dist": ["numpy", "scipy", "networkx", "lxml ; extra == 'all'", "pyglet ; extra == 'all'", "Shapely ; extra == 'all'", "rtree ; extra == 'all'", "svg.path ; extra == 'all'", "meshpy ; extra == 'all'", "sympy ; extra == 'all'", "msgpack ; extra == 'all'", "python-fcl ; extra == 'all'", "colorlog ; extra == 'all'", "xxhash ; extra == 'all'", "pillow ; extra == 'all'", "setuptools ; extra == 'all'", "lxml ; extra == 'easy'", "pyglet ; extra == 'easy'", "Shapely ; extra == 'easy'", "rtree ; extra == 'easy'", "svg.path ; extra == 'easy'", "sympy ; extra == 'easy'", "msgpack ; extra == 'easy'", "pillow ; extra == 'easy'", "colorlog ; extra == 'easy'"], "Summary": "Import, export, process, analyze and view triangular meshes.", "Version": "2.30.22"}, "requires": ["numpy", "scipy", "networkx", "lxml ; extra == 'all'", "pyglet ; extra == 'all'", "Shapely ; extra == 'all'", "rtree ; extra == 'all'", "svg.path ; extra == 'all'", "meshpy ; extra == 'all'", "sympy ; extra == 'all'", "msgpack ; extra == 'all'", "python-fcl ; extra == 'all'", "colorlog ; extra == 'all'", "xxhash ; extra == 'all'", "pillow ; extra == 'all'", "setuptools ; extra == 'all'", "lxml ; extra == 'easy'", "pyglet ; extra == 'easy'", "Shapely ; extra == 'easy'", "rtree ; extra == 'easy'", "svg.path ; extra == 'easy'", "sympy ; extra == 'easy'", "msgpack ; extra == 'easy'", "pillow ; extra == 'easy'", "colorlog ; extra == 'easy'"], "version": "2.30.22"}, "index_url": "https://pypi.org/simple", "package_name": "trimesh", "package_version": "2.30.22", "package_version_requested": "2.30.22", "sha256": ["657e71e2a77389393ffcaee6d44aeb12eb390de8e248273e5aa25ecdeccdcd57"]}], "unparsed": [], "unresolved": []}}