{"metadata": {"analyzer": "thoth-solver", "analyzer_version": "1.4.1", "arguments": {"python": {"exclude_packages": null, "index": "https://pypi.org/simple", "no_pretty": false, "no_transitive": true, "output": "http://result-api/api/v1/solver-result", "requirements": "devpi-server==2.0.0", "virtualenv": "/home/solver/venv"}, "thoth-solver": {"verbose": false}}, "datetime": "2019-12-26T16:44:36.821378", "distribution": {"codename": "", "id": "fedora", "like": "", "version": "31", "version_parts": {"build_number": "", "major": "31", "minor": ""}}, "document_id": "solver-fedora-31-py37-05f83bad", "duration": 3, "hostname": "solver-fedora-31-py37-05f83bad-rnsbz", "os_release": {"id": "fedora", "name": "Fedora", "platform_id": "platform:f31", "redhat_bugzilla_product": "Fedora", "redhat_bugzilla_product_version": "31", "redhat_support_product": "Fedora", "redhat_support_product_version": "31", "variant_id": "container", "version": "31 (Container Image)", "version_id": "31"}, "python": {"api_version": 1013, "implementation_name": "cpython", "major": 3, "micro": 5, "minor": 7, "releaselevel": "final", "serial": 0}, "thoth_deployment_name": "thoth-psi-stage", "timestamp": 1577378676}, "result": {"environment": {"implementation_name": "cpython", "implementation_version": "3.7.5", "os_name": "posix", "platform_machine": "x86_64", "platform_python_implementation": "CPython", "platform_release": "3.10.0-957.21.2.el7.x86_64", "platform_system": "Linux", "platform_version": "#1 SMP Tue May 28 09:26:43 UTC 2019", "python_full_version": "3.7.5", "python_version": "3.7", "sys_platform": "linux"}, "environment_packages": [{"package_name": "pipdeptree", "package_version": "0.13.2"}], "errors": [], "tree": [{"dependencies": [{"extra": [], "extras": [], "marker": null, "marker_evaluated": null, "marker_evaluation_error": null, "marker_evaluation_result": true, "normalized_package_name": "py", "package_name": "py", "resolved_versions": [{"index": "https://pypi.org/simple", "versions": ["1.4.20", "1.4.21", "1.4.22", "1.4.23", "1.4.24", "1.4.25", "1.4.26", "1.4.27", "1.4.28", "1.4.29", "1.4.30", "1.4.31", "1.4.32", "1.4.33", "1.4.34", "1.5.1", "1.5.2", "1.5.3", "1.5.4", "1.6.0", "1.7.0", "1.8.0"]}], "specifier": ">=1.4.20"}, {"extra": [], "extras": [], "marker": null, "marker_evaluated": null, "marker_evaluation_error": null, "marker_evaluation_result": true, "normalized_package_name": "devpi-common", "package_name": "devpi-common", "resolved_versions": [{"index": "https://pypi.org/simple", "versions": ["2.0.0", "2.0.1", "2.0.10", "2.0.2", "2.0.3", "2.0.4", "2.0.5", "2.0.6", "2.0.7", "2.0.8", "2.0.9", "3.0.0", "3.0.1", "3.1.0", "3.2.0", "3.2.1", "3.2.2", "3.2.3", "3.3.0", "3.3.1", "3.3.2", "3.4.0"]}], "specifier": ">=2.0.0"}, {"extra": [], "extras": [], "marker": null, "marker_evaluated": null, "marker_evaluation_error": null, "marker_evaluation_result": true, "normalized_package_name": "itsdangerous", "package_name": "itsdangerous", "resolved_versions": [{"index": "https://pypi.org/simple", "versions": ["0.24", "1.1.0"]}], "specifier": ">=0.24"}, {"extra": [], "extras": [], "marker": null, "marker_evaluated": null, "marker_evaluation_error": null, "marker_evaluation_result": true, "normalized_package_name": "execnet", "package_name": "execnet", "resolved_versions": [{"index": "https://pypi.org/simple", "versions": ["1.2.0", "1.3.0", "1.4.0", "1.4.1", "1.5.0", "1.6.0", "1.6.1", "1.7.0", "1.7.1"]}], "specifier": ">=1.2"}, {"extra": [], "extras": [], "marker": null, "marker_evaluated": null, "marker_evaluation_error": null, "marker_evaluation_result": true, "normalized_package_name": "pyramid", "package_name": "pyramid", "resolved_versions": [{"index": "https://pypi.org/simple", "versions": ["1.10", "1.10.1", "1.10.2", "1.10.3", "1.10.4", "1.5.1", "1.5.2", "1.5.3", "1.5.4", "1.5.5", "1.5.6", "1.5.7", "1.5.8", "1.6", "1.6.1", "1.6.2", "1.6.3", "1.6.4", "1.6.5", "1.7", "1.7.1", "1.7.2", "1.7.3", "1.7.4", "1.7.5", "1.7.6", "1.8", "1.8.1", "1.8.2", "1.8.3", "1.8.4", "1.8.5", "1.8.6", "1.9", "1.9.1", "1.9.2", "1.9.3", "1.9.4"]}], "specifier": ">=1.5.1"}, {"extra": [], "extras": [], "marker": null, "marker_evaluated": null, "marker_evaluation_error": null, "marker_evaluation_result": true, "normalized_package_name": "waitress", "package_name": "waitress", "resolved_versions": [{"index": "https://pypi.org/simple", "versions": ["0.8.10", "0.8.9", "0.9.0", "1.0.0", "1.0.1", "1.0.2", "1.1.0", "1.2.0", "1.2.1", "1.3.0", "1.3.1", "1.4.0", "1.4.1"]}], "specifier": ">=0.8.9"}, {"extra": [], "extras": [], "marker": null, "marker_evaluated": null, "marker_evaluation_error": null, "marker_evaluation_result": true, "normalized_package_name": "repoze-lru", "package_name": "repoze.lru", "resolved_versions": [{"index": "https://pypi.org/simple", "versions": ["0.6", "0.7"]}], "specifier": ">=0.6"}], "importlib_metadata": {"entry_points": [{"group": "console_scripts", "name": "devpi-server", "value": "devpi_server.main:main"}], "files": [{"hash": {"mode": "sha256", "value": "rRZQhtYDfHdOvA6PdupPARpS4nRvBduWE6PmnUpjLBs"}, "path": "../../../bin/devpi-server", "size": 229}, {"hash": {"mode": "sha256", "value": "zuuue4knoyJ-UwPPXg8fezS7VCrXJQrAP7zeNuwvFQg"}, "path": "devpi_server-2.0.0.dist-info/INSTALLER", "size": 4}, {"hash": {"mode": "sha256", "value": "3sl5jEy9UQtKxOCReIlgk680N2ksQ3V8uPQx3y9HmBY"}, "path": "devpi_server-2.0.0.dist-info/METADATA", "size": 2926}, {"hash": null, "path": "devpi_server-2.0.0.dist-info/RECORD", "size": null}, {"hash": {"mode": "sha256", "value": "wYBY2EO50FhAcckpWmO3c3Zwk2MALACx6lPAl6gVKnE"}, "path": "devpi_server-2.0.0.dist-info/WHEEL", "size": 93}, {"hash": {"mode": "sha256", "value": "UY3IB9aaPLNa1G-mJnsADPsKXljKRSQvtqY-N9u8TPY"}, "path": "devpi_server-2.0.0.dist-info/entry_points.txt", "size": 57}, {"hash": {"mode": "sha256", "value": "vx0FnV_pEqiID01KGxeFWdrnDBmduu1D3wRnACWX26w"}, "path": "devpi_server-2.0.0.dist-info/top_level.txt", "size": 31}, {"hash": {"mode": "sha256", "value": "hwOJuFUEKtsgiOt4l6op9s-hviovM6TK1uCdtRNWY4E"}, "path": "devpi_server/__init__.py", "size": 22}, {"hash": null, "path": "devpi_server/__pycache__/__init__.cpython-37.pyc", "size": null}, {"hash": null, "path": "devpi_server/__pycache__/auth.cpython-37.pyc", "size": null}, {"hash": null, "path": "devpi_server/__pycache__/bgserver.cpython-37.pyc", "size": null}, {"hash": null, "path": "devpi_server/__pycache__/config.cpython-37.pyc", "size": null}, {"hash": null, "path": "devpi_server/__pycache__/extpypi.cpython-37.pyc", "size": null}, {"hash": null, "path": "devpi_server/__pycache__/filestore.cpython-37.pyc", "size": null}, {"hash": null, "path": "devpi_server/__pycache__/genconfig.cpython-37.pyc", "size": null}, {"hash": null, "path": "devpi_server/__pycache__/importexport.cpython-37.pyc", "size": null}, {"hash": null, "path": "devpi_server/__pycache__/keyfs.cpython-37.pyc", "size": null}, {"hash": null, "path": "devpi_server/__pycache__/log.cpython-37.pyc", "size": null}, {"hash": null, "path": "devpi_server/__pycache__/main.cpython-37.pyc", "size": null}, {"hash": null, "path": "devpi_server/__pycache__/model.cpython-37.pyc", "size": null}, {"hash": null, "path": "devpi_server/__pycache__/mythread.cpython-37.pyc", "size": null}, {"hash": null, "path": "devpi_server/__pycache__/replica.cpython-37.pyc", "size": null}, {"hash": null, "path": "devpi_server/__pycache__/venv.cpython-37.pyc", "size": null}, {"hash": null, "path": "devpi_server/__pycache__/view_auth.cpython-37.pyc", "size": null}, {"hash": null, "path": "devpi_server/__pycache__/views.cpython-37.pyc", "size": null}, {"hash": {"mode": "sha256", "value": "ky3K11Ia49U8cXg7PcNelK8mH_yhv1CWfLdS_90D5GA"}, "path": "devpi_server/auth.py", "size": 2627}, {"hash": {"mode": "sha256", "value": "QFRTpLvyUSxcz20L0psqCkhai2ZZPrGoGS_jMPWQuxo"}, "path": "devpi_server/bgserver.py", "size": 3373}, {"hash": {"mode": "sha256", "value": "47DEQpj8HBSa-_TImW-5JCeuQeRkm5NMpJWZG3hSuFU"}, "path": "devpi_server/cfg/__init__.py", "size": 0}, {"hash": null, "path": "devpi_server/cfg/__pycache__/__init__.cpython-37.pyc", "size": null}, {"hash": {"mode": "sha256", "value": "LJuoYLQCS_ZjNK2XBrUyRr536D9KZg1syjU6xr3KKGQ"}, "path": "devpi_server/cfg/devpibootstrap.py.template", "size": 6463}, {"hash": {"mode": "sha256", "value": "ntWU10ba9B3_miKF3LIPDPxL8xq4yGvMsbnOSlu9Bpk"}, "path": "devpi_server/cfg/nginx-devpi.conf.template", "size": 1108}, {"hash": {"mode": "sha256", "value": "M0oGRb_YLNRu-A3J5RpMzPlQqeUAnzUshF2c_j-J25Q"}, "path": "devpi_server/cfg/supervisord.conf.template", "size": 140}, {"hash": {"mode": "sha256", "value": "kaPzVTlEgL6lOXRB8uphPfC1qbPZWKH344B1-liL8Hw"}, "path": "devpi_server/config.py", "size": 11109}, {"hash": {"mode": "sha256", "value": "4gIyTo8MnbJ5Kv6wn_6hkPKNLBQVPe3Bg_72yS1IOIs"}, "path": "devpi_server/extpypi.py", "size": 16278}, {"hash": {"mode": "sha256", "value": "62EPT6g2Aa8gKtJIH4HouWSXcqPcYgn9z9ASPxlZKvU"}, "path": "devpi_server/filestore.py", "size": 8121}, {"hash": {"mode": "sha256", "value": "McIO2ndgLq-B9OcHFbtIFs5NurlO19yAfjl79H6MMRU"}, "path": "devpi_server/genconfig.py", "size": 2083}, {"hash": {"mode": "sha256", "value": "TOwcFifMnufNlXRhdcV98BFe61OvkTLrVnvXlcKfKBU"}, "path": "devpi_server/importexport.py", "size": 18432}, {"hash": {"mode": "sha256", "value": "u4RdAaI9LWd2GGlTMieLKFai1uGC0dLl94NJ-TH8cAQ"}, "path": "devpi_server/keyfs.py", "size": 26328}, {"hash": {"mode": "sha256", "value": "6TRulDs0LYIc_3UHebMIiNj6WEUUUoyb7d2wpP5ABX0"}, "path": "devpi_server/log.py", "size": 2566}, {"hash": {"mode": "sha256", "value": "wz38ET6woy3WDFS0IYBiKWmwAVZnNdE_OtazpIA7XGo"}, "path": "devpi_server/main.py", "size": 13893}, {"hash": {"mode": "sha256", "value": "aX4GDMbHe1avs53PVFCVZzgeIGypkatW_1JFMt_l7_8"}, "path": "devpi_server/model.py", "size": 30072}, {"hash": {"mode": "sha256", "value": "wEBhKA7PQff0mGusEJzgqGj-K5rkcKjNZGbAeXNFXNM"}, "path": "devpi_server/mythread.py", "size": 1977}, {"hash": {"mode": "sha256", "value": "X5ZuNJgGHHWtGrU9xBnbKhCjtETdpeo7nKCdhkRZGho"}, "path": "devpi_server/replica.py", "size": 10334}, {"hash": {"mode": "sha256", "value": "47DEQpj8HBSa-_TImW-5JCeuQeRkm5NMpJWZG3hSuFU"}, "path": "devpi_server/vendor/__init__.py", "size": 0}, {"hash": null, "path": "devpi_server/vendor/__pycache__/__init__.cpython-37.pyc", "size": null}, {"hash": null, "path": "devpi_server/vendor/__pycache__/xprocess.cpython-37.pyc", "size": null}, {"hash": {"mode": "sha256", "value": "eR5mVSSs4nUfTLBKsWAUG_-Mk48Y0ejwj-4psfVnA24"}, "path": "devpi_server/vendor/xprocess.py", "size": 6109}, {"hash": {"mode": "sha256", "value": "M94P8D04zVOkCyUSlwcFIMFe3lIU6hpQwEW_piVN60I"}, "path": "devpi_server/venv.py", "size": 1845}, {"hash": {"mode": "sha256", "value": "d81szHQ-O-ZREWuN6tuzT40OFDsDZLfJLU8YKvs6lk4"}, "path": "devpi_server/view_auth.py", "size": 5561}, {"hash": {"mode": "sha256", "value": "vabKVujLk-uszk5xN4I--ljpj-WSsGoETza98w4T8Z4"}, "path": "devpi_server/views.py", "size": 36499}, {"hash": {"mode": "sha256", "value": "47DEQpj8HBSa-_TImW-5JCeuQeRkm5NMpJWZG3hSuFU"}, "path": "test_devpi_server/__init__.py", "size": 0}, {"hash": null, "path": "test_devpi_server/__pycache__/__init__.cpython-37.pyc", "size": null}, {"hash": null, "path": "test_devpi_server/__pycache__/conftest.cpython-37.pyc", "size": null}, {"hash": null, "path": "test_devpi_server/__pycache__/example.cpython-37.pyc", "size": null}, {"hash": null, "path": "test_devpi_server/__pycache__/functional.cpython-37.pyc", "size": null}, {"hash": null, "path": "test_devpi_server/__pycache__/test_auth.cpython-37.pyc", "size": null}, {"hash": null, "path": "test_devpi_server/__pycache__/test_bgserver.cpython-37.pyc", "size": null}, {"hash": null, "path": "test_devpi_server/__pycache__/test_config.cpython-37.pyc", "size": null}, {"hash": null, "path": "test_devpi_server/__pycache__/test_conftest.cpython-37.pyc", "size": null}, {"hash": null, "path": "test_devpi_server/__pycache__/test_ctl.cpython-37.pyc", "size": null}, {"hash": null, "path": "test_devpi_server/__pycache__/test_devpibootstrap.cpython-37.pyc", "size": null}, {"hash": null, "path": "test_devpi_server/__pycache__/test_extpypi.cpython-37.pyc", "size": null}, {"hash": null, "path": "test_devpi_server/__pycache__/test_filestore.cpython-37.pyc", "size": null}, {"hash": null, "path": "test_devpi_server/__pycache__/test_genconfig.cpython-37.pyc", "size": null}, {"hash": null, "path": "test_devpi_server/__pycache__/test_importexport.cpython-37.pyc", "size": null}, {"hash": null, "path": "test_devpi_server/__pycache__/test_keyfs.cpython-37.pyc", "size": null}, {"hash": null, "path": "test_devpi_server/__pycache__/test_log.cpython-37.pyc", "size": null}, {"hash": null, "path": "test_devpi_server/__pycache__/test_main.cpython-37.pyc", "size": null}, {"hash": null, "path": "test_devpi_server/__pycache__/test_model.cpython-37.pyc", "size": null}, {"hash": null, "path": "test_devpi_server/__pycache__/test_mythread.cpython-37.pyc", "size": null}, {"hash": null, "path": "test_devpi_server/__pycache__/test_replica.cpython-37.pyc", "size": null}, {"hash": null, "path": "test_devpi_server/__pycache__/test_reqmock.cpython-37.pyc", "size": null}, {"hash": null, "path": "test_devpi_server/__pycache__/test_views.cpython-37.pyc", "size": null}, {"hash": {"mode": "sha256", "value": "Q5uMvJWqfOVKWwR3JWCpqsHoO6GqJpKIMobKKKuMDVM"}, "path": "test_devpi_server/conftest.py", "size": 26251}, {"hash": {"mode": "sha256", "value": "5Upm9G4GSD1ujNDkUd2-Jn0VvzSzbnQbEO6B45x7GKQ"}, "path": "test_devpi_server/example.py", "size": 505}, {"hash": {"mode": "sha256", "value": "NH3rmQD6uy5Fvp3Bb3hRa6jBxwYRFmaSO-XlzHY7Uyk"}, "path": "test_devpi_server/functional.py", "size": 7219}, {"hash": {"mode": "sha256", "value": "X9CrV_KIw5GOxoFzbA3KiOXhvfvV1htxmZfNWHZYKN8"}, "path": "test_devpi_server/test_auth.py", "size": 2338}, {"hash": {"mode": "sha256", "value": "uIiGpm7lnZlR9lStGvhqS-sugcxlKI1dkhXVSmm-0-o"}, "path": "test_devpi_server/test_bgserver.py", "size": 525}, {"hash": {"mode": "sha256", "value": "YyIYxnvW1y6d87TWM5vv-g0HV1Vv57SsB6J7GYxKr-Y"}, "path": "test_devpi_server/test_config.py", "size": 4056}, {"hash": {"mode": "sha256", "value": "HTzbECCWdMaFAh10Gy-C-uMInBezzTGdM641tR7Od7E"}, "path": "test_devpi_server/test_conftest.py", "size": 1059}, {"hash": {"mode": "sha256", "value": "AbpHGcgLb-kRsJGnwFEktk7uzpZOCcBY74-YBdrKVGs"}, "path": "test_devpi_server/test_ctl.py", "size": 1}, {"hash": {"mode": "sha256", "value": "Q7JDDoeD1KSUF8Mfo5oKJY9yBlefU0McI6B561RPoLU"}, "path": "test_devpi_server/test_devpibootstrap.py", "size": 3281}, {"hash": {"mode": "sha256", "value": "NF6SmiEVTL6KAADAD7GKu-PEMMRPmYqkS9C7R8BakRc"}, "path": "test_devpi_server/test_extpypi.py", "size": 23247}, {"hash": {"mode": "sha256", "value": "PbxyYEnXXCBMGN04gKG3nbM1fjQ_kuvXu6lZoRNRojc"}, "path": "test_devpi_server/test_filestore.py", "size": 9962}, {"hash": {"mode": "sha256", "value": "HIIB0woVrmicMWncDUzwKIqvhpy2HUsmhkUIiT6JWVQ"}, "path": "test_devpi_server/test_genconfig.py", "size": 344}, {"hash": {"mode": "sha256", "value": "QGNmpW-FZdCVdX2BnVgHrR2NVm2IqT3Erz3SWx2bqc4"}, "path": "test_devpi_server/test_importexport.py", "size": 7223}, {"hash": {"mode": "sha256", "value": "E_UWbnvtQ7ngXvz_yy7V-_Lrkn5TGCcKo8SeTmtcs9s"}, "path": "test_devpi_server/test_keyfs.py", "size": 19949}, {"hash": {"mode": "sha256", "value": "p4R1aw8wbQPFLNa-KX0y4ycTkuO8d7GisjiuxWuQqPA"}, "path": "test_devpi_server/test_log.py", "size": 2268}, {"hash": {"mode": "sha256", "value": "U7lOfk_cKYFVogysM3ErgDZQ2pK0BGvDOtRlSeuln1Q"}, "path": "test_devpi_server/test_main.py", "size": 2627}, {"hash": {"mode": "sha256", "value": "TpCLhy6KJpBB6VaDmvxDLOkabmeKb15ssy75AcuNcss"}, "path": "test_devpi_server/test_model.py", "size": 27851}, {"hash": {"mode": "sha256", "value": "0t2DoxVdtvWVSBOvKbpydsNVPrHjdlJJfcppMe12A0o"}, "path": "test_devpi_server/test_mythread.py", "size": 2314}, {"hash": {"mode": "sha256", "value": "u9-3AsrVouJp6kvTq2mHfvWz6mUihrQY8LVAcDYNmks"}, "path": "test_devpi_server/test_replica.py", "size": 13857}, {"hash": {"mode": "sha256", "value": "tV26iDPugbPQWh4ZcRdPd5y9IwnCXjLe0IDQjvoWg9Q"}, "path": "test_devpi_server/test_reqmock.py", "size": 1827}, {"hash": {"mode": "sha256", "value": "ZWZRTG1DVWm6bZTAk5J8esL_BZFuq-64Os_iUirI3Uk"}, "path": "test_devpi_server/test_views.py", "size": 32961}], "metadata": {"Classifier": ["Development Status :: 4 - Beta", "Environment :: Web Environment", "Intended Audience :: Developers", "Intended Audience :: System Administrators", "License :: OSI Approved :: MIT License", "Programming Language :: Python", "Topic :: Internet :: WWW/HTTP", "Topic :: Internet :: WWW/HTTP :: WSGI :: Application", "Programming Language :: Python :: 2.7", "Programming Language :: Python :: 3.3"], "Home-page": "http://doc.devpi.net", "Keywords": "pypi cache server wsgi", "License": "MIT", "Maintainer": "Holger Krekel", "Maintainer-email": "holger@merlinux.eu", "Metadata-Version": "2.1", "Name": "devpi-server", "Platform": ["UNKNOWN"], "Requires-Dist": ["py (>=1.4.20)", "devpi-common (>=2.0.0)", "itsdangerous (>=0.24)", "execnet (>=1.2)", "pyramid (>=1.5.1)", "waitress (>=0.8.9)", "repoze.lru (>=0.6)"], "Summary": "devpi-server: reliable fast pypi.python.org caching server", "Version": "2.0.0"}, "requires": ["py (>=1.4.20)", "devpi-common (>=2.0.0)", "itsdangerous (>=0.24)", "execnet (>=1.2)", "pyramid (>=1.5.1)", "waitress (>=0.8.9)", "repoze.lru (>=0.6)"], "version": "2.0.0"}, "index_url": "https://pypi.org/simple", "package_name": "devpi-server", "package_version": "2.0.0", "package_version_requested": "2.0.0", "sha256": ["3ce8867701f3c5b42e40fefae6bc317517fe0cfad6694aa80412e30ea7938bd2"]}], "unparsed": [], "unresolved": []}}