{"metadata": {"analyzer": "thoth-solver", "analyzer_version": "1.4.1", "arguments": {"python": {"exclude_packages": null, "index": "https://pypi.org/simple", "no_pretty": false, "no_transitive": true, "output": "http://result-api/api/v1/solver-result", "requirements": "pythonz-bd==1.11.2", "virtualenv": "/home/solver/venv"}, "thoth-solver": {"verbose": false}}, "datetime": "2019-12-26T16:40:12.674931", "distribution": {"codename": "", "id": "fedora", "like": "", "version": "31", "version_parts": {"build_number": "", "major": "31", "minor": ""}}, "document_id": "solver-fedora-31-py37-04550f1a", "duration": 2, "hostname": "solver-fedora-31-py37-04550f1a-z7fs7", "os_release": {"id": "fedora", "name": "Fedora", "platform_id": "platform:f31", "redhat_bugzilla_product": "Fedora", "redhat_bugzilla_product_version": "31", "redhat_support_product": "Fedora", "redhat_support_product_version": "31", "variant_id": "container", "version": "31 (Container Image)", "version_id": "31"}, "python": {"api_version": 1013, "implementation_name": "cpython", "major": 3, "micro": 5, "minor": 7, "releaselevel": "final", "serial": 0}, "thoth_deployment_name": "thoth-psi-stage", "timestamp": 1577378412}, "result": {"environment": {"implementation_name": "cpython", "implementation_version": "3.7.5", "os_name": "posix", "platform_machine": "x86_64", "platform_python_implementation": "CPython", "platform_release": "3.10.0-957.21.2.el7.x86_64", "platform_system": "Linux", "platform_version": "#1 SMP Tue May 28 09:26:43 UTC 2019", "python_full_version": "3.7.5", "python_version": "3.7", "sys_platform": "linux"}, "environment_packages": [{"package_name": "pipdeptree", "package_version": "0.13.2"}], "errors": [], "tree": [{"dependencies": [{"extra": [], "extras": [], "marker": "python_version == \"3.5\"", "marker_evaluated": "python_version == \"3.5\"", "marker_evaluation_error": null, "marker_evaluation_result": false, "normalized_package_name": "resumable-urlretrieve", "package_name": "resumable-urlretrieve", "resolved_versions": [{"index": "https://pypi.org/simple", "versions": ["0.1.0", "0.1.1", "0.1.2", "0.1.3", "0.1.4", "0.1.5", "0.1.6"]}], "specifier": null}, {"extra": [], "extras": [], "marker": "python_version == \"3.6\"", "marker_evaluated": "python_version == \"3.6\"", "marker_evaluation_error": null, "marker_evaluation_result": false, "normalized_package_name": "resumable-urlretrieve", "package_name": "resumable-urlretrieve", "resolved_versions": [{"index": "https://pypi.org/simple", "versions": ["0.1.0", "0.1.1", "0.1.2", "0.1.3", "0.1.4", "0.1.5", "0.1.6"]}], "specifier": null}, {"extra": [], "extras": [], "marker": "python_version == \"3.7\"", "marker_evaluated": "python_version == \"3.7\"", "marker_evaluation_error": null, "marker_evaluation_result": true, "normalized_package_name": "resumable-urlretrieve", "package_name": "resumable-urlretrieve", "resolved_versions": [{"index": "https://pypi.org/simple", "versions": ["0.1.0", "0.1.1", "0.1.2", "0.1.3", "0.1.4", "0.1.5", "0.1.6"]}], "specifier": null}, {"extra": [], "extras": [], "marker": "python_version == \"3.8\"", "marker_evaluated": "python_version == \"3.8\"", "marker_evaluation_error": null, "marker_evaluation_result": false, "normalized_package_name": "resumable-urlretrieve", "package_name": "resumable-urlretrieve", "resolved_versions": [{"index": "https://pypi.org/simple", "versions": ["0.1.0", "0.1.1", "0.1.2", "0.1.3", "0.1.4", "0.1.5", "0.1.6"]}], "specifier": null}, {"extra": [], "extras": [], "marker": "python_version == \"3.9\"", "marker_evaluated": "python_version == \"3.9\"", "marker_evaluation_error": null, "marker_evaluation_result": false, "normalized_package_name": "resumable-urlretrieve", "package_name": "resumable-urlretrieve", "resolved_versions": [{"index": "https://pypi.org/simple", "versions": ["0.1.0", "0.1.1", "0.1.2", "0.1.3", "0.1.4", "0.1.5", "0.1.6"]}], "specifier": null}], "importlib_metadata": {"entry_points": [{"group": "console_scripts", "name": "pythonz", "value": "pythonz:main"}, {"group": "console_scripts", "name": "pythonz_install", "value": "pythonz.installer:install_pythonz"}], "files": [{"hash": {"mode": "sha256", "value": "GxNnFmxfNNb7-VxQWHPbDnaqKNP5Yg8ogQ0RHGRuCy0"}, "path": "../../../bin/pythonz", "size": 219}, {"hash": {"mode": "sha256", "value": "z7oV_SZdxJg1Dc0LGs6Wv6SvJfv9ix-mLC5EhnKEtFE"}, "path": "../../../bin/pythonz_install", "size": 251}, {"hash": {"mode": "sha256", "value": "eQx96gXnCpEalMXcOXmEdGFoG89BkJYCYhUrMkq3wAA"}, "path": "pythonz/__init__.py", "size": 990}, {"hash": {"mode": "sha256", "value": "YGwk2kJvX0LUynWTCY2LTHszlDi-dh5K9UKaHtYER38"}, "path": "pythonz/__main__.py", "size": 109}, {"hash": null, "path": "pythonz/__pycache__/__init__.cpython-37.pyc", "size": null}, {"hash": null, "path": "pythonz/__pycache__/__main__.cpython-37.pyc", "size": null}, {"hash": null, "path": "pythonz/__pycache__/define.cpython-37.pyc", "size": null}, {"hash": null, "path": "pythonz/__pycache__/downloader.cpython-37.pyc", "size": null}, {"hash": null, "path": "pythonz/__pycache__/log.cpython-37.pyc", "size": null}, {"hash": null, "path": "pythonz/__pycache__/util.cpython-37.pyc", "size": null}, {"hash": null, "path": "pythonz/__pycache__/version.cpython-37.pyc", "size": null}, {"hash": {"mode": "sha256", "value": "yZF02Q5O1Sx20cDf4g6NAA4_LhzZg6qKLpPNPZhsWbE"}, "path": "pythonz/commands/__init__.py", "size": 677}, {"hash": null, "path": "pythonz/commands/__pycache__/__init__.cpython-37.pyc", "size": null}, {"hash": null, "path": "pythonz/commands/__pycache__/cleanup.cpython-37.pyc", "size": null}, {"hash": null, "path": "pythonz/commands/__pycache__/help.cpython-37.pyc", "size": null}, {"hash": null, "path": "pythonz/commands/__pycache__/install.cpython-37.pyc", "size": null}, {"hash": null, "path": "pythonz/commands/__pycache__/list.cpython-37.pyc", "size": null}, {"hash": null, "path": "pythonz/commands/__pycache__/locate.cpython-37.pyc", "size": null}, {"hash": null, "path": "pythonz/commands/__pycache__/uninstall.cpython-37.pyc", "size": null}, {"hash": null, "path": "pythonz/commands/__pycache__/update.cpython-37.pyc", "size": null}, {"hash": null, "path": "pythonz/commands/__pycache__/version.cpython-37.pyc", "size": null}, {"hash": {"mode": "sha256", "value": "tR0o2memp65JaesWm6ScR25z-MLIDW2qayN6LydksoA"}, "path": "pythonz/commands/cleanup.py", "size": 868}, {"hash": {"mode": "sha256", "value": "9gNkMPfvqcxDPTX639BZVLtkbn_hoPnoFZ4S38ci6-M"}, "path": "pythonz/commands/help.py", "size": 902}, {"hash": {"mode": "sha256", "value": "INgQYV20ruudtlHjAQF_FqTB35Q2BSlf2r3RXXJj5IE"}, "path": "pythonz/commands/install.py", "size": 3380}, {"hash": {"mode": "sha256", "value": "eTmwJAUpqaZw3yq82BUgNn1ZTzFIiCt3my45AE6CD78"}, "path": "pythonz/commands/list.py", "size": 2281}, {"hash": {"mode": "sha256", "value": "D9ZSEXU4entEJ47R9nnBwGCGwr2X1b99LqZntVSk7p4"}, "path": "pythonz/commands/locate.py", "size": 1272}, {"hash": {"mode": "sha256", "value": "C1_S-oIPLzcb6lg1whgtmLUrDjx70ZO5iLccwJ6z5LE"}, "path": "pythonz/commands/uninstall.py", "size": 1084}, {"hash": {"mode": "sha256", "value": "0WcpAm3m-KqkBZ7GEM0Q82k87dw2ax_0T4jmkGbbEgE"}, "path": "pythonz/commands/update.py", "size": 1683}, {"hash": {"mode": "sha256", "value": "KpLD45rTOX-ozMHAoGTqLv4Z8QjdTFtHmff59XLDvgE"}, "path": "pythonz/commands/version.py", "size": 306}, {"hash": {"mode": "sha256", "value": "wWaMrx0MV6pSHrTyU9_pf3Tw6MUWNTzYsSbsF2gY8nQ"}, "path": "pythonz/define.py", "size": 1444}, {"hash": {"mode": "sha256", "value": "aexZcRc0W3Rlnm6ySUJ4xsq1m0QGdZM5kbeYnIPe5Fk"}, "path": "pythonz/downloader.py", "size": 3649}, {"hash": {"mode": "sha256", "value": "CJLaiGJ2zhDb0hJ4QA03tLD_1p0CNiM6zRV6Q9nOFsU"}, "path": "pythonz/etc/bash_completion.d/pythonz_completion.sh", "size": 4280}, {"hash": {"mode": "sha256", "value": "qhpdjS-Y5VXvyjviXgA1Y6d9RQ097IshiHSSrEpioD4"}, "path": "pythonz/etc/bashrc", "size": 1543}, {"hash": {"mode": "sha256", "value": "TMsWzQC-8kt-pPyxCweMeqUmXzO4BsocipEwNsTbZ1Y"}, "path": "pythonz/etc/pythonz.fish", "size": 888}, {"hash": {"mode": "sha256", "value": "_gUL3aWWMsvCyG29aLDRo8Q6yN15EvSCf-6EqnGgjJk"}, "path": "pythonz/installer/__init__.py", "size": 1444}, {"hash": null, "path": "pythonz/installer/__pycache__/__init__.cpython-37.pyc", "size": null}, {"hash": null, "path": "pythonz/installer/__pycache__/pythoninstaller.cpython-37.pyc", "size": null}, {"hash": null, "path": "pythonz/installer/__pycache__/pythonzinstaller.cpython-37.pyc", "size": null}, {"hash": null, "path": "pythonz/installer/__pycache__/versions.cpython-37.pyc", "size": null}, {"hash": {"mode": "sha256", "value": "rLBesu39SJsLzKKtxIOuRhIiuq3bnMZ1mgPAikjhwB4"}, "path": "pythonz/installer/pythoninstaller.py", "size": 24206}, {"hash": {"mode": "sha256", "value": "HKXJxvuXtS0H3eoiIrRSK45s-4_DhBygECkaVjMr-Mw"}, "path": "pythonz/installer/pythonzinstaller.py", "size": 3806}, {"hash": {"mode": "sha256", "value": "amoP1nEhsgsjJr2spgBDmisB058bZqaqKEwhw4NoVRk"}, "path": "pythonz/installer/versions.py", "size": 11870}, {"hash": {"mode": "sha256", "value": "8EhBIWed9q-qYVIMZXooMVoO3qBDCc__XKOf1FMvJNQ"}, "path": "pythonz/log.py", "size": 1188}, {"hash": {"mode": "sha256", "value": "LghjKPKZPTYBSDIKUdgZ3Co9avCI3oAo3aUbJlTKWkQ"}, "path": "pythonz/patches/all/common/patch-setup.py.diff", "size": 1862}, {"hash": {"mode": "sha256", "value": "uPcQDIpUZcSCH5WOlfNhCP7mP8WY1vVgRnXK_zpbjuE"}, "path": "pythonz/patches/all/python24/patch-setup.py.diff", "size": 1873}, {"hash": {"mode": "sha256", "value": "uPcQDIpUZcSCH5WOlfNhCP7mP8WY1vVgRnXK_zpbjuE"}, "path": "pythonz/patches/all/python25/patch-setup.py.diff", "size": 1873}, {"hash": {"mode": "sha256", "value": "IZKKctJ0Ue5MLzlyVY0_gDa9TGYQAZH9k1Phj9HJqpI"}, "path": "pythonz/patches/all/python25/patch-svnversion.patch", "size": 1270}, {"hash": {"mode": "sha256", "value": "iyDO9fmeFKVj4QV0wnT-kQ1_KJNyRcYfJiy2y7DVJxM"}, "path": "pythonz/patches/all/python26/patch-nosslv2-1.diff", "size": 5201}, {"hash": {"mode": "sha256", "value": "QjIwhzFzw4ilZNbTAGU0OV6TgIt_yMoWrbnViU2U7p4"}, "path": "pythonz/patches/all/python26/patch-nosslv2-2.diff", "size": 5257}, {"hash": {"mode": "sha256", "value": "iGcV8Uupxj8uXHnExt8AQwTTqIcgqnz3Ha0EFd5VvjY"}, "path": "pythonz/patches/all/python26/patch-nosslv2-3.diff", "size": 5262}, {"hash": {"mode": "sha256", "value": "3c85HsJrzQw6cgdSgFVouSPD2yq3C8FRTrMHbej9z2I"}, "path": "pythonz/patches/all/python30/patch-nosslv2.diff", "size": 5214}, {"hash": {"mode": "sha256", "value": "dUWugBZn_8U5jmY2r63qquayO6Aerh-msXivXfN2Se8"}, "path": "pythonz/patches/all/python30/patch-setup.py.diff", "size": 1856}, {"hash": {"mode": "sha256", "value": "VczZ2pGTkewvwfT8naU_Tn97WUJFDHlTmo_WxiVoVPA"}, "path": "pythonz/patches/all/python32/patch-setup.py.diff", "size": 1648}, {"hash": {"mode": "sha256", "value": "_vWyjGj3hAjjh7Al3JBsO5z9uxQHFeqg1uXcvsQ699U"}, "path": "pythonz/patches/osx/python24/patch-Include-pyport.h", "size": 1255}, {"hash": {"mode": "sha256", "value": "WjaZ_SjqcvawSQydCXObm02DOttl7wEp0U3gQQW92Ug"}, "path": "pythonz/patches/osx/python24/patch-Lib-cgi.py.diff", "size": 808}, {"hash": {"mode": "sha256", "value": "tfYnXsgR3YC3XvdUYoYjvoRfjOF_Jiek-lliLaalfIw"}, "path": "pythonz/patches/osx/python24/patch-Lib-site.py.diff", "size": 550}, {"hash": {"mode": "sha256", "value": "yYl1TJrYwU7Ho0bIK8VsdpIrO5-0y8_q-CrUBfo2N9Y"}, "path": "pythonz/patches/osx/python24/patch-Makefile.pre.in", "size": 345}, {"hash": {"mode": "sha256", "value": "K5ENj0mgKd6tKG7cxWN2dZIZ2VI37GWTgGnx52Frgfo"}, "path": "pythonz/patches/osx/python24/patch-configure-badcflags.diff", "size": 562}, {"hash": {"mode": "sha256", "value": "Quywu2DQPDET4XLSzcGqBkoxZZrfnnFhhWWQW2_fsvc"}, "path": "pythonz/patches/osx/python24/patch-macosmodule.diff", "size": 10267}, {"hash": {"mode": "sha256", "value": "I-bHQXRwghlHITefpT6mE0hN57AtgafcpeKpmmEeKTU"}, "path": "pythonz/patches/osx/python24/patch-mactoolboxglue.diff", "size": 733}, {"hash": {"mode": "sha256", "value": "etcR5246P0fJhN5z7Y-wXfS8Vd_iLwo_WTXpwx3JbSU"}, "path": "pythonz/patches/osx/python24/patch-pymactoolbox.diff", "size": 585}, {"hash": {"mode": "sha256", "value": "JpzBXWysct-fqJZYxgLfJ1q8UgQUPNcejfLtUmUXAjQ"}, "path": "pythonz/patches/osx/python24/patch240-Mac-OSX-Makefile.in", "size": 683}, {"hash": {"mode": "sha256", "value": "n4vUDsni2S10geXeUvwx-XVHfKrUUEdhKkbbHBpC024"}, "path": "pythonz/patches/osx/python24/patch240-configure", "size": 1348}, {"hash": {"mode": "sha256", "value": "CNpdcMcLMwyMc2eZYIMAMI9H5wvwyE1DDcMaeK6dG-M"}, "path": "pythonz/patches/osx/python24/patch240-gestaltmodule.c.diff", "size": 318}, {"hash": {"mode": "sha256", "value": "14sIlEWh0DfejUv3PFfYUxdE0PMFaMA_rjW_CJYdwNM"}, "path": "pythonz/patches/osx/python24/patch240-setup.py.diff", "size": 2217}, {"hash": {"mode": "sha256", "value": "H6bHHpPd6HAdTB3SzWqAP9N1fOfiuszBfzZO_MyOOQQ"}, "path": "pythonz/patches/osx/python24/patch240-sysconfig.py.diff", "size": 660}, {"hash": {"mode": "sha256", "value": "XHxLsgHIhpnW0AWbs-d0k3cM4fQEMAcu8xq5_0nbc70"}, "path": "pythonz/patches/osx/python24/patch241-configure", "size": 1005}, {"hash": {"mode": "sha256", "value": "_AyaVxtGxxSqOotJ95qxZGXFin2vXGUhbQrHzrQAmvU"}, "path": "pythonz/patches/osx/python24/patch244-Mac-OSX-Makefile.in", "size": 721}, {"hash": {"mode": "sha256", "value": "JV6yTRGxtcSrYwh_KlfGa2gN0LBkyD7qfs6GdxB7bYk"}, "path": "pythonz/patches/osx/python24/patch244-configure", "size": 1122}, {"hash": {"mode": "sha256", "value": "Gg3_P5YJGry-MYBUwJOUpXOMK0nS4Ke0OUjZSL7W-Eg"}, "path": "pythonz/patches/osx/python24/patch244-gestaltmodule.c.diff", "size": 348}, {"hash": {"mode": "sha256", "value": "3bYl09dj2KoeNF8NGOHRFuO96V2XUdufVD6mNy5in0k"}, "path": "pythonz/patches/osx/python24/patch244-setup.py.diff", "size": 2219}, {"hash": {"mode": "sha256", "value": "A5UQ8Pv-Gy7CUSxESYwgOt9nIJg5tbLg8OCekyM1M4E"}, "path": "pythonz/patches/osx/python25/_localemodule.c.ed", "size": 30}, {"hash": {"mode": "sha256", "value": "cVQM_ksBYovV5jxhvV2oP-qX9k1XyxtVs0Gtp9A5ako"}, "path": "pythonz/patches/osx/python25/locale.py.ed", "size": 20}, {"hash": {"mode": "sha256", "value": "A3QJGyFCIB9yqUm909_qkOlUIwZi01vejzC_zhbcHsM"}, "path": "pythonz/patches/osx/python25/patch-64bit.diff", "size": 37004}, {"hash": {"mode": "sha256", "value": "bGB6czgLmtXInXhJzW65l-KnXLjaK-tzZbtC0721pY8"}, "path": "pythonz/patches/osx/python25/patch-Lib-cgi.py.diff", "size": 808}, {"hash": {"mode": "sha256", "value": "KXgv8OASsZKAgPGDYAKEVkdNZKNsGBZKwKGTvB4EV2M"}, "path": "pythonz/patches/osx/python25/patch-Lib-distutils-dist.py.diff", "size": 2050}, {"hash": {"mode": "sha256", "value": "KNqUXtJ8JkJOf5Dqp9iGBE4kdbiWCLMboK0IAUX2rUs"}, "path": "pythonz/patches/osx/python25/patch-Makefile.pre.in.diff", "size": 1449}, {"hash": {"mode": "sha256", "value": "LZCT6vTku5F6SvgU3Dsw3My7rEHOZq77YjYPCosrTJc"}, "path": "pythonz/patches/osx/python25/patch-configure-arch_only.diff", "size": 941}, {"hash": {"mode": "sha256", "value": "0Gft8GAvzCo4eBr-AIjxZum3SzpuxMP3r3Sru2BSVQM"}, "path": "pythonz/patches/osx/python25/patch-configure-badcflags.diff", "size": 460}, {"hash": {"mode": "sha256", "value": "GjXHDXcsMss438Jx9yZbQvPNvDeA4pa63BtVid0fkPQ"}, "path": "pythonz/patches/osx/python25/patch-gestaltmodule.c.diff", "size": 554}, {"hash": {"mode": "sha256", "value": "qTQGuajXfTeDyDkHRmV2hNUJB79z40KJqcGicC97CIY"}, "path": "pythonz/patches/osx/python25/patch-pyconfig.h.in.diff", "size": 396}, {"hash": {"mode": "sha256", "value": "GKZ3xEl24eMw28ygLddTA4ZkFKtBorfumbiKBkjaGL4"}, "path": "pythonz/patches/osx/python25/patch250-setup.py.diff", "size": 3711}, {"hash": {"mode": "sha256", "value": "u1Z8zpc6-J7VNkxeiZdHfywR4AsGHpX08zxei44J8CE"}, "path": "pythonz/patches/osx/python25/patch251-setup.py.diff", "size": 3711}, {"hash": {"mode": "sha256", "value": "s0NMa6cGyVe4Zs6SJ-zWLgBK5Bb1zcLeAZYN5-Fsmq8"}, "path": "pythonz/patches/osx/python25/patch252-setup.py.diff", "size": 3814}, {"hash": {"mode": "sha256", "value": "0zU8fW_Nw0Xr64lm2nQzqi_a56K_qoP5lj9iNsdK72g"}, "path": "pythonz/patches/osx/python26/_localemodule.c.ed", "size": 31}, {"hash": {"mode": "sha256", "value": "ATSE_TSUtOLKlGrfAqNSYxkuTRH0n9kI4wUh6Ao8BX4"}, "path": "pythonz/patches/osx/python26/locale.py.ed", "size": 21}, {"hash": {"mode": "sha256", "value": "ktHhxlzevIHdtUkfvenntAupYprnCAUXcWMSRpjTo7o"}, "path": "pythonz/patches/osx/python26/patch-Lib-cgi.py.diff", "size": 808}, {"hash": {"mode": "sha256", "value": "lX3AWd6eEVRTRZlviTPx4Hx41D4OtMgxoflZ1pP2coQ"}, "path": "pythonz/patches/osx/python26/patch-Lib-ctypes-macholib-dyld.py.diff", "size": 304}, {"hash": {"mode": "sha256", "value": "6jJ65AN5peNiN2n663wxQlVc9lQZWav1x4774fZNKTw"}, "path": "pythonz/patches/osx/python26/patch-Lib-distutils-dist.py.diff", "size": 2002}, {"hash": {"mode": "sha256", "value": "ITMdw56U5yij3BU-_lF2EqCZHPTKcXunkapyVx_OJhM"}, "path": "pythonz/patches/osx/python26/patch-Mac-IDLE-Makefile.in.diff", "size": 697}, {"hash": {"mode": "sha256", "value": "eYggs06QubUQYVCApXnm_wB4oAEWS0CS3U2qH5FW2Fs"}, "path": "pythonz/patches/osx/python26/patch-Mac-Makefile.in.diff", "size": 977}, {"hash": {"mode": "sha256", "value": "5DbiM_a4ncGHSBugWGlb-0xo7F1i3cNwycZ9oYBqFaM"}, "path": "pythonz/patches/osx/python26/patch-Mac-PythonLauncher-Makefile.in.diff", "size": 899}, {"hash": {"mode": "sha256", "value": "iciZft5qkHsHA3GVhlv2i4PwSxZfErs_uw1oDUMvkR8"}, "path": "pythonz/patches/osx/python26/patch-Mac-Tools-Doc-setup.py.diff", "size": 505}, {"hash": {"mode": "sha256", "value": "hCP-ZXj0JKtfXCp7yNpPUwJkAMV8D5iaFR4Hv3IP0XE"}, "path": "pythonz/patches/osx/python26/patch-setup.py-db46.diff", "size": 488}, {"hash": {"mode": "sha256", "value": "0s5K3XZyOzWlHNckGP9DrdIBSzxtn2hCixd4sqYpdRA"}, "path": "pythonz/patches/osx/python26/patch-setup_no_tkinter.py.diff", "size": 428}, {"hash": {"mode": "sha256", "value": "k4OxNxop2u_GzL72Z4NSwH1UtpRIivNNnyPF-Yp2Jg4"}, "path": "pythonz/patches/osx/python27/patch-Modules-posixmodule.diff", "size": 613}, {"hash": {"mode": "sha256", "value": "m_FggodcHIeRj2sCVqoCPLCMm0JXLoqbVQ8_S0Wdmk0"}, "path": "pythonz/patches/osx/python27/python-276-dtrace.diff", "size": 56389}, {"hash": {"mode": "sha256", "value": "EtzAnkNHI6CJ6xPTUgu4zWk4cJe_ZddjXvXx8wCWHdg"}, "path": "pythonz/patches/osx/python33/python-334-dtrace.diff", "size": 61034}, {"hash": {"mode": "sha256", "value": "OU8VgBovAByfuc-a-cbylJuQxT7X8DztG3a2B24VBEM"}, "path": "pythonz/patches/osx/python33/stackless-335-compile.diff", "size": 2448}, {"hash": {"mode": "sha256", "value": "nrJmrF6S4lR6JCUFbpMK7UxWXhwGdssiSewvDwR5Kzs"}, "path": "pythonz/util.py", "size": 12021}, {"hash": {"mode": "sha256", "value": "Byc51Jq2o4CFlz4coW7xCT_Q6h1-kanNX5Wui_yLi_8"}, "path": "pythonz/version.py", "size": 24}, {"hash": {"mode": "sha256", "value": "dWQAMUdsd3niKc3PUhc81riehdrvCkXi_PQ0alQyXM0"}, "path": "pythonz_bd-1.11.2.dist-info/DESCRIPTION.rst", "size": 5402}, {"hash": {"mode": "sha256", "value": "zuuue4knoyJ-UwPPXg8fezS7VCrXJQrAP7zeNuwvFQg"}, "path": "pythonz_bd-1.11.2.dist-info/INSTALLER", "size": 4}, {"hash": {"mode": "sha256", "value": "gRBALjKuYAhHG3tP19l7M6Al9GX5s7cwhWHZHyvPWnE"}, "path": "pythonz_bd-1.11.2.dist-info/METADATA", "size": 6473}, {"hash": null, "path": "pythonz_bd-1.11.2.dist-info/RECORD", "size": null}, {"hash": {"mode": "sha256", "value": "-aSo8rHuuPDEFzkcqqQ55pDyCjy25bYMLxSiHWKAOTc"}, "path": "pythonz_bd-1.11.2.dist-info/WHEEL", "size": 92}, {"hash": {"mode": "sha256", "value": "MgDPjhBWP92CkqaSLRXx5qCJdE6AOXCs__7BT-dwqQA"}, "path": "pythonz_bd-1.11.2.dist-info/entry_points.txt", "size": 94}, {"hash": {"mode": "sha256", "value": "WSyw3eYf11IeM8HY3p3HPZBTZyTj-ymMJqfvMrAPgeA"}, "path": "pythonz_bd-1.11.2.dist-info/metadata.json", "size": 1577}, {"hash": {"mode": "sha256", "value": "_WnCrTZBul1zpfemu3G305GE2l06v2-H28O9Kuzim4Q"}, "path": "pythonz_bd-1.11.2.dist-info/top_level.txt", "size": 8}], "metadata": {"Author": "saghul", "Author-email": "saghul@gmail.com", "Classifier": ["Development Status :: 5 - Production/Stable", "Intended Audience :: Developers", "License :: OSI Approved :: MIT License", "Topic :: Software Development :: Build Tools", "Programming Language :: Python :: 2.6", "Programming Language :: Python :: 2.7", "Programming Language :: Python :: 3", "Programming Language :: Python :: 3.1", "Programming Language :: Python :: 3.2", "Programming Language :: Python :: 3.3"], "Home-page": "https://github.com/berdario/pythonz/tree/bd", "License": "MIT", "Metadata-Version": "2.0", "Name": "pythonz-bd", "Platform": ["UNKNOWN"], "Requires-Dist": ["resumable-urlretrieve; python_version==\"3.5\"", "resumable-urlretrieve; python_version==\"3.6\"", "resumable-urlretrieve; python_version==\"3.7\"", "resumable-urlretrieve; python_version==\"3.8\"", "resumable-urlretrieve; python_version==\"3.9\""], "Summary": "Manage python installations in your system, berdario's shallow fork", "Version": "1.11.2"}, "requires": ["resumable-urlretrieve; python_version==\"3.5\"", "resumable-urlretrieve; python_version==\"3.6\"", "resumable-urlretrieve; python_version==\"3.7\"", "resumable-urlretrieve; python_version==\"3.8\"", "resumable-urlretrieve; python_version==\"3.9\""], "version": "1.11.2"}, "index_url": "https://pypi.org/simple", "package_name": "pythonz-bd", "package_version": "1.11.2", "package_version_requested": "1.11.2", "sha256": ["317ae32dc06ad0f325aff8609b024b28534e080ad8fc152465a8cde2720b04ce", "6b5e0767d58c3992fc609456e7de61b2e99c1a8e57c594b58d4422f36421053c", "f98db958106fcf847fc4e22b0caab3d554270eea4b2a0799e48c795f7d7f27fb"]}], "unparsed": [], "unresolved": []}}