{"metadata": {"analyzer": "thoth-solver", "analyzer_version": "1.4.1", "arguments": {"python": {"exclude_packages": null, "index": "https://pypi.org/simple", "no_pretty": false, "no_transitive": true, "output": "http://result-api/api/v1/solver-result", "requirements": "seqdiag==0.4.0", "virtualenv": "/home/solver/venv"}, "thoth-solver": {"verbose": false}}, "datetime": "2019-12-27T16:40:19.631284", "distribution": {"codename": "", "id": "fedora", "like": "", "version": "31", "version_parts": {"build_number": "", "major": "31", "minor": ""}}, "document_id": "solver-fedora-31-py37-031992a0", "duration": 3, "hostname": "solver-fedora-31-py37-031992a0-88hqm", "os_release": {"id": "fedora", "name": "Fedora", "platform_id": "platform:f31", "redhat_bugzilla_product": "Fedora", "redhat_bugzilla_product_version": "31", "redhat_support_product": "Fedora", "redhat_support_product_version": "31", "variant_id": "container", "version": "31 (Container Image)", "version_id": "31"}, "python": {"api_version": 1013, "implementation_name": "cpython", "major": 3, "micro": 5, "minor": 7, "releaselevel": "final", "serial": 0}, "thoth_deployment_name": "thoth-psi-stage", "timestamp": 1577464819}, "result": {"environment": {"implementation_name": "cpython", "implementation_version": "3.7.5", "os_name": "posix", "platform_machine": "x86_64", "platform_python_implementation": "CPython", "platform_release": "3.10.0-957.21.2.el7.x86_64", "platform_system": "Linux", "platform_version": "#1 SMP Tue May 28 09:26:43 UTC 2019", "python_full_version": "3.7.5", "python_version": "3.7", "sys_platform": "linux"}, "environment_packages": [{"package_name": "pipdeptree", "package_version": "0.13.2"}], "errors": [], "tree": [{"dependencies": [{"extra": [], "extras": [], "marker": null, "marker_evaluated": null, "marker_evaluation_error": null, "marker_evaluation_result": true, "normalized_package_name": "setuptools", "package_name": "setuptools", "resolved_versions": [{"index": "https://pypi.org/simple", "versions": ["0.7.2", "0.7.3", "0.7.4", "0.7.5", "0.7.6", "0.7.7", "0.7.8", "0.8", "0.9", "0.9.1", "0.9.2", "0.9.3", "0.9.4", "0.9.5", "0.9.6", "0.9.7", "0.9.8", "1.0", "1.1", "1.1.1", "1.1.2", "1.1.3", "1.1.4", "1.1.5", "1.1.6", "1.1.7", "1.2", "1.3", "1.3.1", "1.3.2", "1.4", "1.4.1", "1.4.2", "10.0", "10.0.1", "10.1", "10.2", "10.2.1", "11.0", "11.1", "11.2", "11.3", "11.3.1", "12.0", "12.0.1", "12.0.2", "12.0.3", "12.0.4", "12.0.5", "12.1", "12.2", "12.3", "12.4", "13.0", "13.0.1", "13.0.2", "14.0", "14.1", "14.1.1", "14.2", "14.3", "14.3.1", "15.0", "15.1", "15.2", "16.0", "17.0", "17.1", "17.1.1", "18.0", "18.0.1", "18.1", "18.2", "18.3", "18.3.1", "18.3.2", "18.4", "18.5", "18.6", "18.6.1", "18.7", "18.7.1", "18.8", "18.8.1", "19.0", "19.1", "19.1.1", "19.2", "19.3", "19.4", "19.4.1", "19.5", "19.6", "19.6.1", "19.6.2", "19.7", "2.0", "2.0.1", "2.0.2", "2.1", "2.1.1", "2.1.2", "2.2", "20.0", "20.1", "20.1.1", "20.10.1", "20.2.2", "20.3", "20.3.1", "20.4", "20.6.6", "20.6.7", "20.6.8", "20.7.0", "20.8.0", "20.8.1", "20.9.0", "21.0.0", "21.1.0", "21.2.0", "21.2.1", "21.2.2", "22.0.0", "22.0.1", "22.0.2", "22.0.4", "22.0.5", "23.0.0", "23.1.0", "23.2.0", "23.2.1", "24.0.0", "24.0.1", "24.0.2", "24.0.3", "24.1.0", "24.1.1", "24.2.0", "24.2.1", "24.3.0", "24.3.1", "25.0.0", "25.0.1", "25.0.2", "25.1.0", "25.1.1", "25.1.2", "25.1.3", "25.1.4", "25.1.5", "25.1.6", "25.2.0", "25.3.0", "25.4.0", "26.0.0", "26.1.0", "26.1.1", "27.0.0", "27.1.0", "27.1.2", "27.2.0", "27.3.0", "27.3.1", "28.0.0", "28.1.0", "28.2.0", "28.3.0", "28.4.0", "28.5.0", "28.6.0", "28.6.1", "28.7.0", "28.7.1", "28.8.0", "28.8.1", "29.0.0", "29.0.1", "3.0", "3.0.1", "3.0.2", "3.1", "3.2", "3.3", "3.4", "3.4.1", "3.4.2", "3.4.3", "3.4.4", "3.5", "3.5.1", "3.5.2", "3.6", "3.7", "3.7.1", "3.8", "3.8.1", "30.0.0", "30.1.0", "30.2.0", "30.2.1", "30.3.0", "30.4.0", "31.0.0", "31.0.1", "32.0.0", "32.1.0", "32.1.1", "32.1.2", "32.1.3", "32.2.0", "32.3.0", "32.3.1", "33.1.0", "33.1.1", "34.0.0", "34.0.1", "34.0.2", "34.0.3", "34.1.0", "34.1.1", "34.2.0", "34.3.0", "34.3.1", "34.3.2", "34.3.3", "34.4.0", "34.4.1", "35.0.0", "35.0.1", "35.0.2", "36.0.1", "36.1.0", "36.1.1", "36.2.0", "36.2.1", "36.2.2", "36.2.3", "36.2.4", "36.2.5", "36.2.6", "36.2.7", "36.3.0", "36.4.0", "36.5.0", "36.6.0", "36.6.1", "36.7.0", "36.7.1", "36.7.2", "36.8.0", "37.0.0", "38.0.0", "38.1.0", "38.2.0", "38.2.1", "38.2.3", "38.2.4", "38.2.5", "38.3.0", "38.4.0", "38.4.1", "38.5.0", "38.5.1", "38.5.2", "38.6.0", "38.6.1", "38.7.0", "39.0.0", "39.0.1", "39.1.0", "39.2.0", "4.0", "4.0.1", "40.0.0", "40.1.0", "40.1.1", "40.2.0", "40.3.0", "40.4.0", "40.4.1", "40.4.2", "40.4.3", "40.5.0", "40.6.0", "40.6.1", "40.6.2", "40.6.3", "40.7.0", "40.7.1", "40.7.2", "40.7.3", "40.8.0", "40.9.0", "41.0.0", "41.0.1", "41.1.0", "41.2.0", "41.3.0", "41.4.0", "41.5.0", "41.5.1", "41.6.0", "42.0.0", "42.0.1", "42.0.2", "5.0", "5.0.1", "5.0.2", "5.1", "5.2", "5.3", "5.4", "5.4.1", "5.4.2", "5.5", "5.5.1", "5.6", "5.7", "5.8", "6.0.1", "6.0.2", "6.1", "7.0", "8.0", "8.0.1", "8.0.2", "8.0.3", "8.0.4", "8.1", "8.2", "8.2.1", "8.3", "9.0", "9.0.1", "9.1"]}], "specifier": null}, {"extra": [], "extras": [], "marker": null, "marker_evaluated": null, "marker_evaluation_error": null, "marker_evaluation_result": true, "normalized_package_name": "pil", "package_name": "PIL", "resolved_versions": [{"index": "https://pypi.org/simple", "versions": ["1.1.3", "1.1.4", "1.1.5", "1.1.6"]}], "specifier": null}, {"extra": [], "extras": [], "marker": null, "marker_evaluated": null, "marker_evaluation_error": null, "marker_evaluation_result": true, "normalized_package_name": "blockdiag", "package_name": "blockdiag", "resolved_versions": [{"index": "https://pypi.org/simple", "versions": ["0.9.1", "0.9.2", "0.9.3", "0.9.4", "0.9.5", "0.9.6", "0.9.7", "1.0.0", "1.0.1", "1.0.2", "1.0.3", "1.1.0", "1.1.1", "1.1.2", "1.1.3", "1.1.4", "1.1.5", "1.1.6", "1.1.7", "1.1.8", "1.2.0", "1.2.1", "1.2.2", "1.2.3", "1.2.4", "1.3.0", "1.3.1", "1.3.2", "1.3.3", "1.4.0", "1.4.1", "1.4.2", "1.4.3", "1.4.4", "1.4.5", "1.4.6", "1.4.7", "1.5.0", "1.5.1", "1.5.2", "1.5.3", "1.5.4"]}], "specifier": ">=0.9.1"}, {"extra": [], "extras": [], "marker": null, "marker_evaluated": null, "marker_evaluation_error": null, "marker_evaluation_result": true, "normalized_package_name": "funcparserlib", "package_name": "funcparserlib", "resolved_versions": [{"index": "https://pypi.org/simple", "versions": ["0.3", "0.3.2", "0.3.3", "0.3.4", "0.3.5", "0.3.6"]}], "specifier": null}, {"extra": ["test"], "extras": [], "marker": "extra == \"test\"", "marker_evaluated": "python_version >= \"0.0\"", "marker_evaluation_error": null, "marker_evaluation_result": true, "normalized_package_name": "nose", "package_name": "Nose", "resolved_versions": [{"index": "https://pypi.org/simple", "versions": ["1.0.0", "1.1.0", "1.1.1", "1.1.2", "1.2.0", "1.2.1", "1.3.0", "1.3.1", "1.3.2", "1.3.3", "1.3.4", "1.3.5", "1.3.6", "1.3.7"]}], "specifier": null}, {"extra": ["test"], "extras": [], "marker": "extra == \"test\"", "marker_evaluated": "python_version >= \"0.0\"", "marker_evaluation_error": null, "marker_evaluation_result": true, "normalized_package_name": "pep8", "package_name": "pep8", "resolved_versions": [{"index": "https://pypi.org/simple", "versions": ["0.3.1", "0.4", "0.4.1", "0.4.2", "0.5.0", "0.6.0", "0.6.1", "0.7.0", "1.0", "1.0.1", "1.1", "1.2", "1.3", "1.3.1", "1.3.2", "1.3.3", "1.3.4", "1.4", "1.4.1", "1.4.2", "1.4.3", "1.4.4", "1.4.5", "1.4.6", "1.5.0", "1.5.1", "1.5.2", "1.5.3", "1.5.4", "1.5.5", "1.5.6", "1.5.7", "1.6.0", "1.6.1", "1.6.2", "1.7.0", "1.7.1"]}], "specifier": null}], "importlib_metadata": {"entry_points": [{"group": "console_scripts", "name": "seqdiag", "value": "seqdiag.command:main"}], "files": [{"hash": {"mode": "sha256", "value": "ibQCuahDTNxdzR6bVQxiW1DOBsh2mQzocUEAVBHSfQQ"}, "path": "../../../bin/seqdiag", "size": 227}, {"hash": null, "path": "__pycache__/seqdiag_sphinxhelper.cpython-37.pyc", "size": null}, {"hash": {"mode": "sha256", "value": "zuuue4knoyJ-UwPPXg8fezS7VCrXJQrAP7zeNuwvFQg"}, "path": "seqdiag-0.4.0.dist-info/INSTALLER", "size": 4}, {"hash": {"mode": "sha256", "value": "z8d0m5b2O9McPEK1xHG_dWgUBT6EfBDz6wA0F7xSPTA"}, "path": "seqdiag-0.4.0.dist-info/LICENSE", "size": 11358}, {"hash": {"mode": "sha256", "value": "yumfDWw5Grp22uX9q1FfDIkLeA7QyCXui1qGX9ixBkQ"}, "path": "seqdiag-0.4.0.dist-info/METADATA", "size": 4878}, {"hash": null, "path": "seqdiag-0.4.0.dist-info/RECORD", "size": null}, {"hash": {"mode": "sha256", "value": "wYBY2EO50FhAcckpWmO3c3Zwk2MALACx6lPAl6gVKnE"}, "path": "seqdiag-0.4.0.dist-info/WHEEL", "size": 93}, {"hash": {"mode": "sha256", "value": "iTs_vi9k3TL7_7ur5k7H73UwBTmd7L7SVRQIE-ypB6U"}, "path": "seqdiag-0.4.0.dist-info/entry_points.txt", "size": 71}, {"hash": {"mode": "sha256", "value": "GQEghH1tc13OtRGmQaqrGtLYks9cfWxR7MbAigTpsFs"}, "path": "seqdiag-0.4.0.dist-info/top_level.txt", "size": 51}, {"hash": {"mode": "sha256", "value": "g9_7_briMNT--Fp8CDyp05wDYNyz5FsoVZBhBXG9A0I"}, "path": "seqdiag/DiagramDraw.py", "size": 3417}, {"hash": {"mode": "sha256", "value": "jU8-wP1ZCKrp3HqNTvAWhvuK66_hWWsdHcIibsoDnqk"}, "path": "seqdiag/DiagramMetrix.py", "size": 6565}, {"hash": {"mode": "sha256", "value": "1-ULDsZMBetQ6eTMwzknplnsaxTTgdpTI4Tf8kpq5M4"}, "path": "seqdiag/__init__.py", "size": 635}, {"hash": null, "path": "seqdiag/__pycache__/DiagramMetrix.cpython-37.pyc", "size": null}, {"hash": null, "path": "seqdiag/__pycache__/__init__.cpython-37.pyc", "size": null}, {"hash": null, "path": "seqdiag/__pycache__/builder.cpython-37.pyc", "size": null}, {"hash": {"mode": "sha256", "value": "DcjdhD6ReXLCZX-xBzs_S-2uAWL8oEYOiyE2Cjxxa7g"}, "path": "seqdiag/builder.py", "size": 5592}, {"hash": {"mode": "sha256", "value": "twsOjFH89rgy93v6paDy8dEMH6oXWFp7Vqmc5bG-_0Y"}, "path": "seqdiag/command.py", "size": 4006}, {"hash": {"mode": "sha256", "value": "XZieDtXmXDKqWxosOO5STQKYd7HnwZSoe6fuxK5P-r0"}, "path": "seqdiag/diagparser.py", "size": 6963}, {"hash": {"mode": "sha256", "value": "SbEK3bQWh_U6w3hVpJjuuBjWJ6m3vtHbmymj6WNR6V4"}, "path": "seqdiag/elements.py", "size": 4528}, {"hash": {"mode": "sha256", "value": "pk7_tmOphF_d_mIophWt1LZ-sObaES1yMvj4ugAaDMg"}, "path": "seqdiag/tests/test_pep8.py", "size": 939}, {"hash": {"mode": "sha256", "value": "SOKrvoetEfKg-1HfPRByEGBnOb3tFcWBEwpJA11lpeo"}, "path": "seqdiag_sphinxhelper.py", "size": 666}, {"hash": {"mode": "sha256", "value": "FoKRe2LSDApDJqxaCFFTU2Whm4OZ0enbEKP7BtqPfoc"}, "path": "sphinxcontrib_seqdiag.py", "size": 10637}], "metadata": {"Author": "Takeshi Komiya", "Author-email": "i.tkomiya at gmail.com", "Classifier": ["Development Status :: 3 - Alpha", "Intended Audience :: System Administrators", "License :: OSI Approved :: Apache Software License", "Programming Language :: Python", "Topic :: Software Development", "Topic :: Software Development :: Documentation", "Topic :: Text Processing :: Markup"], "Home-page": "http://blockdiag.com/", "Keywords": "diagram,generator", "License": "Apache License 2.0", "Metadata-Version": "2.1", "Name": "seqdiag", "Platform": ["UNKNOWN"], "Provides-Extra": ["test"], "Requires-Dist": ["setuptools", "PIL", "blockdiag (>=0.9.1)", "funcparserlib", "Nose ; extra == 'test'", "pep8 ; extra == 'test'"], "Summary": "seqdiag generate sequence-diagram image file from spec-text file.", "Version": "0.4.0"}, "requires": ["setuptools", "PIL", "blockdiag (>=0.9.1)", "funcparserlib", "Nose ; extra == 'test'", "pep8 ; extra == 'test'"], "version": "0.4.0"}, "index_url": "https://pypi.org/simple", "package_name": "seqdiag", "package_version": "0.4.0", "package_version_requested": "0.4.0", "sha256": ["f3b9dc26ed837c84d28fb7af2c73395312d6c3da4ab257655b9ab7c0ab5a04a1"]}], "unparsed": [], "unresolved": []}}