{"metadata": {"analyzer": "thoth-solver", "analyzer_version": "1.4.1", "arguments": {"python": {"exclude_packages": null, "index": "https://pypi.org/simple", "no_pretty": false, "no_transitive": true, "output": "http://result-api/api/v1/solver-result", "requirements": "frida==7.2.15", "virtualenv": "/home/solver/venv"}, "thoth-solver": {"verbose": false}}, "datetime": "2019-12-27T17:24:51.356339", "distribution": {"codename": "", "id": "fedora", "like": "", "version": "31", "version_parts": {"build_number": "", "major": "31", "minor": ""}}, "document_id": "solver-fedora-31-py37-04ec33cd", "duration": 2, "hostname": "solver-fedora-31-py37-04ec33cd-8zmwv", "os_release": {"id": "fedora", "name": "Fedora", "platform_id": "platform:f31", "redhat_bugzilla_product": "Fedora", "redhat_bugzilla_product_version": "31", "redhat_support_product": "Fedora", "redhat_support_product_version": "31", "variant_id": "container", "version": "31 (Container Image)", "version_id": "31"}, "python": {"api_version": 1013, "implementation_name": "cpython", "major": 3, "micro": 5, "minor": 7, "releaselevel": "final", "serial": 0}, "thoth_deployment_name": "thoth-psi-stage", "timestamp": 1577467491}, "result": {"environment": {"implementation_name": "cpython", "implementation_version": "3.7.5", "os_name": "posix", "platform_machine": "x86_64", "platform_python_implementation": "CPython", "platform_release": "3.10.0-957.21.2.el7.x86_64", "platform_system": "Linux", "platform_version": "#1 SMP Tue May 28 09:26:43 UTC 2019", "python_full_version": "3.7.5", "python_version": "3.7", "sys_platform": "linux"}, "environment_packages": [{"package_name": "pipdeptree", "package_version": "0.13.2"}], "errors": [{"details": {"command": "/home/solver/venv/bin/python3 -m pip install --force-reinstall --no-cache-dir --no-deps frida==7.2.15 --index-url \"https://pypi.org/simple\"  --trusted-host pypi.org", "message": "Command exited with non-zero status code (1): ERROR: Could not find a version that satisfies the requirement frida==7.2.15 (from versions: 4.2.12, 4.3.0, 4.3.1, 4.3.2, 4.3.3, 4.3.4, 4.3.5, 4.3.6, 4.3.7, 4.4.0, 4.5.0, 4.5.1, 5.0.0, 5.0.1, 5.0.2, 5.0.3, 5.0.4, 5.0.5, 5.0.7, 5.0.8, 5.0.9, 5.0.10, 6.0.0, 6.0.1, 6.0.2, 6.0.3, 6.0.4, 6.0.5, 6.0.6, 6.0.7, 6.0.8, 6.0.10, 6.0.11, 6.0.12, 6.1.0, 6.1.1, 6.1.2, 6.1.3, 6.1.4, 6.1.5, 6.2.0, 6.2.1, 6.2.2, 6.2.3, 6.2.4, 6.2.5, 6.2.6, 7.0.0, 7.0.1, 7.0.2, 7.0.3, 7.0.4, 7.0.5, 7.0.6, 7.0.7, 7.0.8, 7.0.9, 7.0.10, 7.0.11, 7.1.0, 7.1.1, 7.1.2, 7.1.3, 7.1.4, 7.1.5, 7.1.6, 7.1.7, 7.1.8, 7.1.9, 7.1.10, 7.1.11, 7.1.12, 7.1.13, 7.2.0, 7.2.1, 7.2.2, 7.2.3, 7.2.4, 7.2.5, 7.2.6, 7.2.7, 7.2.8, 7.2.9, 7.2.10, 7.2.11, 7.2.12, 7.2.13, 7.2.14, 7.2.16, 7.2.17, 7.2.18, 7.2.19, 7.2.20, 7.2.21, 7.2.22, 7.2.23, 7.2.24, 7.2.25, 7.3.0, 7.3.1, 7.3.2, 7.3.3, 7.3.4, 7.3.5, 7.3.6, 8.0.0, 8.0.1, 8.0.2, 8.0.3, 8.1.0, 8.1.1, 8.1.2, 8.1.3, 8.1.4, 8.1.5, 8.1.6, 8.1.7, 8.1.8, 8.1.9, 8.1.10, 8.1.11, 8.1.12, 8.1.13, 8.1.14, 8.2.0, 8.2.1, 8.2.2, 8.2.3, 8.2.4, 8.2.5, 9.0.0, 9.0.1, 9.0.2, 9.0.3, 9.0.4, 9.0.5, 9.0.6, 9.0.7, 9.0.8, 9.0.9, 9.0.10, 9.0.11, 9.0.12, 9.0.13, 9.1.0, 9.1.1, 9.1.2, 9.1.3, 9.1.4, 9.1.5, 9.1.6, 9.1.7, 9.1.8, 9.1.9, 9.1.10, 9.1.11, 9.1.12, 9.1.13, 9.1.14, 9.1.15, 9.1.16, 9.1.17, 9.1.18, 9.1.19, 9.1.20, 9.1.21, 9.1.22, 9.1.23, 9.1.24, 9.1.25, 9.1.26, 9.1.27, 9.1.28, 10.0.0, 10.0.1, 10.0.2, 10.0.3, 10.0.4, 10.0.5, 10.0.6, 10.0.7, 10.0.8, 10.0.9, 10.0.10, 10.0.11, 10.0.12, 10.0.13, 10.0.14, 10.0.15, 10.1.0, 10.1.1, 10.1.2, 10.1.3, 10.1.4, 10.1.5, 10.1.6, 10.1.7, 10.2.0, 10.2.1, 10.2.2, 10.2.3, 10.3.0, 10.3.1, 10.3.2, 10.3.4, 10.3.6, 10.3.7, 10.3.8, 10.3.9, 10.3.10, 10.3.11, 10.3.12, 10.3.13, 10.3.14, 10.4.0, 10.5.0, 10.5.1, 10.5.2, 10.5.3, 10.5.4, 10.5.5, 10.5.6, 10.5.7, 10.5.8, 10.5.9, 10.5.10, 10.5.11, 10.5.12, 10.5.13, 10.5.14, 10.5.15, 10.6.0, 10.6.1, 10.6.2, 10.6.3, 10.6.4, 10.6.7, 10.6.8, 10.6.9, 10.6.10, 10.6.11, 10.6.12, 10.6.13, 10.6.14, 10.6.15, 10.6.16, 10.6.17, 10.6.18, 10.6.19, 10.6.20, 10.6.21, 10.6.22, 10.6.23, 10.6.24, 10.6.25, 10.6.26, 10.6.27, 10.6.28, 10.6.29, 10.6.30, 10.6.31, 10.6.32, 10.6.33, 10.6.34, 10.6.35, 10.6.36, 10.6.37, 10.6.39, 10.6.40, 10.6.41, 10.6.42, 10.6.43, 10.6.44, 10.6.45, 10.6.46, 10.6.47, 10.6.48, 10.6.49, 10.6.50, 10.6.51, 10.6.52, 10.6.54, 10.6.55, 10.6.56, 10.6.57, 10.6.58, 10.6.59, 10.6.61, 10.7.0, 10.7.1, 10.7.3, 10.7.4, 10.7.5, 10.7.6, 10.7.7, 10.8.0, 10.8.1, 10.8.2, 11.0.0, 11.0.1, 11.0.2, 11.0.3, 11.0.4, 11.0.5, 11.0.6, 11.0.7, 11.0.8, 11.0.9, 11.0.10, 11.0.11, 11.0.12, 11.0.13, 12.0.1, 12.0.2, 12.0.3, 12.0.4, 12.0.5, 12.0.6, 12.0.7, 12.0.8, 12.1.0, 12.1.1, 12.1.2, 12.2.0, 12.2.1, 12.2.2, 12.2.3, 12.2.4, 12.2.5, 12.2.6, 12.2.7, 12.2.8, 12.2.9, 12.2.10, 12.2.11, 12.2.12, 12.2.13, 12.2.14, 12.2.15, 12.2.16, 12.2.17, 12.2.18, 12.2.19, 12.2.20, 12.2.21, 12.2.22, 12.2.23, 12.2.24, 12.2.25, 12.2.26, 12.2.27, 12.2.28, 12.2.29, 12.2.30, 12.3.1, 12.3.2, 12.3.3, 12.3.5, 12.3.6, 12.4.0, 12.4.1, 12.4.2, 12.4.3, 12.4.4, 12.4.5, 12.4.6, 12.4.7, 12.4.8, 12.5.0, 12.5.1, 12.5.2, 12.5.3, 12.5.4, 12.5.5, 12.5.6, 12.5.7, 12.5.8, 12.5.9, 12.6.0, 12.6.1, 12.6.2, 12.6.4, 12.6.5, 12.6.6, 12.6.7, 12.6.8, 12.6.9, 12.6.10, 12.6.11, 12.6.12, 12.6.13, 12.6.14, 12.6.15, 12.6.16, 12.6.17, 12.6.18, 12.6.19, 12.6.20, 12.6.21, 12.6.22, 12.6.23, 12.7.0, 12.7.1, 12.7.2, 12.7.3, 12.7.4, 12.7.5, 12.7.6, 12.7.9, 12.7.10, 12.7.11, 12.7.12, 12.7.13, 12.7.14, 12.7.15, 12.7.16, 12.7.17, 12.7.18, 12.7.19, 12.7.20, 12.7.21, 12.7.22, 12.7.23, 12.7.24, 12.7.25, 12.7.26, 12.8.0, 12.8.1)\nERROR: No matching distribution found for frida==7.2.15\n", "return_code": 1, "stderr": "ERROR: Could not find a version that satisfies the requirement frida==7.2.15 (from versions: 4.2.12, 4.3.0, 4.3.1, 4.3.2, 4.3.3, 4.3.4, 4.3.5, 4.3.6, 4.3.7, 4.4.0, 4.5.0, 4.5.1, 5.0.0, 5.0.1, 5.0.2, 5.0.3, 5.0.4, 5.0.5, 5.0.7, 5.0.8, 5.0.9, 5.0.10, 6.0.0, 6.0.1, 6.0.2, 6.0.3, 6.0.4, 6.0.5, 6.0.6, 6.0.7, 6.0.8, 6.0.10, 6.0.11, 6.0.12, 6.1.0, 6.1.1, 6.1.2, 6.1.3, 6.1.4, 6.1.5, 6.2.0, 6.2.1, 6.2.2, 6.2.3, 6.2.4, 6.2.5, 6.2.6, 7.0.0, 7.0.1, 7.0.2, 7.0.3, 7.0.4, 7.0.5, 7.0.6, 7.0.7, 7.0.8, 7.0.9, 7.0.10, 7.0.11, 7.1.0, 7.1.1, 7.1.2, 7.1.3, 7.1.4, 7.1.5, 7.1.6, 7.1.7, 7.1.8, 7.1.9, 7.1.10, 7.1.11, 7.1.12, 7.1.13, 7.2.0, 7.2.1, 7.2.2, 7.2.3, 7.2.4, 7.2.5, 7.2.6, 7.2.7, 7.2.8, 7.2.9, 7.2.10, 7.2.11, 7.2.12, 7.2.13, 7.2.14, 7.2.16, 7.2.17, 7.2.18, 7.2.19, 7.2.20, 7.2.21, 7.2.22, 7.2.23, 7.2.24, 7.2.25, 7.3.0, 7.3.1, 7.3.2, 7.3.3, 7.3.4, 7.3.5, 7.3.6, 8.0.0, 8.0.1, 8.0.2, 8.0.3, 8.1.0, 8.1.1, 8.1.2, 8.1.3, 8.1.4, 8.1.5, 8.1.6, 8.1.7, 8.1.8, 8.1.9, 8.1.10, 8.1.11, 8.1.12, 8.1.13, 8.1.14, 8.2.0, 8.2.1, 8.2.2, 8.2.3, 8.2.4, 8.2.5, 9.0.0, 9.0.1, 9.0.2, 9.0.3, 9.0.4, 9.0.5, 9.0.6, 9.0.7, 9.0.8, 9.0.9, 9.0.10, 9.0.11, 9.0.12, 9.0.13, 9.1.0, 9.1.1, 9.1.2, 9.1.3, 9.1.4, 9.1.5, 9.1.6, 9.1.7, 9.1.8, 9.1.9, 9.1.10, 9.1.11, 9.1.12, 9.1.13, 9.1.14, 9.1.15, 9.1.16, 9.1.17, 9.1.18, 9.1.19, 9.1.20, 9.1.21, 9.1.22, 9.1.23, 9.1.24, 9.1.25, 9.1.26, 9.1.27, 9.1.28, 10.0.0, 10.0.1, 10.0.2, 10.0.3, 10.0.4, 10.0.5, 10.0.6, 10.0.7, 10.0.8, 10.0.9, 10.0.10, 10.0.11, 10.0.12, 10.0.13, 10.0.14, 10.0.15, 10.1.0, 10.1.1, 10.1.2, 10.1.3, 10.1.4, 10.1.5, 10.1.6, 10.1.7, 10.2.0, 10.2.1, 10.2.2, 10.2.3, 10.3.0, 10.3.1, 10.3.2, 10.3.4, 10.3.6, 10.3.7, 10.3.8, 10.3.9, 10.3.10, 10.3.11, 10.3.12, 10.3.13, 10.3.14, 10.4.0, 10.5.0, 10.5.1, 10.5.2, 10.5.3, 10.5.4, 10.5.5, 10.5.6, 10.5.7, 10.5.8, 10.5.9, 10.5.10, 10.5.11, 10.5.12, 10.5.13, 10.5.14, 10.5.15, 10.6.0, 10.6.1, 10.6.2, 10.6.3, 10.6.4, 10.6.7, 10.6.8, 10.6.9, 10.6.10, 10.6.11, 10.6.12, 10.6.13, 10.6.14, 10.6.15, 10.6.16, 10.6.17, 10.6.18, 10.6.19, 10.6.20, 10.6.21, 10.6.22, 10.6.23, 10.6.24, 10.6.25, 10.6.26, 10.6.27, 10.6.28, 10.6.29, 10.6.30, 10.6.31, 10.6.32, 10.6.33, 10.6.34, 10.6.35, 10.6.36, 10.6.37, 10.6.39, 10.6.40, 10.6.41, 10.6.42, 10.6.43, 10.6.44, 10.6.45, 10.6.46, 10.6.47, 10.6.48, 10.6.49, 10.6.50, 10.6.51, 10.6.52, 10.6.54, 10.6.55, 10.6.56, 10.6.57, 10.6.58, 10.6.59, 10.6.61, 10.7.0, 10.7.1, 10.7.3, 10.7.4, 10.7.5, 10.7.6, 10.7.7, 10.8.0, 10.8.1, 10.8.2, 11.0.0, 11.0.1, 11.0.2, 11.0.3, 11.0.4, 11.0.5, 11.0.6, 11.0.7, 11.0.8, 11.0.9, 11.0.10, 11.0.11, 11.0.12, 11.0.13, 12.0.1, 12.0.2, 12.0.3, 12.0.4, 12.0.5, 12.0.6, 12.0.7, 12.0.8, 12.1.0, 12.1.1, 12.1.2, 12.2.0, 12.2.1, 12.2.2, 12.2.3, 12.2.4, 12.2.5, 12.2.6, 12.2.7, 12.2.8, 12.2.9, 12.2.10, 12.2.11, 12.2.12, 12.2.13, 12.2.14, 12.2.15, 12.2.16, 12.2.17, 12.2.18, 12.2.19, 12.2.20, 12.2.21, 12.2.22, 12.2.23, 12.2.24, 12.2.25, 12.2.26, 12.2.27, 12.2.28, 12.2.29, 12.2.30, 12.3.1, 12.3.2, 12.3.3, 12.3.5, 12.3.6, 12.4.0, 12.4.1, 12.4.2, 12.4.3, 12.4.4, 12.4.5, 12.4.6, 12.4.7, 12.4.8, 12.5.0, 12.5.1, 12.5.2, 12.5.3, 12.5.4, 12.5.5, 12.5.6, 12.5.7, 12.5.8, 12.5.9, 12.6.0, 12.6.1, 12.6.2, 12.6.4, 12.6.5, 12.6.6, 12.6.7, 12.6.8, 12.6.9, 12.6.10, 12.6.11, 12.6.12, 12.6.13, 12.6.14, 12.6.15, 12.6.16, 12.6.17, 12.6.18, 12.6.19, 12.6.20, 12.6.21, 12.6.22, 12.6.23, 12.7.0, 12.7.1, 12.7.2, 12.7.3, 12.7.4, 12.7.5, 12.7.6, 12.7.9, 12.7.10, 12.7.11, 12.7.12, 12.7.13, 12.7.14, 12.7.15, 12.7.16, 12.7.17, 12.7.18, 12.7.19, 12.7.20, 12.7.21, 12.7.22, 12.7.23, 12.7.24, 12.7.25, 12.7.26, 12.8.0, 12.8.1)\nERROR: No matching distribution found for frida==7.2.15\n", "stdout": "", "timeout": 60}, "index_url": "https://pypi.org/simple", "is_provided_package": true, "is_provided_package_version": true, "package_name": "frida", "package_version": "7.2.15", "type": "command_error"}], "tree": [], "unparsed": [], "unresolved": []}}