{"metadata": {"analyzer": "thoth-solver", "analyzer_version": "1.4.1", "arguments": {"python": {"exclude_packages": null, "index": "https://pypi.org/simple", "no_pretty": false, "no_transitive": true, "output": "http://result-api/api/v1/solver-result", "requirements": "repoze-workflow==0.5", "virtualenv": "/home/solver/venv"}, "thoth-solver": {"verbose": false}}, "datetime": "2019-12-24T16:57:44.947246", "distribution": {"codename": "", "id": "fedora", "like": "", "version": "31", "version_parts": {"build_number": "", "major": "31", "minor": ""}}, "document_id": "solver-fedora-31-py37-0500e45f", "duration": 1, "hostname": "solver-fedora-31-py37-0500e45f-cx9tc", "os_release": {"id": "fedora", "name": "Fedora", "platform_id": "platform:f31", "redhat_bugzilla_product": "Fedora", "redhat_bugzilla_product_version": "31", "redhat_support_product": "Fedora", "redhat_support_product_version": "31", "variant_id": "container", "version": "31 (Container Image)", "version_id": "31"}, "python": {"api_version": 1013, "implementation_name": "cpython", "major": 3, "micro": 5, "minor": 7, "releaselevel": "final", "serial": 0}, "thoth_deployment_name": "thoth-psi-stage", "timestamp": 1577206664}, "result": {"environment": {"implementation_name": "cpython", "implementation_version": "3.7.5", "os_name": "posix", "platform_machine": "x86_64", "platform_python_implementation": "CPython", "platform_release": "3.10.0-957.21.2.el7.x86_64", "platform_system": "Linux", "platform_version": "#1 SMP Tue May 28 09:26:43 UTC 2019", "python_full_version": "3.7.5", "python_version": "3.7", "sys_platform": "linux"}, "environment_packages": [{"package_name": "pipdeptree", "package_version": "0.13.2"}], "errors": [{"details": {"command": "/home/solver/venv/bin/python3 -m pip install --force-reinstall --no-cache-dir --no-deps repoze-workflow==0.5 --index-url \"https://pypi.org/simple\"  --trusted-host pypi.org", "message": "Command exited with non-zero status code (1):     ERROR: Command errored out with exit status 1:\n     command: /home/solver/venv/bin/python3 -c 'import sys, setuptools, tokenize; sys.argv[0] = '\"'\"'/tmp/pip-install-6yvg0lxk/repoze-workflow/setup.py'\"'\"'; __file__='\"'\"'/tmp/pip-install-6yvg0lxk/repoze-workflow/setup.py'\"'\"';f=getattr(tokenize, '\"'\"'open'\"'\"', open)(__file__);code=f.read().replace('\"'\"'\\r\\n'\"'\"', '\"'\"'\\n'\"'\"');f.close();exec(compile(code, __file__, '\"'\"'exec'\"'\"'))' egg_info --egg-base /tmp/pip-install-6yvg0lxk/repoze-workflow/pip-egg-info\n         cwd: /tmp/pip-install-6yvg0lxk/repoze-workflow/\n    Complete output (8 lines):\n    Traceback (most recent call last):\n      File \"<string>\", line 1, in <module>\n      File \"/tmp/pip-install-6yvg0lxk/repoze-workflow/setup.py\", line 19, in <module>\n        from ez_setup import use_setuptools\n      File \"/tmp/pip-install-6yvg0lxk/repoze-workflow/ez_setup.py\", line 98\n        except pkg_resources.VersionConflict, e:\n                                            ^\n    SyntaxError: invalid syntax\n    ----------------------------------------\nERROR: Command errored out with exit status 1: python setup.py egg_info Check the logs for full command output.\n", "return_code": 1, "stderr": "    ERROR: Command errored out with exit status 1:\n     command: /home/solver/venv/bin/python3 -c 'import sys, setuptools, tokenize; sys.argv[0] = '\"'\"'/tmp/pip-install-6yvg0lxk/repoze-workflow/setup.py'\"'\"'; __file__='\"'\"'/tmp/pip-install-6yvg0lxk/repoze-workflow/setup.py'\"'\"';f=getattr(tokenize, '\"'\"'open'\"'\"', open)(__file__);code=f.read().replace('\"'\"'\\r\\n'\"'\"', '\"'\"'\\n'\"'\"');f.close();exec(compile(code, __file__, '\"'\"'exec'\"'\"'))' egg_info --egg-base /tmp/pip-install-6yvg0lxk/repoze-workflow/pip-egg-info\n         cwd: /tmp/pip-install-6yvg0lxk/repoze-workflow/\n    Complete output (8 lines):\n    Traceback (most recent call last):\n      File \"<string>\", line 1, in <module>\n      File \"/tmp/pip-install-6yvg0lxk/repoze-workflow/setup.py\", line 19, in <module>\n        from ez_setup import use_setuptools\n      File \"/tmp/pip-install-6yvg0lxk/repoze-workflow/ez_setup.py\", line 98\n        except pkg_resources.VersionConflict, e:\n                                            ^\n    SyntaxError: invalid syntax\n    ----------------------------------------\nERROR: Command errored out with exit status 1: python setup.py egg_info Check the logs for full command output.\n", "stdout": "Collecting repoze-workflow==0.5\n  Downloading https://files.pythonhosted.org/packages/fe/08/5520ad8d6e82acaa3bbde4b72f9c88714ff06b0e0e3414494005cfe0342c/repoze.workflow-0.5.tar.gz\n", "timeout": 60}, "index_url": "https://pypi.org/simple", "is_provided_package": true, "is_provided_package_version": true, "package_name": "repoze-workflow", "package_version": "0.5", "type": "command_error"}], "tree": [], "unparsed": [], "unresolved": []}}