{"metadata": {"analyzer": "thoth-solver", "analyzer_version": "1.5.1", "arguments": {"python": {"exclude_packages": null, "index": "https://pypi.org/simple", "no_pretty": false, "no_transitive": true, "output": "/mnt/workdir/solver-fedora-31-py37-060903c5", "requirements": "gino===1.0.0", "virtualenv": "/home/solver/venv"}, "thoth-solver": {"verbose": false}}, "datetime": "2020-04-29T19:28:44.352875", "distribution": {"codename": "", "id": "fedora", "like": "", "version": "31", "version_parts": {"build_number": "", "major": "31", "minor": ""}}, "document_id": "solver-fedora-31-py37-060903c5", "duration": 6, "hostname": "solver-fedora-31-py37-060903c5-1007988867", "os_release": {"id": "fedora", "name": "Fedora", "platform_id": "platform:f31", "redhat_bugzilla_product": "Fedora", "redhat_bugzilla_product_version": "31", "redhat_support_product": "Fedora", "redhat_support_product_version": "31", "variant_id": "container", "version": "31 (Container Image)", "version_id": "31"}, "python": {"api_version": 1013, "implementation_name": "cpython", "major": 3, "micro": 6, "minor": 7, "releaselevel": "final", "serial": 0}, "thoth_deployment_name": "thoth-psi-stage", "timestamp": 1588188524}, "result": {"environment": {"implementation_name": "cpython", "implementation_version": "3.7.6", "os_name": "posix", "platform_machine": "x86_64", "platform_python_implementation": "CPython", "platform_release": "3.10.0-957.21.2.el7.x86_64", "platform_system": "Linux", "platform_version": "#1 SMP Tue May 28 09:26:43 UTC 2019", "python_full_version": "3.7.6", "python_version": "3.7", "sys_platform": "linux"}, "environment_packages": [{"package_name": "pipdeptree", "package_version": "0.13.2"}], "errors": [], "tree": [{"dependencies": [{"extra": [], "extras": [], "marker": null, "marker_evaluated": null, "marker_evaluation_error": null, "marker_evaluation_result": true, "normalized_package_name": "sqlalchemy", "package_name": "SQLAlchemy", "resolved_versions": [{"index": "https://pypi.org/simple", "versions": ["1.2.0", "1.2.1", "1.2.10", "1.2.11", "1.2.12", "1.2.13", "1.2.14", "1.2.15", "1.2.16", "1.2.17", "1.2.18", "1.2.19", "1.2.2", "1.2.3", "1.2.4", "1.2.5", "1.2.6", "1.2.7", "1.2.8", "1.2.9", "1.3.0", "1.3.1", "1.3.10", "1.3.11", "1.3.12", "1.3.13", "1.3.14", "1.3.15", "1.3.16", "1.3.2", "1.3.3", "1.3.4", "1.3.5", "1.3.6", "1.3.7", "1.3.8", "1.3.9"]}], "specifier": "<2.0,>=1.2"}, {"extra": [], "extras": [], "marker": null, "marker_evaluated": null, "marker_evaluation_error": null, "marker_evaluation_result": true, "normalized_package_name": "asyncpg", "package_name": "asyncpg", "resolved_versions": [{"index": "https://pypi.org/simple", "versions": ["0.18.0", "0.18.1", "0.18.2", "0.18.3", "0.19.0", "0.20.0", "0.20.1"]}], "specifier": "<1.0,>=0.18"}, {"extra": [], "extras": [], "marker": "python_version < \"3.7\"", "marker_evaluated": "python_version < \"3.7\"", "marker_evaluation_error": null, "marker_evaluation_result": false, "normalized_package_name": "contextvars", "package_name": "contextvars", "resolved_versions": [{"index": "https://pypi.org/simple", "versions": ["2.4"]}], "specifier": "<3.0,>=2.4"}, {"extra": ["aiohttp"], "extras": [], "marker": "(python_version >= \"3.5.3\" and python_version < \"4.0.0\") and extra == \"aiohttp\"", "marker_evaluated": "(python_version >= \"3.5.3\" and python_version < \"4.0.0\") and python_version >= \"0.0\"", "marker_evaluation_error": null, "marker_evaluation_result": true, "normalized_package_name": "gino-aiohttp", "package_name": "gino-aiohttp", "resolved_versions": [{"index": "https://pypi.org/simple", "versions": ["0.1.0"]}], "specifier": "<0.2.0,>=0.1.0"}, {"extra": ["quart"], "extras": [], "marker": "(python_version >= \"3.7\" and python_version < \"4.0\") and extra == \"quart\"", "marker_evaluated": "(python_version >= \"3.7\" and python_version < \"4.0\") and python_version >= \"0.0\"", "marker_evaluation_error": null, "marker_evaluation_result": true, "normalized_package_name": "gino-quart", "package_name": "gino-quart", "resolved_versions": [{"index": "https://pypi.org/simple", "versions": ["0.1.0"]}], "specifier": "<0.2.0,>=0.1.0"}, {"extra": ["sanic"], "extras": [], "marker": "(python_version >= \"3.6\" and python_version < \"4.0\") and extra == \"sanic\"", "marker_evaluated": "(python_version >= \"3.6\" and python_version < \"4.0\") and python_version >= \"0.0\"", "marker_evaluation_error": null, "marker_evaluation_result": true, "normalized_package_name": "gino-sanic", "package_name": "gino-sanic", "resolved_versions": [{"index": "https://pypi.org/simple", "versions": ["0.1.0"]}], "specifier": "<0.2.0,>=0.1.0"}, {"extra": ["starlette"], "extras": [], "marker": "(python_version >= \"3.6\" and python_version < \"4.0\") and extra == \"starlette\"", "marker_evaluated": "(python_version >= \"3.6\" and python_version < \"4.0\") and python_version >= \"0.0\"", "marker_evaluation_error": null, "marker_evaluation_result": true, "normalized_package_name": "gino-starlette", "package_name": "gino-starlette", "resolved_versions": [{"index": "https://pypi.org/simple", "versions": ["0.1.1"]}], "specifier": "<0.2.0,>=0.1.1"}, {"extra": ["tornado"], "extras": [], "marker": "(python_version >= \"3.5.2\" and python_version < \"4.0.0\") and extra == \"tornado\"", "marker_evaluated": "(python_version >= \"3.5.2\" and python_version < \"4.0.0\") and python_version >= \"0.0\"", "marker_evaluation_error": null, "marker_evaluation_result": true, "normalized_package_name": "gino-tornado", "package_name": "gino-tornado", "resolved_versions": [{"index": "https://pypi.org/simple", "versions": ["0.1.0"]}], "specifier": "<0.2.0,>=0.1.0"}, {"extra": [], "extras": [], "marker": "python_version < \"3.8\"", "marker_evaluated": "python_version < \"3.8\"", "marker_evaluation_error": null, "marker_evaluation_result": true, "normalized_package_name": "importlib-metadata", "package_name": "importlib_metadata", "resolved_versions": [{"index": "https://pypi.org/simple", "versions": ["1.3.0", "1.4.0", "1.5.0", "1.5.1", "1.5.2", "1.6.0"]}], "specifier": "<2.0.0,>=1.3.0"}], "importlib_metadata": {"entry_points": [{"group": "sqlalchemy.dialects", "name": "asyncpg", "value": "gino.dialects.asyncpg:AsyncpgDialect"}, {"group": "sqlalchemy.dialects", "name": "postgresql.asyncpg", "value": "gino.dialects.asyncpg:AsyncpgDialect"}], "files": [{"hash": {"mode": "sha256", "value": "zuuue4knoyJ-UwPPXg8fezS7VCrXJQrAP7zeNuwvFQg"}, "path": "gino-1.0.0.dist-info/INSTALLER", "size": 4}, {"hash": {"mode": "sha256", "value": "sW7uVkKYf3yjpGc6EHGG_XtcySepLqzEPuuPEXACogs"}, "path": "gino-1.0.0.dist-info/LICENSE", "size": 1512}, {"hash": {"mode": "sha256", "value": "VnjiByuZRkJkeOQEyDIU87SlMdYP8CticSwzsAx2kSk"}, "path": "gino-1.0.0.dist-info/METADATA", "size": 4931}, {"hash": null, "path": "gino-1.0.0.dist-info/RECORD", "size": null}, {"hash": {"mode": "sha256", "value": "xSvaL1DM8LOHfdyo0cCcwjZu1tC6CnCsRGWUgazvlbM"}, "path": "gino-1.0.0.dist-info/WHEEL", "size": 83}, {"hash": {"mode": "sha256", "value": "gjq2SFSoAb1NiiNuWmy9g073QvyAZTXdJRcn6Nqtnsc"}, "path": "gino-1.0.0.dist-info/entry_points.txt", "size": 124}, {"hash": {"mode": "sha256", "value": "BMJQsDhEq0x4TFrlf75V609_3HvF64X7_2-68WFZXF8"}, "path": "gino/__init__.py", "size": 721}, {"hash": null, "path": "gino/__pycache__/__init__.cpython-37.pyc", "size": null}, {"hash": null, "path": "gino/__pycache__/aiocontextvars.cpython-37.pyc", "size": null}, {"hash": null, "path": "gino/__pycache__/api.cpython-37.pyc", "size": null}, {"hash": null, "path": "gino/__pycache__/crud.cpython-37.pyc", "size": null}, {"hash": null, "path": "gino/__pycache__/declarative.cpython-37.pyc", "size": null}, {"hash": null, "path": "gino/__pycache__/engine.cpython-37.pyc", "size": null}, {"hash": null, "path": "gino/__pycache__/exceptions.cpython-37.pyc", "size": null}, {"hash": null, "path": "gino/__pycache__/json_support.cpython-37.pyc", "size": null}, {"hash": null, "path": "gino/__pycache__/loader.cpython-37.pyc", "size": null}, {"hash": null, "path": "gino/__pycache__/schema.cpython-37.pyc", "size": null}, {"hash": null, "path": "gino/__pycache__/strategies.cpython-37.pyc", "size": null}, {"hash": null, "path": "gino/__pycache__/transaction.cpython-37.pyc", "size": null}, {"hash": {"mode": "sha256", "value": "u34Keh-tHGNzBK8Wq8XakDyWnQ4eaYIsAvxDqhDnxI0"}, "path": "gino/aiocontextvars.py", "size": 2005}, {"hash": {"mode": "sha256", "value": "V4-EqVPFyTDv-aC6vKYeHqNf2RzSiRQiaTTrUTmbqq0"}, "path": "gino/api.py", "size": 19538}, {"hash": {"mode": "sha256", "value": "wDafZl7A3vjG5cjG-2fcZaRF1GlyvObgfCcyxdP5uGo"}, "path": "gino/crud.py", "size": 27851}, {"hash": {"mode": "sha256", "value": "mZFKUycdhZeFt9T4cTzypgpBAo7TSLFXwsP2A2YdyLU"}, "path": "gino/declarative.py", "size": 12010}, {"hash": {"mode": "sha256", "value": "47DEQpj8HBSa-_TImW-5JCeuQeRkm5NMpJWZG3hSuFU"}, "path": "gino/dialects/__init__.py", "size": 0}, {"hash": null, "path": "gino/dialects/__pycache__/__init__.cpython-37.pyc", "size": null}, {"hash": null, "path": "gino/dialects/__pycache__/asyncpg.cpython-37.pyc", "size": null}, {"hash": null, "path": "gino/dialects/__pycache__/base.cpython-37.pyc", "size": null}, {"hash": {"mode": "sha256", "value": "3ibXBrab5Q8iFFLmOv0R9k6ekjEDpro5vg66TQhtIew"}, "path": "gino/dialects/asyncpg.py", "size": 20168}, {"hash": {"mode": "sha256", "value": "DbyGh0FZ1qamyl58l-tNbJi2q4QbYyqFXWvpe7LB3uQ"}, "path": "gino/dialects/base.py", "size": 11811}, {"hash": {"mode": "sha256", "value": "5Zfg5S3gKYNluvmFVHozzURl8SPOnS9_ZzTttSRAYjQ"}, "path": "gino/engine.py", "size": 30534}, {"hash": {"mode": "sha256", "value": "c7Qe7OFqaDKBHZrWgXTgGB7P69uwdiwxUlvJLvrlaKU"}, "path": "gino/exceptions.py", "size": 300}, {"hash": {"mode": "sha256", "value": "0FlugfOHBESV-8Ew-e4VuL-qDVA9Z0pMskNrZMGDL5M"}, "path": "gino/ext/__init__.py", "size": 2686}, {"hash": null, "path": "gino/ext/__pycache__/__init__.cpython-37.pyc", "size": null}, {"hash": {"mode": "sha256", "value": "mM90n-lv9GKc5lXSl3uqgPpk-stm8caet75cTZLn4PA"}, "path": "gino/json_support.py", "size": 5354}, {"hash": {"mode": "sha256", "value": "x1ZKTkcBcfGgWbj1j7J3lpSbxX0nOpTKd7j6ihITpkg"}, "path": "gino/loader.py", "size": 15035}, {"hash": {"mode": "sha256", "value": "VCu3YafX2HX1p6DNUgDdrNmn92iBlTvSrLBH_GxiqXw"}, "path": "gino/schema.py", "size": 15010}, {"hash": {"mode": "sha256", "value": "VcZo0YyXkVC3dSJKD0Ptw35UCLL0LpfgR2KMz_viClo"}, "path": "gino/strategies.py", "size": 2586}, {"hash": {"mode": "sha256", "value": "evsWE8-XyH0fTi1u1EbLhflwULCIl0QR0SC7YiTNI6c"}, "path": "gino/transaction.py", "size": 6427}], "metadata": {"Author": "Fantix King", "Author-email": "fantix.king@gmail.com", "Classifier": ["Development Status :: 4 - Beta", "Intended Audience :: Developers", "License :: OSI Approved :: BSD License", "Natural Language :: English", "Programming Language :: Python :: 3", "Programming Language :: Python :: 3.5", "Programming Language :: Python :: 3.6", "Programming Language :: Python :: 3.7", "Programming Language :: Python :: 3.8"], "Description-Content-Type": "text/x-rst", "Home-page": "https://python-gino.org", "Keywords": "orm,asyncio,sqlalchemy,asyncpg,python3", "License": "BSD-3-Clause", "Maintainer": "Tony Wang", "Maintainer-email": "wwwjfy@gmail.com", "Metadata-Version": "2.1", "Name": "gino", "Project-URL": ["Documentation, https://python-gino.org/docs/", "Repository, https://github.com/python-gino/gino"], "Provides-Extra": ["aiohttp", "quart", "sanic", "starlette", "tornado"], "Requires-Dist": ["SQLAlchemy (>=1.2,<2.0)", "asyncpg (>=0.18,<1.0)", "contextvars (>=2.4,<3.0); python_version < \"3.7\"", "gino-aiohttp (>=0.1.0,<0.2.0); (python_version >= \"3.5.3\" and python_version < \"4.0.0\") and (extra == \"aiohttp\")", "gino-quart (>=0.1.0,<0.2.0); (python_version >= \"3.7\" and python_version < \"4.0\") and (extra == \"quart\")", "gino-sanic (>=0.1.0,<0.2.0); (python_version >= \"3.6\" and python_version < \"4.0\") and (extra == \"sanic\")", "gino-starlette (>=0.1.1,<0.2.0); (python_version >= \"3.6\" and python_version < \"4.0\") and (extra == \"starlette\")", "gino-tornado (>=0.1.0,<0.2.0); (python_version >= \"3.5.2\" and python_version < \"4.0.0\") and (extra == \"tornado\")", "importlib_metadata (>=1.3.0,<2.0.0); python_version < \"3.8\""], "Requires-Python": ">=3.5,<4.0", "Summary": "GINO Is Not ORM - a Python asyncio ORM on SQLAlchemy core.", "Version": "1.0.0"}, "requires": ["SQLAlchemy (>=1.2,<2.0)", "asyncpg (>=0.18,<1.0)", "contextvars (>=2.4,<3.0); python_version < \"3.7\"", "gino-aiohttp (>=0.1.0,<0.2.0); (python_version >= \"3.5.3\" and python_version < \"4.0.0\") and (extra == \"aiohttp\")", "gino-quart (>=0.1.0,<0.2.0); (python_version >= \"3.7\" and python_version < \"4.0\") and (extra == \"quart\")", "gino-sanic (>=0.1.0,<0.2.0); (python_version >= \"3.6\" and python_version < \"4.0\") and (extra == \"sanic\")", "gino-starlette (>=0.1.1,<0.2.0); (python_version >= \"3.6\" and python_version < \"4.0\") and (extra == \"starlette\")", "gino-tornado (>=0.1.0,<0.2.0); (python_version >= \"3.5.2\" and python_version < \"4.0.0\") and (extra == \"tornado\")", "importlib_metadata (>=1.3.0,<2.0.0); python_version < \"3.8\""], "version": "1.0.0"}, "index_url": "https://pypi.org/simple", "package_name": "gino", "package_version": "1.0.0", "package_version_requested": "1.0.0", "sha256": ["5750575d25b458ac8c484f324310042485ecd8039ae67fc82bc34e06182c2737", "0924f16e02f33f046ad3aa9bc02a7ac7cd72f89261f4447ab54fd789eb3b65fc"]}], "unparsed": [], "unresolved": []}}