{"metadata": {"analyzer": "thoth-solver", "analyzer_version": "1.4.1", "arguments": {"python": {"exclude_packages": null, "index": "https://pypi.org/simple", "no_pretty": false, "no_transitive": true, "output": "http://result-api/api/v1/solver-result", "requirements": "conan-package-tools==0.17.0.dev24", "virtualenv": "/home/solver/venv"}, "thoth-solver": {"verbose": false}}, "datetime": "2019-12-27T16:37:31.200564", "distribution": {"codename": "", "id": "fedora", "like": "", "version": "31", "version_parts": {"build_number": "", "major": "31", "minor": ""}}, "document_id": "solver-fedora-31-py37-0215b626", "duration": 3, "hostname": "solver-fedora-31-py37-0215b626-59wbl", "os_release": {"id": "fedora", "name": "Fedora", "platform_id": "platform:f31", "redhat_bugzilla_product": "Fedora", "redhat_bugzilla_product_version": "31", "redhat_support_product": "Fedora", "redhat_support_product_version": "31", "variant_id": "container", "version": "31 (Container Image)", "version_id": "31"}, "python": {"api_version": 1013, "implementation_name": "cpython", "major": 3, "micro": 5, "minor": 7, "releaselevel": "final", "serial": 0}, "thoth_deployment_name": "thoth-psi-stage", "timestamp": 1577464651}, "result": {"environment": {"implementation_name": "cpython", "implementation_version": "3.7.5", "os_name": "posix", "platform_machine": "x86_64", "platform_python_implementation": "CPython", "platform_release": "3.10.0-957.21.2.el7.x86_64", "platform_system": "Linux", "platform_version": "#1 SMP Tue May 28 09:26:43 UTC 2019", "python_full_version": "3.7.5", "python_version": "3.7", "sys_platform": "linux"}, "environment_packages": [{"package_name": "pipdeptree", "package_version": "0.13.2"}], "errors": [], "tree": [{"dependencies": [{"extra": [], "extras": [], "marker": null, "marker_evaluated": null, "marker_evaluation_error": null, "marker_evaluation_result": true, "normalized_package_name": "six", "package_name": "six", "resolved_versions": [{"index": "https://pypi.org/simple", "versions": ["1.10.0", "1.11.0", "1.12.0", "1.13.0"]}], "specifier": ">=1.10.0"}, {"extra": [], "extras": ["security"], "marker": null, "marker_evaluated": null, "marker_evaluation_error": null, "marker_evaluation_result": true, "normalized_package_name": "requests", "package_name": "requests", "resolved_versions": [{"index": "https://pypi.org/simple", "versions": ["0.0.1", "0.10.0", "0.10.1", "0.10.2", "0.10.3", "0.10.4", "0.10.6", "0.10.7", "0.10.8", "0.11.1", "0.11.2", "0.12.0", "0.12.01", "0.12.1", "0.13.0", "0.13.1", "0.13.2", "0.13.3", "0.13.4", "0.13.5", "0.13.6", "0.13.7", "0.13.8", "0.13.9", "0.14.0", "0.14.1", "0.14.2", "0.2.0", "0.2.1", "0.2.2", "0.2.3", "0.2.4", "0.3.0", "0.3.1", "0.3.2", "0.3.3", "0.3.4", "0.4.0", "0.4.1", "0.5.0", "0.5.1", "0.6.0", "0.6.1", "0.6.2", "0.6.3", "0.6.4", "0.6.5", "0.6.6", "0.7.0", "0.7.1", "0.7.2", "0.7.3", "0.7.4", "0.7.5", "0.7.6", "0.8.0", "0.8.1", "0.8.2", "0.8.3", "0.8.4", "0.8.5", "0.8.6", "0.8.7", "0.8.8", "0.8.9", "0.9.0", "0.9.1", "0.9.2", "0.9.3", "1.0.0", "1.0.1", "1.0.2", "1.0.3", "1.0.4", "1.1.0", "1.2.0", "1.2.1", "1.2.2", "1.2.3", "2.0.0", "2.0.1", "2.1.0", "2.10.0", "2.11.0", "2.11.1", "2.12.0", "2.12.1", "2.12.2", "2.12.3", "2.12.4", "2.12.5", "2.13.0", "2.14.0", "2.14.1", "2.14.2", "2.15.0", "2.15.1", "2.16.0", "2.16.1", "2.16.2", "2.16.3", "2.16.4", "2.16.5", "2.17.0", "2.17.1", "2.17.2", "2.17.3", "2.18.0", "2.18.1", "2.18.2", "2.18.3", "2.18.4", "2.19.0", "2.19.1", "2.2.0", "2.2.1", "2.20.0", "2.20.1", "2.21.0", "2.22.0", "2.3.0", "2.4.0", "2.4.1", "2.4.2", "2.4.3", "2.5.0", "2.5.1", "2.5.2", "2.5.3", "2.6.0", "2.6.1", "2.6.2", "2.7.0", "2.8.0", "2.8.1", "2.9.0", "2.9.1", "2.9.2"]}], "specifier": null}, {"extra": [], "extras": [], "marker": null, "marker_evaluated": null, "marker_evaluation_error": null, "marker_evaluation_result": true, "normalized_package_name": "conan", "package_name": "conan", "resolved_versions": [{"index": "https://pypi.org/simple", "versions": ["0.22.0", "0.22.1", "0.22.2", "0.22.3", "0.23.0", "0.23.1", "0.23.2", "0.24.0", "0.25.0", "0.25.1", "0.26.0", "0.26.1", "0.26.2", "0.27.0", "0.28.0", "0.28.1", "0.29.0", "0.29.1", "0.29.2", "0.30.1", "0.30.2", "0.30.3", "1.0.0", "1.0.1", "1.0.2", "1.0.3", "1.0.4", "1.1.0", "1.1.1", "1.10.0", "1.10.1", "1.10.2", "1.10.3", "1.11.0", "1.11.1", "1.11.2", "1.11.3", "1.12.0", "1.12.1", "1.12.2", "1.12.3", "1.12.4", "1.13.0", "1.13.1", "1.13.2", "1.13.3", "1.13.4", "1.14.0", "1.14.1", "1.14.2", "1.14.3", "1.14.4", "1.14.5", "1.14.6", "1.15.0", "1.15.1", "1.15.2", "1.15.3", "1.15.4", "1.15.5", "1.16.0", "1.16.1", "1.16.2", "1.17.0", "1.17.1", "1.17.2", "1.17.3", "1.18.0", "1.18.1", "1.18.2", "1.18.3", "1.18.4", "1.18.5", "1.18.6", "1.19.0", "1.19.1", "1.19.2", "1.19.3", "1.19.4", "1.2.0", "1.2.1", "1.2.2", "1.2.3", "1.20.0", "1.20.1", "1.20.2", "1.20.3", "1.20.4", "1.20.5", "1.21.0", "1.3.0", "1.3.1", "1.3.2", "1.3.3", "1.4.0", "1.4.1", "1.4.2", "1.4.3", "1.4.4", "1.4.5", "1.5.0", "1.5.1", "1.5.2", "1.6.0", "1.6.1", "1.7.0", "1.7.1", "1.7.2", "1.7.3", "1.7.4", "1.7.5", "1.7.6", "1.8.0", "1.8.1", "1.8.2", "1.8.3", "1.8.4", "1.8.5", "1.9.0", "1.9.1", "1.9.2", "1.9.3"]}], "specifier": ">=0.22.0"}, {"extra": [], "extras": [], "marker": null, "marker_evaluated": null, "marker_evaluation_error": null, "marker_evaluation_result": true, "normalized_package_name": "tabulate", "package_name": "tabulate", "resolved_versions": [{"index": "https://pypi.org/simple", "versions": ["0.8.2"]}], "specifier": "==0.8.2"}], "importlib_metadata": {"entry_points": [{"group": "console_scripts", "name": "run_create_in_docker", "value": "cpt.run_in_docker:run"}], "files": [{"hash": {"mode": "sha256", "value": "xcOVmcN7A8Vyo_DfRP9RcoI2xTduZjeMCQEHKeGMYqA"}, "path": "../../../bin/run_create_in_docker", "size": 227}, {"hash": {"mode": "sha256", "value": "47DEQpj8HBSa-_TImW-5JCeuQeRkm5NMpJWZG3hSuFU"}, "path": "conan/__init__.py", "size": 0}, {"hash": null, "path": "conan/__pycache__/__init__.cpython-37.pyc", "size": null}, {"hash": null, "path": "conan/__pycache__/packager.cpython-37.pyc", "size": null}, {"hash": {"mode": "sha256", "value": "Ug29j-nETqX1XXyWk75wJg6JxBXZz8jDZH2OIx0CwVE"}, "path": "conan/packager.py", "size": 223}, {"hash": {"mode": "sha256", "value": "zuuue4knoyJ-UwPPXg8fezS7VCrXJQrAP7zeNuwvFQg"}, "path": "conan_package_tools-0.17.0.dev24.dist-info/INSTALLER", "size": 4}, {"hash": {"mode": "sha256", "value": "SYeyj3vl24ookce2RUsJ6a1prE7Rwj85aDBteS4aipk"}, "path": "conan_package_tools-0.17.0.dev24.dist-info/METADATA", "size": 859}, {"hash": null, "path": "conan_package_tools-0.17.0.dev24.dist-info/RECORD", "size": null}, {"hash": {"mode": "sha256", "value": "wYBY2EO50FhAcckpWmO3c3Zwk2MALACx6lPAl6gVKnE"}, "path": "conan_package_tools-0.17.0.dev24.dist-info/WHEEL", "size": 93}, {"hash": {"mode": "sha256", "value": "w8_Cg54tb3p-TdnfCk-uO4eS2aymO_2BcRoSfonyIcA"}, "path": "conan_package_tools-0.17.0.dev24.dist-info/entry_points.txt", "size": 64}, {"hash": {"mode": "sha256", "value": "Ppj0y7Vf6xkAKlFSS3jnI4QVBdQp8k1SlISz36fLGM0"}, "path": "conan_package_tools-0.17.0.dev24.dist-info/top_level.txt", "size": 10}, {"hash": {"mode": "sha256", "value": "3Fp8iQA0NhztN4OF2NZ8OBMqPjcAz994F5hvdNCnTGE"}, "path": "cpt/__init__.py", "size": 30}, {"hash": null, "path": "cpt/__pycache__/__init__.cpython-37.pyc", "size": null}, {"hash": null, "path": "cpt/__pycache__/auth.cpython-37.pyc", "size": null}, {"hash": null, "path": "cpt/__pycache__/builds_generator.cpython-37.pyc", "size": null}, {"hash": null, "path": "cpt/__pycache__/ci_manager.cpython-37.pyc", "size": null}, {"hash": null, "path": "cpt/__pycache__/log.cpython-37.pyc", "size": null}, {"hash": null, "path": "cpt/__pycache__/packager.cpython-37.pyc", "size": null}, {"hash": null, "path": "cpt/__pycache__/printer.cpython-37.pyc", "size": null}, {"hash": null, "path": "cpt/__pycache__/remotes.cpython-37.pyc", "size": null}, {"hash": null, "path": "cpt/__pycache__/run_in_docker.cpython-37.pyc", "size": null}, {"hash": null, "path": "cpt/__pycache__/runner.cpython-37.pyc", "size": null}, {"hash": null, "path": "cpt/__pycache__/tools.cpython-37.pyc", "size": null}, {"hash": null, "path": "cpt/__pycache__/uploader.cpython-37.pyc", "size": null}, {"hash": {"mode": "sha256", "value": "or_5iiMt0Z9RaS-vN20-G8SKsGwiyg_RfkFzOLveEII"}, "path": "cpt/auth.py", "size": 4586}, {"hash": {"mode": "sha256", "value": "gURwIF7XuZBXJurqY2q25wjAyuYm-1xcY6UbdcWtNQQ"}, "path": "cpt/builds_generator.py", "size": 18244}, {"hash": {"mode": "sha256", "value": "4iTd_DZ9fhe4j2-cELfzsaCNhduc_1D_umd-sxVthLg"}, "path": "cpt/ci_manager.py", "size": 5085}, {"hash": {"mode": "sha256", "value": "6TMnCHL0gogR-6WJ1Ra5GMNePKR5XoZeSx1S-0nTv6U"}, "path": "cpt/log.py", "size": 1461}, {"hash": {"mode": "sha256", "value": "HQXFXVGDUYXcp3iXD8Uy7SSAxVenM9R905loBkn0s0I"}, "path": "cpt/packager.py", "size": 21968}, {"hash": {"mode": "sha256", "value": "NQgZFmmfpnTP8pGWiZlFtHbxF7lL5t0y5_vaLJ3gw5g"}, "path": "cpt/printer.py", "size": 3696}, {"hash": {"mode": "sha256", "value": "UXgx6Qx5wkfH58ZCTpfyzufJ48QjEvsf7Rv92EeRT7g"}, "path": "cpt/remotes.py", "size": 5748}, {"hash": {"mode": "sha256", "value": "zZTTjhmqLY5E5w3Rxao1AtjLDRGs4-uLg7v4sRUk7HU"}, "path": "cpt/requirements.txt", "size": 60}, {"hash": {"mode": "sha256", "value": "725IkdqmNXMNmgl7I7HDSXolfnYlV_f4Y8MXC8ODEcI"}, "path": "cpt/requirements_test.txt", "size": 89}, {"hash": {"mode": "sha256", "value": "P093AuC4OHTuxCasNWYOmMKciiM0l2Y5a9RZRUrFEl4"}, "path": "cpt/run_in_docker.py", "size": 1337}, {"hash": {"mode": "sha256", "value": "3SaKN8rKjNH2-tnn2JoyFkNvtZvKMDd_dpbaFKi9zTY"}, "path": "cpt/runner.py", "size": 9040}, {"hash": {"mode": "sha256", "value": "47DEQpj8HBSa-_TImW-5JCeuQeRkm5NMpJWZG3hSuFU"}, "path": "cpt/test/__init__.py", "size": 0}, {"hash": null, "path": "cpt/test/__pycache__/__init__.cpython-37.pyc", "size": null}, {"hash": {"mode": "sha256", "value": "47DEQpj8HBSa-_TImW-5JCeuQeRkm5NMpJWZG3hSuFU"}, "path": "cpt/test/integration/__init__.py", "size": 0}, {"hash": null, "path": "cpt/test/integration/__pycache__/__init__.cpython-37.pyc", "size": null}, {"hash": null, "path": "cpt/test/integration/__pycache__/base.cpython-37.pyc", "size": null}, {"hash": null, "path": "cpt/test/integration/__pycache__/basic_test.cpython-37.pyc", "size": null}, {"hash": null, "path": "cpt/test/integration/__pycache__/docker_test.cpython-37.pyc", "size": null}, {"hash": null, "path": "cpt/test/integration/__pycache__/upload_test.cpython-37.pyc", "size": null}, {"hash": {"mode": "sha256", "value": "q5XHUmUxHGMGi72ybrjT0KtAraGnmui6-dLyfn0849A"}, "path": "cpt/test/integration/base.py", "size": 2041}, {"hash": {"mode": "sha256", "value": "xMNFtRuwraYZqXvBV91F1MZ0f0EDYPGTkr12CPgtskY"}, "path": "cpt/test/integration/basic_test.py", "size": 3961}, {"hash": {"mode": "sha256", "value": "JdsXmUzoRI7NhR4o2ldCxG1b4OECu_DLBUVFGxtXPDc"}, "path": "cpt/test/integration/docker_test.py", "size": 3440}, {"hash": {"mode": "sha256", "value": "wglzAR_vZut7VK4M_XCBVXuo-KUQVAJV0u3wOzdPl7s"}, "path": "cpt/test/integration/upload_test.py", "size": 3621}, {"hash": {"mode": "sha256", "value": "47DEQpj8HBSa-_TImW-5JCeuQeRkm5NMpJWZG3hSuFU"}, "path": "cpt/test/unit/__init__.py", "size": 0}, {"hash": null, "path": "cpt/test/unit/__pycache__/__init__.cpython-37.pyc", "size": null}, {"hash": null, "path": "cpt/test/unit/__pycache__/auth_test.cpython-37.pyc", "size": null}, {"hash": null, "path": "cpt/test/unit/__pycache__/ci_manager_test.cpython-37.pyc", "size": null}, {"hash": null, "path": "cpt/test/unit/__pycache__/generators_test.cpython-37.pyc", "size": null}, {"hash": null, "path": "cpt/test/unit/__pycache__/packager_test.cpython-37.pyc", "size": null}, {"hash": null, "path": "cpt/test/unit/__pycache__/remotes_test.cpython-37.pyc", "size": null}, {"hash": null, "path": "cpt/test/unit/__pycache__/utils.cpython-37.pyc", "size": null}, {"hash": {"mode": "sha256", "value": "ElNKY--1olxKMrkPeVxwU3qIryduYlYlh7VM1zyBklk"}, "path": "cpt/test/unit/auth_test.py", "size": 6697}, {"hash": {"mode": "sha256", "value": "u32aaUP0yZHgXhjTFGbxmEX3IuVFMQ2jWfZZ5Z3xsck"}, "path": "cpt/test/unit/ci_manager_test.py", "size": 6476}, {"hash": {"mode": "sha256", "value": "h5lkPo6B1jmdqBxmuoq5QBte5QBKjpDTsjhmU4UnLp4"}, "path": "cpt/test/unit/generators_test.py", "size": 31544}, {"hash": {"mode": "sha256", "value": "Zyr3w46Ifu1qEHhFjiWp8J7CJcofdv2TgilnP-DMelI"}, "path": "cpt/test/unit/packager_test.py", "size": 29976}, {"hash": {"mode": "sha256", "value": "oGQvTpoxNlls9Zdz9RtjxebT0RQmd3GNOeXhTQ9YDmg"}, "path": "cpt/test/unit/remotes_test.py", "size": 1399}, {"hash": {"mode": "sha256", "value": "-ACXK1lUxICW48XPjjqtV-RMrufAWb9a5YwZSEFXYUo"}, "path": "cpt/test/unit/utils.py", "size": 2515}, {"hash": {"mode": "sha256", "value": "gb4dKJKfkH_MV5Q8m_8WGCkF0XFp5HXWC39RGsf0Y5U"}, "path": "cpt/tools.py", "size": 135}, {"hash": {"mode": "sha256", "value": "vxI4vl_ozSA6m9y5DAVUVAPcfRu6gizD41CnNFh0-sw"}, "path": "cpt/uploader.py", "size": 941}], "metadata": {"Author": "JFrog LTD. Luis Martinez de Bartolome", "Author-email": "luism@jfrog.com", "Classifier": ["Development Status :: 4 - Beta", "Intended Audience :: Developers", "Topic :: Software Development :: Build Tools", "License :: OSI Approved :: MIT License", "Programming Language :: Python :: 2", "Programming Language :: Python :: 2.7", "Programming Language :: Python :: 3"], "Home-page": "https://github.com/conan-io/conan-package-tools", "Keywords": "conan,C/C++,package,libraries,developer,manager,dependency,tool,c,c++,cpp", "License": "MIT", "Metadata-Version": "2.1", "Name": "conan-package-tools", "Platform": ["UNKNOWN"], "Requires-Dist": ["six (>=1.10.0)", "requests[security]", "conan (>=0.22.0)", "tabulate (==0.8.2)"], "Summary": "Packaging tools for Conan C/C++ package manager", "Version": "0.17.0.dev24"}, "requires": ["six (>=1.10.0)", "requests[security]", "conan (>=0.22.0)", "tabulate (==0.8.2)"], "version": "0.17.0.dev24"}, "index_url": "https://pypi.org/simple", "package_name": "conan-package-tools", "package_version": "0.17.0.dev24", "package_version_requested": "0.17.0.dev24", "sha256": ["deff696956abba31441479e39881431307f84481634a9246cf77c92b808422bf"]}], "unparsed": [], "unresolved": []}}