{"metadata": {"analyzer": "thoth-solver", "analyzer_version": "1.4.1", "arguments": {"python": {"exclude_packages": null, "index": "https://pypi.org/simple", "no_pretty": false, "no_transitive": true, "output": "http://result-api/api/v1/solver-result", "requirements": "sortedcontainers==1.4.3", "virtualenv": "/home/solver/venv"}, "thoth-solver": {"verbose": false}}, "datetime": "2019-12-24T16:55:59.185090", "distribution": {"codename": "", "id": "fedora", "like": "", "version": "31", "version_parts": {"build_number": "", "major": "31", "minor": ""}}, "document_id": "solver-fedora-31-py37-048887dc", "duration": 2, "hostname": "solver-fedora-31-py37-048887dc-dm9c4", "os_release": {"id": "fedora", "name": "Fedora", "platform_id": "platform:f31", "redhat_bugzilla_product": "Fedora", "redhat_bugzilla_product_version": "31", "redhat_support_product": "Fedora", "redhat_support_product_version": "31", "variant_id": "container", "version": "31 (Container Image)", "version_id": "31"}, "python": {"api_version": 1013, "implementation_name": "cpython", "major": 3, "micro": 5, "minor": 7, "releaselevel": "final", "serial": 0}, "thoth_deployment_name": "thoth-psi-stage", "timestamp": 1577206559}, "result": {"environment": {"implementation_name": "cpython", "implementation_version": "3.7.5", "os_name": "posix", "platform_machine": "x86_64", "platform_python_implementation": "CPython", "platform_release": "3.10.0-957.21.2.el7.x86_64", "platform_system": "Linux", "platform_version": "#1 SMP Tue May 28 09:26:43 UTC 2019", "python_full_version": "3.7.5", "python_version": "3.7", "sys_platform": "linux"}, "environment_packages": [{"package_name": "pipdeptree", "package_version": "0.13.2"}], "errors": [], "tree": [{"dependencies": [], "importlib_metadata": {"entry_points": [], "files": [{"hash": {"mode": "sha256", "value": "zuuue4knoyJ-UwPPXg8fezS7VCrXJQrAP7zeNuwvFQg"}, "path": "sortedcontainers-1.4.3.dist-info/INSTALLER", "size": 4}, {"hash": {"mode": "sha256", "value": "WTqRUup_G0h3dJtovro2NuYKYMeMHXAaYDQydr5-PvI"}, "path": "sortedcontainers-1.4.3.dist-info/LICENSE", "size": 557}, {"hash": {"mode": "sha256", "value": "8_BfVxkDmR4Iw84Sts2dhPtr8zrVs9AKMqCMZWGd-BY"}, "path": "sortedcontainers-1.4.3.dist-info/METADATA", "size": 11231}, {"hash": null, "path": "sortedcontainers-1.4.3.dist-info/RECORD", "size": null}, {"hash": {"mode": "sha256", "value": "wYBY2EO50FhAcckpWmO3c3Zwk2MALACx6lPAl6gVKnE"}, "path": "sortedcontainers-1.4.3.dist-info/WHEEL", "size": 93}, {"hash": {"mode": "sha256", "value": "AVs0q-qf-10gs1tkVhfALdebJo4uPuVVBX7YT91riQU"}, "path": "sortedcontainers-1.4.3.dist-info/top_level.txt", "size": 17}, {"hash": {"mode": "sha256", "value": "WoI4XtBhHOv6ClQBp7jkG9dPWYIZ4vVH-loTIyM0WqQ"}, "path": "sortedcontainers/__init__.py", "size": 1646}, {"hash": null, "path": "sortedcontainers/__pycache__/__init__.cpython-37.pyc", "size": null}, {"hash": null, "path": "sortedcontainers/__pycache__/sorteddict.cpython-37.pyc", "size": null}, {"hash": null, "path": "sortedcontainers/__pycache__/sortedlist.cpython-37.pyc", "size": null}, {"hash": null, "path": "sortedcontainers/__pycache__/sortedset.cpython-37.pyc", "size": null}, {"hash": {"mode": "sha256", "value": "d3YY5P3s8dxJp9g97fCNdT2h0sErhTFSc8PSBN2MMhQ"}, "path": "sortedcontainers/sorteddict.py", "size": 27001}, {"hash": {"mode": "sha256", "value": "ahFlDiPyfglaQuv_CnT9A7UCeSaWvMhhWEYU_uh-gWo"}, "path": "sortedcontainers/sortedlist.py", "size": 75793}, {"hash": {"mode": "sha256", "value": "o6KyWyqy6-juJAZnxMfe8NqqrAIRHvCt-lDCVTFjmUw"}, "path": "sortedcontainers/sortedset.py", "size": 9863}], "metadata": {"Author": "Grant Jenks", "Author-email": "contact@grantjenks.com", "Home-page": "http://www.grantjenks.com/docs/sortedcontainers/", "License": "Copyright 2014-2015 Grant Jenks", "Metadata-Version": "2.1", "Name": "sortedcontainers", "Summary": "Python Sorted Container Types: SortedList, SortedDict, and SortedSet", "Version": "1.4.3"}, "requires": null, "version": "1.4.3"}, "index_url": "https://pypi.org/simple", "package_name": "sortedcontainers", "package_version": "1.4.3", "package_version_requested": "1.4.3", "sha256": ["fc7342e55cfad4104f1cdfc972b16ada8f55ee3ba25ddcc277719fd5bea4c628"]}], "unparsed": [], "unresolved": []}}