{"metadata": {"analyzer": "thoth-solver", "analyzer_version": "1.4.1", "arguments": {"python": {"exclude_packages": null, "index": "https://pypi.org/simple", "no_pretty": false, "no_transitive": true, "output": "http://result-api/api/v1/solver-result", "requirements": "scikit-plot==0.2.0", "virtualenv": "/home/solver/venv"}, "thoth-solver": {"verbose": false}}, "datetime": "2019-12-27T17:37:37.290922", "distribution": {"codename": "", "id": "fedora", "like": "", "version": "31", "version_parts": {"build_number": "", "major": "31", "minor": ""}}, "document_id": "solver-fedora-31-py37-066777a1", "duration": 1, "hostname": "solver-fedora-31-py37-066777a1-xx294", "os_release": {"id": "fedora", "name": "Fedora", "platform_id": "platform:f31", "redhat_bugzilla_product": "Fedora", "redhat_bugzilla_product_version": "31", "redhat_support_product": "Fedora", "redhat_support_product_version": "31", "variant_id": "container", "version": "31 (Container Image)", "version_id": "31"}, "python": {"api_version": 1013, "implementation_name": "cpython", "major": 3, "micro": 5, "minor": 7, "releaselevel": "final", "serial": 0}, "thoth_deployment_name": "thoth-psi-stage", "timestamp": 1577468257}, "result": {"environment": {"implementation_name": "cpython", "implementation_version": "3.7.5", "os_name": "posix", "platform_machine": "x86_64", "platform_python_implementation": "CPython", "platform_release": "3.10.0-957.21.2.el7.x86_64", "platform_system": "Linux", "platform_version": "#1 SMP Tue May 28 09:26:43 UTC 2019", "python_full_version": "3.7.5", "python_version": "3.7", "sys_platform": "linux"}, "environment_packages": [{"package_name": "pipdeptree", "package_version": "0.13.2"}], "errors": [{"details": {"command": "/home/solver/venv/bin/python3 -m pip install --force-reinstall --no-cache-dir --no-deps scikit-plot==0.2.0 --index-url \"https://pypi.org/simple\"  --trusted-host pypi.org", "message": "Command exited with non-zero status code (1):     ERROR: Command errored out with exit status 1:\n     command: /home/solver/venv/bin/python3 -c 'import sys, setuptools, tokenize; sys.argv[0] = '\"'\"'/tmp/pip-install-h38gujfd/scikit-plot/setup.py'\"'\"'; __file__='\"'\"'/tmp/pip-install-h38gujfd/scikit-plot/setup.py'\"'\"';f=getattr(tokenize, '\"'\"'open'\"'\"', open)(__file__);code=f.read().replace('\"'\"'\\r\\n'\"'\"', '\"'\"'\\n'\"'\"');f.close();exec(compile(code, __file__, '\"'\"'exec'\"'\"'))' egg_info --egg-base /tmp/pip-install-h38gujfd/scikit-plot/pip-egg-info\n         cwd: /tmp/pip-install-h38gujfd/scikit-plot/\n    Complete output (9 lines):\n    Traceback (most recent call last):\n      File \"<string>\", line 1, in <module>\n      File \"/tmp/pip-install-h38gujfd/scikit-plot/setup.py\", line 9, in <module>\n        import scikitplot\n      File \"/tmp/pip-install-h38gujfd/scikit-plot/scikitplot/__init__.py\", line 5, in <module>\n        from scikitplot.classifiers import classifier_factory\n      File \"/tmp/pip-install-h38gujfd/scikit-plot/scikitplot/classifiers.py\", line 2, in <module>\n        import six\n    ModuleNotFoundError: No module named 'six'\n    ----------------------------------------\nERROR: Command errored out with exit status 1: python setup.py egg_info Check the logs for full command output.\n", "return_code": 1, "stderr": "    ERROR: Command errored out with exit status 1:\n     command: /home/solver/venv/bin/python3 -c 'import sys, setuptools, tokenize; sys.argv[0] = '\"'\"'/tmp/pip-install-h38gujfd/scikit-plot/setup.py'\"'\"'; __file__='\"'\"'/tmp/pip-install-h38gujfd/scikit-plot/setup.py'\"'\"';f=getattr(tokenize, '\"'\"'open'\"'\"', open)(__file__);code=f.read().replace('\"'\"'\\r\\n'\"'\"', '\"'\"'\\n'\"'\"');f.close();exec(compile(code, __file__, '\"'\"'exec'\"'\"'))' egg_info --egg-base /tmp/pip-install-h38gujfd/scikit-plot/pip-egg-info\n         cwd: /tmp/pip-install-h38gujfd/scikit-plot/\n    Complete output (9 lines):\n    Traceback (most recent call last):\n      File \"<string>\", line 1, in <module>\n      File \"/tmp/pip-install-h38gujfd/scikit-plot/setup.py\", line 9, in <module>\n        import scikitplot\n      File \"/tmp/pip-install-h38gujfd/scikit-plot/scikitplot/__init__.py\", line 5, in <module>\n        from scikitplot.classifiers import classifier_factory\n      File \"/tmp/pip-install-h38gujfd/scikit-plot/scikitplot/classifiers.py\", line 2, in <module>\n        import six\n    ModuleNotFoundError: No module named 'six'\n    ----------------------------------------\nERROR: Command errored out with exit status 1: python setup.py egg_info Check the logs for full command output.\n", "stdout": "Collecting scikit-plot==0.2.0\n  Downloading https://files.pythonhosted.org/packages/35/db/0530c5ba8c7545c3fc5ba6fc58356ebe0ef4cb531507a6f928f63f846e8d/scikit-plot-0.2.0.tar.gz\n", "timeout": 60}, "index_url": "https://pypi.org/simple", "is_provided_package": true, "is_provided_package_version": true, "package_name": "scikit-plot", "package_version": "0.2.0", "type": "command_error"}], "tree": [], "unparsed": [], "unresolved": []}}