{"metadata": {"analyzer": "thoth-solver", "analyzer_version": "1.4.1", "arguments": {"python": {"exclude_packages": null, "index": "https://pypi.org/simple", "no_pretty": false, "no_transitive": true, "output": "http://result-api/api/v1/solver-result", "requirements": "trimesh==2.2.17", "virtualenv": "/home/solver/venv"}, "thoth-solver": {"verbose": false}}, "datetime": "2019-12-27T17:20:41.601210", "distribution": {"codename": "", "id": "fedora", "like": "", "version": "31", "version_parts": {"build_number": "", "major": "31", "minor": ""}}, "document_id": "solver-fedora-31-py37-020b5f28", "duration": 4, "hostname": "solver-fedora-31-py37-020b5f28-7q66t", "os_release": {"id": "fedora", "name": "Fedora", "platform_id": "platform:f31", "redhat_bugzilla_product": "Fedora", "redhat_bugzilla_product_version": "31", "redhat_support_product": "Fedora", "redhat_support_product_version": "31", "variant_id": "container", "version": "31 (Container Image)", "version_id": "31"}, "python": {"api_version": 1013, "implementation_name": "cpython", "major": 3, "micro": 5, "minor": 7, "releaselevel": "final", "serial": 0}, "thoth_deployment_name": "thoth-psi-stage", "timestamp": 1577467241}, "result": {"environment": {"implementation_name": "cpython", "implementation_version": "3.7.5", "os_name": "posix", "platform_machine": "x86_64", "platform_python_implementation": "CPython", "platform_release": "3.10.0-957.21.2.el7.x86_64", "platform_system": "Linux", "platform_version": "#1 SMP Tue May 28 09:26:43 UTC 2019", "python_full_version": "3.7.5", "python_version": "3.7", "sys_platform": "linux"}, "environment_packages": [{"package_name": "pipdeptree", "package_version": "0.13.2"}], "errors": [], "tree": [{"dependencies": [{"extra": [], "extras": [], "marker": null, "marker_evaluated": null, "marker_evaluation_error": null, "marker_evaluation_result": true, "normalized_package_name": "numpy", "package_name": "numpy", "resolved_versions": [{"index": "https://pypi.org/simple", "versions": ["0.9.6", "0.9.8", "1.0", "1.0.3", "1.0.4", "1.1.1", "1.10.0", "1.10.1", "1.10.2", "1.10.3", "1.10.4", "1.11.0", "1.11.1", "1.11.2", "1.11.3", "1.12.0", "1.12.1", "1.13.0", "1.13.1", "1.13.3", "1.14.0", "1.14.1", "1.14.2", "1.14.3", "1.14.4", "1.14.5", "1.14.6", "1.15.0", "1.15.1", "1.15.2", "1.15.3", "1.15.4", "1.16.0", "1.16.1", "1.16.2", "1.16.3", "1.16.4", "1.16.5", "1.17.0", "1.17.1", "1.17.2", "1.17.3", "1.17.4", "1.18.0", "1.2.0", "1.2.1", "1.3.0", "1.4.0", "1.4.1", "1.5.0", "1.5.1", "1.6.0", "1.6.1", "1.6.2", "1.7.0", "1.7.1", "1.7.2", "1.8.0", "1.8.1", "1.8.2", "1.9.0", "1.9.1", "1.9.2", "1.9.3"]}], "specifier": null}, {"extra": [], "extras": [], "marker": null, "marker_evaluated": null, "marker_evaluation_error": null, "marker_evaluation_result": true, "normalized_package_name": "scipy", "package_name": "scipy", "resolved_versions": [{"index": "https://pypi.org/simple", "versions": ["0.10.0", "0.10.1", "0.11.0", "0.12.0", "0.12.1", "0.13.0", "0.13.1", "0.13.2", "0.13.3", "0.14.0", "0.14.1", "0.14.1rc1.dev-205726a", "0.14.1rc1.dev-52fb336", "0.15.0", "0.15.1", "0.16.0", "0.16.1", "0.17.0", "0.17.1", "0.18.0", "0.18.1", "0.19.0", "0.19.1", "0.4.4", "0.5.2", "0.6.0", "0.7.0", "0.7.2", "0.8.0", "0.9.0", "1.0.0", "1.0.1", "1.1.0", "1.2.0", "1.2.1", "1.2.2", "1.3.0", "1.3.1", "1.3.2", "1.3.3", "1.4.0", "1.4.1"]}], "specifier": null}, {"extra": [], "extras": [], "marker": null, "marker_evaluated": null, "marker_evaluation_error": null, "marker_evaluation_result": true, "normalized_package_name": "networkx", "package_name": "networkx", "resolved_versions": [{"index": "https://pypi.org/simple", "versions": ["0.23", "0.24", "0.25", "0.26", "0.27", "0.28", "0.29", "0.30", "0.31", "0.32", "0.33", "0.34", "0.35", "0.35.1", "0.36", "0.37", "0.99", "1.0", "1.0.1", "1.1", "1.10", "1.11", "1.2", "1.3", "1.4", "1.5", "1.6", "1.7", "1.8", "1.8.1", "1.9", "1.9.1", "2.0", "2.1", "2.2", "2.3", "2.4"]}], "specifier": null}, {"extra": ["all"], "extras": [], "marker": "extra == \"all\"", "marker_evaluated": "python_version >= \"0.0\"", "marker_evaluation_error": null, "marker_evaluation_result": true, "normalized_package_name": "pyglet", "package_name": "pyglet", "resolved_versions": [{"index": "https://pypi.org/simple", "versions": ["1.0", "1.1", "1.1.1", "1.1.2", "1.1.4", "1.2.0", "1.2.1", "1.2.2", "1.2.3", "1.2.4", "1.3.0", "1.3.1", "1.3.2", "1.3.3", "1.4.0", "1.4.1", "1.4.2", "1.4.3", "1.4.4", "1.4.5", "1.4.6", "1.4.7", "1.4.8"]}], "specifier": null}, {"extra": ["all"], "extras": [], "marker": "extra == \"all\"", "marker_evaluated": "python_version >= \"0.0\"", "marker_evaluation_error": null, "marker_evaluation_result": true, "normalized_package_name": "shapely", "package_name": "Shapely", "resolved_versions": [{"index": "https://pypi.org/simple", "versions": ["1.0", "1.0.1", "1.0.11", "1.0.12", "1.0.13", "1.0.14", "1.0.15", "1.0.2", "1.0.3", "1.0.4", "1.0.5", "1.0.6", "1.0.7", "1.0.8", "1.2", "1.2.1", "1.2.10", "1.2.12", "1.2.13", "1.2.14", "1.2.15", "1.2.16", "1.2.17", "1.2.18", "1.2.19", "1.2.2", "1.2.3", "1.2.4", "1.2.5", "1.2.6", "1.2.7", "1.2.8", "1.2.9", "1.3.0", "1.3.1", "1.3.2", "1.3.3", "1.4.0", "1.4.1", "1.4.2", "1.4.3", "1.4.4", "1.5.0", "1.5.1", "1.5.10", "1.5.11", "1.5.12", "1.5.13", "1.5.14", "1.5.15", "1.5.16", "1.5.17", "1.5.17.post1", "1.5.2", "1.5.3", "1.5.4", "1.5.5", "1.5.6", "1.5.7", "1.5.8", "1.5.9", "1.6.0", "1.6.1", "1.6.2", "1.6.2.post1", "1.6.3", "1.6.4", "1.6.4.post1", "1.6.4.post2"]}], "specifier": null}, {"extra": ["all"], "extras": [], "marker": "extra == \"all\"", "marker_evaluated": "python_version >= \"0.0\"", "marker_evaluation_error": null, "marker_evaluation_result": true, "normalized_package_name": "rtree", "package_name": "rtree", "resolved_versions": [{"index": "https://pypi.org/simple", "versions": ["0.1.0", "0.2.0", "0.3.0", "0.4", "0.4.1", "0.4.2", "0.4.3", "0.5.0", "0.6.0", "0.7.0", "0.8.0", "0.8.1", "0.8.2", "0.8.3", "0.9.0", "0.9.1", "0.9.2", "0.9.3"]}], "specifier": null}, {"extra": ["all"], "extras": [], "marker": "extra == \"all\"", "marker_evaluated": "python_version >= \"0.0\"", "marker_evaluation_error": null, "marker_evaluation_result": true, "normalized_package_name": "svg-path", "package_name": "svg.path", "resolved_versions": [{"index": "https://pypi.org/simple", "versions": ["2.1.1", "2.2", "3.0", "3.1", "4.0.1", "4.0.2"]}], "specifier": null}, {"extra": ["all"], "extras": [], "marker": "extra == \"all\"", "marker_evaluated": "python_version >= \"0.0\"", "marker_evaluation_error": null, "marker_evaluation_result": true, "normalized_package_name": "meshpy", "package_name": "meshpy", "resolved_versions": [{"index": "https://pypi.org/simple", "versions": ["0.91", "0.91.1", "0.91.2", "2011.1", "2013.1", "2013.1.1", "2013.1.2", "2014.1", "2016.1", "2016.1.1", "2016.1.2", "2018.1", "2018.1.1", "2018.2", "2018.2.1"]}], "specifier": null}, {"extra": ["all"], "extras": [], "marker": "extra == \"all\"", "marker_evaluated": "python_version >= \"0.0\"", "marker_evaluation_error": null, "marker_evaluation_result": true, "normalized_package_name": "sympy", "package_name": "sympy", "resolved_versions": [{"index": "https://pypi.org/simple", "versions": ["0.5.13-hg", "0.5.14", "0.5.15", "0.6.0", "0.6.1", "0.6.2", "0.6.3", "0.6.4", "0.6.5", "0.6.6", "0.7.0", "0.7.1", "0.7.2", "0.7.3", "0.7.4", "0.7.4.1", "0.7.5", "0.7.6", "0.7.6.1", "1.0", "1.1", "1.1.1", "1.2", "1.3", "1.4", "1.5"]}], "specifier": null}, {"extra": ["all"], "extras": [], "marker": "extra == \"all\"", "marker_evaluated": "python_version >= \"0.0\"", "marker_evaluation_error": null, "marker_evaluation_result": true, "normalized_package_name": "msgpack-python", "package_name": "msgpack-python", "resolved_versions": [{"index": "https://pypi.org/simple", "versions": ["0.1.10", "0.1.11", "0.1.12", "0.1.13", "0.1.2", "0.1.3", "0.1.4", "0.1.6", "0.1.7", "0.1.8", "0.1.9", "0.2.0", "0.2.1", "0.2.2", "0.2.3", "0.2.4", "0.3.0", "0.4.0", "0.4.1", "0.4.2", "0.4.3", "0.4.4", "0.4.5", "0.4.6", "0.4.7", "0.4.8", "0.5.0", "0.5.1", "0.5.2", "0.5.4", "0.5.5", "0.5.6"]}], "specifier": null}, {"extra": ["path"], "extras": [], "marker": "extra == \"path\"", "marker_evaluated": "python_version >= \"0.0\"", "marker_evaluation_error": null, "marker_evaluation_result": true, "normalized_package_name": "svg-path", "package_name": "svg.path", "resolved_versions": [{"index": "https://pypi.org/simple", "versions": ["2.1.1", "2.2", "3.0", "3.1", "4.0.1", "4.0.2"]}], "specifier": null}, {"extra": ["path"], "extras": [], "marker": "extra == \"path\"", "marker_evaluated": "python_version >= \"0.0\"", "marker_evaluation_error": null, "marker_evaluation_result": true, "normalized_package_name": "shapely", "package_name": "Shapely", "resolved_versions": [{"index": "https://pypi.org/simple", "versions": ["1.0", "1.0.1", "1.0.11", "1.0.12", "1.0.13", "1.0.14", "1.0.15", "1.0.2", "1.0.3", "1.0.4", "1.0.5", "1.0.6", "1.0.7", "1.0.8", "1.2", "1.2.1", "1.2.10", "1.2.12", "1.2.13", "1.2.14", "1.2.15", "1.2.16", "1.2.17", "1.2.18", "1.2.19", "1.2.2", "1.2.3", "1.2.4", "1.2.5", "1.2.6", "1.2.7", "1.2.8", "1.2.9", "1.3.0", "1.3.1", "1.3.2", "1.3.3", "1.4.0", "1.4.1", "1.4.2", "1.4.3", "1.4.4", "1.5.0", "1.5.1", "1.5.10", "1.5.11", "1.5.12", "1.5.13", "1.5.14", "1.5.15", "1.5.16", "1.5.17", "1.5.17.post1", "1.5.2", "1.5.3", "1.5.4", "1.5.5", "1.5.6", "1.5.7", "1.5.8", "1.5.9", "1.6.0", "1.6.1", "1.6.2", "1.6.2.post1", "1.6.3", "1.6.4", "1.6.4.post1", "1.6.4.post2"]}], "specifier": null}, {"extra": ["path"], "extras": [], "marker": "extra == \"path\"", "marker_evaluated": "python_version >= \"0.0\"", "marker_evaluation_error": null, "marker_evaluation_result": true, "normalized_package_name": "rtree", "package_name": "rtree", "resolved_versions": [{"index": "https://pypi.org/simple", "versions": ["0.1.0", "0.2.0", "0.3.0", "0.4", "0.4.1", "0.4.2", "0.4.3", "0.5.0", "0.6.0", "0.7.0", "0.8.0", "0.8.1", "0.8.2", "0.8.3", "0.9.0", "0.9.1", "0.9.2", "0.9.3"]}], "specifier": null}, {"extra": ["viewer"], "extras": [], "marker": "extra == \"viewer\"", "marker_evaluated": "python_version >= \"0.0\"", "marker_evaluation_error": null, "marker_evaluation_result": true, "normalized_package_name": "pyglet", "package_name": "pyglet", "resolved_versions": [{"index": "https://pypi.org/simple", "versions": ["1.0", "1.1", "1.1.1", "1.1.2", "1.1.4", "1.2.0", "1.2.1", "1.2.2", "1.2.3", "1.2.4", "1.3.0", "1.3.1", "1.3.2", "1.3.3", "1.4.0", "1.4.1", "1.4.2", "1.4.3", "1.4.4", "1.4.5", "1.4.6", "1.4.7", "1.4.8"]}], "specifier": null}], "importlib_metadata": {"entry_points": [], "files": [{"hash": {"mode": "sha256", "value": "zuuue4knoyJ-UwPPXg8fezS7VCrXJQrAP7zeNuwvFQg"}, "path": "trimesh-2.2.17.dist-info/INSTALLER", "size": 4}, {"hash": {"mode": "sha256", "value": "4jB59D9deZQInLX_P7h18jcZntsQZoUXkJ0jfyzG9ck"}, "path": "trimesh-2.2.17.dist-info/METADATA", "size": 1346}, {"hash": null, "path": "trimesh-2.2.17.dist-info/RECORD", "size": null}, {"hash": {"mode": "sha256", "value": "wYBY2EO50FhAcckpWmO3c3Zwk2MALACx6lPAl6gVKnE"}, "path": "trimesh-2.2.17.dist-info/WHEEL", "size": 93}, {"hash": {"mode": "sha256", "value": "bHXSeALt9l4__maYNLp93GRZSOJ5iApS2fe3jibIV1U"}, "path": "trimesh-2.2.17.dist-info/top_level.txt", "size": 8}, {"hash": {"mode": "sha256", "value": "UfFao3C9KwiO6O4-5HqXxpNnIaQZrAV6z-fCsnOoZuk"}, "path": "trimesh/__init__.py", "size": 725}, {"hash": null, "path": "trimesh/__pycache__/__init__.cpython-37.pyc", "size": null}, {"hash": null, "path": "trimesh/__pycache__/base.cpython-37.pyc", "size": null}, {"hash": null, "path": "trimesh/__pycache__/boolean.cpython-37.pyc", "size": null}, {"hash": null, "path": "trimesh/__pycache__/bounds.cpython-37.pyc", "size": null}, {"hash": null, "path": "trimesh/__pycache__/comparison.cpython-37.pyc", "size": null}, {"hash": null, "path": "trimesh/__pycache__/constants.cpython-37.pyc", "size": null}, {"hash": null, "path": "trimesh/__pycache__/convex.cpython-37.pyc", "size": null}, {"hash": null, "path": "trimesh/__pycache__/creation.cpython-37.pyc", "size": null}, {"hash": null, "path": "trimesh/__pycache__/geometry.cpython-37.pyc", "size": null}, {"hash": null, "path": "trimesh/__pycache__/graph.cpython-37.pyc", "size": null}, {"hash": null, "path": "trimesh/__pycache__/grouping.cpython-37.pyc", "size": null}, {"hash": null, "path": "trimesh/__pycache__/integrate.cpython-37.pyc", "size": null}, {"hash": null, "path": "trimesh/__pycache__/intersections.cpython-37.pyc", "size": null}, {"hash": null, "path": "trimesh/__pycache__/nearest.cpython-37.pyc", "size": null}, {"hash": null, "path": "trimesh/__pycache__/nsphere.cpython-37.pyc", "size": null}, {"hash": null, "path": "trimesh/__pycache__/permutate.cpython-37.pyc", "size": null}, {"hash": null, "path": "trimesh/__pycache__/points.cpython-37.pyc", "size": null}, {"hash": null, "path": "trimesh/__pycache__/primitives.cpython-37.pyc", "size": null}, {"hash": null, "path": "trimesh/__pycache__/remesh.cpython-37.pyc", "size": null}, {"hash": null, "path": "trimesh/__pycache__/repair.cpython-37.pyc", "size": null}, {"hash": null, "path": "trimesh/__pycache__/sample.cpython-37.pyc", "size": null}, {"hash": null, "path": "trimesh/__pycache__/transformations.cpython-37.pyc", "size": null}, {"hash": null, "path": "trimesh/__pycache__/triangles.cpython-37.pyc", "size": null}, {"hash": null, "path": "trimesh/__pycache__/units.cpython-37.pyc", "size": null}, {"hash": null, "path": "trimesh/__pycache__/util.cpython-37.pyc", "size": null}, {"hash": null, "path": "trimesh/__pycache__/version.cpython-37.pyc", "size": null}, {"hash": null, "path": "trimesh/__pycache__/visual.cpython-37.pyc", "size": null}, {"hash": null, "path": "trimesh/__pycache__/voxel.cpython-37.pyc", "size": null}, {"hash": {"mode": "sha256", "value": "cfOWI28Zbqf9fRxTaff1tjAxZbFGT2M8QS3VyMO1OEQ"}, "path": "trimesh/base.py", "size": 49670}, {"hash": {"mode": "sha256", "value": "63AqGiFyaZFts7bxOmJGzpKI9Li2k9ZyQtNx_INIV3Y"}, "path": "trimesh/boolean.py", "size": 1943}, {"hash": {"mode": "sha256", "value": "bOPnhThiGFoiPEH5m2QvGihpbZSXQsAzvXhTYmaseE4"}, "path": "trimesh/bounds.py", "size": 10497}, {"hash": {"mode": "sha256", "value": "fwo0isU_yvUziF80yJYymcXkeOWa7scawNs-wrG6LOk"}, "path": "trimesh/comparison.py", "size": 5026}, {"hash": {"mode": "sha256", "value": "dNXS4C4HLC3ifLobfVpUyciH-XQDmf2oJxe5LpHTdBs"}, "path": "trimesh/constants.py", "size": 4990}, {"hash": {"mode": "sha256", "value": "rV8vj3MQy1RvlVESN5uP72XINStO7Uyv70dqrnavCUE"}, "path": "trimesh/convex.py", "size": 5359}, {"hash": {"mode": "sha256", "value": "NLNCj4EqJ1qiHO9by7HVqAa7GvCAgY1nqDvf1KNVI1M"}, "path": "trimesh/creation.py", "size": 11431}, {"hash": {"mode": "sha256", "value": "TpRtmr_M-8mCiooWbf-1qapwf35jG1-j-3zMfZkvKcc"}, "path": "trimesh/geometry.py", "size": 8969}, {"hash": {"mode": "sha256", "value": "EOSP7PwFzWuldeobs0kuf2bcIloasGTmkjIBr-lzEBI"}, "path": "trimesh/graph.py", "size": 8825}, {"hash": {"mode": "sha256", "value": "W305cjP6zUsj4P8peDKmrb2Wj2bivscrG6RSbvaIDM0"}, "path": "trimesh/grouping.py", "size": 15647}, {"hash": {"mode": "sha256", "value": "EU4L1NTxeoKbFU_f8m4zcaMOV9w7-_yn1PKjjEs5lIU"}, "path": "trimesh/integrate.py", "size": 3298}, {"hash": {"mode": "sha256", "value": "r9tWAmLx3Jha6Ya_KYT0mcM3SQOOZk56bL5ZTRzrqyU"}, "path": "trimesh/interfaces/__init__.py", "size": 41}, {"hash": null, "path": "trimesh/interfaces/__pycache__/__init__.cpython-37.pyc", "size": null}, {"hash": null, "path": "trimesh/interfaces/__pycache__/blender.cpython-37.pyc", "size": null}, {"hash": null, "path": "trimesh/interfaces/__pycache__/generic.cpython-37.pyc", "size": null}, {"hash": null, "path": "trimesh/interfaces/__pycache__/scad.cpython-37.pyc", "size": null}, {"hash": {"mode": "sha256", "value": "LsoU8aUlloJTHiHP8pkXEZXFHvjZDIU6cI0-ylSEs2s"}, "path": "trimesh/interfaces/blender.py", "size": 831}, {"hash": {"mode": "sha256", "value": "svrBgMEB10f3no1Xkgom8n40Id8WPHfv3ID9lyN2OMA"}, "path": "trimesh/interfaces/generic.py", "size": 2259}, {"hash": {"mode": "sha256", "value": "fmbZwShL5KaBbtRuRwq15jZfoXilXPaXMN7mdGrjp00"}, "path": "trimesh/interfaces/scad.py", "size": 1190}, {"hash": {"mode": "sha256", "value": "l8d2X7Fp70WHEotQSztHwbVESwQ4JNb1NMvLtVyBUuY"}, "path": "trimesh/intersections.py", "size": 7909}, {"hash": {"mode": "sha256", "value": "47DEQpj8HBSa-_TImW-5JCeuQeRkm5NMpJWZG3hSuFU"}, "path": "trimesh/io/__init__.py", "size": 0}, {"hash": null, "path": "trimesh/io/__pycache__/__init__.cpython-37.pyc", "size": null}, {"hash": null, "path": "trimesh/io/__pycache__/assimp.cpython-37.pyc", "size": null}, {"hash": null, "path": "trimesh/io/__pycache__/export.cpython-37.pyc", "size": null}, {"hash": null, "path": "trimesh/io/__pycache__/load.cpython-37.pyc", "size": null}, {"hash": null, "path": "trimesh/io/__pycache__/misc.cpython-37.pyc", "size": null}, {"hash": null, "path": "trimesh/io/__pycache__/ply.cpython-37.pyc", "size": null}, {"hash": null, "path": "trimesh/io/__pycache__/step.cpython-37.pyc", "size": null}, {"hash": null, "path": "trimesh/io/__pycache__/stl.cpython-37.pyc", "size": null}, {"hash": {"mode": "sha256", "value": "wGKahrnqYUqDHZnxOTugkalRdIZcyj-d4P-ZhXXSL74"}, "path": "trimesh/io/assimp.py", "size": 2083}, {"hash": {"mode": "sha256", "value": "u-Tk9-HBEGy2ziQS3ONk3Qq7KjIrYfztiVLiQXA5A9A"}, "path": "trimesh/io/export.py", "size": 4479}, {"hash": {"mode": "sha256", "value": "GlUbsjAz_lgqWM9RPyb8Mkfseg1tkycQmLsLlqOB1oA"}, "path": "trimesh/io/load.py", "size": 6785}, {"hash": {"mode": "sha256", "value": "8TaC-WL4gqn6reQOky0VgassNwl-UUcMSPf846gLNqk"}, "path": "trimesh/io/misc.py", "size": 5543}, {"hash": {"mode": "sha256", "value": "TIIUpLjYri6K57vzOpY2f2wc_VWttJfB09gEYLynGeQ"}, "path": "trimesh/io/ply.py", "size": 10456}, {"hash": {"mode": "sha256", "value": "nW0beVCpcjcaMDIlQe9Vv_7cSiFY5ABl4vUP9wXrlQ0"}, "path": "trimesh/io/step.py", "size": 6161}, {"hash": {"mode": "sha256", "value": "V945bu1BGGHHIh6jmK1XJQtW5pUSzH0QbG7U-ATYf84"}, "path": "trimesh/io/stl.py", "size": 6875}, {"hash": {"mode": "sha256", "value": "pWosbLrFWp5xi1JSungFxOdav33oMhwoCWVW-diXbHg"}, "path": "trimesh/nearest.py", "size": 3051}, {"hash": {"mode": "sha256", "value": "tXKJsxsODZF8SGUrhrKIG57VRtcmvJTR5OdkalNIjeI"}, "path": "trimesh/nsphere.py", "size": 3891}, {"hash": {"mode": "sha256", "value": "OsO81jNN43_NQMgzNm1fYL5L51Eu9oICmSAV7gitPTY"}, "path": "trimesh/path/__init__.py", "size": 34}, {"hash": null, "path": "trimesh/path/__pycache__/__init__.cpython-37.pyc", "size": null}, {"hash": null, "path": "trimesh/path/__pycache__/arc.cpython-37.pyc", "size": null}, {"hash": null, "path": "trimesh/path/__pycache__/curve.cpython-37.pyc", "size": null}, {"hash": null, "path": "trimesh/path/__pycache__/entities.cpython-37.pyc", "size": null}, {"hash": null, "path": "trimesh/path/__pycache__/intersections.cpython-37.pyc", "size": null}, {"hash": null, "path": "trimesh/path/__pycache__/packing.cpython-37.pyc", "size": null}, {"hash": null, "path": "trimesh/path/__pycache__/path.cpython-37.pyc", "size": null}, {"hash": null, "path": "trimesh/path/__pycache__/polygons.cpython-37.pyc", "size": null}, {"hash": null, "path": "trimesh/path/__pycache__/simplify.cpython-37.pyc", "size": null}, {"hash": null, "path": "trimesh/path/__pycache__/traversal.cpython-37.pyc", "size": null}, {"hash": null, "path": "trimesh/path/__pycache__/util.cpython-37.pyc", "size": null}, {"hash": {"mode": "sha256", "value": "eE4Kv_2FTFX-vSEjhqOTV9UWpopWUd3aypZyOBDZ_iY"}, "path": "trimesh/path/arc.py", "size": 5120}, {"hash": {"mode": "sha256", "value": "OLeTnp5BdwN971uzkf5_gbk2tpRr81IZNLDhR2aE-oc"}, "path": "trimesh/path/curve.py", "size": 3382}, {"hash": {"mode": "sha256", "value": "zqUpCQibw7KPWvEZqI3P8XshA02nB6Enf-Hb0BVku_E"}, "path": "trimesh/path/entities.py", "size": 6227}, {"hash": {"mode": "sha256", "value": "oSkz_xFK0YSFF2_ZQ4vcfXl4pEGW8lmFN24DMLQfr9Q"}, "path": "trimesh/path/intersections.py", "size": 1965}, {"hash": {"mode": "sha256", "value": "AbpHGcgLb-kRsJGnwFEktk7uzpZOCcBY74-YBdrKVGs"}, "path": "trimesh/path/io/__init__.py", "size": 1}, {"hash": null, "path": "trimesh/path/io/__pycache__/__init__.cpython-37.pyc", "size": null}, {"hash": null, "path": "trimesh/path/io/__pycache__/dxf_load.cpython-37.pyc", "size": null}, {"hash": null, "path": "trimesh/path/io/__pycache__/export.cpython-37.pyc", "size": null}, {"hash": null, "path": "trimesh/path/io/__pycache__/load.cpython-37.pyc", "size": null}, {"hash": null, "path": "trimesh/path/io/__pycache__/misc.cpython-37.pyc", "size": null}, {"hash": null, "path": "trimesh/path/io/__pycache__/svg_load.cpython-37.pyc", "size": null}, {"hash": {"mode": "sha256", "value": "nXmBLx5vF8HalpLqS70l12MGhoAZ66iJyK3qFQJ2gGc"}, "path": "trimesh/path/io/dxf_load.py", "size": 5893}, {"hash": {"mode": "sha256", "value": "KatySLlZFDbDGX-QnI12_SdGvCPX4Djmo1VWkxpyLbw"}, "path": "trimesh/path/io/export.py", "size": 9068}, {"hash": {"mode": "sha256", "value": "PeJkZmVH8zcnn9ZId00sAh3fzBtGTdMzAaMs7AOkHe8"}, "path": "trimesh/path/io/load.py", "size": 1671}, {"hash": {"mode": "sha256", "value": "K_s7MLuoPW3XEKo01ttgjQM-z1yLxFapBv9q2a5_PhA"}, "path": "trimesh/path/io/misc.py", "size": 2520}, {"hash": {"mode": "sha256", "value": "NamzDBIx4G9xzcmz91wzjKEVe_cYs19x1m1e_iG2uEs"}, "path": "trimesh/path/io/svg_load.py", "size": 2446}, {"hash": {"mode": "sha256", "value": "28EvC9Dr1k8ohVY9GEkwk-BTyWut-5ur-YEkLezFYvg"}, "path": "trimesh/path/packing.py", "size": 7732}, {"hash": {"mode": "sha256", "value": "ByxfpqnaHdmWvvV0wBN-ECaJSHhR0N6eDTyEpCO44JA"}, "path": "trimesh/path/path.py", "size": 21741}, {"hash": {"mode": "sha256", "value": "L_lal37qB3BUO9v5sWyuWx67aEQo-cOSbOrIO2pPNK4"}, "path": "trimesh/path/polygons.py", "size": 13446}, {"hash": {"mode": "sha256", "value": "1J07xbFUUXQtDeZ60bkYHlqiUrajc0j1em17DcezbFo"}, "path": "trimesh/path/simplify.py", "size": 13351}, {"hash": {"mode": "sha256", "value": "K-H7piA4rC4zVvKts_DFARIuy9mDutBvnRrys7Hg-gQ"}, "path": "trimesh/path/traversal.py", "size": 9374}, {"hash": {"mode": "sha256", "value": "yalDvcEb3cy_CjV25u6eq8SythvfCOmgziy_AaCJ9LU"}, "path": "trimesh/path/util.py", "size": 661}, {"hash": {"mode": "sha256", "value": "ibbEhda3k-CxZWuSnRnL-s9BTLzta59FEiwkYs2bDBU"}, "path": "trimesh/permutate.py", "size": 3945}, {"hash": {"mode": "sha256", "value": "DIPiSbWztwChz-FfJpGeYng3NuQQ1wRLVRp0MkuBPh0"}, "path": "trimesh/points.py", "size": 10087}, {"hash": {"mode": "sha256", "value": "Uwcp77EfB7tKXiwJQzw_iW-91JbVnNS86uFYvSI57ME"}, "path": "trimesh/primitives.py", "size": 11398}, {"hash": {"mode": "sha256", "value": "47DEQpj8HBSa-_TImW-5JCeuQeRkm5NMpJWZG3hSuFU"}, "path": "trimesh/ray/__init__.py", "size": 0}, {"hash": null, "path": "trimesh/ray/__pycache__/__init__.cpython-37.pyc", "size": null}, {"hash": null, "path": "trimesh/ray/__pycache__/ray_mesh.cpython-37.pyc", "size": null}, {"hash": null, "path": "trimesh/ray/__pycache__/ray_triangle_cpu.cpython-37.pyc", "size": null}, {"hash": {"mode": "sha256", "value": "j-xw9XEhXFADgvc6iggbnaxSsPtpXEM5qqq3VIPaw_c"}, "path": "trimesh/ray/ray_mesh.py", "size": 8898}, {"hash": {"mode": "sha256", "value": "HWJLMHieh6yDjfQCMoebl-VmYGi93nQfXJWC3bMjuuU"}, "path": "trimesh/ray/ray_triangle_cpu.py", "size": 3526}, {"hash": {"mode": "sha256", "value": "6jEzrJa10baa1YBeOA9XOHdVE-SJPeGsUAXJieFMCCg"}, "path": "trimesh/remesh.py", "size": 2282}, {"hash": {"mode": "sha256", "value": "yHCJCHlp4-IlhqP3rINCtOjXFh_xHg5DyB0-wOR225Q"}, "path": "trimesh/repair.py", "size": 8754}, {"hash": {"mode": "sha256", "value": "4DtDp9xfbM8MtMSViTE-EYE2JIau_RVkc64-4mL3MFM"}, "path": "trimesh/resources/__init__.py", "size": 247}, {"hash": null, "path": "trimesh/resources/__pycache__/__init__.cpython-37.pyc", "size": null}, {"hash": {"mode": "sha256", "value": "S5n-hABGd1uA6DOVnV0b9Ec9g9ynm49s8P3KYPTkHZ8"}, "path": "trimesh/resources/blender.py.template", "size": 1254}, {"hash": {"mode": "sha256", "value": "LezWpusLO35cWyRYVNGYPYxdhl8gI43egkuh8Z2JZQw"}, "path": "trimesh/resources/collada.dae.template", "size": 4232}, {"hash": {"mode": "sha256", "value": "oQ2HNJKOejYSVSMfvGXWhUOS73EmX1xTFZbth2riKUw"}, "path": "trimesh/resources/dxf.json.template", "size": 501}, {"hash": {"mode": "sha256", "value": "lQ45IFZuK1_GdvAqEvSP8NE4mFJcWJ2F4ruYbLOnnmY"}, "path": "trimesh/resources/ply.template", "size": 225}, {"hash": {"mode": "sha256", "value": "FrUv41RPFF0bzCBCdYR8r-7nl_NChk7qeRrb--2VX8Q"}, "path": "trimesh/resources/yafaray.xml.template", "size": 3603}, {"hash": {"mode": "sha256", "value": "v3D9CBOfVMk6iqvM9wR5JXGw2BipmQhSWQdXRdEQ3Po"}, "path": "trimesh/sample.py", "size": 3247}, {"hash": {"mode": "sha256", "value": "ecXb0ifgOMNUFQpeP6dcA044iIq9xPHkWJpWir9maSA"}, "path": "trimesh/scene/__init__.py", "size": 25}, {"hash": null, "path": "trimesh/scene/__pycache__/__init__.cpython-37.pyc", "size": null}, {"hash": null, "path": "trimesh/scene/__pycache__/scene.cpython-37.pyc", "size": null}, {"hash": null, "path": "trimesh/scene/__pycache__/transforms.cpython-37.pyc", "size": null}, {"hash": null, "path": "trimesh/scene/__pycache__/viewer.cpython-37.pyc", "size": null}, {"hash": {"mode": "sha256", "value": "s4dtfLke5_B4FVw5O8kz-juYo7PRKmrrcbRcU2BxjJk"}, "path": "trimesh/scene/scene.py", "size": 8352}, {"hash": {"mode": "sha256", "value": "XuaeTukJkGHAIKPgsr-ww4IaU6q9BsgJz-vXFr0feY0"}, "path": "trimesh/scene/transforms.py", "size": 8455}, {"hash": {"mode": "sha256", "value": "FbXpkcX0MqILNXxFxdph4WjH8YRqXRzwXENKugU-4qk"}, "path": "trimesh/scene/viewer.py", "size": 14884}, {"hash": {"mode": "sha256", "value": "W2W8pDeAndz-QW0GTvvo0jlQ_5LTWWVzUlGiFh0VdwE"}, "path": "trimesh/transformations.py", "size": 66261}, {"hash": {"mode": "sha256", "value": "JX-wfK8NcPzVOygIC4kpDASdUw45bnVEVWMa0p4p5G8"}, "path": "trimesh/triangles.py", "size": 15138}, {"hash": {"mode": "sha256", "value": "dU1eRyZOPudOctLG2CNBkTmlMdwqasErNwH4Apue-eI"}, "path": "trimesh/units.py", "size": 3103}, {"hash": {"mode": "sha256", "value": "ZrM2LTpoisiLeQv4IvCsVRflPi70Lcb-xwP0BY_Ic_c"}, "path": "trimesh/util.py", "size": 34921}, {"hash": {"mode": "sha256", "value": "cwT2pG8_0ZVnZ1VhpzKqNri9AmJ_-isNazUrTQ3CI14"}, "path": "trimesh/version.py", "size": 23}, {"hash": {"mode": "sha256", "value": "H-ndhL0J0rXL0HhezgqiUmrAcYQ4svdv6_ALRN7DX5U"}, "path": "trimesh/visual.py", "size": 10880}, {"hash": {"mode": "sha256", "value": "sgEIKrEbJlfCYEFuBYn_dOw4ofXNCL8Ms7SIfRsOYPw"}, "path": "trimesh/voxel.py", "size": 10916}], "metadata": {"Author": "Mike Dawson-Haggerty", "Author-email": "mik3dh@gmail.com", "Classifier": ["Development Status :: 3 - Alpha", "License :: OSI Approved :: MIT License", "Programming Language :: Python", "Programming Language :: Python :: 2.7", "Programming Language :: Python :: 3.3", "Programming Language :: Python :: 3.4", "Programming Language :: Python :: 3.5", "Natural Language :: English", "Operating System :: POSIX :: Linux", "Topic :: Scientific/Engineering"], "Home-page": "http://github.com/mikedh/trimesh", "Keywords": "graphics mesh geometry", "License": "MIT", "Metadata-Version": "2.1", "Name": "trimesh", "Platform": ["UNKNOWN"], "Provides-Extra": ["all", "path", "viewer"], "Requires-Dist": ["numpy", "scipy", "networkx", "pyglet ; extra == 'all'", "Shapely ; extra == 'all'", "rtree ; extra == 'all'", "svg.path ; extra == 'all'", "meshpy ; extra == 'all'", "sympy ; extra == 'all'", "msgpack-python ; extra == 'all'", "svg.path ; extra == 'path'", "Shapely ; extra == 'path'", "rtree ; extra == 'path'", "pyglet ; extra == 'viewer'"], "Summary": "Import, export, process, analyze and view triangular meshes.", "Version": "2.2.17"}, "requires": ["numpy", "scipy", "networkx", "pyglet ; extra == 'all'", "Shapely ; extra == 'all'", "rtree ; extra == 'all'", "svg.path ; extra == 'all'", "meshpy ; extra == 'all'", "sympy ; extra == 'all'", "msgpack-python ; extra == 'all'", "svg.path ; extra == 'path'", "Shapely ; extra == 'path'", "rtree ; extra == 'path'", "pyglet ; extra == 'viewer'"], "version": "2.2.17"}, "index_url": "https://pypi.org/simple", "package_name": "trimesh", "package_version": "2.2.17", "package_version_requested": "2.2.17", "sha256": ["4da5eecc49230fba44d4c9d027c12b1c188e550b2d5823e0696445fb02613357"]}], "unparsed": [], "unresolved": []}}