{"metadata": {"analyzer": "thoth-solver", "analyzer_version": "1.4.1", "arguments": {"python": {"exclude_packages": null, "index": "https://pypi.org/simple", "no_pretty": false, "no_transitive": true, "output": "http://result-api/api/v1/solver-result", "requirements": "compatibility-lib==0.1.8", "virtualenv": "/home/solver/venv"}, "thoth-solver": {"verbose": false}}, "datetime": "2019-12-27T16:45:49.541774", "distribution": {"codename": "", "id": "fedora", "like": "", "version": "31", "version_parts": {"build_number": "", "major": "31", "minor": ""}}, "document_id": "solver-fedora-31-py37-054ed76d", "duration": 2, "hostname": "solver-fedora-31-py37-054ed76d-pg5s4", "os_release": {"id": "fedora", "name": "Fedora", "platform_id": "platform:f31", "redhat_bugzilla_product": "Fedora", "redhat_bugzilla_product_version": "31", "redhat_support_product": "Fedora", "redhat_support_product_version": "31", "variant_id": "container", "version": "31 (Container Image)", "version_id": "31"}, "python": {"api_version": 1013, "implementation_name": "cpython", "major": 3, "micro": 5, "minor": 7, "releaselevel": "final", "serial": 0}, "thoth_deployment_name": "thoth-psi-stage", "timestamp": 1577465149}, "result": {"environment": {"implementation_name": "cpython", "implementation_version": "3.7.5", "os_name": "posix", "platform_machine": "x86_64", "platform_python_implementation": "CPython", "platform_release": "3.10.0-957.21.2.el7.x86_64", "platform_system": "Linux", "platform_version": "#1 SMP Tue May 28 09:26:43 UTC 2019", "python_full_version": "3.7.5", "python_version": "3.7", "sys_platform": "linux"}, "environment_packages": [{"package_name": "pipdeptree", "package_version": "0.13.2"}], "errors": [], "tree": [{"dependencies": [], "importlib_metadata": {"entry_points": [], "files": [{"hash": {"mode": "sha256", "value": "73F8_4iBYfZh1DzubCYmAe9MHtN4M8zLtFMV2OKXD4k"}, "path": "compatibility_lib-0.1.8-py3.6-nspkg.pth", "size": 594}, {"hash": {"mode": "sha256", "value": "zuuue4knoyJ-UwPPXg8fezS7VCrXJQrAP7zeNuwvFQg"}, "path": "compatibility_lib-0.1.8.dist-info/INSTALLER", "size": 4}, {"hash": {"mode": "sha256", "value": "L92DK1RZ4JBjk4Ukudyb9wWjExyE_kiYJi9pNMfcV8g"}, "path": "compatibility_lib-0.1.8.dist-info/METADATA", "size": 3889}, {"hash": null, "path": "compatibility_lib-0.1.8.dist-info/RECORD", "size": null}, {"hash": {"mode": "sha256", "value": "h_aVn5OB2IERUjMbi2pucmR_zzWJtk303YXvhh60NJ8"}, "path": "compatibility_lib-0.1.8.dist-info/WHEEL", "size": 110}, {"hash": {"mode": "sha256", "value": "7pw6U_VzST44UuQDVX2vUcbM2KB10PSVdCFI-OsAb7Q"}, "path": "compatibility_lib-0.1.8.dist-info/namespace_packages.txt", "size": 18}, {"hash": {"mode": "sha256", "value": "7pw6U_VzST44UuQDVX2vUcbM2KB10PSVdCFI-OsAb7Q"}, "path": "compatibility_lib-0.1.8.dist-info/top_level.txt", "size": 18}, {"hash": null, "path": "compatibility_lib/__pycache__/compatibility_checker.cpython-37.pyc", "size": null}, {"hash": null, "path": "compatibility_lib/__pycache__/compatibility_store.cpython-37.pyc", "size": null}, {"hash": null, "path": "compatibility_lib/__pycache__/configs.cpython-37.pyc", "size": null}, {"hash": null, "path": "compatibility_lib/__pycache__/dependency_highlighter.cpython-37.pyc", "size": null}, {"hash": null, "path": "compatibility_lib/__pycache__/dependency_highlighter_stub.cpython-37.pyc", "size": null}, {"hash": null, "path": "compatibility_lib/__pycache__/deprecated_dep_finder.cpython-37.pyc", "size": null}, {"hash": null, "path": "compatibility_lib/__pycache__/deprecated_dep_finder_stub.cpython-37.pyc", "size": null}, {"hash": null, "path": "compatibility_lib/__pycache__/fake_compatibility_store.cpython-37.pyc", "size": null}, {"hash": null, "path": "compatibility_lib/__pycache__/get_compatibility_data.cpython-37.pyc", "size": null}, {"hash": null, "path": "compatibility_lib/__pycache__/package.cpython-37.pyc", "size": null}, {"hash": null, "path": "compatibility_lib/__pycache__/package_crawler_static.cpython-37.pyc", "size": null}, {"hash": null, "path": "compatibility_lib/__pycache__/semver_checker.cpython-37.pyc", "size": null}, {"hash": null, "path": "compatibility_lib/__pycache__/test_compatibility_checker.cpython-37.pyc", "size": null}, {"hash": null, "path": "compatibility_lib/__pycache__/test_compatibility_store.cpython-37.pyc", "size": null}, {"hash": null, "path": "compatibility_lib/__pycache__/test_dependency_highlighter.cpython-37.pyc", "size": null}, {"hash": null, "path": "compatibility_lib/__pycache__/test_deprecated_dep_finder.cpython-37.pyc", "size": null}, {"hash": null, "path": "compatibility_lib/__pycache__/test_fake_compatibility_store.cpython-37.pyc", "size": null}, {"hash": null, "path": "compatibility_lib/__pycache__/test_get_compatibility_data.cpython-37.pyc", "size": null}, {"hash": null, "path": "compatibility_lib/__pycache__/test_semver_checker.cpython-37.pyc", "size": null}, {"hash": null, "path": "compatibility_lib/__pycache__/test_utils.cpython-37.pyc", "size": null}, {"hash": null, "path": "compatibility_lib/__pycache__/utils.cpython-37.pyc", "size": null}, {"hash": {"mode": "sha256", "value": "z1UjG0qk8tMe06PRR5RYvNUaamFJzMY-rdeYROZ_Thc"}, "path": "compatibility_lib/compatibility_checker.py", "size": 5073}, {"hash": {"mode": "sha256", "value": "IPMcFdb1yetI88dGg3FLVe90TbPt4gYxgoNqFDmfbmk"}, "path": "compatibility_lib/compatibility_store.py", "size": 27296}, {"hash": {"mode": "sha256", "value": "oxFBB-pDIrvKyE_Rjr3T1Ioay0hdWUQQJQ-sXdJ_KDg"}, "path": "compatibility_lib/configs.py", "size": 13582}, {"hash": {"mode": "sha256", "value": "3EItuCMTM40tZLF-JFh31KQKLP12ix61MWvin-AZOoY"}, "path": "compatibility_lib/dependency_highlighter.py", "size": 8514}, {"hash": {"mode": "sha256", "value": "0Nqlipiw7nVngQCYWs5-Y3D8vOtKIo67WY5W9BQJGAM"}, "path": "compatibility_lib/dependency_highlighter_stub.py", "size": 1255}, {"hash": {"mode": "sha256", "value": "AVxQgJKXOY0JazMGJ46bQu6MqFNs934tZ-OJ8gKzK00"}, "path": "compatibility_lib/deprecated_dep_finder.py", "size": 3626}, {"hash": {"mode": "sha256", "value": "JjUnhRGV3pEMZxgOO6SznvYsOQhuYDfAAr7POgMPQdw"}, "path": "compatibility_lib/deprecated_dep_finder_stub.py", "size": 761}, {"hash": {"mode": "sha256", "value": "jgDXYLbT87S-iEGk_56mlndrKMZPihrI4UjOZbladkY"}, "path": "compatibility_lib/fake_compatibility_store.py", "size": 7054}, {"hash": {"mode": "sha256", "value": "ugXjiwIgC1frKEQEib8GpSYi0IpZepqFPD23BBGJZCc"}, "path": "compatibility_lib/get_compatibility_data.py", "size": 5359}, {"hash": {"mode": "sha256", "value": "42N2U5e83YoA11VjOGDHRZdp_Psdn0jgp3Ch8oRqD6Q"}, "path": "compatibility_lib/package.py", "size": 2064}, {"hash": {"mode": "sha256", "value": "x7nNho1t1KSA2XgXFK1pqb06x4rxTZZPFOr-AQ-wP8g"}, "path": "compatibility_lib/package_crawler_static.py", "size": 6968}, {"hash": {"mode": "sha256", "value": "7q1oKv4pG_dzUfq8ET9lHOdzs8SCHgQ7_OeQSpJX420"}, "path": "compatibility_lib/semver_checker.py", "size": 2010}, {"hash": {"mode": "sha256", "value": "VdFXtKiAdl9oT63FSWdpw_XeHSgf_pguqvRVPtH7OV4"}, "path": "compatibility_lib/test_compatibility_checker.py", "size": 3874}, {"hash": {"mode": "sha256", "value": "x7_6Q0yXQAFybzpAg7howHVJyExJsvQNse-fzBI2eI8"}, "path": "compatibility_lib/test_compatibility_store.py", "size": 22515}, {"hash": {"mode": "sha256", "value": "sIGKkhLqXGCx_avWpTpmsfvarkpcy-QFPshgIBcDzBw"}, "path": "compatibility_lib/test_dependency_highlighter.py", "size": 9539}, {"hash": {"mode": "sha256", "value": "MJNATOR0HQ1Pmkg_31HUk0FBBdp6b3YCJzj3qVUD2ds"}, "path": "compatibility_lib/test_deprecated_dep_finder.py", "size": 6036}, {"hash": {"mode": "sha256", "value": "zrksdalASLizl1bkxCtj5lxr9dlujeMSQjdaTPBzMR4"}, "path": "compatibility_lib/test_fake_compatibility_store.py", "size": 10418}, {"hash": {"mode": "sha256", "value": "i08y9hxhFbFrpQsUfCDNdNusn3oIfVlDx8mxobFlvQk"}, "path": "compatibility_lib/test_get_compatibility_data.py", "size": 6863}, {"hash": {"mode": "sha256", "value": "3HKJ5dD-sWq2n_cVx99I5AqkPSke6sNpqGRxySuSZFM"}, "path": "compatibility_lib/test_semver_checker.py", "size": 2646}, {"hash": {"mode": "sha256", "value": "D-sqbsqN2ZJJHcuJDkHUQ9MVok6SDhzz-poY-MCS1iw"}, "path": "compatibility_lib/test_utils.py", "size": 4429}, {"hash": {"mode": "sha256", "value": "47DEQpj8HBSa-_TImW-5JCeuQeRkm5NMpJWZG3hSuFU"}, "path": "compatibility_lib/testdata/__init__.py", "size": 0}, {"hash": null, "path": "compatibility_lib/testdata/__pycache__/__init__.cpython-37.pyc", "size": null}, {"hash": null, "path": "compatibility_lib/testdata/__pycache__/mock_depinfo_data.cpython-37.pyc", "size": null}, {"hash": {"mode": "sha256", "value": "BQl6pYwUSjR816DrycIDhRwRjPDQxiPo9UzEwifGe0M"}, "path": "compatibility_lib/testdata/mock_depinfo_data.py", "size": 16866}, {"hash": {"mode": "sha256", "value": "gzFE0Fa_OZ5hrekcyb7AnF3_ZuERvVDyzP1Qb_WoRZ4"}, "path": "compatibility_lib/utils.py", "size": 5401}], "metadata": {"Author": "Cloud Python", "Author-email": "UNKNOWN", "Classifier": ["Intended Audience :: Developers", "Development Status :: 3 - Alpha", "Programming Language :: Python :: 3", "License :: OSI Approved :: Apache Software License"], "Home-page": "https://github.com/GoogleCloudPlatform/cloud-opensource-python/tree/master/compatibility_lib", "License": "Apache-2.0", "Metadata-Version": "2.1", "Name": "compatibility-lib", "Platform": ["UNKNOWN"], "Summary": "A library to get and store the dependency compatibility status data to BigQuery.", "Version": "0.1.8"}, "requires": null, "version": "0.1.8"}, "index_url": "https://pypi.org/simple", "package_name": "compatibility-lib", "package_version": "0.1.8", "package_version_requested": "0.1.8", "sha256": ["efb7acdde3b804a940254acd0fc15ab2a2d264dcbaf5e394ae119e34d8b1aa0d"]}], "unparsed": [], "unresolved": []}}