{"metadata": {"analyzer": "thoth-solver", "analyzer_version": "1.4.1", "arguments": {"python": {"exclude_packages": null, "index": "https://pypi.org/simple", "no_pretty": false, "no_transitive": true, "output": "http://result-api/api/v1/solver-result", "requirements": "packaging==16.2", "virtualenv": "/home/solver/venv"}, "thoth-solver": {"verbose": false}}, "datetime": "2019-12-26T16:39:12.323437", "distribution": {"codename": "", "id": "fedora", "like": "", "version": "31", "version_parts": {"build_number": "", "major": "31", "minor": ""}}, "document_id": "solver-fedora-31-py37-03e4bec2", "duration": 2, "hostname": "solver-fedora-31-py37-03e4bec2-tcps7", "os_release": {"id": "fedora", "name": "Fedora", "platform_id": "platform:f31", "redhat_bugzilla_product": "Fedora", "redhat_bugzilla_product_version": "31", "redhat_support_product": "Fedora", "redhat_support_product_version": "31", "variant_id": "container", "version": "31 (Container Image)", "version_id": "31"}, "python": {"api_version": 1013, "implementation_name": "cpython", "major": 3, "micro": 5, "minor": 7, "releaselevel": "final", "serial": 0}, "thoth_deployment_name": "thoth-psi-stage", "timestamp": 1577378352}, "result": {"environment": {"implementation_name": "cpython", "implementation_version": "3.7.5", "os_name": "posix", "platform_machine": "x86_64", "platform_python_implementation": "CPython", "platform_release": "3.10.0-957.21.2.el7.x86_64", "platform_system": "Linux", "platform_version": "#1 SMP Tue May 28 09:26:43 UTC 2019", "python_full_version": "3.7.5", "python_version": "3.7", "sys_platform": "linux"}, "environment_packages": [{"package_name": "pipdeptree", "package_version": "0.13.2"}], "errors": [], "tree": [{"dependencies": [{"extra": [], "extras": [], "marker": null, "marker_evaluated": null, "marker_evaluation_error": null, "marker_evaluation_result": true, "normalized_package_name": "pyparsing", "package_name": "pyparsing", "resolved_versions": [{"index": "https://pypi.org/simple", "versions": ["1.1.2", "1.2", "1.3.3", "1.4.11", "1.4.6", "1.4.7", "1.4.8", "1.5.0", "1.5.1", "1.5.2", "1.5.3", "1.5.4", "1.5.5", "1.5.6", "1.5.7", "2.0.0", "2.0.1", "2.0.2", "2.0.3", "2.0.4", "2.0.5", "2.0.6", "2.0.7", "2.1.0", "2.1.1", "2.1.10", "2.1.2", "2.1.3", "2.1.4", "2.1.5", "2.1.6", "2.1.7", "2.1.8", "2.1.9", "2.2.0", "2.2.1", "2.2.2", "2.3.0", "2.3.1", "2.4.0", "2.4.1.1", "2.4.2", "2.4.3", "2.4.4", "2.4.5", "2.4.6"]}], "specifier": null}, {"extra": [], "extras": [], "marker": null, "marker_evaluated": null, "marker_evaluation_error": null, "marker_evaluation_result": true, "normalized_package_name": "six", "package_name": "six", "resolved_versions": [{"index": "https://pypi.org/simple", "versions": ["0.9.0", "0.9.1", "0.9.2", "1.0.0", "1.1.0", "1.10.0", "1.11.0", "1.12.0", "1.13.0", "1.2.0", "1.3.0", "1.4.0", "1.4.1", "1.5.0", "1.5.1", "1.5.2", "1.6.0", "1.6.1", "1.7.0", "1.7.1", "1.7.2", "1.7.3", "1.8.0", "1.9.0"]}], "specifier": null}], "importlib_metadata": {"entry_points": [], "files": [{"hash": {"mode": "sha256", "value": "7ypScZVLhn5XTzFTGunShJf8DK6lgrIsOUYSSZtSvEQ"}, "path": "packaging-16.2.dist-info/DESCRIPTION.rst", "size": 4027}, {"hash": {"mode": "sha256", "value": "zuuue4knoyJ-UwPPXg8fezS7VCrXJQrAP7zeNuwvFQg"}, "path": "packaging-16.2.dist-info/INSTALLER", "size": 4}, {"hash": {"mode": "sha256", "value": "VIo0wUt8yk8Rj_Y9ZCEWTxRriG4t3yV_ViEd8aapDAI"}, "path": "packaging-16.2.dist-info/METADATA", "size": 4903}, {"hash": null, "path": "packaging-16.2.dist-info/RECORD", "size": null}, {"hash": {"mode": "sha256", "value": "GrqQvamwgBV4nLoJe0vhYRSWzWsx7xjlt74FT0SWYfE"}, "path": "packaging-16.2.dist-info/WHEEL", "size": 110}, {"hash": {"mode": "sha256", "value": "3w58s0cxycBuw-c61LdXbdSthCw3l8Dq0IMN8D6X3mE"}, "path": "packaging-16.2.dist-info/metadata.json", "size": 1004}, {"hash": {"mode": "sha256", "value": "zFdHrhWnPslzsiP455HutQsqPB6v0KCtNUMtUtrefDw"}, "path": "packaging-16.2.dist-info/top_level.txt", "size": 10}, {"hash": {"mode": "sha256", "value": "enL6DMYsh_BQbbGn2ZKT64LPMcbq5WPqrLcrZWvqr8I"}, "path": "packaging/__about__.py", "size": 720}, {"hash": {"mode": "sha256", "value": "_vNac5TrzwsrzbOFIbF-5cHqc_Y2aPT2D7zrIR06BOo"}, "path": "packaging/__init__.py", "size": 513}, {"hash": null, "path": "packaging/__pycache__/__about__.cpython-37.pyc", "size": null}, {"hash": null, "path": "packaging/__pycache__/__init__.cpython-37.pyc", "size": null}, {"hash": null, "path": "packaging/__pycache__/_compat.cpython-37.pyc", "size": null}, {"hash": null, "path": "packaging/__pycache__/_structures.cpython-37.pyc", "size": null}, {"hash": null, "path": "packaging/__pycache__/markers.cpython-37.pyc", "size": null}, {"hash": null, "path": "packaging/__pycache__/requirements.cpython-37.pyc", "size": null}, {"hash": null, "path": "packaging/__pycache__/specifiers.cpython-37.pyc", "size": null}, {"hash": null, "path": "packaging/__pycache__/utils.cpython-37.pyc", "size": null}, {"hash": null, "path": "packaging/__pycache__/version.cpython-37.pyc", "size": null}, {"hash": {"mode": "sha256", "value": "Vi_A0rAQeHbU-a9X0tt1yQm9RqkgQbDSxzRw8WlU9kA"}, "path": "packaging/_compat.py", "size": 860}, {"hash": {"mode": "sha256", "value": "RImECJ4c_wTlaTYYwZYLHEiebDMaAJmK1oPARhw1T5o"}, "path": "packaging/_structures.py", "size": 1416}, {"hash": {"mode": "sha256", "value": "315gTTIkeI4t5hrQdCy8mLXC2UO5sXxnsmzoWalzGP4"}, "path": "packaging/markers.py", "size": 7296}, {"hash": {"mode": "sha256", "value": "g1q3inpMac7FmNDjnOL6S_U_e0RWx-9dAncUHl2d5Xc"}, "path": "packaging/requirements.py", "size": 4255}, {"hash": {"mode": "sha256", "value": "JTVtx22jcgcO5cVqqzU5uZBa13iAchCpmaYMX_brIxM"}, "path": "packaging/specifiers.py", "size": 27839}, {"hash": {"mode": "sha256", "value": "3m6WvPm6NNxE8rkTGmn0r75B_GZSGg7ikafxHsBN1WA"}, "path": "packaging/utils.py", "size": 421}, {"hash": {"mode": "sha256", "value": "OwGnxYfr2ghNzYx59qWIBkrK3SnB6n-Zfd1XaLpnnM0"}, "path": "packaging/version.py", "size": 11556}], "metadata": {"Author": "Donald Stufft and individual contributors", "Author-email": "donald@stufft.io", "Classifier": ["Intended Audience :: Developers", "License :: OSI Approved :: Apache Software License", "License :: OSI Approved :: BSD License", "Programming Language :: Python", "Programming Language :: Python :: 2", "Programming Language :: Python :: 2.6", "Programming Language :: Python :: 2.7", "Programming Language :: Python :: 3", "Programming Language :: Python :: 3.2", "Programming Language :: Python :: 3.3", "Programming Language :: Python :: 3.4"], "Home-page": "https://github.com/pypa/packaging", "License": "BSD or Apache License, Version 2.0", "Metadata-Version": "2.0", "Name": "packaging", "Platform": ["UNKNOWN"], "Requires-Dist": ["pyparsing", "six"], "Summary": "Core utilities for Python packages", "Version": "16.2"}, "requires": ["pyparsing", "six"], "version": "16.2"}, "index_url": "https://pypi.org/simple", "package_name": "packaging", "package_version": "16.2", "package_version_requested": "16.2", "sha256": ["2ae330cd327e2b2b5a9a1a4ed25fc83b5d18fb7f371778342d3da08de1e7f28b", "0eb4a6329c6d40a0deef725b4f510b6219ec8c365f888583babbb4454d761dd6"]}], "unparsed": [], "unresolved": []}}