{"metadata": {"analyzer": "thoth-solver", "analyzer_version": "1.4.1", "arguments": {"python": {"exclude_packages": null, "index": "https://pypi.org/simple", "no_pretty": false, "no_transitive": true, "output": "http://result-api/api/v1/solver-result", "requirements": "aioredis==0.2.7", "virtualenv": "/home/solver/venv"}, "thoth-solver": {"verbose": false}}, "datetime": "2019-12-24T16:56:45.235788", "distribution": {"codename": "", "id": "fedora", "like": "", "version": "31", "version_parts": {"build_number": "", "major": "31", "minor": ""}}, "document_id": "solver-fedora-31-py37-0496d2ff", "duration": 2, "hostname": "solver-fedora-31-py37-0496d2ff-v6hk5", "os_release": {"id": "fedora", "name": "Fedora", "platform_id": "platform:f31", "redhat_bugzilla_product": "Fedora", "redhat_bugzilla_product_version": "31", "redhat_support_product": "Fedora", "redhat_support_product_version": "31", "variant_id": "container", "version": "31 (Container Image)", "version_id": "31"}, "python": {"api_version": 1013, "implementation_name": "cpython", "major": 3, "micro": 5, "minor": 7, "releaselevel": "final", "serial": 0}, "thoth_deployment_name": "thoth-psi-stage", "timestamp": 1577206605}, "result": {"environment": {"implementation_name": "cpython", "implementation_version": "3.7.5", "os_name": "posix", "platform_machine": "x86_64", "platform_python_implementation": "CPython", "platform_release": "3.10.0-957.21.2.el7.x86_64", "platform_system": "Linux", "platform_version": "#1 SMP Tue May 28 09:26:43 UTC 2019", "python_full_version": "3.7.5", "python_version": "3.7", "sys_platform": "linux"}, "environment_packages": [{"package_name": "pipdeptree", "package_version": "0.13.2"}], "errors": [], "tree": [{"dependencies": [{"extra": [], "extras": [], "marker": null, "marker_evaluated": null, "marker_evaluation_error": null, "marker_evaluation_result": true, "normalized_package_name": "hiredis", "package_name": "hiredis", "resolved_versions": [{"index": "https://pypi.org/simple", "versions": ["0.0.1", "0.0.3", "0.0.4", "0.1.0", "0.1.1", "0.1.2", "0.1.3", "0.1.4", "0.1.5", "0.1.6", "0.2.0", "0.3.0", "0.3.1", "1.0.0", "1.0.1"]}], "specifier": null}], "importlib_metadata": {"entry_points": [], "files": [{"hash": {"mode": "sha256", "value": "zD08DPdCco6aU1DocwbP94jSz5nY9WX2PjVftC0j-hM"}, "path": "aioredis-0.2.7.dist-info/DESCRIPTION.rst", "size": 8217}, {"hash": {"mode": "sha256", "value": "zuuue4knoyJ-UwPPXg8fezS7VCrXJQrAP7zeNuwvFQg"}, "path": "aioredis-0.2.7.dist-info/INSTALLER", "size": 4}, {"hash": {"mode": "sha256", "value": "5OrJe41a6yMNk2x2NofgPU-STKhyuwoqxZngHatL9r8"}, "path": "aioredis-0.2.7.dist-info/METADATA", "size": 9038}, {"hash": null, "path": "aioredis-0.2.7.dist-info/RECORD", "size": null}, {"hash": {"mode": "sha256", "value": "rNo05PbNqwnXiIHFsYm0m22u4Zm6YJtugFG2THx4w3g"}, "path": "aioredis-0.2.7.dist-info/WHEEL", "size": 92}, {"hash": {"mode": "sha256", "value": "UUXeHCy_pcmkHKCgQZP45_PCsAAxdMVXNrcMJzR4bKg"}, "path": "aioredis-0.2.7.dist-info/metadata.json", "size": 975}, {"hash": {"mode": "sha256", "value": "cjJ0NF-AaAd68k4wPn5B58ehnIXVDfCbtH1Mgzm6Gsw"}, "path": "aioredis-0.2.7.dist-info/top_level.txt", "size": 9}, {"hash": {"mode": "sha256", "value": "KbSO4onv9RPT7b00EOOyDU-x3NNh424OFdwhn8lmTKA"}, "path": "aioredis/__init__.py", "size": 694}, {"hash": null, "path": "aioredis/__pycache__/__init__.cpython-37.pyc", "size": null}, {"hash": null, "path": "aioredis/__pycache__/connection.cpython-37.pyc", "size": null}, {"hash": null, "path": "aioredis/__pycache__/errors.cpython-37.pyc", "size": null}, {"hash": null, "path": "aioredis/__pycache__/log.cpython-37.pyc", "size": null}, {"hash": null, "path": "aioredis/__pycache__/pool.cpython-37.pyc", "size": null}, {"hash": {"mode": "sha256", "value": "Jpds7uwyZwBlEDQMnk4g4vhXJDRUcVLBIWFvlWPM6Qs"}, "path": "aioredis/commands/__init__.py", "size": 5125}, {"hash": null, "path": "aioredis/commands/__pycache__/__init__.cpython-37.pyc", "size": null}, {"hash": null, "path": "aioredis/commands/__pycache__/cluster.cpython-37.pyc", "size": null}, {"hash": null, "path": "aioredis/commands/__pycache__/generic.cpython-37.pyc", "size": null}, {"hash": null, "path": "aioredis/commands/__pycache__/hash.cpython-37.pyc", "size": null}, {"hash": null, "path": "aioredis/commands/__pycache__/hyperloglog.cpython-37.pyc", "size": null}, {"hash": null, "path": "aioredis/commands/__pycache__/list.cpython-37.pyc", "size": null}, {"hash": null, "path": "aioredis/commands/__pycache__/pubsub.cpython-37.pyc", "size": null}, {"hash": null, "path": "aioredis/commands/__pycache__/scripting.cpython-37.pyc", "size": null}, {"hash": null, "path": "aioredis/commands/__pycache__/server.cpython-37.pyc", "size": null}, {"hash": null, "path": "aioredis/commands/__pycache__/set.cpython-37.pyc", "size": null}, {"hash": null, "path": "aioredis/commands/__pycache__/sorted_set.cpython-37.pyc", "size": null}, {"hash": null, "path": "aioredis/commands/__pycache__/string.cpython-37.pyc", "size": null}, {"hash": null, "path": "aioredis/commands/__pycache__/transaction.cpython-37.pyc", "size": null}, {"hash": {"mode": "sha256", "value": "UmWDo3XPUkiSZ1bgOUWYB9Q1e8DBu15RBBPSoXUtZuE"}, "path": "aioredis/commands/cluster.py", "size": 3859}, {"hash": {"mode": "sha256", "value": "3VWUFNp9Cfvn7cF-XsXBAB4Dlw4BQXMThn6wQVLu1UA"}, "path": "aioredis/commands/generic.py", "size": 9309}, {"hash": {"mode": "sha256", "value": "umSpvEXpf_DyPVEnjNkrIrnGYQVJV1XwC26ZxwLRa0M"}, "path": "aioredis/commands/hash.py", "size": 3847}, {"hash": {"mode": "sha256", "value": "azOnQU1m1kyhdMmtshxovxgl2jBWPHj-cYBTDbO96h8"}, "path": "aioredis/commands/hyperloglog.py", "size": 800}, {"hash": {"mode": "sha256", "value": "77uD5-tnjsfy8rRHLn-XSveJhhKzO0onDpxgpWdULRY"}, "path": "aioredis/commands/list.py", "size": 6031}, {"hash": {"mode": "sha256", "value": "4hOAWdqpgK4Q_P3VSj1G5UiEUz-z94woLr8aqBxC7aw"}, "path": "aioredis/commands/pubsub.py", "size": 3083}, {"hash": {"mode": "sha256", "value": "Xjj4ARMt67q9ZpxFQZvQ7e0DEfyReemVJGTh1zMFwi0"}, "path": "aioredis/commands/scripting.py", "size": 1236}, {"hash": {"mode": "sha256", "value": "B1Nz7JTQZ7Re1ERpgeDjV6qiivGNP1Z5YvBS3q_bnAU"}, "path": "aioredis/commands/server.py", "size": 8719}, {"hash": {"mode": "sha256", "value": "eDHTQxC0be70qeng2f_h4dX9tjfF-K6VuOBQDd7ejTo"}, "path": "aioredis/commands/set.py", "size": 3471}, {"hash": {"mode": "sha256", "value": "7RgGlRAltn2Yfx7Dr58v4czFWOC0RVBZ5WrssZBKBPY"}, "path": "aioredis/commands/sorted_set.py", "size": 15971}, {"hash": {"mode": "sha256", "value": "iN_a1Fas5YruQcS3UsYJXVHXDsQJfthkWwOlD3A5rCk"}, "path": "aioredis/commands/string.py", "size": 8989}, {"hash": {"mode": "sha256", "value": "aAHzkj1MxZC6GFE62ulVofv75AAT_uMrT_MlMRMmIe4"}, "path": "aioredis/commands/transaction.py", "size": 9416}, {"hash": {"mode": "sha256", "value": "5pidT1Mi3UHJuNPXhnoDVtSBtp48TGcdtAP61oQ23Bs"}, "path": "aioredis/connection.py", "size": 14921}, {"hash": {"mode": "sha256", "value": "Z4G2Bz8bVnsIrxlNNuBZ_e4RFdJ-FBwz4Hd8ef9hqN0"}, "path": "aioredis/errors.py", "size": 1096}, {"hash": {"mode": "sha256", "value": "phfrX0kUtP1NXmVXeOQukmiv73GHGnQKqER9ReEaTBM"}, "path": "aioredis/log.py", "size": 55}, {"hash": {"mode": "sha256", "value": "w4uEOxrYKOfseZXYpTYbdpY5dvQfcBlOXZAfl7jF1wE"}, "path": "aioredis/pool.py", "size": 8444}, {"hash": {"mode": "sha256", "value": "sOq5vwoZIXDoScrD4LEZv96I5jXpq1sctFFhU342NYE"}, "path": "aioredis/util.py", "size": 8984}], "metadata": {"Author": "Alexey Popravka", "Author-email": "alexey.popravka@horsedevel.com", "Classifier": ["License :: OSI Approved :: MIT License", "Development Status :: 4 - Beta", "Programming Language :: Python", "Programming Language :: Python :: 3", "Programming Language :: Python :: 3.3", "Programming Language :: Python :: 3.4", "Programming Language :: Python :: 3.5", "Operating System :: POSIX", "Environment :: Web Environment", "Intended Audience :: Developers", "Topic :: Software Development", "Topic :: Software Development :: Libraries"], "Home-page": "https://github.com/aio-libs/aioredis", "License": "MIT", "Metadata-Version": "2.0", "Name": "aioredis", "Platform": ["POSIX"], "Requires-Dist": ["hiredis"], "Summary": "asyncio (PEP 3156) Redis support", "Version": "0.2.7"}, "requires": ["hiredis"], "version": "0.2.7"}, "index_url": "https://pypi.org/simple", "package_name": "aioredis", "package_version": "0.2.7", "package_version_requested": "0.2.7", "sha256": ["43e2dbd0d33d0e848c4c35ba404ea17c5c3ad94b0328cd48bad696b9515a2582", "32f563ed897a31981b115f7e1b7cbae3ba01c4015eef4a3aee6470641370e1d0"]}], "unparsed": [], "unresolved": []}}