{"metadata": {"analyzer": "thoth-solver", "analyzer_version": "1.4.1", "arguments": {"python": {"exclude_packages": null, "index": "https://pypi.org/simple", "no_pretty": false, "no_transitive": true, "output": "http://result-api/api/v1/solver-result", "requirements": "twitter==1.7", "virtualenv": "/home/solver/venv"}, "thoth-solver": {"verbose": false}}, "datetime": "2019-12-26T16:34:43.687359", "distribution": {"codename": "", "id": "fedora", "like": "", "version": "31", "version_parts": {"build_number": "", "major": "31", "minor": ""}}, "document_id": "solver-fedora-31-py37-02188b1c", "duration": 2, "hostname": "solver-fedora-31-py37-02188b1c-fjtkf", "os_release": {"id": "fedora", "name": "Fedora", "platform_id": "platform:f31", "redhat_bugzilla_product": "Fedora", "redhat_bugzilla_product_version": "31", "redhat_support_product": "Fedora", "redhat_support_product_version": "31", "variant_id": "container", "version": "31 (Container Image)", "version_id": "31"}, "python": {"api_version": 1013, "implementation_name": "cpython", "major": 3, "micro": 5, "minor": 7, "releaselevel": "final", "serial": 0}, "thoth_deployment_name": "thoth-psi-stage", "timestamp": 1577378083}, "result": {"environment": {"implementation_name": "cpython", "implementation_version": "3.7.5", "os_name": "posix", "platform_machine": "x86_64", "platform_python_implementation": "CPython", "platform_release": "3.10.0-957.21.2.el7.x86_64", "platform_system": "Linux", "platform_version": "#1 SMP Tue May 28 09:26:43 UTC 2019", "python_full_version": "3.7.5", "python_version": "3.7", "sys_platform": "linux"}, "environment_packages": [{"package_name": "pipdeptree", "package_version": "0.13.2"}], "errors": [], "tree": [{"dependencies": [], "importlib_metadata": {"entry_points": [{"group": "console_scripts", "name": "twitter", "value": "twitter.cmdline:main"}, {"group": "console_scripts", "name": "twitterbot", "value": "twitter.ircbot:main"}, {"group": "console_scripts", "name": "twitter-log", "value": "twitter.logger:main"}, {"group": "console_scripts", "name": "twitter-stream-example", "value": "twitter.stream_example:main"}], "files": [{"hash": {"mode": "sha256", "value": "sgGKGl70lYWpFubvkrO2jfPDfXPn3IIojY9x8sjJgJg"}, "path": "../../../bin/twitter", "size": 227}, {"hash": {"mode": "sha256", "value": "MFiXYhQLAxxwg_2zltFO64KyQK1rQ6Snjj-p-H0ubfM"}, "path": "../../../bin/twitter-log", "size": 226}, {"hash": {"mode": "sha256", "value": "8xHQYE_VvpFrn5Da3GytaPUeGEg3x6TldzqrLyUWZT4"}, "path": "../../../bin/twitter-stream-example", "size": 234}, {"hash": {"mode": "sha256", "value": "QVzEMMPw3Gh9B3n-AKX942jWBzWXz-w9ySycpLzbBcY"}, "path": "../../../bin/twitterbot", "size": 226}, {"hash": {"mode": "sha256", "value": "zuuue4knoyJ-UwPPXg8fezS7VCrXJQrAP7zeNuwvFQg"}, "path": "twitter-1.7.dist-info/INSTALLER", "size": 4}, {"hash": {"mode": "sha256", "value": "jihumLCZaF3RcjusO8L1kEN_JyIYcaKN9bEq18qRHMI"}, "path": "twitter-1.7.dist-info/METADATA", "size": 2606}, {"hash": null, "path": "twitter-1.7.dist-info/RECORD", "size": null}, {"hash": {"mode": "sha256", "value": "wYBY2EO50FhAcckpWmO3c3Zwk2MALACx6lPAl6gVKnE"}, "path": "twitter-1.7.dist-info/WHEEL", "size": 93}, {"hash": {"mode": "sha256", "value": "YEWFJc4n6GydZmPqFRcNmhY5T9fEu4T9bzn3iezFV8k"}, "path": "twitter-1.7.dist-info/entry_points.txt", "size": 228}, {"hash": {"mode": "sha256", "value": "Lk3uYTLW9Re19q-YY6s4Ym16s5DENnuA23PgX9powBA"}, "path": "twitter-1.7.dist-info/top_level.txt", "size": 8}, {"hash": {"mode": "sha256", "value": "AbpHGcgLb-kRsJGnwFEktk7uzpZOCcBY74-YBdrKVGs"}, "path": "twitter-1.7.dist-info/zip-safe", "size": 1}, {"hash": {"mode": "sha256", "value": "jUGT1PkUklFHTwO78aw3tqiijzK-a7YFYtLj2NUoPgo"}, "path": "twitter/__init__.py", "size": 1307}, {"hash": null, "path": "twitter/__pycache__/__init__.cpython-37.pyc", "size": null}, {"hash": null, "path": "twitter/__pycache__/ansi.cpython-37.pyc", "size": null}, {"hash": null, "path": "twitter/__pycache__/api.cpython-37.pyc", "size": null}, {"hash": null, "path": "twitter/__pycache__/auth.cpython-37.pyc", "size": null}, {"hash": null, "path": "twitter/__pycache__/cmdline.cpython-37.pyc", "size": null}, {"hash": null, "path": "twitter/__pycache__/ircbot.cpython-37.pyc", "size": null}, {"hash": null, "path": "twitter/__pycache__/logger.cpython-37.pyc", "size": null}, {"hash": null, "path": "twitter/__pycache__/oauth.cpython-37.pyc", "size": null}, {"hash": null, "path": "twitter/__pycache__/oauth_dance.cpython-37.pyc", "size": null}, {"hash": null, "path": "twitter/__pycache__/stream.cpython-37.pyc", "size": null}, {"hash": null, "path": "twitter/__pycache__/stream_example.cpython-37.pyc", "size": null}, {"hash": null, "path": "twitter/__pycache__/twitter_globals.cpython-37.pyc", "size": null}, {"hash": null, "path": "twitter/__pycache__/util.cpython-37.pyc", "size": null}, {"hash": {"mode": "sha256", "value": "Zl4Rx0kZGcGFhv6FqzuDt4jwx4TpO00n-9F2aoO_gQY"}, "path": "twitter/ansi.py", "size": 1954}, {"hash": {"mode": "sha256", "value": "zylYQQiQhk-4smFYsvjOIFm0YzogfTfL-WZSaiiS87A"}, "path": "twitter/api.py", "size": 8633}, {"hash": {"mode": "sha256", "value": "R9n_xCyYnSbFC8itEgkBwDFnY_qXKS9n5fKa-f95E8k"}, "path": "twitter/auth.py", "size": 1674}, {"hash": {"mode": "sha256", "value": "2X2Drp6NKkqGQwA6iywWMv7Bf_HEFAj2nalf6-ENkfY"}, "path": "twitter/cmdline.py", "size": 22545}, {"hash": {"mode": "sha256", "value": "W8TssDsLgl9-UwpUTm9VURQcuWOzoipjv9B_-fmWYa0"}, "path": "twitter/ircbot.py", "size": 11094}, {"hash": {"mode": "sha256", "value": "Yz_4gonsMFvg5GGaknAh1E1cA1YvaFvXeX7A0Makec4"}, "path": "twitter/logger.py", "size": 2376}, {"hash": {"mode": "sha256", "value": "g0a-jkD5SF3nmv-M-1qWg4VvKfnqNfFngqfUl7z-da4"}, "path": "twitter/oauth.py", "size": 3082}, {"hash": {"mode": "sha256", "value": "rAZ_HatKaJv6NYg12c-o32BK_sWWYGGlpyz3Moh1uM8"}, "path": "twitter/oauth_dance.py", "size": 2615}, {"hash": {"mode": "sha256", "value": "hJ8HCNJh514O47rJxoy75xw4OFGiXI2CiWLEibryyH0"}, "path": "twitter/stream.py", "size": 2159}, {"hash": {"mode": "sha256", "value": "rt5iNLo_EDRhH81DtwpATA42TOSfQ-VT8H1DdEPx6Nk"}, "path": "twitter/stream_example.py", "size": 832}, {"hash": {"mode": "sha256", "value": "6GoqU53laz2qXfDAjakQimvGTlApXes3x3qENzWL4nM"}, "path": "twitter/twitter_globals.py", "size": 713}, {"hash": {"mode": "sha256", "value": "tAhAlYjdOjbwPH8Oq6ExvNvhz0yhiPsrMRSXtxryvYE"}, "path": "twitter/util.py", "size": 1050}], "metadata": {"Author": "Mike Verdone", "Author-email": "mike.verdone+twitterapi@gmail.com", "Classifier": ["Development Status :: 5 - Production/Stable", "Environment :: Console", "Intended Audience :: End Users/Desktop", "Natural Language :: English", "Operating System :: OS Independent", "Programming Language :: Python :: 3", "Programming Language :: Python :: 2.6", "Programming Language :: Python :: 2.7", "Topic :: Communications :: Chat :: Internet Relay Chat", "Topic :: Internet :: WWW/HTTP :: Dynamic Content :: CGI Tools/Libraries", "Topic :: Utilities", "License :: OSI Approved :: MIT License"], "Home-page": "http://mike.verdone.ca/twitter/", "Keywords": "twitter,IRC,command-line tools,web 2.0", "License": "MIT License", "Metadata-Version": "2.1", "Name": "twitter", "Platform": ["UNKNOWN"], "Summary": "An API and command-line toolset for Twitter (twitter.com)", "Version": "1.7"}, "requires": null, "version": "1.7"}, "index_url": "https://pypi.org/simple", "package_name": "twitter", "package_version": "1.7", "package_version_requested": "1.7", "sha256": ["5031000bbc79e0384079164d9a2e8538f4b2512c88ff60910cbb1da0891e6cf5", "17e0be33b078a44e2cba74aa709efd7b557b62188d5a790243ac7597ec0c48a9"]}], "unparsed": [], "unresolved": []}}