{"metadata": {"analyzer": "thoth-solver", "analyzer_version": "1.4.1", "arguments": {"python": {"exclude_packages": null, "index": "https://pypi.org/simple", "no_pretty": false, "no_transitive": true, "output": "http://result-api/api/v1/solver-result", "requirements": "tabledata==0.8.4", "virtualenv": "/home/solver/venv"}, "thoth-solver": {"verbose": false}}, "datetime": "2019-12-27T16:33:05.413663", "distribution": {"codename": "", "id": "fedora", "like": "", "version": "31", "version_parts": {"build_number": "", "major": "31", "minor": ""}}, "document_id": "solver-fedora-31-py37-00fc5bf6", "duration": 4, "hostname": "solver-fedora-31-py37-00fc5bf6-lrdz6", "os_release": {"id": "fedora", "name": "Fedora", "platform_id": "platform:f31", "redhat_bugzilla_product": "Fedora", "redhat_bugzilla_product_version": "31", "redhat_support_product": "Fedora", "redhat_support_product_version": "31", "variant_id": "container", "version": "31 (Container Image)", "version_id": "31"}, "python": {"api_version": 1013, "implementation_name": "cpython", "major": 3, "micro": 5, "minor": 7, "releaselevel": "final", "serial": 0}, "thoth_deployment_name": "thoth-psi-stage", "timestamp": 1577464385}, "result": {"environment": {"implementation_name": "cpython", "implementation_version": "3.7.5", "os_name": "posix", "platform_machine": "x86_64", "platform_python_implementation": "CPython", "platform_release": "3.10.0-957.21.2.el7.x86_64", "platform_system": "Linux", "platform_version": "#1 SMP Tue May 28 09:26:43 UTC 2019", "python_full_version": "3.7.5", "python_version": "3.7", "sys_platform": "linux"}, "environment_packages": [{"package_name": "pipdeptree", "package_version": "0.13.2"}], "errors": [], "tree": [{"dependencies": [{"extra": [], "extras": [], "marker": null, "marker_evaluated": null, "marker_evaluation_error": null, "marker_evaluation_result": true, "normalized_package_name": "setuptools", "package_name": "setuptools", "resolved_versions": [{"index": "https://pypi.org/simple", "versions": ["38.3.0", "38.4.0", "38.4.1", "38.5.0", "38.5.1", "38.5.2", "38.6.0", "38.6.1", "38.7.0", "39.0.0", "39.0.1", "39.1.0", "39.2.0", "40.0.0", "40.1.0", "40.1.1", "40.2.0", "40.3.0", "40.4.0", "40.4.1", "40.4.2", "40.4.3", "40.5.0", "40.6.0", "40.6.1", "40.6.2", "40.6.3", "40.7.0", "40.7.1", "40.7.2", "40.7.3", "40.8.0", "40.9.0", "41.0.0", "41.0.1", "41.1.0", "41.2.0", "41.3.0", "41.4.0", "41.5.0", "41.5.1", "41.6.0", "42.0.0", "42.0.1", "42.0.2"]}], "specifier": ">=38.3.0"}, {"extra": [], "extras": [], "marker": null, "marker_evaluated": null, "marker_evaluation_error": null, "marker_evaluation_result": true, "normalized_package_name": "dataproperty", "package_name": "DataProperty", "resolved_versions": [{"index": "https://pypi.org/simple", "versions": ["0.42.3", "0.42.4", "0.43.0", "0.43.1"]}], "specifier": "<1.0.0,>=0.42.3"}, {"extra": [], "extras": [], "marker": null, "marker_evaluated": null, "marker_evaluation_error": null, "marker_evaluation_result": true, "normalized_package_name": "six", "package_name": "six", "resolved_versions": [{"index": "https://pypi.org/simple", "versions": ["1.10.0", "1.11.0", "1.12.0", "1.13.0"]}], "specifier": "<2.0.0,>=1.10.0"}, {"extra": [], "extras": [], "marker": null, "marker_evaluated": null, "marker_evaluation_error": null, "marker_evaluation_result": true, "normalized_package_name": "typepy", "package_name": "typepy", "resolved_versions": [{"index": "https://pypi.org/simple", "versions": ["0.4.2", "0.5.0", "0.6.0"]}], "specifier": "<1.0.0,>=0.4.2"}, {"extra": [], "extras": [], "marker": "python_version < \"3.2\"", "marker_evaluated": "python_version < \"3.2\"", "marker_evaluation_error": null, "marker_evaluation_result": false, "normalized_package_name": "futures", "package_name": "futures", "resolved_versions": [{"index": "https://pypi.org/simple", "versions": ["0.1", "0.2", "1.0", "2.0", "2.1", "2.1.1", "2.1.2", "2.1.3", "2.1.4", "2.1.5", "2.1.6", "2.2.0", "3.0.0", "3.0.1", "3.0.2", "3.0.3", "3.0.4", "3.0.5", "3.1.0", "3.1.1", "3.2.0", "3.3.0"]}], "specifier": null}, {"extra": [], "extras": [], "marker": "python_version < \"3.4\"", "marker_evaluated": "python_version < \"3.4\"", "marker_evaluation_error": null, "marker_evaluation_result": false, "normalized_package_name": "enum34", "package_name": "enum34", "resolved_versions": [{"index": "https://pypi.org/simple", "versions": ["0.9", "0.9.1", "0.9.11", "0.9.12", "0.9.13", "0.9.14", "0.9.15", "0.9.16", "0.9.17", "0.9.18", "0.9.19", "0.9.20", "0.9.21", "0.9.22", "0.9.23", "1.0", "1.0.1", "1.0.2", "1.0.3", "1.0.4", "1.1.0", "1.1.1", "1.1.2", "1.1.3", "1.1.4", "1.1.5", "1.1.6"]}], "specifier": null}, {"extra": ["build"], "extras": [], "marker": "extra == \"build\"", "marker_evaluated": "python_version >= \"0.0\"", "marker_evaluation_error": null, "marker_evaluation_result": true, "normalized_package_name": "twine", "package_name": "twine", "resolved_versions": [{"index": "https://pypi.org/simple", "versions": ["1.0.1", "1.1.0", "1.1.1", "1.10.0", "1.11.0", "1.12.0", "1.12.1", "1.13.0", "1.14.0", "1.15.0", "1.2.0", "1.2.2", "1.2.3", "1.3.0", "1.3.1", "1.4.0", "1.5.0", "1.6.0", "1.6.1", "1.6.2", "1.6.3", "1.6.4", "1.6.5", "1.7.0", "1.7.1", "1.7.2", "1.7.3", "1.7.4", "1.8.0", "1.8.1", "1.9.0", "1.9.1", "2.0.0", "3.0.0", "3.1.0", "3.1.1"]}], "specifier": null}, {"extra": ["build"], "extras": [], "marker": "extra == \"build\"", "marker_evaluated": "python_version >= \"0.0\"", "marker_evaluation_error": null, "marker_evaluation_result": true, "normalized_package_name": "wheel", "package_name": "wheel", "resolved_versions": [{"index": "https://pypi.org/simple", "versions": ["0.1", "0.10.0", "0.10.1", "0.10.2", "0.10.3", "0.11.0", "0.12.0", "0.13.0", "0.14.0", "0.15.0", "0.16.0", "0.17.0", "0.18.0", "0.19.0", "0.2", "0.21.0", "0.22.0", "0.23.0", "0.24.0", "0.25.0", "0.26.0", "0.27.0", "0.28.0", "0.29.0", "0.3", "0.30.0", "0.31.0", "0.31.1", "0.32.0", "0.32.1", "0.32.2", "0.32.3", "0.33.0", "0.33.1", "0.33.4", "0.33.5", "0.33.6", "0.4", "0.4.1", "0.4.2", "0.5", "0.6", "0.7", "0.8", "0.9", "0.9.1", "0.9.2", "0.9.3", "0.9.4", "0.9.5", "0.9.6", "0.9.7"]}], "specifier": null}, {"extra": ["docs"], "extras": [], "marker": "extra == \"docs\"", "marker_evaluated": "python_version >= \"0.0\"", "marker_evaluation_error": null, "marker_evaluation_result": true, "normalized_package_name": "path-py", "package_name": "path.py", "resolved_versions": [{"index": "https://pypi.org/simple", "versions": ["1.2", "10.0", "10.1", "10.2", "10.3", "10.3.1", "10.4", "10.5", "10.6", "11.0", "11.0.1", "11.1.0", "11.2.0", "11.3.0", "11.4.0", "11.4.1", "11.5.0", "11.5.1", "11.5.2", "12.0", "12.0.1", "12.0.2", "12.1.0", "12.2.0", "12.3.0", "12.4.0", "2.1", "2.2", "2.2.2", "2.3", "2.4", "2.4.1", "2.5", "2.6", "2.6.1", "3.0", "3.0.1", "3.1", "3.2", "4.0", "4.1", "4.2", "4.3", "4.4", "5.0", "5.1", "5.2", "5.3", "6.0", "6.1", "6.2", "7.0", "7.1", "7.2", "7.3", "7.4", "7.5", "7.6", "7.6.1", "7.6.2", "7.7", "7.7.1", "8.0", "8.1", "8.1.1", "8.1.2", "8.2", "8.2.1", "8.3", "9.0", "9.0.1", "9.1"]}], "specifier": null}, {"extra": ["docs"], "extras": [], "marker": "extra == \"docs\"", "marker_evaluated": "python_version >= \"0.0\"", "marker_evaluation_error": null, "marker_evaluation_result": true, "normalized_package_name": "readmemaker", "package_name": "readmemaker", "resolved_versions": [{"index": "https://pypi.org/simple", "versions": ["0.7.3", "0.7.4", "0.7.5"]}], "specifier": "<1.0.0,>=0.7.3"}, {"extra": ["docs"], "extras": [], "marker": "extra == \"docs\"", "marker_evaluated": "python_version >= \"0.0\"", "marker_evaluation_error": null, "marker_evaluation_result": true, "normalized_package_name": "sphinx-rtd-theme", "package_name": "sphinx-rtd-theme", "resolved_versions": [{"index": "https://pypi.org/simple", "versions": ["0.1.0", "0.1.1", "0.1.2", "0.1.3", "0.1.4", "0.1.5", "0.1.6", "0.1.7", "0.1.8", "0.1.9", "0.2.0", "0.2.1", "0.2.2", "0.2.3", "0.2.4", "0.3.0", "0.3.1", "0.4.0", "0.4.1", "0.4.2", "0.4.3"]}], "specifier": null}, {"extra": ["docs"], "extras": [], "marker": "extra == \"docs\"", "marker_evaluated": "python_version >= \"0.0\"", "marker_evaluation_error": null, "marker_evaluation_result": true, "normalized_package_name": "sphinx", "package_name": "Sphinx", "resolved_versions": [{"index": "https://pypi.org/simple", "versions": ["0.1.61611", "0.1.61798", "0.1.61843", "0.1.61945", "0.1.61950", "0.2", "0.3", "0.4", "0.4.1", "0.4.2", "0.4.3", "0.5", "0.5.1", "0.5.2", "0.6", "0.6.1", "0.6.2", "0.6.3", "0.6.4", "0.6.5", "0.6.6", "0.6.7", "1.0", "1.0.1", "1.0.2", "1.0.3", "1.0.4", "1.0.5", "1.0.6", "1.0.7", "1.0.8", "1.1", "1.1.1", "1.1.2", "1.1.3", "1.2", "1.2.1", "1.2.2", "1.2.3", "1.3", "1.3.1", "1.3.2", "1.3.3", "1.3.4", "1.3.5", "1.3.6", "1.4", "1.4.1", "1.4.2", "1.4.3", "1.4.4", "1.4.5", "1.4.6", "1.4.7", "1.4.8", "1.4.9", "1.5", "1.5.1", "1.5.2", "1.5.3", "1.5.4", "1.5.5", "1.5.6", "1.6.1", "1.6.2", "1.6.3", "1.6.4", "1.6.5", "1.6.6", "1.6.7", "1.7.0", "1.7.1", "1.7.2", "1.7.3", "1.7.4", "1.7.5", "1.7.6", "1.7.7", "1.7.8", "1.7.9", "1.8.0", "1.8.1", "1.8.2", "1.8.3", "1.8.4", "1.8.5", "2.0.0", "2.0.1", "2.1.0", "2.1.1", "2.1.2", "2.2.0", "2.2.1", "2.2.2", "2.3.0", "2.3.1"]}], "specifier": null}, {"extra": ["logging"], "extras": [], "marker": "extra == \"logging\"", "marker_evaluated": "python_version >= \"0.0\"", "marker_evaluation_error": null, "marker_evaluation_result": true, "normalized_package_name": "logbook", "package_name": "Logbook", "resolved_versions": [{"index": "https://pypi.org/simple", "versions": ["0.12.3", "0.12.4", "0.12.5", "1.0.0", "1.1.0", "1.2.1", "1.2.2", "1.3.0", "1.3.1", "1.3.2", "1.3.3", "1.4.0", "1.4.1", "1.4.3.post1", "1.4.4", "1.5.1", "1.5.2", "1.5.3"]}], "specifier": "<2.0.0,>=0.12.3"}, {"extra": ["release"], "extras": [], "marker": "extra == \"release\"", "marker_evaluated": "python_version >= \"0.0\"", "marker_evaluation_error": null, "marker_evaluation_result": true, "normalized_package_name": "releasecmd", "package_name": "releasecmd", "resolved_versions": [{"index": "https://pypi.org/simple", "versions": ["0.0.18", "0.0.19", "0.0.20"]}], "specifier": "<0.1.0,>=0.0.18"}, {"extra": ["test"], "extras": [], "marker": "extra == \"test\"", "marker_evaluated": "python_version >= \"0.0\"", "marker_evaluation_error": null, "marker_evaluation_result": true, "normalized_package_name": "pytablewriter", "package_name": "pytablewriter", "resolved_versions": [{"index": "https://pypi.org/simple", "versions": ["0.38.0", "0.39.0", "0.40.0", "0.40.1", "0.41.0", "0.41.1", "0.41.2", "0.42.0", "0.43.0", "0.43.1", "0.44.0", "0.45.0", "0.45.1", "0.46.0", "0.46.1"]}], "specifier": ">=0.38"}, {"extra": ["test"], "extras": [], "marker": "extra == \"test\"", "marker_evaluated": "python_version >= \"0.0\"", "marker_evaluation_error": null, "marker_evaluation_result": true, "normalized_package_name": "pytest-cov", "package_name": "pytest-cov", "resolved_versions": [{"index": "https://pypi.org/simple", "versions": ["0.10", "0.11", "0.12", "0.13", "0.14", "0.15", "0.6", "0.7", "0.8", "0.9", "1.0", "1.1", "1.2", "1.3", "1.4", "1.5", "1.6", "1.7.0", "1.8.0", "1.8.1", "2.0.0", "2.1.0", "2.2.0", "2.2.1", "2.3.0", "2.3.1", "2.4.0", "2.5.0", "2.5.1", "2.6.0", "2.6.1", "2.7.0", "2.7.1", "2.8.0", "2.8.1"]}], "specifier": null}, {"extra": ["test"], "extras": [], "marker": "extra == \"test\"", "marker_evaluated": "python_version >= \"0.0\"", "marker_evaluation_error": null, "marker_evaluation_result": true, "normalized_package_name": "pytest", "package_name": "pytest", "resolved_versions": [{"index": "https://pypi.org/simple", "versions": ["2.0.0", "2.0.1", "2.0.2", "2.0.3", "2.1.0", "2.1.1", "2.1.2", "2.1.3", "2.2.0", "2.2.1", "2.2.2", "2.2.3", "2.2.4", "2.3.0", "2.3.1", "2.3.2", "2.3.3", "2.3.4", "2.3.5", "2.4.0", "2.4.1", "2.4.2", "2.5.0", "2.5.1", "2.5.2", "2.6.0", "2.6.1", "2.6.2", "2.6.3", "2.6.4", "2.7.0", "2.7.1", "2.7.2", "2.7.3", "2.8.0", "2.8.1", "2.8.2", "2.8.3", "2.8.4", "2.8.5", "2.8.6", "2.8.7", "2.9.0", "2.9.1", "2.9.2", "3.0.0", "3.0.1", "3.0.2", "3.0.3", "3.0.4", "3.0.5", "3.0.6", "3.0.7", "3.1.0", "3.1.1", "3.1.2", "3.1.3", "3.10.0", "3.10.1", "3.2.0", "3.2.1", "3.2.2", "3.2.3", "3.2.4", "3.2.5", "3.3.0", "3.3.1", "3.3.2", "3.4.0", "3.4.1", "3.4.2", "3.5.0", "3.5.1", "3.6.0", "3.6.1", "3.6.2", "3.6.3", "3.6.4", "3.7.0", "3.7.1", "3.7.2", "3.7.3", "3.7.4", "3.8.0", "3.8.1", "3.8.2", "3.9.1", "3.9.2", "3.9.3", "4.0.0", "4.0.1", "4.0.2", "4.1.0", "4.1.1", "4.2.0", "4.2.1", "4.3.0", "4.3.1", "4.4.0", "4.4.1", "4.4.2", "4.5.0", "4.6.0", "4.6.1", "4.6.2", "4.6.3", "4.6.4", "4.6.5", "4.6.6", "4.6.7", "4.6.8", "5.0.0", "5.0.1", "5.1.0", "5.1.1", "5.1.2", "5.1.3", "5.2.0", "5.2.1", "5.2.2", "5.2.3", "5.2.4", "5.3.0", "5.3.1", "5.3.2"]}], "specifier": null}, {"extra": ["test"], "extras": [], "marker": "extra == \"test\"", "marker_evaluated": "python_version >= \"0.0\"", "marker_evaluation_error": null, "marker_evaluation_result": true, "normalized_package_name": "tox", "package_name": "tox", "resolved_versions": [{"index": "https://pypi.org/simple", "versions": ["0.0.0", "0.5", "0.6", "0.7", "0.8", "0.9", "1.0", "1.1", "1.2", "1.3", "1.4", "1.4.1", "1.4.2", "1.4.3", "1.5.0", "1.6.0", "1.6.1", "1.7.0", "1.7.1", "1.7.2", "1.8.0", "1.8.1", "1.9.0", "1.9.1", "1.9.2", "2.0.0", "2.0.1", "2.0.2", "2.1.0", "2.1.1", "2.2.0", "2.2.1", "2.3.0", "2.3.1", "2.3.2", "2.4.0", "2.4.1", "2.5.0", "2.6.0", "2.7.0", "2.8.0", "2.8.1", "2.8.2", "2.9.0", "2.9.1", "3.0.0", "3.1.0", "3.1.1", "3.1.2", "3.1.3", "3.10.0", "3.11.0", "3.11.1", "3.12.0", "3.12.1", "3.13.0", "3.13.1", "3.13.2", "3.14.0", "3.14.1", "3.14.2", "3.2.0", "3.2.1", "3.3.0", "3.4.0", "3.5.0", "3.5.1", "3.5.2", "3.5.3", "3.6.0", "3.6.1", "3.7.0", "3.8.0", "3.8.1", "3.8.2", "3.8.3", "3.8.4", "3.8.5", "3.8.6", "3.9.0"]}], "specifier": null}], "importlib_metadata": {"entry_points": [], "files": [{"hash": {"mode": "sha256", "value": "zuuue4knoyJ-UwPPXg8fezS7VCrXJQrAP7zeNuwvFQg"}, "path": "tabledata-0.8.4.dist-info/INSTALLER", "size": 4}, {"hash": {"mode": "sha256", "value": "vrvfBSShR_iaYV__U9eb3JDLx2MVUPtLclzT873NJPY"}, "path": "tabledata-0.8.4.dist-info/LICENSE", "size": 1074}, {"hash": {"mode": "sha256", "value": "CORpUlUMNQy8VpZamMTT9J7xkJF1PWlks8rVyAKu9I0"}, "path": "tabledata-0.8.4.dist-info/METADATA", "size": 4231}, {"hash": null, "path": "tabledata-0.8.4.dist-info/RECORD", "size": null}, {"hash": {"mode": "sha256", "value": "HX-v9-noUkyUoxyZ1PMSuS7auUxDAR4VBdoYLqD0xws"}, "path": "tabledata-0.8.4.dist-info/WHEEL", "size": 110}, {"hash": {"mode": "sha256", "value": "wPYCjph2PxB5odPJWPADX_65iL1gAIjMQFlAyZi80iI"}, "path": "tabledata-0.8.4.dist-info/top_level.txt", "size": 10}, {"hash": {"mode": "sha256", "value": "2_v5Tr0OIR3Gl97iuVqUMvEq0vA8KkC9dq5b6Yxwegg"}, "path": "tabledata/__init__.py", "size": 514}, {"hash": null, "path": "tabledata/__pycache__/__init__.cpython-37.pyc", "size": null}, {"hash": null, "path": "tabledata/__pycache__/__version__.cpython-37.pyc", "size": null}, {"hash": null, "path": "tabledata/__pycache__/_common.cpython-37.pyc", "size": null}, {"hash": null, "path": "tabledata/__pycache__/_constant.cpython-37.pyc", "size": null}, {"hash": null, "path": "tabledata/__pycache__/_converter.cpython-37.pyc", "size": null}, {"hash": null, "path": "tabledata/__pycache__/_core.cpython-37.pyc", "size": null}, {"hash": null, "path": "tabledata/__pycache__/error.cpython-37.pyc", "size": null}, {"hash": null, "path": "tabledata/__pycache__/normalizer.cpython-37.pyc", "size": null}, {"hash": {"mode": "sha256", "value": "0vwZbAbBR9vU0EymVoGEIAU6dVWsJT44JHcOZzORpU8"}, "path": "tabledata/__version__.py", "size": 284}, {"hash": {"mode": "sha256", "value": "PKgIoMbALP_Yzb6AE-L6Qsa4Irg-2MhZeKJQt-Wj24g"}, "path": "tabledata/_common.py", "size": 300}, {"hash": {"mode": "sha256", "value": "xk0l9bSfJpenTYEhx45NMS7c9WWESlhc610tEXbHXk8"}, "path": "tabledata/_constant.py", "size": 173}, {"hash": {"mode": "sha256", "value": "56stZgffsF-QVWJbvtmIc4d-Uksim6eLH6TxTAtGgew"}, "path": "tabledata/_converter.py", "size": 838}, {"hash": {"mode": "sha256", "value": "zq8ck4JNVyi6CnsZbWzI8ruVIGDyNZ2BHuRuuGd4sLk"}, "path": "tabledata/_core.py", "size": 13014}, {"hash": {"mode": "sha256", "value": "WzvTox_oe6RYCKUdK1z40BzVQ9n7Php5EGj1DPfYb6E"}, "path": "tabledata/_logger/__init__.py", "size": 114}, {"hash": null, "path": "tabledata/_logger/__pycache__/__init__.cpython-37.pyc", "size": null}, {"hash": null, "path": "tabledata/_logger/__pycache__/_logger.cpython-37.pyc", "size": null}, {"hash": null, "path": "tabledata/_logger/__pycache__/_null_logger.cpython-37.pyc", "size": null}, {"hash": {"mode": "sha256", "value": "7Gn5ZbtOAhwzl5Daat8LLvB86NUum0D2W7MhO6PA3IU"}, "path": "tabledata/_logger/_logger.py", "size": 1738}, {"hash": {"mode": "sha256", "value": "Hr2hSS5inIhpCndWApoDp5mPaGeJMTyvQe1j3loHRvs"}, "path": "tabledata/_logger/_null_logger.py", "size": 925}, {"hash": {"mode": "sha256", "value": "IPFLhfFl8z8LSTzlBlSvg6A0svTgvCRoizqVgtunaQA"}, "path": "tabledata/error.py", "size": 585}, {"hash": {"mode": "sha256", "value": "f2jUNY7RSr8aPPTwQGqzQRM2RQ7ZBcRsQ887K2DgnjA"}, "path": "tabledata/normalizer.py", "size": 5736}], "metadata": {"Author": "Tsuyoshi Hombashi", "Author-email": "tsuyoshi.hombashi@gmail.com", "Classifier": ["Development Status :: 4 - Beta", "Intended Audience :: Developers", "Intended Audience :: Information Technology", "License :: OSI Approved :: MIT License", "Operating System :: OS Independent", "Programming Language :: Python :: 2", "Programming Language :: Python :: 2.7", "Programming Language :: Python :: 3", "Programming Language :: Python :: 3.4", "Programming Language :: Python :: 3.5", "Programming Language :: Python :: 3.6", "Programming Language :: Python :: 3.7", "Topic :: Software Development :: Libraries", "Topic :: Software Development :: Libraries :: Python Modules"], "Home-page": "https://github.com/thombashi/tabledata", "Keywords": "table", "License": "MIT License", "Metadata-Version": "2.1", "Name": "tabledata", "Platform": ["UNKNOWN"], "Project-URL": ["Documentation, https://tabledata.rtfd.io/", "Source, https://github.com/thombashi/tabledata", "Tracker, https://github.com/thombashi/tabledata/issues"], "Provides-Extra": ["build", "docs", "logging", "release", "test"], "Requires-Dist": ["setuptools (>=38.3.0)", "DataProperty (<1.0.0,>=0.42.3)", "six (<2.0.0,>=1.10.0)", "typepy (<1.0.0,>=0.4.2)", "futures ; python_version < \"3.2\"", "enum34 ; python_version < \"3.4\"", "twine ; extra == 'build'", "wheel ; extra == 'build'", "path.py ; extra == 'docs'", "readmemaker (<1.0.0,>=0.7.3) ; extra == 'docs'", "sphinx-rtd-theme ; extra == 'docs'", "Sphinx ; extra == 'docs'", "Logbook (<2.0.0,>=0.12.3) ; extra == 'logging'", "releasecmd (<0.1.0,>=0.0.18) ; extra == 'release'", "pytablewriter (>=0.38) ; extra == 'test'", "pytest-cov ; extra == 'test'", "pytest ; extra == 'test'", "tox ; extra == 'test'"], "Summary": "tabledata is a Python library to represent tabular data. Used for pytablewriter/pytablereader/SimpleSQLite.", "Version": "0.8.4"}, "requires": ["setuptools (>=38.3.0)", "DataProperty (<1.0.0,>=0.42.3)", "six (<2.0.0,>=1.10.0)", "typepy (<1.0.0,>=0.4.2)", "futures ; python_version < \"3.2\"", "enum34 ; python_version < \"3.4\"", "twine ; extra == 'build'", "wheel ; extra == 'build'", "path.py ; extra == 'docs'", "readmemaker (<1.0.0,>=0.7.3) ; extra == 'docs'", "sphinx-rtd-theme ; extra == 'docs'", "Sphinx ; extra == 'docs'", "Logbook (<2.0.0,>=0.12.3) ; extra == 'logging'", "releasecmd (<0.1.0,>=0.0.18) ; extra == 'release'", "pytablewriter (>=0.38) ; extra == 'test'", "pytest-cov ; extra == 'test'", "pytest ; extra == 'test'", "tox ; extra == 'test'"], "version": "0.8.4"}, "index_url": "https://pypi.org/simple", "package_name": "tabledata", "package_version": "0.8.4", "package_version_requested": "0.8.4", "sha256": ["e0248bfcf0d432f27fcfe6d353da9a880bc5127599173a26bc8b3692ea85782b", "66a46cf83acb4e06843befaa3b36c7eceeda48b71918ceaeaeb2690c9ea037d1"]}], "unparsed": [], "unresolved": []}}