{"metadata": {"analyzer": "thoth-solver", "analyzer_version": "1.4.1", "arguments": {"python": {"exclude_packages": null, "index": "https://pypi.org/simple", "no_pretty": false, "no_transitive": true, "output": "http://result-api/api/v1/solver-result", "requirements": "prompt-toolkit==3.0.0", "virtualenv": "/home/solver/venv"}, "thoth-solver": {"verbose": false}}, "datetime": "2019-12-27T16:42:17.106105", "distribution": {"codename": "", "id": "fedora", "like": "", "version": "31", "version_parts": {"build_number": "", "major": "31", "minor": ""}}, "document_id": "solver-fedora-31-py37-03ef383a", "duration": 3, "hostname": "solver-fedora-31-py37-03ef383a-xcsrr", "os_release": {"id": "fedora", "name": "Fedora", "platform_id": "platform:f31", "redhat_bugzilla_product": "Fedora", "redhat_bugzilla_product_version": "31", "redhat_support_product": "Fedora", "redhat_support_product_version": "31", "variant_id": "container", "version": "31 (Container Image)", "version_id": "31"}, "python": {"api_version": 1013, "implementation_name": "cpython", "major": 3, "micro": 5, "minor": 7, "releaselevel": "final", "serial": 0}, "thoth_deployment_name": "thoth-psi-stage", "timestamp": 1577464937}, "result": {"environment": {"implementation_name": "cpython", "implementation_version": "3.7.5", "os_name": "posix", "platform_machine": "x86_64", "platform_python_implementation": "CPython", "platform_release": "3.10.0-957.21.2.el7.x86_64", "platform_system": "Linux", "platform_version": "#1 SMP Tue May 28 09:26:43 UTC 2019", "python_full_version": "3.7.5", "python_version": "3.7", "sys_platform": "linux"}, "environment_packages": [{"package_name": "pipdeptree", "package_version": "0.13.2"}], "errors": [], "tree": [{"dependencies": [{"extra": [], "extras": [], "marker": null, "marker_evaluated": null, "marker_evaluation_error": null, "marker_evaluation_result": true, "normalized_package_name": "wcwidth", "package_name": "wcwidth", "resolved_versions": [{"index": "https://pypi.org/simple", "versions": ["0.0.1", "0.1.0", "0.1.1", "0.1.2", "0.1.3", "0.1.4", "0.1.5", "0.1.6", "0.1.7"]}], "specifier": null}], "importlib_metadata": {"entry_points": [], "files": [{"hash": {"mode": "sha256", "value": "09xixryENmWElauJrqN1Eef6k5HSgmVyOcnPuA29QuU"}, "path": "prompt_toolkit-3.0.0.dist-info/AUTHORS.rst", "size": 148}, {"hash": {"mode": "sha256", "value": "zuuue4knoyJ-UwPPXg8fezS7VCrXJQrAP7zeNuwvFQg"}, "path": "prompt_toolkit-3.0.0.dist-info/INSTALLER", "size": 4}, {"hash": {"mode": "sha256", "value": "MDV02b3YXHV9YCUBeUK_F7ru3yd49ivX9CXQfYgPTEo"}, "path": "prompt_toolkit-3.0.0.dist-info/LICENSE", "size": 1493}, {"hash": {"mode": "sha256", "value": "WVa47iB8lisTusHIWn8PLoWXD0JypytT2W8uF5lOAms"}, "path": "prompt_toolkit-3.0.0.dist-info/METADATA", "size": 7080}, {"hash": null, "path": "prompt_toolkit-3.0.0.dist-info/RECORD", "size": null}, {"hash": {"mode": "sha256", "value": "p46_5Uhzqz6AzeSosiOnxK-zmFja1i22CrQCjmYe8ec"}, "path": "prompt_toolkit-3.0.0.dist-info/WHEEL", "size": 92}, {"hash": {"mode": "sha256", "value": "5rJXrEGx6st4KkmhOPR6l0ITDbV53x_Xy6MurOukXfA"}, "path": "prompt_toolkit-3.0.0.dist-info/top_level.txt", "size": 15}, {"hash": {"mode": "sha256", "value": "4cpdSFD08K41KTwbsFDp9dju3svRw7KSQeNHxZxFhcU"}, "path": "prompt_toolkit/__init__.py", "size": 870}, {"hash": null, "path": "prompt_toolkit/__pycache__/__init__.cpython-37.pyc", "size": null}, {"hash": null, "path": "prompt_toolkit/__pycache__/auto_suggest.cpython-37.pyc", "size": null}, {"hash": null, "path": "prompt_toolkit/__pycache__/buffer.cpython-37.pyc", "size": null}, {"hash": null, "path": "prompt_toolkit/__pycache__/cache.cpython-37.pyc", "size": null}, {"hash": null, "path": "prompt_toolkit/__pycache__/data_structures.cpython-37.pyc", "size": null}, {"hash": null, "path": "prompt_toolkit/__pycache__/document.cpython-37.pyc", "size": null}, {"hash": null, "path": "prompt_toolkit/__pycache__/enums.cpython-37.pyc", "size": null}, {"hash": null, "path": "prompt_toolkit/__pycache__/history.cpython-37.pyc", "size": null}, {"hash": null, "path": "prompt_toolkit/__pycache__/keys.cpython-37.pyc", "size": null}, {"hash": null, "path": "prompt_toolkit/__pycache__/log.cpython-37.pyc", "size": null}, {"hash": null, "path": "prompt_toolkit/__pycache__/mouse_events.cpython-37.pyc", "size": null}, {"hash": null, "path": "prompt_toolkit/__pycache__/patch_stdout.cpython-37.pyc", "size": null}, {"hash": null, "path": "prompt_toolkit/__pycache__/renderer.cpython-37.pyc", "size": null}, {"hash": null, "path": "prompt_toolkit/__pycache__/search.cpython-37.pyc", "size": null}, {"hash": null, "path": "prompt_toolkit/__pycache__/selection.cpython-37.pyc", "size": null}, {"hash": null, "path": "prompt_toolkit/__pycache__/token.cpython-37.pyc", "size": null}, {"hash": null, "path": "prompt_toolkit/__pycache__/utils.cpython-37.pyc", "size": null}, {"hash": null, "path": "prompt_toolkit/__pycache__/validation.cpython-37.pyc", "size": null}, {"hash": null, "path": "prompt_toolkit/__pycache__/win32_types.cpython-37.pyc", "size": null}, {"hash": {"mode": "sha256", "value": "fyX8XhnR1H3quCnMiWORrrAzJj_BN77w0cy0tG5c-CE"}, "path": "prompt_toolkit/application/__init__.py", "size": 522}, {"hash": null, "path": "prompt_toolkit/application/__pycache__/__init__.cpython-37.pyc", "size": null}, {"hash": null, "path": "prompt_toolkit/application/__pycache__/application.cpython-37.pyc", "size": null}, {"hash": null, "path": "prompt_toolkit/application/__pycache__/current.cpython-37.pyc", "size": null}, {"hash": null, "path": "prompt_toolkit/application/__pycache__/dummy.cpython-37.pyc", "size": null}, {"hash": null, "path": "prompt_toolkit/application/__pycache__/run_in_terminal.cpython-37.pyc", "size": null}, {"hash": {"mode": "sha256", "value": "bo2n6OQmusNWnX1Le8tw3dgd8nI_UkbSIpZi_aWmkcw"}, "path": "prompt_toolkit/application/application.py", "size": 42332}, {"hash": {"mode": "sha256", "value": "j9rNbpzQb9HEoQpfmRIKBIsUk0YseMBF2FwEFCCWaX0"}, "path": "prompt_toolkit/application/current.py", "size": 5076}, {"hash": {"mode": "sha256", "value": "tLkN2j0o9yIprLkF6P4oXcEByNe1BPMALfE6yf12b58"}, "path": "prompt_toolkit/application/dummy.py", "size": 1201}, {"hash": {"mode": "sha256", "value": "Vc4LVWNNFE-7dzvvsAqCKsToCjl_DTJ-F5MxpP0jWds"}, "path": "prompt_toolkit/application/run_in_terminal.py", "size": 3699}, {"hash": {"mode": "sha256", "value": "-FCrcknwAFgOVIUfm5E4vGJ5MDVHJ5J0_WEUYM-0mV0"}, "path": "prompt_toolkit/auto_suggest.py", "size": 5804}, {"hash": {"mode": "sha256", "value": "QNYCJVvHwSonntPAcbMxbVkXrCT_g9R61ZhAA-S4VuM"}, "path": "prompt_toolkit/buffer.py", "size": 68737}, {"hash": {"mode": "sha256", "value": "3FQ9jm-TTtQf4Ad-_3Pbr-0Pf7fU2TbJaYpXoLrpp5s"}, "path": "prompt_toolkit/cache.py", "size": 3821}, {"hash": {"mode": "sha256", "value": "oV9qD3cGVLqCNmpxQmZBUOUV9PEZQsyTtj7ItUmZD6M"}, "path": "prompt_toolkit/clipboard/__init__.py", "size": 402}, {"hash": null, "path": "prompt_toolkit/clipboard/__pycache__/__init__.cpython-37.pyc", "size": null}, {"hash": null, "path": "prompt_toolkit/clipboard/__pycache__/base.cpython-37.pyc", "size": null}, {"hash": null, "path": "prompt_toolkit/clipboard/__pycache__/in_memory.cpython-37.pyc", "size": null}, {"hash": null, "path": "prompt_toolkit/clipboard/__pycache__/pyperclip.cpython-37.pyc", "size": null}, {"hash": {"mode": "sha256", "value": "QhXnnujNFV8o-g-mYWEHFsv9rV2HrJ5tRr-jETfYqQw"}, "path": "prompt_toolkit/clipboard/base.py", "size": 2491}, {"hash": {"mode": "sha256", "value": "d9z0HhfxK_Udp9XqZhUqoYe8twpmBCaY8agijUGBiIM"}, "path": "prompt_toolkit/clipboard/in_memory.py", "size": 1079}, {"hash": {"mode": "sha256", "value": "4QGPN-bCnzPe5Sck40QOGxMJpcTm-YpLszEjKSQUmuA"}, "path": "prompt_toolkit/clipboard/pyperclip.py", "size": 1135}, {"hash": {"mode": "sha256", "value": "nIUHbDkbac0ZGCJNrcRPwddj30esvJk9HeR4dn-FOPk"}, "path": "prompt_toolkit/completion/__init__.py", "size": 814}, {"hash": null, "path": "prompt_toolkit/completion/__pycache__/__init__.cpython-37.pyc", "size": null}, {"hash": null, "path": "prompt_toolkit/completion/__pycache__/base.cpython-37.pyc", "size": null}, {"hash": null, "path": "prompt_toolkit/completion/__pycache__/filesystem.cpython-37.pyc", "size": null}, {"hash": null, "path": "prompt_toolkit/completion/__pycache__/fuzzy_completer.cpython-37.pyc", "size": null}, {"hash": null, "path": "prompt_toolkit/completion/__pycache__/nested.cpython-37.pyc", "size": null}, {"hash": null, "path": "prompt_toolkit/completion/__pycache__/word_completer.cpython-37.pyc", "size": null}, {"hash": {"mode": "sha256", "value": "CqE1P3Two0HxIJ0-NXYmw9-x8dL1Zzh4t79erBV_4u4"}, "path": "prompt_toolkit/completion/base.py", "size": 11313}, {"hash": {"mode": "sha256", "value": "b2w0UkCmIktnUMeYfOdfmR3nLK94sgGCHlO1yDfpSZQ"}, "path": "prompt_toolkit/completion/filesystem.py", "size": 3841}, {"hash": {"mode": "sha256", "value": "4hcy6nrpqyrNAY_-fS6Bmhdk_IGG-fNOA65-5k_bJzQ"}, "path": "prompt_toolkit/completion/fuzzy_completer.py", "size": 6940}, {"hash": {"mode": "sha256", "value": "cxq5C1vxP-Ft81B-Iish8DyWRCX9ib9fACLmKZEVKHU"}, "path": "prompt_toolkit/completion/nested.py", "size": 3726}, {"hash": {"mode": "sha256", "value": "LPvKhUR2hBCEb44DW1zdLAFk2t0kfFHs81NhdVqAthA"}, "path": "prompt_toolkit/completion/word_completer.py", "size": 2984}, {"hash": {"mode": "sha256", "value": "47DEQpj8HBSa-_TImW-5JCeuQeRkm5NMpJWZG3hSuFU"}, "path": "prompt_toolkit/contrib/__init__.py", "size": 0}, {"hash": null, "path": "prompt_toolkit/contrib/__pycache__/__init__.cpython-37.pyc", "size": null}, {"hash": {"mode": "sha256", "value": "8ycJpfFYys1jjHwVRVti3bLP3oD-XhIcg48oOHGk5dg"}, "path": "prompt_toolkit/contrib/completers/__init__.py", "size": 36}, {"hash": null, "path": "prompt_toolkit/contrib/completers/__pycache__/__init__.cpython-37.pyc", "size": null}, {"hash": null, "path": "prompt_toolkit/contrib/completers/__pycache__/system.cpython-37.pyc", "size": null}, {"hash": {"mode": "sha256", "value": "UvnbJefnOmLOiBFMyMlzcAIFali5k9e2_tymGCSRymY"}, "path": "prompt_toolkit/contrib/completers/system.py", "size": 1908}, {"hash": {"mode": "sha256", "value": "vjQhJ5-r9oij8-s0d53LmDblVUXm18wn1QIjfwFemV8"}, "path": "prompt_toolkit/contrib/regular_languages/__init__.py", "size": 3286}, {"hash": null, "path": "prompt_toolkit/contrib/regular_languages/__pycache__/__init__.cpython-37.pyc", "size": null}, {"hash": null, "path": "prompt_toolkit/contrib/regular_languages/__pycache__/compiler.cpython-37.pyc", "size": null}, {"hash": null, "path": "prompt_toolkit/contrib/regular_languages/__pycache__/completion.cpython-37.pyc", "size": null}, {"hash": null, "path": "prompt_toolkit/contrib/regular_languages/__pycache__/lexer.cpython-37.pyc", "size": null}, {"hash": null, "path": "prompt_toolkit/contrib/regular_languages/__pycache__/regex_parser.cpython-37.pyc", "size": null}, {"hash": null, "path": "prompt_toolkit/contrib/regular_languages/__pycache__/validation.cpython-37.pyc", "size": null}, {"hash": {"mode": "sha256", "value": "VGZt1v5sy5sVVO8VugXSXr9h3pb2wk3pgIvRgKAPgZg"}, "path": "prompt_toolkit/contrib/regular_languages/compiler.py", "size": 17230}, {"hash": {"mode": "sha256", "value": "3FUXdnNO-HmxUvw2CGCnCX3tG3Ig8bdUAZZerQKoYEI"}, "path": "prompt_toolkit/contrib/regular_languages/completion.py", "size": 3160}, {"hash": {"mode": "sha256", "value": "utyL32V72vj4jMS7cg17BC1XtVdOA5W5dyThIXpK6E0"}, "path": "prompt_toolkit/contrib/regular_languages/lexer.py", "size": 3390}, {"hash": {"mode": "sha256", "value": "GrvtJX4onTi-QIfGr3e5-DYPdTm9waVuL7mtxb1kI_g"}, "path": "prompt_toolkit/contrib/regular_languages/regex_parser.py", "size": 7693}, {"hash": {"mode": "sha256", "value": "flpMk8RTvGIjRpSHBTKzSxp0kVdB-mu2-aKAnzqgd7c"}, "path": "prompt_toolkit/contrib/regular_languages/validation.py", "size": 2021}, {"hash": {"mode": "sha256", "value": "7cqhY8duk2oKTyV1lJW-tigIyiz4tyui8lZadzSm0gw"}, "path": "prompt_toolkit/contrib/ssh/__init__.py", "size": 138}, {"hash": null, "path": "prompt_toolkit/contrib/ssh/__pycache__/__init__.cpython-37.pyc", "size": null}, {"hash": null, "path": "prompt_toolkit/contrib/ssh/__pycache__/server.cpython-37.pyc", "size": null}, {"hash": {"mode": "sha256", "value": "LDUFJVgLp9weqeB_5ZPTNq162SCtdifOEFfFZdNzfb4"}, "path": "prompt_toolkit/contrib/ssh/server.py", "size": 4390}, {"hash": {"mode": "sha256", "value": "btV1u4R7bxPXx4cTFOQoeHcBCkxBpK1jDMTUQucTIi4"}, "path": "prompt_toolkit/contrib/telnet/__init__.py", "size": 68}, {"hash": null, "path": "prompt_toolkit/contrib/telnet/__pycache__/__init__.cpython-37.pyc", "size": null}, {"hash": null, "path": "prompt_toolkit/contrib/telnet/__pycache__/log.cpython-37.pyc", "size": null}, {"hash": null, "path": "prompt_toolkit/contrib/telnet/__pycache__/protocol.cpython-37.pyc", "size": null}, {"hash": null, "path": "prompt_toolkit/contrib/telnet/__pycache__/server.cpython-37.pyc", "size": null}, {"hash": {"mode": "sha256", "value": "V-J_09CF3GZ-jvtDzzTXOoqIUj8Cy1YFYpjXT7FvPkM"}, "path": "prompt_toolkit/contrib/telnet/log.py", "size": 130}, {"hash": {"mode": "sha256", "value": "n1s9MOiX0C8YuvtY2wFyJoJbNprLbKrM58XCPhGQAvo"}, "path": "prompt_toolkit/contrib/telnet/protocol.py", "size": 5063}, {"hash": {"mode": "sha256", "value": "CqJhcHuMOYiD1-nxx7CjVnaJ-QeIa6xv1K31Sn4BGn4"}, "path": "prompt_toolkit/contrib/telnet/server.py", "size": 9489}, {"hash": {"mode": "sha256", "value": "nnbCiF7CjTzy_ch1_Xd711B3rKTnDv_mHqeNUpyDfmo"}, "path": "prompt_toolkit/data_structures.py", "size": 187}, {"hash": {"mode": "sha256", "value": "iKh2ZKErZ9xnGkS4VgbE2aM2KHZT-AbLskfSaCHf9EE"}, "path": "prompt_toolkit/document.py", "size": 39929}, {"hash": {"mode": "sha256", "value": "rAOyyyWq-dkU4RIBR-sXXvYAlX803C2mfeoENs4RCW8"}, "path": "prompt_toolkit/enums.py", "size": 322}, {"hash": {"mode": "sha256", "value": "17GiiSQnCeMhsydTfSeaTDgXSbH2gx24VolREK1NOwo"}, "path": "prompt_toolkit/eventloop/__init__.py", "size": 568}, {"hash": null, "path": "prompt_toolkit/eventloop/__pycache__/__init__.cpython-37.pyc", "size": null}, {"hash": null, "path": "prompt_toolkit/eventloop/__pycache__/async_context_manager.cpython-37.pyc", "size": null}, {"hash": null, "path": "prompt_toolkit/eventloop/__pycache__/async_generator.cpython-37.pyc", "size": null}, {"hash": null, "path": "prompt_toolkit/eventloop/__pycache__/dummy_contextvars.cpython-37.pyc", "size": null}, {"hash": null, "path": "prompt_toolkit/eventloop/__pycache__/inputhook.cpython-37.pyc", "size": null}, {"hash": null, "path": "prompt_toolkit/eventloop/__pycache__/utils.cpython-37.pyc", "size": null}, {"hash": null, "path": "prompt_toolkit/eventloop/__pycache__/win32.cpython-37.pyc", "size": null}, {"hash": {"mode": "sha256", "value": "dOkfduO3t8FeymATPIiQzzxADlrKrFEhbvo5d80hKLA"}, "path": "prompt_toolkit/eventloop/async_context_manager.py", "size": 4210}, {"hash": {"mode": "sha256", "value": "39JhdwdMULup5yanjRAEGoZh4Ds-vGEHx6FUypEnqRA"}, "path": "prompt_toolkit/eventloop/async_generator.py", "size": 1714}, {"hash": {"mode": "sha256", "value": "ZfeeN1W0FPDayho6ApUpoEIYqdVPMjbDgaVEHmOThIY"}, "path": "prompt_toolkit/eventloop/dummy_contextvars.py", "size": 1117}, {"hash": {"mode": "sha256", "value": "1qwC6KfeFoI4_XYam0x3V-i2EUu-ntKkimjgih2E0Zs"}, "path": "prompt_toolkit/eventloop/inputhook.py", "size": 5234}, {"hash": {"mode": "sha256", "value": "eGA02hKIrwwXYJq9di_0f2NHXNj15Qswrf2i0ai1QE8"}, "path": "prompt_toolkit/eventloop/utils.py", "size": 3138}, {"hash": {"mode": "sha256", "value": "IMxjDrFqp0ip8T1OSon-nA6Wb9VZD3LWG5_epysbn_4"}, "path": "prompt_toolkit/eventloop/win32.py", "size": 1862}, {"hash": {"mode": "sha256", "value": "_3VYzc7t-9NTQvNTFZbZDaS1nHhe8jdV17jpHyUrIWA"}, "path": "prompt_toolkit/filters/__init__.py", "size": 1028}, {"hash": null, "path": "prompt_toolkit/filters/__pycache__/__init__.cpython-37.pyc", "size": null}, {"hash": null, "path": "prompt_toolkit/filters/__pycache__/app.cpython-37.pyc", "size": null}, {"hash": null, "path": "prompt_toolkit/filters/__pycache__/base.cpython-37.pyc", "size": null}, {"hash": null, "path": "prompt_toolkit/filters/__pycache__/cli.cpython-37.pyc", "size": null}, {"hash": null, "path": "prompt_toolkit/filters/__pycache__/utils.cpython-37.pyc", "size": null}, {"hash": {"mode": "sha256", "value": "Q1igrHySC5OJtrpaVk8mijsLU461XeVUD7jNtKWc_Zc"}, "path": "prompt_toolkit/filters/app.py", "size": 9305}, {"hash": {"mode": "sha256", "value": "N_Y0bnyKhK2VXro0GIfdXGPhMQHfoEJz7SaZTYWzFeA"}, "path": "prompt_toolkit/filters/base.py", "size": 5740}, {"hash": {"mode": "sha256", "value": "GZuX1-sEQ7FkAdYYhWfgLJfEQEXmV9nX-cqx_xAdClc"}, "path": "prompt_toolkit/filters/cli.py", "size": 1833}, {"hash": {"mode": "sha256", "value": "_fVP_5lnPC2EOdZ0_9AF94A4XlSeRDyJgPP4fdS-auw"}, "path": "prompt_toolkit/filters/utils.py", "size": 848}, {"hash": {"mode": "sha256", "value": "_rOIKuHH1G7WHEyaohQ6PvSemHbCgetpI4eKK1Jk8rs"}, "path": "prompt_toolkit/formatted_text/__init__.py", "size": 1382}, {"hash": null, "path": "prompt_toolkit/formatted_text/__pycache__/__init__.cpython-37.pyc", "size": null}, {"hash": null, "path": "prompt_toolkit/formatted_text/__pycache__/ansi.cpython-37.pyc", "size": null}, {"hash": null, "path": "prompt_toolkit/formatted_text/__pycache__/base.cpython-37.pyc", "size": null}, {"hash": null, "path": "prompt_toolkit/formatted_text/__pycache__/html.cpython-37.pyc", "size": null}, {"hash": null, "path": "prompt_toolkit/formatted_text/__pycache__/pygments.cpython-37.pyc", "size": null}, {"hash": null, "path": "prompt_toolkit/formatted_text/__pycache__/utils.cpython-37.pyc", "size": null}, {"hash": {"mode": "sha256", "value": "dy-ZVda2ZHgK0rarT3bGpD-NUntbKkOx4GK1pZdzHV8"}, "path": "prompt_toolkit/formatted_text/ansi.py", "size": 8012}, {"hash": {"mode": "sha256", "value": "mJZgZzcVdut2YXF3w71C_XI-m4FwQnGQ615VLxaXQ8g"}, "path": "prompt_toolkit/formatted_text/base.py", "size": 4927}, {"hash": {"mode": "sha256", "value": "J9ESRbY4K9DyXblufsNML6LTtzj8QopD9hcGoaeGwvs"}, "path": "prompt_toolkit/formatted_text/html.py", "size": 3922}, {"hash": {"mode": "sha256", "value": "bpoRvR2NBnJ1TiPi4NvnYSlFSn7cJT7Ip8mWo8SiCDs"}, "path": "prompt_toolkit/formatted_text/pygments.py", "size": 758}, {"hash": {"mode": "sha256", "value": "dLKwsded-AGQzm-pBmBs6ysMttGdvnNgjdebKSLuR_0"}, "path": "prompt_toolkit/formatted_text/utils.py", "size": 2770}, {"hash": {"mode": "sha256", "value": "wCKtzKxm5YgkdIS7wqu30VIG-NOIzYPm3pVyj_gfn7k"}, "path": "prompt_toolkit/history.py", "size": 6338}, {"hash": {"mode": "sha256", "value": "bTDrVqsuSYB4QwZQzverXWYUs7KKRTZAqVLLhHy0DXI"}, "path": "prompt_toolkit/input/__init__.py", "size": 166}, {"hash": null, "path": "prompt_toolkit/input/__pycache__/__init__.cpython-37.pyc", "size": null}, {"hash": null, "path": "prompt_toolkit/input/__pycache__/ansi_escape_sequences.cpython-37.pyc", "size": null}, {"hash": null, "path": "prompt_toolkit/input/__pycache__/base.cpython-37.pyc", "size": null}, {"hash": null, "path": "prompt_toolkit/input/__pycache__/defaults.cpython-37.pyc", "size": null}, {"hash": null, "path": "prompt_toolkit/input/__pycache__/posix_pipe.cpython-37.pyc", "size": null}, {"hash": null, "path": "prompt_toolkit/input/__pycache__/posix_utils.cpython-37.pyc", "size": null}, {"hash": null, "path": "prompt_toolkit/input/__pycache__/typeahead.cpython-37.pyc", "size": null}, {"hash": null, "path": "prompt_toolkit/input/__pycache__/vt100.cpython-37.pyc", "size": null}, {"hash": null, "path": "prompt_toolkit/input/__pycache__/vt100_parser.cpython-37.pyc", "size": null}, {"hash": null, "path": "prompt_toolkit/input/__pycache__/win32.cpython-37.pyc", "size": null}, {"hash": null, "path": "prompt_toolkit/input/__pycache__/win32_pipe.cpython-37.pyc", "size": null}, {"hash": {"mode": "sha256", "value": "jmaxMgtkVfIoyH98zi-f6_2pM6aRMUXfb7FVq-NuWsU"}, "path": "prompt_toolkit/input/ansi_escape_sequences.py", "size": 7138}, {"hash": {"mode": "sha256", "value": "H2hQHaPjVVHhkOqpPazUezK-7EczEABAmM7kgOml7P8"}, "path": "prompt_toolkit/input/base.py", "size": 3276}, {"hash": {"mode": "sha256", "value": "EuMjQ5lVWzg64OC6HvSsHL1VxNMbPdA6kh9CDGkusHc"}, "path": "prompt_toolkit/input/defaults.py", "size": 754}, {"hash": {"mode": "sha256", "value": "fpBc2AHjvK-XBHqiYkxRTLeO1p4dNw0VF8h8eqV7DPo"}, "path": "prompt_toolkit/input/posix_pipe.py", "size": 1834}, {"hash": {"mode": "sha256", "value": "TpeO-GsXfptV0TMkFihMucxNycXx73QPcgUwGRsNf9Q"}, "path": "prompt_toolkit/input/posix_utils.py", "size": 3914}, {"hash": {"mode": "sha256", "value": "C11UcM_-v8F68l462gNSEw5L5j-nD6ybTr7i826Z5pw"}, "path": "prompt_toolkit/input/typeahead.py", "size": 2538}, {"hash": {"mode": "sha256", "value": "BxR8cnPfeGkegdKqGSjCvEo8XU_XTd_vEpxT3T47UKE"}, "path": "prompt_toolkit/input/vt100.py", "size": 9909}, {"hash": {"mode": "sha256", "value": "uoHM2BJzz0W5aWjH0u-25-v8lAhY5SNpB71B481UVNA"}, "path": "prompt_toolkit/input/vt100_parser.py", "size": 8035}, {"hash": {"mode": "sha256", "value": "2BT-stZt40xY_MoBxrKy024FasTsLx_9YU9L6OZUR-U"}, "path": "prompt_toolkit/input/win32.py", "size": 20600}, {"hash": {"mode": "sha256", "value": "YIetLr4nMWvfXSGccvSo9Ak05WBwRLd5ixPCc8vBiq4"}, "path": "prompt_toolkit/input/win32_pipe.py", "size": 4132}, {"hash": {"mode": "sha256", "value": "A9l5tm9ImtVutFHazEc5jeNLNmPgp9xClpSVgH0gD7M"}, "path": "prompt_toolkit/key_binding/__init__.py", "size": 336}, {"hash": null, "path": "prompt_toolkit/key_binding/__pycache__/__init__.cpython-37.pyc", "size": null}, {"hash": null, "path": "prompt_toolkit/key_binding/__pycache__/defaults.cpython-37.pyc", "size": null}, {"hash": null, "path": "prompt_toolkit/key_binding/__pycache__/digraphs.cpython-37.pyc", "size": null}, {"hash": null, "path": "prompt_toolkit/key_binding/__pycache__/emacs_state.cpython-37.pyc", "size": null}, {"hash": null, "path": "prompt_toolkit/key_binding/__pycache__/key_bindings.cpython-37.pyc", "size": null}, {"hash": null, "path": "prompt_toolkit/key_binding/__pycache__/key_processor.cpython-37.pyc", "size": null}, {"hash": null, "path": "prompt_toolkit/key_binding/__pycache__/vi_state.cpython-37.pyc", "size": null}, {"hash": {"mode": "sha256", "value": "47DEQpj8HBSa-_TImW-5JCeuQeRkm5NMpJWZG3hSuFU"}, "path": "prompt_toolkit/key_binding/bindings/__init__.py", "size": 0}, {"hash": null, "path": "prompt_toolkit/key_binding/bindings/__pycache__/__init__.cpython-37.pyc", "size": null}, {"hash": null, "path": "prompt_toolkit/key_binding/bindings/__pycache__/auto_suggest.cpython-37.pyc", "size": null}, {"hash": null, "path": "prompt_toolkit/key_binding/bindings/__pycache__/basic.cpython-37.pyc", "size": null}, {"hash": null, "path": "prompt_toolkit/key_binding/bindings/__pycache__/completion.cpython-37.pyc", "size": null}, {"hash": null, "path": "prompt_toolkit/key_binding/bindings/__pycache__/cpr.cpython-37.pyc", "size": null}, {"hash": null, "path": "prompt_toolkit/key_binding/bindings/__pycache__/emacs.cpython-37.pyc", "size": null}, {"hash": null, "path": "prompt_toolkit/key_binding/bindings/__pycache__/focus.cpython-37.pyc", "size": null}, {"hash": null, "path": "prompt_toolkit/key_binding/bindings/__pycache__/mouse.cpython-37.pyc", "size": null}, {"hash": null, "path": "prompt_toolkit/key_binding/bindings/__pycache__/named_commands.cpython-37.pyc", "size": null}, {"hash": null, "path": "prompt_toolkit/key_binding/bindings/__pycache__/open_in_editor.cpython-37.pyc", "size": null}, {"hash": null, "path": "prompt_toolkit/key_binding/bindings/__pycache__/page_navigation.cpython-37.pyc", "size": null}, {"hash": null, "path": "prompt_toolkit/key_binding/bindings/__pycache__/scroll.cpython-37.pyc", "size": null}, {"hash": null, "path": "prompt_toolkit/key_binding/bindings/__pycache__/search.cpython-37.pyc", "size": null}, {"hash": null, "path": "prompt_toolkit/key_binding/bindings/__pycache__/vi.cpython-37.pyc", "size": null}, {"hash": {"mode": "sha256", "value": "HoscBiUAmqP56IP_PbAigUMhbp3bj1Lb1rb0BskUbWA"}, "path": "prompt_toolkit/key_binding/bindings/auto_suggest.py", "size": 1745}, {"hash": {"mode": "sha256", "value": "4l1okvcA37hCqSWWFEVfAu7s6ouGqlTl_NyGaMDgDHA"}, "path": "prompt_toolkit/key_binding/bindings/basic.py", "size": 7058}, {"hash": {"mode": "sha256", "value": "Re7N85nQJETE2L25I67co4abHGRWy2_-z7Ek0ptZDgM"}, "path": "prompt_toolkit/key_binding/bindings/completion.py", "size": 6811}, {"hash": {"mode": "sha256", "value": "UHiMtz2SHJ46jlQfB3d0Ny7xrAceeBCZ5paxViO8FE4"}, "path": "prompt_toolkit/key_binding/bindings/cpr.py", "size": 750}, {"hash": {"mode": "sha256", "value": "uNQgEymO9jloB9WmVqXZeeueqq3lhWAQxkxOX_9HTzE"}, "path": "prompt_toolkit/key_binding/bindings/emacs.py", "size": 18644}, {"hash": {"mode": "sha256", "value": "KU_fPd9fo2FwNPjlsEiwb39Siwg74j5aqwnlBmFQmhs"}, "path": "prompt_toolkit/key_binding/bindings/focus.py", "size": 471}, {"hash": {"mode": "sha256", "value": "uhW7twioLv1SpRgGyfItHWEKMgv5D5o2OsKN4RgEhIo"}, "path": "prompt_toolkit/key_binding/bindings/mouse.py", "size": 4704}, {"hash": {"mode": "sha256", "value": "oq0nxS6UGCjNAiz8IbrvEeavQmJ2XoibOpaYhXkXGI8"}, "path": "prompt_toolkit/key_binding/bindings/named_commands.py", "size": 18189}, {"hash": {"mode": "sha256", "value": "43ISOqvzaTsHTFd5wpCRE3-L7JCg1YRzjHfE5n4l_Do"}, "path": "prompt_toolkit/key_binding/bindings/open_in_editor.py", "size": 1321}, {"hash": {"mode": "sha256", "value": "4QrEnPZr9_Qz-BymasB8aE2bw7GDVmM-TefHwJprx1M"}, "path": "prompt_toolkit/key_binding/bindings/page_navigation.py", "size": 2307}, {"hash": {"mode": "sha256", "value": "PwsGk6qppVmubc4FXL370ak06GQkdZmKF-0DYisa2-U"}, "path": "prompt_toolkit/key_binding/bindings/scroll.py", "size": 5485}, {"hash": {"mode": "sha256", "value": "EeOm2en6yJ8fKUu-f3c6VmNg-LR9_m0Q-uOEyvAIH7U"}, "path": "prompt_toolkit/key_binding/bindings/search.py", "size": 2630}, {"hash": {"mode": "sha256", "value": "qMtagoRf7TDPGmnCWMIQrfU-ThYBnefWP_OU_956ypU"}, "path": "prompt_toolkit/key_binding/bindings/vi.py", "size": 70779}, {"hash": {"mode": "sha256", "value": "1RLzFWE4Q6Ynwkfgm4Sh8aUMeetQLU70YbodgboRs_s"}, "path": "prompt_toolkit/key_binding/defaults.py", "size": 1837}, {"hash": {"mode": "sha256", "value": "ZxNPlUMIf8Mk4kry4U4_TULoTQeQxXxLHG8PH0i4Bxk"}, "path": "prompt_toolkit/key_binding/digraphs.py", "size": 32809}, {"hash": {"mode": "sha256", "value": "GH3mSGHk6o3msaNBfz4IPfhEE1sn3cJ_qK2_zyjr-jU"}, "path": "prompt_toolkit/key_binding/emacs_state.py", "size": 894}, {"hash": {"mode": "sha256", "value": "7LaNe_eVdD64jAu1mexqe5lCuOsYJ1QYZwP1k-JkH18"}, "path": "prompt_toolkit/key_binding/key_bindings.py", "size": 19066}, {"hash": {"mode": "sha256", "value": "jOOvavBQTGFRgOawcyLmxizYF_BDAo3Kdc_56Dd6U5M"}, "path": "prompt_toolkit/key_binding/key_processor.py", "size": 17760}, {"hash": {"mode": "sha256", "value": "w38266eRou-F__MsXerhdBOcl8ak70-HWIb7c5HHRUw"}, "path": "prompt_toolkit/key_binding/vi_state.py", "size": 3270}, {"hash": {"mode": "sha256", "value": "ek77XedTtPstqohIvewA7bftL3Dq8f9YgWjSpjrSyEA"}, "path": "prompt_toolkit/keys.py", "size": 3163}, {"hash": {"mode": "sha256", "value": "dj5H6EMt_qVkMaUq4-fQAzO2LywAGKQhe1NxsFxThfQ"}, "path": "prompt_toolkit/layout/__init__.py", "size": 3467}, {"hash": null, "path": "prompt_toolkit/layout/__pycache__/__init__.cpython-37.pyc", "size": null}, {"hash": null, "path": "prompt_toolkit/layout/__pycache__/containers.cpython-37.pyc", "size": null}, {"hash": null, "path": "prompt_toolkit/layout/__pycache__/controls.cpython-37.pyc", "size": null}, {"hash": null, "path": "prompt_toolkit/layout/__pycache__/dimension.cpython-37.pyc", "size": null}, {"hash": null, "path": "prompt_toolkit/layout/__pycache__/dummy.cpython-37.pyc", "size": null}, {"hash": null, "path": "prompt_toolkit/layout/__pycache__/layout.cpython-37.pyc", "size": null}, {"hash": null, "path": "prompt_toolkit/layout/__pycache__/margins.cpython-37.pyc", "size": null}, {"hash": null, "path": "prompt_toolkit/layout/__pycache__/menus.cpython-37.pyc", "size": null}, {"hash": null, "path": "prompt_toolkit/layout/__pycache__/mouse_handlers.cpython-37.pyc", "size": null}, {"hash": null, "path": "prompt_toolkit/layout/__pycache__/processors.cpython-37.pyc", "size": null}, {"hash": null, "path": "prompt_toolkit/layout/__pycache__/screen.cpython-37.pyc", "size": null}, {"hash": null, "path": "prompt_toolkit/layout/__pycache__/utils.cpython-37.pyc", "size": null}, {"hash": {"mode": "sha256", "value": "6VpJNN65nXX2Zq2ddbq-ouE1BALtgH9h9cs7y9JaS6Q"}, "path": "prompt_toolkit/layout/containers.py", "size": 96051}, {"hash": {"mode": "sha256", "value": "j2BHKyUieVyIQf6U_esMKwLUUe_etmVEX-nQO-glWck"}, "path": "prompt_toolkit/layout/controls.py", "size": 34554}, {"hash": {"mode": "sha256", "value": "8Hgf9SOBRS-uDNKYle3eFu3T_C61afrYEX38oYI5ex8"}, "path": "prompt_toolkit/layout/dimension.py", "size": 6939}, {"hash": {"mode": "sha256", "value": "k6JGs_tFIsmhnDeficdefkHlvd8erHC1IbNXUto_JBA"}, "path": "prompt_toolkit/layout/dummy.py", "size": 1004}, {"hash": {"mode": "sha256", "value": "dFHTywEK_9kGcGrsd82ztFVSCxH99woErlowfqxBDz0"}, "path": "prompt_toolkit/layout/layout.py", "size": 13853}, {"hash": {"mode": "sha256", "value": "_atYsXd5_cpq0h3Oo5YplMNUhVsVgDCPbwPZqB5DwiM"}, "path": "prompt_toolkit/layout/margins.py", "size": 10195}, {"hash": {"mode": "sha256", "value": "ts-w-OudO12v-lgVm0hoZ_6yoKP_fXI1j4uWqgq5EG8"}, "path": "prompt_toolkit/layout/menus.py", "size": 24874}, {"hash": {"mode": "sha256", "value": "aDKjlq4Vr8oIFOoK2nbAFWgY2D8yY24lJQalHuSQfWY"}, "path": "prompt_toolkit/layout/mouse_handlers.py", "size": 1007}, {"hash": {"mode": "sha256", "value": "CPDUGY2OszVM1SMwuoQkzfPyEY3O6Ha8kE_zGTGfSog"}, "path": "prompt_toolkit/layout/processors.py", "size": 33011}, {"hash": {"mode": "sha256", "value": "sOf3iMjT21mfVTf6QDVpaKKayYB1arNN_Jgwwn6fweE"}, "path": "prompt_toolkit/layout/screen.py", "size": 9615}, {"hash": {"mode": "sha256", "value": "x_tHghTqcYYjaK10SBDmkE28IJSBghKWOGs557fL0yg"}, "path": "prompt_toolkit/layout/utils.py", "size": 2225}, {"hash": {"mode": "sha256", "value": "lyp1gPBb7J3T3yDo_LS8pIoKPNHebtS5ryBsLz29b_c"}, "path": "prompt_toolkit/lexers/__init__.py", "size": 373}, {"hash": null, "path": "prompt_toolkit/lexers/__pycache__/__init__.cpython-37.pyc", "size": null}, {"hash": null, "path": "prompt_toolkit/lexers/__pycache__/base.cpython-37.pyc", "size": null}, {"hash": null, "path": "prompt_toolkit/lexers/__pycache__/pygments.cpython-37.pyc", "size": null}, {"hash": {"mode": "sha256", "value": "BV_tJuIxuahPuHCBTM0SdPHtpZAdfvgf0urbpstefWw"}, "path": "prompt_toolkit/lexers/base.py", "size": 2324}, {"hash": {"mode": "sha256", "value": "KCFu_0s7-BaIl80sOkgT5gQMZbMGMLFVU7R-x9mOVp4"}, "path": "prompt_toolkit/lexers/pygments.py", "size": 11950}, {"hash": {"mode": "sha256", "value": "3Eo2mBJ51cpk8t5i7f9vEhIaqUlwU1e5Bf5j86C-I1Y"}, "path": "prompt_toolkit/log.py", "size": 116}, {"hash": {"mode": "sha256", "value": "TEwwuyVlDDx86BB7Pt0IylFYiRoM4Cuxvz8pom9UIrY"}, "path": "prompt_toolkit/mouse_events.py", "size": 1348}, {"hash": {"mode": "sha256", "value": "Rps0IhnnRYgVDUcQ-L2mF53QzAzbbImNyI1OopNB_mc"}, "path": "prompt_toolkit/output/__init__.py", "size": 246}, {"hash": null, "path": "prompt_toolkit/output/__pycache__/__init__.cpython-37.pyc", "size": null}, {"hash": null, "path": "prompt_toolkit/output/__pycache__/base.cpython-37.pyc", "size": null}, {"hash": null, "path": "prompt_toolkit/output/__pycache__/color_depth.cpython-37.pyc", "size": null}, {"hash": null, "path": "prompt_toolkit/output/__pycache__/conemu.cpython-37.pyc", "size": null}, {"hash": null, "path": "prompt_toolkit/output/__pycache__/defaults.cpython-37.pyc", "size": null}, {"hash": null, "path": "prompt_toolkit/output/__pycache__/vt100.cpython-37.pyc", "size": null}, {"hash": null, "path": "prompt_toolkit/output/__pycache__/win32.cpython-37.pyc", "size": null}, {"hash": null, "path": "prompt_toolkit/output/__pycache__/windows10.cpython-37.pyc", "size": null}, {"hash": {"mode": "sha256", "value": "56R6vmjiG0DgrNrQlWOBTP9blVi6wt5t0HZWKU5x16s"}, "path": "prompt_toolkit/output/base.py", "size": 6077}, {"hash": {"mode": "sha256", "value": "ErFcc9cNPrWIz1UZw8-wMlc1i7mJt65xjOvIgAflMqI"}, "path": "prompt_toolkit/output/color_depth.py", "size": 1515}, {"hash": {"mode": "sha256", "value": "31sLreNTNbDuXtRxuLSwwM5PpAnkr5ypR6HsWmWMg3w"}, "path": "prompt_toolkit/output/conemu.py", "size": 1445}, {"hash": {"mode": "sha256", "value": "UpkaTrQUVUuVMQiEMOGX_VfS8Y5DJE3um8xZKCX4LFM"}, "path": "prompt_toolkit/output/defaults.py", "size": 1681}, {"hash": {"mode": "sha256", "value": "7VJGdO4lEU1Gtw71quNjqmc43eHhgEkpXs6h9-7nh3Q"}, "path": "prompt_toolkit/output/vt100.py", "size": 21095}, {"hash": {"mode": "sha256", "value": "gRK-eOD48kcknAZZxNY4KKutsSJvQcpqUNapk54fu5s"}, "path": "prompt_toolkit/output/win32.py", "size": 20596}, {"hash": {"mode": "sha256", "value": "z8MXZzneOfbJDDonko0odDE7zZy7Gmn2zho-r0UoEPg"}, "path": "prompt_toolkit/output/windows10.py", "size": 2727}, {"hash": {"mode": "sha256", "value": "hVaKSuAizwEh5MYKakMCCHykCR1mR2BQtZHg6KGWAUs"}, "path": "prompt_toolkit/patch_stdout.py", "size": 4862}, {"hash": {"mode": "sha256", "value": "yxaEHZ1Mx4dEFsYttcngfviv7q7y-qEK89KIUp_13ho"}, "path": "prompt_toolkit/renderer.py", "size": 25706}, {"hash": {"mode": "sha256", "value": "Fxks_TGPrjLEIfHBR2xPnTilxnJ_v_mhWAnygmWHLfQ"}, "path": "prompt_toolkit/search.py", "size": 6947}, {"hash": {"mode": "sha256", "value": "tiq27jbPBLXy8Q0_LyBXqd5AgwByx5oxDuQiqyL7Wog"}, "path": "prompt_toolkit/selection.py", "size": 1251}, {"hash": {"mode": "sha256", "value": "EYY1B6TkUcE13uDMcc1RFbdt3wswqY0JvtRKicALAdk"}, "path": "prompt_toolkit/shortcuts/__init__.py", "size": 872}, {"hash": null, "path": "prompt_toolkit/shortcuts/__pycache__/__init__.cpython-37.pyc", "size": null}, {"hash": null, "path": "prompt_toolkit/shortcuts/__pycache__/dialogs.cpython-37.pyc", "size": null}, {"hash": null, "path": "prompt_toolkit/shortcuts/__pycache__/prompt.cpython-37.pyc", "size": null}, {"hash": null, "path": "prompt_toolkit/shortcuts/__pycache__/utils.cpython-37.pyc", "size": null}, {"hash": {"mode": "sha256", "value": "u5GrspK3HDqhx_oZQLnKP2D-TTOhea7Qo-U8hWdSu7U"}, "path": "prompt_toolkit/shortcuts/dialogs.py", "size": 8671}, {"hash": {"mode": "sha256", "value": "rL4qQW9wPgqMKq3hO2W6ifsFFm2NpTKF4UFGm884sgQ"}, "path": "prompt_toolkit/shortcuts/progress_bar/__init__.py", "size": 459}, {"hash": null, "path": "prompt_toolkit/shortcuts/progress_bar/__pycache__/__init__.cpython-37.pyc", "size": null}, {"hash": null, "path": "prompt_toolkit/shortcuts/progress_bar/__pycache__/base.cpython-37.pyc", "size": null}, {"hash": null, "path": "prompt_toolkit/shortcuts/progress_bar/__pycache__/formatters.cpython-37.pyc", "size": null}, {"hash": {"mode": "sha256", "value": "0AI_Kacpi4kHRNtoHwgaVOvhxcN9IffB_KmXVYrLZiM"}, "path": "prompt_toolkit/shortcuts/progress_bar/base.py", "size": 12193}, {"hash": {"mode": "sha256", "value": "fXdE4zy-uVeR3TbykrUAJgT-7rt_c3C3ZI9VscwqUEw"}, "path": "prompt_toolkit/shortcuts/progress_bar/formatters.py", "size": 11081}, {"hash": {"mode": "sha256", "value": "Ym3hOJRBzW2OSJXDgMuh-MURmx9jQawip9EgRIyZRGs"}, "path": "prompt_toolkit/shortcuts/prompt.py", "size": 54282}, {"hash": {"mode": "sha256", "value": "ut1ledY9umj7dZuw2c7_JPCY3VF2XTYyb3Q4QrGtSP8"}, "path": "prompt_toolkit/shortcuts/utils.py", "size": 5756}, {"hash": {"mode": "sha256", "value": "Z57-VZ95OxQats18OVEimDdQZnDvE73CUudnjwHcLoo"}, "path": "prompt_toolkit/styles/__init__.py", "size": 1608}, {"hash": null, "path": "prompt_toolkit/styles/__pycache__/__init__.cpython-37.pyc", "size": null}, {"hash": null, "path": "prompt_toolkit/styles/__pycache__/base.cpython-37.pyc", "size": null}, {"hash": null, "path": "prompt_toolkit/styles/__pycache__/defaults.cpython-37.pyc", "size": null}, {"hash": null, "path": "prompt_toolkit/styles/__pycache__/named_colors.cpython-37.pyc", "size": null}, {"hash": null, "path": "prompt_toolkit/styles/__pycache__/pygments.cpython-37.pyc", "size": null}, {"hash": null, "path": "prompt_toolkit/styles/__pycache__/style.cpython-37.pyc", "size": null}, {"hash": null, "path": "prompt_toolkit/styles/__pycache__/style_transformation.cpython-37.pyc", "size": null}, {"hash": {"mode": "sha256", "value": "S98A4JHgf23N8juIi7ZiI70DvoFJzEgh-1wCbYNmeWM"}, "path": "prompt_toolkit/styles/base.py", "size": 4947}, {"hash": {"mode": "sha256", "value": "Ua-tIRtXkm2diMQyjgN1TFNg67VltS6-S9YnI2p4huc"}, "path": "prompt_toolkit/styles/defaults.py", "size": 10970}, {"hash": {"mode": "sha256", "value": "Ys2kh_XsFKK10t6LsoE8aXFqzaSd3DCxZztw_9ugTVY"}, "path": "prompt_toolkit/styles/named_colors.py", "size": 5993}, {"hash": {"mode": "sha256", "value": "yWa4Z6aQ_pEq9SvzmVh3POJLSB3inbJbn9s-oFi2_xY"}, "path": "prompt_toolkit/styles/pygments.py", "size": 1955}, {"hash": {"mode": "sha256", "value": "Ig7lF9E7WaGEpwU6Q7515_iT0WFbv8FwyuZ7ojdSXNg"}, "path": "prompt_toolkit/styles/style.py", "size": 13045}, {"hash": {"mode": "sha256", "value": "YEQR42y_5f-Ekc0BPUnMcPiyR_LDAd5Fu0QBQYe_0lg"}, "path": "prompt_toolkit/styles/style_transformation.py", "size": 12528}, {"hash": {"mode": "sha256", "value": "5ZX642fDuu3z65Xkzel2FjzGr5pMNFTIlYDPZia6vmA"}, "path": "prompt_toolkit/token.py", "size": 85}, {"hash": {"mode": "sha256", "value": "Yysh7wG2lxZNUP7iD04un2tygpdRxmm5ZLvuAYDvFL8"}, "path": "prompt_toolkit/utils.py", "size": 7637}, {"hash": {"mode": "sha256", "value": "cphImKOI3bfiaoTFNeQxUMDiuxE2KErZfDKGVtqEPaA"}, "path": "prompt_toolkit/validation.py", "size": 5871}, {"hash": {"mode": "sha256", "value": "FB2hSeGI976hdpDQfR0k7vMA5F92YbBXPXRbz5lSOUU"}, "path": "prompt_toolkit/widgets/__init__.py", "size": 1184}, {"hash": null, "path": "prompt_toolkit/widgets/__pycache__/__init__.cpython-37.pyc", "size": null}, {"hash": null, "path": "prompt_toolkit/widgets/__pycache__/base.cpython-37.pyc", "size": null}, {"hash": null, "path": "prompt_toolkit/widgets/__pycache__/dialogs.cpython-37.pyc", "size": null}, {"hash": null, "path": "prompt_toolkit/widgets/__pycache__/menus.cpython-37.pyc", "size": null}, {"hash": null, "path": "prompt_toolkit/widgets/__pycache__/toolbars.cpython-37.pyc", "size": null}, {"hash": {"mode": "sha256", "value": "h3rEylWMOnsHDGhp8fP1s4k25pWHr5VZeSEQlvt9WXM"}, "path": "prompt_toolkit/widgets/base.py", "size": 27612}, {"hash": {"mode": "sha256", "value": "Bt8iDQ9qu5MNEOchN2aXtKokpoZW5zBnO2Jh4IW9DOQ"}, "path": "prompt_toolkit/widgets/dialogs.py", "size": 3263}, {"hash": {"mode": "sha256", "value": "iTnYmLQQFIkWcG7PlPASDvJkf2l9bJx_h3Dv4QNxvaE"}, "path": "prompt_toolkit/widgets/menus.py", "size": 12125}, {"hash": {"mode": "sha256", "value": "-Bbn58OBugAACppp9aVBfdeK46gpaYIreVgSwna27yo"}, "path": "prompt_toolkit/widgets/toolbars.py", "size": 11947}, {"hash": {"mode": "sha256", "value": "KfPHk7XgH_O3HWVYvGo0frcmYJ02wj-YLIPEg_lGQ0s"}, "path": "prompt_toolkit/win32_types.py", "size": 4059}], "metadata": {"Author": "Jonathan Slenders", "Classifier": ["Development Status :: 5 - Production/Stable", "Intended Audience :: Developers", "License :: OSI Approved :: BSD License", "Operating System :: OS Independent", "Programming Language :: Python :: 3", "Programming Language :: Python :: 3.6", "Programming Language :: Python :: 3.7", "Programming Language :: Python :: 3 :: Only", "Programming Language :: Python", "Topic :: Software Development"], "Description-Content-Type": "text/x-rst", "Home-page": "https://github.com/prompt-toolkit/python-prompt-toolkit", "License": "UNKNOWN", "Metadata-Version": "2.1", "Name": "prompt-toolkit", "Platform": ["UNKNOWN"], "Requires-Dist": ["wcwidth"], "Requires-Python": ">=3.6", "Summary": "Library for building powerful interactive command lines in Python", "Version": "3.0.0"}, "requires": ["wcwidth"], "version": "3.0.0"}, "index_url": "https://pypi.org/simple", "package_name": "prompt-toolkit", "package_version": "3.0.0", "package_version_requested": "3.0.0", "sha256": ["3f1e4acc78605c25f79992c2e5b3fe9a1c238a6444ae3f4b7d2678cfbd67a8f8", "cf1fc1500e9818973c4f92b6015bece88253f0aa599dd61d3fd375c5205cecbb"]}], "unparsed": [], "unresolved": []}}