{"metadata": {"analyzer": "thoth-solver", "analyzer_version": "1.4.1", "arguments": {"python": {"exclude_packages": null, "index": "https://pypi.org/simple", "no_pretty": false, "no_transitive": true, "output": "http://result-api/api/v1/solver-result", "requirements": "coala===0.1.1.dev1171", "virtualenv": "/home/solver/venv"}, "thoth-solver": {"verbose": false}}, "datetime": "2020-01-03T11:24:35.968918", "distribution": {"codename": "", "id": "fedora", "like": "", "version": "31", "version_parts": {"build_number": "", "major": "31", "minor": ""}}, "document_id": "solver-fedora-31-py37-062df6ec", "duration": 4, "hostname": "solver-fedora-31-py37-062df6ec-j58g4", "os_release": {"id": "fedora", "name": "Fedora", "platform_id": "platform:f31", "redhat_bugzilla_product": "Fedora", "redhat_bugzilla_product_version": "31", "redhat_support_product": "Fedora", "redhat_support_product_version": "31", "variant_id": "container", "version": "31 (Container Image)", "version_id": "31"}, "python": {"api_version": 1013, "implementation_name": "cpython", "major": 3, "micro": 5, "minor": 7, "releaselevel": "final", "serial": 0}, "thoth_deployment_name": "thoth-psi-stage", "timestamp": 1578050675}, "result": {"environment": {"implementation_name": "cpython", "implementation_version": "3.7.5", "os_name": "posix", "platform_machine": "x86_64", "platform_python_implementation": "CPython", "platform_release": "3.10.0-957.21.2.el7.x86_64", "platform_system": "Linux", "platform_version": "#1 SMP Tue May 28 09:26:43 UTC 2019", "python_full_version": "3.7.5", "python_version": "3.7", "sys_platform": "linux"}, "environment_packages": [{"package_name": "pipdeptree", "package_version": "0.13.2"}], "errors": [], "tree": [{"dependencies": [], "importlib_metadata": {"entry_points": [{"group": "console_scripts", "name": "coala", "value": "coalib.coala:main"}, {"group": "console_scripts", "name": "coala-ci", "value": "coalib.coala_ci:main"}, {"group": "console_scripts", "name": "coala-dbus", "value": "coalib.coala_dbus:main"}], "files": [{"hash": {"mode": "sha256", "value": "ztGXV3hkQANOFq83UTJwNit2lkRJhla7tWr2Oxg_02A"}, "path": "../../../bin/coala", "size": 224}, {"hash": {"mode": "sha256", "value": "8QDEu2kNY5c7fkGVWoE2ie2EqbZ6JLloXTVfsliuPZI"}, "path": "../../../bin/coala-ci", "size": 227}, {"hash": {"mode": "sha256", "value": "HbeP4csCc9z2ftodFK9yF_E8dA-cakyR8g6vRVHnfy0"}, "path": "../../../bin/coala-dbus", "size": 229}, {"hash": {"mode": "sha256", "value": "47DEQpj8HBSa-_TImW-5JCeuQeRkm5NMpJWZG3hSuFU"}, "path": "bears/__init__.py", "size": 0}, {"hash": null, "path": "bears/__pycache__/__init__.cpython-37.pyc", "size": null}, {"hash": {"mode": "sha256", "value": "GvZJgRt_HicaIpW4aMe62E63GtWYfA3x_WNdDEGIuHc"}, "path": "bears/codeclone_detection/ClangASTPrintBear.py", "size": 2029}, {"hash": {"mode": "sha256", "value": "Ex3toVSkic68iR4ZDy-CDKI__O_ubMhYVmKl_xzS280"}, "path": "bears/codeclone_detection/ClangCloneDetectionBear.py", "size": 1667}, {"hash": {"mode": "sha256", "value": "xx4c98rcGSwyKOEdfgHoNKeucGZHaPS5ZfjL1sJ5j6U"}, "path": "bears/codeclone_detection/ClangCountVectorCreator.py", "size": 6495}, {"hash": {"mode": "sha256", "value": "eLiAdA_N0PZCmuULxpL9nQ1bcq6T6b6yvnQoO8EuUIA"}, "path": "bears/codeclone_detection/ClangCountingConditions.py", "size": 13889}, {"hash": {"mode": "sha256", "value": "OLR-E8ElXMc9HHvwqVyUBdkwT-EjLLn0Am2HuLKUTUY"}, "path": "bears/codeclone_detection/ClangFunctionDifferenceBear.py", "size": 6236}, {"hash": {"mode": "sha256", "value": "F0vDWLquEqJusApHwG7ROQfPcvf9kJsaNbup5Ulek1w"}, "path": "bears/codeclone_detection/CloneDetectionRoutines.py", "size": 7798}, {"hash": {"mode": "sha256", "value": "ecWgHc-yrfqVPCOB2MdlI-DPBacRprREX6McYowVjFE"}, "path": "bears/codeclone_detection/CountVector.py", "size": 2974}, {"hash": {"mode": "sha256", "value": "eGgTmGqdzpTbFgUbXP_Gb9p4-DNslp1st8Ku7VfVzI4"}, "path": "bears/codeclone_detection/__init__.py", "size": 177}, {"hash": null, "path": "bears/codeclone_detection/__pycache__/ClangASTPrintBear.cpython-37.pyc", "size": null}, {"hash": null, "path": "bears/codeclone_detection/__pycache__/ClangCloneDetectionBear.cpython-37.pyc", "size": null}, {"hash": null, "path": "bears/codeclone_detection/__pycache__/ClangCountVectorCreator.cpython-37.pyc", "size": null}, {"hash": null, "path": "bears/codeclone_detection/__pycache__/ClangCountingConditions.cpython-37.pyc", "size": null}, {"hash": null, "path": "bears/codeclone_detection/__pycache__/ClangFunctionDifferenceBear.cpython-37.pyc", "size": null}, {"hash": null, "path": "bears/codeclone_detection/__pycache__/CloneDetectionRoutines.cpython-37.pyc", "size": null}, {"hash": null, "path": "bears/codeclone_detection/__pycache__/CountVector.cpython-37.pyc", "size": null}, {"hash": null, "path": "bears/codeclone_detection/__pycache__/__init__.cpython-37.pyc", "size": null}, {"hash": {"mode": "sha256", "value": "rju0YgTJR28aUGAOi15sdvlbkL-uflEb0zcLzYxp8K4"}, "path": "bears/misc/KeywordBear.py", "size": 1383}, {"hash": {"mode": "sha256", "value": "0N0OvgEV-mHTSQ63Xg_gGnOFKy5thd__B37N8P1t4AY"}, "path": "bears/misc/LineCountBear.py", "size": 514}, {"hash": {"mode": "sha256", "value": "A_86oRCHVoE6vvDaL1oq0wiojLW0Wf_Ng-Al5r7YQK4"}, "path": "bears/misc/LineLengthBear.py", "size": 1322}, {"hash": {"mode": "sha256", "value": "4FIVV2iNkb_3p2AouHdN96ovkw9QXnOCEDiUtqkzK1c"}, "path": "bears/misc/__init__.py", "size": 38}, {"hash": null, "path": "bears/misc/__pycache__/KeywordBear.cpython-37.pyc", "size": null}, {"hash": null, "path": "bears/misc/__pycache__/LineCountBear.cpython-37.pyc", "size": null}, {"hash": null, "path": "bears/misc/__pycache__/LineLengthBear.cpython-37.pyc", "size": null}, {"hash": null, "path": "bears/misc/__pycache__/__init__.cpython-37.pyc", "size": null}, {"hash": {"mode": "sha256", "value": "P-HQpa-tI-tntVk32oQVEnyIz-EiD35sk5SeiUXRzVY"}, "path": "bears/spacing/SpaceConsistencyBear.py", "size": 1974}, {"hash": {"mode": "sha256", "value": "g1lChff7v5UgXcwK2emg1QAy1aYh23WxBwwdpKsMb8Q"}, "path": "bears/spacing/__init__.py", "size": 40}, {"hash": null, "path": "bears/spacing/__pycache__/SpaceConsistencyBear.cpython-37.pyc", "size": null}, {"hash": null, "path": "bears/spacing/__pycache__/__init__.cpython-37.pyc", "size": null}, {"hash": {"mode": "sha256", "value": "zuuue4knoyJ-UwPPXg8fezS7VCrXJQrAP7zeNuwvFQg"}, "path": "coala-0.1.1.dev0.dist-info/INSTALLER", "size": 4}, {"hash": {"mode": "sha256", "value": "RD025WcReFhqlo6gMZoJZmRYl0HT5Y5JfvqFHnVJMrc"}, "path": "coala-0.1.1.dev0.dist-info/METADATA", "size": 1404}, {"hash": null, "path": "coala-0.1.1.dev0.dist-info/RECORD", "size": null}, {"hash": {"mode": "sha256", "value": "wYBY2EO50FhAcckpWmO3c3Zwk2MALACx6lPAl6gVKnE"}, "path": "coala-0.1.1.dev0.dist-info/WHEEL", "size": 93}, {"hash": {"mode": "sha256", "value": "vE7dl3aQKCy4KH_uT4wu8rwJLhQlqNXG96II8rC2qvA"}, "path": "coala-0.1.1.dev0.dist-info/entry_points.txt", "size": 113}, {"hash": {"mode": "sha256", "value": "ajng6MOgVEkYCbsvAesrg9XMMR8GExZh4UNtQOrpmzc"}, "path": "coala-0.1.1.dev0.dist-info/top_level.txt", "size": 13}, {"hash": {"mode": "sha256", "value": "rgrzwCR5Z5wRqCoVdJiWpm4ogf1WdKphIFJvOlcTCWs"}, "path": "coalib/__init__.py", "size": 284}, {"hash": null, "path": "coalib/__pycache__/__init__.cpython-37.pyc", "size": null}, {"hash": null, "path": "coalib/__pycache__/coala.cpython-37.pyc", "size": null}, {"hash": null, "path": "coalib/__pycache__/coala_ci.cpython-37.pyc", "size": null}, {"hash": null, "path": "coalib/__pycache__/coala_dbus.cpython-37.pyc", "size": null}, {"hash": {"mode": "sha256", "value": "TjHZUJ7C5GP6Mm5RGBkaNIiJZjP-wkXAt64CcB55io4"}, "path": "coalib/bearlib/__init__.py", "size": 211}, {"hash": null, "path": "coalib/bearlib/__pycache__/__init__.cpython-37.pyc", "size": null}, {"hash": {"mode": "sha256", "value": "08YBjVKTIMWe_7O9sBY9_o3MA5-8tsClnrwencQAyQc"}, "path": "coalib/bearlib/abstractions/SectionCreatable.py", "size": 2589}, {"hash": {"mode": "sha256", "value": "YoW2D19q_5IMGkiI9ubJCK9-lgGp3a8W9eqDX3XRNI4"}, "path": "coalib/bearlib/abstractions/__init__.py", "size": 110}, {"hash": null, "path": "coalib/bearlib/abstractions/__pycache__/SectionCreatable.cpython-37.pyc", "size": null}, {"hash": null, "path": "coalib/bearlib/abstractions/__pycache__/__init__.cpython-37.pyc", "size": null}, {"hash": {"mode": "sha256", "value": "DrNeYz4W3MvxaD9ANLfEMQquSQoNcIOsBZGlldUPNW4"}, "path": "coalib/bearlib/parsing/__init__.py", "size": 108}, {"hash": null, "path": "coalib/bearlib/parsing/__pycache__/__init__.cpython-37.pyc", "size": null}, {"hash": {"mode": "sha256", "value": "ZGxxZ5GrIIAaYKWTq16FoFW62SSwQDfyB5rOGonaKUE"}, "path": "coalib/bearlib/parsing/clang/__init__.py", "size": 560}, {"hash": null, "path": "coalib/bearlib/parsing/clang/__pycache__/__init__.cpython-37.pyc", "size": null}, {"hash": null, "path": "coalib/bearlib/parsing/clang/__pycache__/cindex.cpython-37.pyc", "size": null}, {"hash": null, "path": "coalib/bearlib/parsing/clang/__pycache__/enumerations.cpython-37.pyc", "size": null}, {"hash": {"mode": "sha256", "value": "A-aFiHgCtM2pYiU9FA2NW-eLOjcl1b7rgMi-WxsWcw0"}, "path": "coalib/bearlib/parsing/clang/cindex.py", "size": 95477}, {"hash": {"mode": "sha256", "value": "Lf1mYXJ43nNH5OsOVzUdSsn06tDzy-_O-80UW-ZLLww"}, "path": "coalib/bearlib/parsing/clang/enumerations.py", "size": 1075}, {"hash": {"mode": "sha256", "value": "qtt_5eyDvvp8OUhsXVz1OBdpvncSMEA9u4S8BBuvjXU"}, "path": "coalib/bearlib/spacing/SpacingHelper.py", "size": 3628}, {"hash": {"mode": "sha256", "value": "47DEQpj8HBSa-_TImW-5JCeuQeRkm5NMpJWZG3hSuFU"}, "path": "coalib/bearlib/spacing/__init__.py", "size": 0}, {"hash": null, "path": "coalib/bearlib/spacing/__pycache__/SpacingHelper.cpython-37.pyc", "size": null}, {"hash": null, "path": "coalib/bearlib/spacing/__pycache__/__init__.cpython-37.pyc", "size": null}, {"hash": {"mode": "sha256", "value": "s69t8mjPmqHwlrv57_VQeMm7J9thh9AzIcEieC2oYYY"}, "path": "coalib/bears/BEAR_KIND.py", "size": 71}, {"hash": {"mode": "sha256", "value": "AMnk7U7Ki8y7uYiNwliJh18vmn_xjhbOOPsrzhO32l0"}, "path": "coalib/bears/Bear.py", "size": 5471}, {"hash": {"mode": "sha256", "value": "uDKqCavhju1Bfp1P12w1y7t2tDMmzwS8m8nM3CVQKsI"}, "path": "coalib/bears/GlobalBear.py", "size": 1177}, {"hash": {"mode": "sha256", "value": "fVYWp13V8SZrNeZ3ocNTUT_ILyI3MlJMRRqX1lelqIw"}, "path": "coalib/bears/LocalBear.py", "size": 1685}, {"hash": {"mode": "sha256", "value": "47DEQpj8HBSa-_TImW-5JCeuQeRkm5NMpJWZG3hSuFU"}, "path": "coalib/bears/__init__.py", "size": 0}, {"hash": null, "path": "coalib/bears/__pycache__/BEAR_KIND.cpython-37.pyc", "size": null}, {"hash": null, "path": "coalib/bears/__pycache__/Bear.cpython-37.pyc", "size": null}, {"hash": null, "path": "coalib/bears/__pycache__/GlobalBear.cpython-37.pyc", "size": null}, {"hash": null, "path": "coalib/bears/__pycache__/LocalBear.cpython-37.pyc", "size": null}, {"hash": null, "path": "coalib/bears/__pycache__/__init__.cpython-37.pyc", "size": null}, {"hash": {"mode": "sha256", "value": "u70yFU3Q7JCs7f9Fs3q72W340GfyMnAAdtUnLN6UTG0"}, "path": "coalib/coala.py", "size": 3247}, {"hash": {"mode": "sha256", "value": "NiM64UD5YyEV5qkn8hPG7imdNnKMKbWZuJiGmoXBWTE"}, "path": "coalib/coala_ci.py", "size": 2763}, {"hash": {"mode": "sha256", "value": "gXCNdatRl0jqGKXE2AQHflTBweBZbmOBP2QFzb2-H38"}, "path": "coalib/coala_dbus.py", "size": 1269}, {"hash": {"mode": "sha256", "value": "vnLyTHLH2GIF2escV26yz1eQ-WC5zY_gDlksV2mGZE8"}, "path": "coalib/collecting/Collectors.py", "size": 3563}, {"hash": {"mode": "sha256", "value": "WFCqDCdvICJqcXvS1WDNyesifvcOH9KcLWpf_71tYW8"}, "path": "coalib/collecting/Dependencies.py", "size": 1358}, {"hash": {"mode": "sha256", "value": "CrrZKqtflwxDMh68M2UI0bqMfAiVr3TcNKMcAc-Onhk"}, "path": "coalib/collecting/Importers.py", "size": 5208}, {"hash": {"mode": "sha256", "value": "47DEQpj8HBSa-_TImW-5JCeuQeRkm5NMpJWZG3hSuFU"}, "path": "coalib/collecting/__init__.py", "size": 0}, {"hash": null, "path": "coalib/collecting/__pycache__/Collectors.cpython-37.pyc", "size": null}, {"hash": null, "path": "coalib/collecting/__pycache__/Dependencies.cpython-37.pyc", "size": null}, {"hash": null, "path": "coalib/collecting/__pycache__/Importers.cpython-37.pyc", "size": null}, {"hash": null, "path": "coalib/collecting/__pycache__/__init__.cpython-37.pyc", "size": null}, {"hash": {"mode": "sha256", "value": "47DEQpj8HBSa-_TImW-5JCeuQeRkm5NMpJWZG3hSuFU"}, "path": "coalib/default_coafile", "size": 0}, {"hash": {"mode": "sha256", "value": "ugrneEm20o7mH5KOor45tZLNTMihJDxcukTevIn78Js"}, "path": "coalib/misc/ContextManagers.py", "size": 3895}, {"hash": {"mode": "sha256", "value": "x2QobWUuaEF9zGaRMNTBHwYV7yiibUQQtFLnOYN5UNc"}, "path": "coalib/misc/Decorators.py", "size": 1458}, {"hash": {"mode": "sha256", "value": "M0fBD_6rCsp9_szuLWMa1Yop3lzK1KqtIuP4JVh1x3Y"}, "path": "coalib/misc/DictUtilities.py", "size": 1164}, {"hash": {"mode": "sha256", "value": "xCgfYSaa6PS8rwVh10Th-sFI0C7ru0KQN-FyPSh4aKY"}, "path": "coalib/misc/Enum.py", "size": 270}, {"hash": {"mode": "sha256", "value": "p7GITbPqFpYud6gws4Ystu6u3oaMnnL1mXY-6einfdI"}, "path": "coalib/misc/MutableValue.py", "size": 79}, {"hash": {"mode": "sha256", "value": "QwSx30kC76hgQ8wRRkizx2-naZm8cdR5JVgThb3VaZA"}, "path": "coalib/misc/StringConstants.py", "size": 1930}, {"hash": {"mode": "sha256", "value": "BvrYoA7AjfKZXK9mA6j5ex-YEneLo-XTCCYuo__q4fw"}, "path": "coalib/misc/StringConverter.py", "size": 4644}, {"hash": {"mode": "sha256", "value": "47DEQpj8HBSa-_TImW-5JCeuQeRkm5NMpJWZG3hSuFU"}, "path": "coalib/misc/__init__.py", "size": 0}, {"hash": null, "path": "coalib/misc/__pycache__/ContextManagers.cpython-37.pyc", "size": null}, {"hash": null, "path": "coalib/misc/__pycache__/Decorators.cpython-37.pyc", "size": null}, {"hash": null, "path": "coalib/misc/__pycache__/DictUtilities.cpython-37.pyc", "size": null}, {"hash": null, "path": "coalib/misc/__pycache__/Enum.cpython-37.pyc", "size": null}, {"hash": null, "path": "coalib/misc/__pycache__/MutableValue.cpython-37.pyc", "size": null}, {"hash": null, "path": "coalib/misc/__pycache__/StringConstants.cpython-37.pyc", "size": null}, {"hash": null, "path": "coalib/misc/__pycache__/StringConverter.cpython-37.pyc", "size": null}, {"hash": null, "path": "coalib/misc/__pycache__/__init__.cpython-37.pyc", "size": null}, {"hash": null, "path": "coalib/misc/__pycache__/i18n.cpython-37.pyc", "size": null}, {"hash": {"mode": "sha256", "value": "ouAVZc4ygRFo9xY1bsRxrswhDETMKsSZZfaso8ZLlLQ"}, "path": "coalib/misc/i18n.py", "size": 3383}, {"hash": {"mode": "sha256", "value": "fv9F8ZeB5ckX9XKdAeW0XJubrB4OSJ6-IPuzd4pY9k4"}, "path": "coalib/output/ClosableObject.py", "size": 1074}, {"hash": {"mode": "sha256", "value": "VwtNlviLvUa2n_o6XDXMZJPoWXxeKloHZWNogZugn0Y"}, "path": "coalib/output/ConfWriter.py", "size": 3114}, {"hash": {"mode": "sha256", "value": "EK98ukp62Kq-CTxgqo1SVVyaODLjwbXS6IF9lM59-TE"}, "path": "coalib/output/ConsoleInteractor.py", "size": 11735}, {"hash": {"mode": "sha256", "value": "cvUJ2OPEx1I1gqF3dQoPnEdxcSx9xFXP3vxRFHQR-94"}, "path": "coalib/output/Interactor.py", "size": 6549}, {"hash": {"mode": "sha256", "value": "fgEWBH-u6wbQ5g4SfOHE_VlTz8UcgKjq6Mk-GvzPmJQ"}, "path": "coalib/output/NullInteractor.py", "size": 599}, {"hash": {"mode": "sha256", "value": "x1tscONMG12YZGa8m_e0jQJQzZV9XXD_ZOBr_KLma6U"}, "path": "coalib/output/ShowBears.py", "size": 932}, {"hash": {"mode": "sha256", "value": "47DEQpj8HBSa-_TImW-5JCeuQeRkm5NMpJWZG3hSuFU"}, "path": "coalib/output/__init__.py", "size": 0}, {"hash": null, "path": "coalib/output/__pycache__/ClosableObject.cpython-37.pyc", "size": null}, {"hash": null, "path": "coalib/output/__pycache__/ConfWriter.cpython-37.pyc", "size": null}, {"hash": null, "path": "coalib/output/__pycache__/ConsoleInteractor.cpython-37.pyc", "size": null}, {"hash": null, "path": "coalib/output/__pycache__/Interactor.cpython-37.pyc", "size": null}, {"hash": null, "path": "coalib/output/__pycache__/NullInteractor.cpython-37.pyc", "size": null}, {"hash": null, "path": "coalib/output/__pycache__/ShowBears.cpython-37.pyc", "size": null}, {"hash": null, "path": "coalib/output/__pycache__/__init__.cpython-37.pyc", "size": null}, {"hash": {"mode": "sha256", "value": "2_-RdBWEtJslupGZJBpUI6hXGcVEtZc1yK8GOrtOeRA"}, "path": "coalib/output/dbus/DbusApp.py", "size": 1492}, {"hash": {"mode": "sha256", "value": "_mdika8CfQ6RsrY6jW6x-n5o3nszlloc9CeLT70zyLQ"}, "path": "coalib/output/dbus/DbusDocument.py", "size": 5945}, {"hash": {"mode": "sha256", "value": "8w5Nandt9hwvGwjnVuC8NONpNj4DriUw6zbKvXT-k_Y"}, "path": "coalib/output/dbus/DbusServer.py", "size": 5691}, {"hash": {"mode": "sha256", "value": "APuO12e1EjqlSMl9bLihFZK2K43hN7sPjax_u3c7GEY"}, "path": "coalib/output/dbus/__init__.py", "size": 561}, {"hash": null, "path": "coalib/output/dbus/__pycache__/DbusApp.cpython-37.pyc", "size": null}, {"hash": null, "path": "coalib/output/dbus/__pycache__/DbusDocument.cpython-37.pyc", "size": null}, {"hash": null, "path": "coalib/output/dbus/__pycache__/DbusServer.cpython-37.pyc", "size": null}, {"hash": null, "path": "coalib/output/dbus/__pycache__/__init__.cpython-37.pyc", "size": null}, {"hash": {"mode": "sha256", "value": "14_yG72xbj9bFuCmJ6AY9aLgNXuGGirZxX6RxyrtYME"}, "path": "coalib/output/printers/ColorPrinter.py", "size": 1792}, {"hash": {"mode": "sha256", "value": "XdqWqkVGABy_V8R9YycsrKCP-JpYKFM-2ldpFMVOZlg"}, "path": "coalib/output/printers/ColoredLogPrinter.py", "size": 853}, {"hash": {"mode": "sha256", "value": "HllovdG0BtKRbH5M635c45DBbTud5Wf671hJf9O3prU"}, "path": "coalib/output/printers/ConsolePrinter.py", "size": 1608}, {"hash": {"mode": "sha256", "value": "dfqlS1a-ICgfzc4qZA4cVjOyy4oSHhSXMkCamFQLSaE"}, "path": "coalib/output/printers/EspeakPrinter.py", "size": 1360}, {"hash": {"mode": "sha256", "value": "bcbcY7fzyz8uuNS7FF7lBAZ19COwGgrq5fFeuNfBB5M"}, "path": "coalib/output/printers/FilePrinter.py", "size": 1257}, {"hash": {"mode": "sha256", "value": "yJZkw46kjap-xa29WSQ5jQuaCQVQkyKj43N78-8l3EE"}, "path": "coalib/output/printers/HTMLWriter.py", "size": 3259}, {"hash": {"mode": "sha256", "value": "XCbKvi79FJhl04AgonCYbzLfNcpLJIhfesij4qSBJ_Q"}, "path": "coalib/output/printers/LOG_LEVEL.py", "size": 264}, {"hash": {"mode": "sha256", "value": "WlBlapZJqZdecJgtzXncTHl3Rheo1-thsZ-kqZacCbA"}, "path": "coalib/output/printers/LogPrinter.py", "size": 4360}, {"hash": {"mode": "sha256", "value": "4U25J5BNhr3RW341Ri7i4dPXjqMXMtqomD_KzN57a4s"}, "path": "coalib/output/printers/NullPrinter.py", "size": 420}, {"hash": {"mode": "sha256", "value": "jAnmNWTRuqYlU9Vc8lm2K9o1boOQs6o4usBA7X1syYo"}, "path": "coalib/output/printers/Printer.py", "size": 1703}, {"hash": {"mode": "sha256", "value": "x0h-7q2tGWeqax4CeYicWQIzsfJipg009rUOoGncimU"}, "path": "coalib/output/printers/__init__.py", "size": 269}, {"hash": null, "path": "coalib/output/printers/__pycache__/ColorPrinter.cpython-37.pyc", "size": null}, {"hash": null, "path": "coalib/output/printers/__pycache__/ColoredLogPrinter.cpython-37.pyc", "size": null}, {"hash": null, "path": "coalib/output/printers/__pycache__/ConsolePrinter.cpython-37.pyc", "size": null}, {"hash": null, "path": "coalib/output/printers/__pycache__/EspeakPrinter.cpython-37.pyc", "size": null}, {"hash": null, "path": "coalib/output/printers/__pycache__/FilePrinter.cpython-37.pyc", "size": null}, {"hash": null, "path": "coalib/output/printers/__pycache__/HTMLWriter.cpython-37.pyc", "size": null}, {"hash": null, "path": "coalib/output/printers/__pycache__/LOG_LEVEL.cpython-37.pyc", "size": null}, {"hash": null, "path": "coalib/output/printers/__pycache__/LogPrinter.cpython-37.pyc", "size": null}, {"hash": null, "path": "coalib/output/printers/__pycache__/NullPrinter.cpython-37.pyc", "size": null}, {"hash": null, "path": "coalib/output/printers/__pycache__/Printer.cpython-37.pyc", "size": null}, {"hash": null, "path": "coalib/output/printers/__pycache__/__init__.cpython-37.pyc", "size": null}, {"hash": {"mode": "sha256", "value": "XR3dJ4P_QELV6__Es43__oapMzxdktvzEYPK3ipF100"}, "path": "coalib/parsing/CliParsing.py", "size": 3748}, {"hash": {"mode": "sha256", "value": "mibhBSvMcEtTRgUaDKrpwn30FuZ329lZgmO4FMlngzk"}, "path": "coalib/parsing/ConfParser.py", "size": 3992}, {"hash": {"mode": "sha256", "value": "aW2brlNeKVewiMRtQd2RFg66bF8KZQAa6nBxUZYGttE"}, "path": "coalib/parsing/DefaultArgParser.py", "size": 3663}, {"hash": {"mode": "sha256", "value": "E85MYNSZTjFpFLvi8EeNb9OzjU6vGI_wKXXIxgls5rw"}, "path": "coalib/parsing/Globbing.py", "size": 12162}, {"hash": {"mode": "sha256", "value": "okt-qGo40nF1i9DhTGIup4_ZWavhmqmvSVE5qRx3QcU"}, "path": "coalib/parsing/LineParser.py", "size": 5566}, {"hash": {"mode": "sha256", "value": "BepvqJdo-fZBSLYrHgQZMuZzbxo_xXOFCgCQKb8XOy8"}, "path": "coalib/parsing/StringProcessing.py", "size": 18905}, {"hash": {"mode": "sha256", "value": "D6fPblHpdHPQzFnG2jlkBV5f596Ph3NUkgGAZFVm1mo"}, "path": "coalib/parsing/__init__.py", "size": 167}, {"hash": null, "path": "coalib/parsing/__pycache__/CliParsing.cpython-37.pyc", "size": null}, {"hash": null, "path": "coalib/parsing/__pycache__/ConfParser.cpython-37.pyc", "size": null}, {"hash": null, "path": "coalib/parsing/__pycache__/DefaultArgParser.cpython-37.pyc", "size": null}, {"hash": null, "path": "coalib/parsing/__pycache__/Globbing.cpython-37.pyc", "size": null}, {"hash": null, "path": "coalib/parsing/__pycache__/LineParser.cpython-37.pyc", "size": null}, {"hash": null, "path": "coalib/parsing/__pycache__/StringProcessing.cpython-37.pyc", "size": null}, {"hash": null, "path": "coalib/parsing/__pycache__/__init__.cpython-37.pyc", "size": null}, {"hash": {"mode": "sha256", "value": "blU5uYc1uTseAYppLbZbcVGC7aJFgrLckDHWoGA4_Bk"}, "path": "coalib/processes/BearRunning.py", "size": 24701}, {"hash": {"mode": "sha256", "value": "LoHRlcLzpco8gS8WJor-hzyuRDdlmIOAqvzhbADzWVg"}, "path": "coalib/processes/CONTROL_ELEMENT.py", "size": 114}, {"hash": {"mode": "sha256", "value": "nxwqlLnuj9LvHzxTX2jhfJhtwslMDBCAugN7KUuXn6c"}, "path": "coalib/processes/LogPrinterThread.py", "size": 687}, {"hash": {"mode": "sha256", "value": "v6SW9k0ISFdEM4yA9qZ0uf8VJGLfO6tX3nzjL87tCfk"}, "path": "coalib/processes/Processing.py", "size": 13006}, {"hash": {"mode": "sha256", "value": "47DEQpj8HBSa-_TImW-5JCeuQeRkm5NMpJWZG3hSuFU"}, "path": "coalib/processes/__init__.py", "size": 0}, {"hash": null, "path": "coalib/processes/__pycache__/BearRunning.cpython-37.pyc", "size": null}, {"hash": null, "path": "coalib/processes/__pycache__/CONTROL_ELEMENT.cpython-37.pyc", "size": null}, {"hash": null, "path": "coalib/processes/__pycache__/LogPrinterThread.cpython-37.pyc", "size": null}, {"hash": null, "path": "coalib/processes/__pycache__/Processing.cpython-37.pyc", "size": null}, {"hash": null, "path": "coalib/processes/__pycache__/__init__.cpython-37.pyc", "size": null}, {"hash": {"mode": "sha256", "value": "8umOiobMgHdsBN96fZVxKhsLMrlb207u7RTn7g70Uaw"}, "path": "coalib/processes/communication/LogMessage.py", "size": 949}, {"hash": {"mode": "sha256", "value": "47DEQpj8HBSa-_TImW-5JCeuQeRkm5NMpJWZG3hSuFU"}, "path": "coalib/processes/communication/__init__.py", "size": 0}, {"hash": null, "path": "coalib/processes/communication/__pycache__/LogMessage.cpython-37.pyc", "size": null}, {"hash": null, "path": "coalib/processes/communication/__pycache__/__init__.cpython-37.pyc", "size": null}, {"hash": {"mode": "sha256", "value": "64MTaTvIQLZGmE9hNpKk9NVBnBhzQeH6Bk3KLgWa3w4"}, "path": "coalib/results/Diff.py", "size": 5303}, {"hash": {"mode": "sha256", "value": "5IO4_HCEmUB4SJxRfdA3fTU75vuy0SgEbpL7oSvGWzc"}, "path": "coalib/results/HiddenResult.py", "size": 639}, {"hash": {"mode": "sha256", "value": "CUcG4Up5AFujEHWy164GsVwiQ9qRcmT8A_PY0E2WXj8"}, "path": "coalib/results/LineDiff.py", "size": 1997}, {"hash": {"mode": "sha256", "value": "GPkpwn9YqsZ28ZIXAV1FZH7IM_RysfwnX_gzge6ZigM"}, "path": "coalib/results/PatchResult.py", "size": 2117}, {"hash": {"mode": "sha256", "value": "ji9tA05gX7EHZ-o2A6Mo9GqN-FHM1yMIPfVt6Fcy83M"}, "path": "coalib/results/RESULT_SEVERITY.py", "size": 386}, {"hash": {"mode": "sha256", "value": "uyXdcoYtLpsrp_RvzfWs9DOsBvURH2nPqJP8cqnSxu8"}, "path": "coalib/results/Result.py", "size": 4174}, {"hash": {"mode": "sha256", "value": "47DEQpj8HBSa-_TImW-5JCeuQeRkm5NMpJWZG3hSuFU"}, "path": "coalib/results/__init__.py", "size": 0}, {"hash": null, "path": "coalib/results/__pycache__/Diff.cpython-37.pyc", "size": null}, {"hash": null, "path": "coalib/results/__pycache__/HiddenResult.cpython-37.pyc", "size": null}, {"hash": null, "path": "coalib/results/__pycache__/LineDiff.cpython-37.pyc", "size": null}, {"hash": null, "path": "coalib/results/__pycache__/PatchResult.cpython-37.pyc", "size": null}, {"hash": null, "path": "coalib/results/__pycache__/RESULT_SEVERITY.cpython-37.pyc", "size": null}, {"hash": null, "path": "coalib/results/__pycache__/Result.cpython-37.pyc", "size": null}, {"hash": null, "path": "coalib/results/__pycache__/__init__.cpython-37.pyc", "size": null}, {"hash": {"mode": "sha256", "value": "ZFXnFOqndICQgXG2kLObwg2hRCezAh8sMUdMvs9Z1sw"}, "path": "coalib/results/result_actions/ApplyPatchAction.py", "size": 499}, {"hash": {"mode": "sha256", "value": "qAxYjAQhBAGCOZM6AvBNtmPPAXU8JED9FNWPyCcss4g"}, "path": "coalib/results/result_actions/OpenEditorAction.py", "size": 1742}, {"hash": {"mode": "sha256", "value": "LS4OHrpMYpRLJBc5roLHuAvZzlqmcMIpc8sAt0oC1yU"}, "path": "coalib/results/result_actions/ResultAction.py", "size": 2853}, {"hash": {"mode": "sha256", "value": "JL_g_gUd1E1a4Q-EzDGJ6aSEHkThlK1H7dLAenzZXx8"}, "path": "coalib/results/result_actions/__init__.py", "size": 145}, {"hash": null, "path": "coalib/results/result_actions/__pycache__/ApplyPatchAction.cpython-37.pyc", "size": null}, {"hash": null, "path": "coalib/results/result_actions/__pycache__/OpenEditorAction.cpython-37.pyc", "size": null}, {"hash": null, "path": "coalib/results/result_actions/__pycache__/ResultAction.cpython-37.pyc", "size": null}, {"hash": null, "path": "coalib/results/result_actions/__pycache__/__init__.cpython-37.pyc", "size": null}, {"hash": {"mode": "sha256", "value": "wVv-PEPO6wHfiZ3jhd-Mcd_dJ_BA-rzIwjhemPdIUxQ"}, "path": "coalib/settings/ConfigurationGathering.py", "size": 7894}, {"hash": {"mode": "sha256", "value": "6A9zWWO7Z87zTlH9NI5ou5ComGQJh-e8ud_bB7IGoIE"}, "path": "coalib/settings/DocumentationComment.py", "size": 2254}, {"hash": {"mode": "sha256", "value": "fpOrnWJfgZz2zRTpx3_A0QrIWuZ5rVlCHglsBZyhMNM"}, "path": "coalib/settings/FunctionMetadata.py", "size": 5916}, {"hash": {"mode": "sha256", "value": "t56CJXLiHXMcM57TbanHHQfp-WwaouBfMal74jcN-qA"}, "path": "coalib/settings/Section.py", "size": 6312}, {"hash": {"mode": "sha256", "value": "Hsvne5YNyLq6kTtKM_1oILVcAJY8yUsLPCYx2vCrqa4"}, "path": "coalib/settings/SectionFilling.py", "size": 4467}, {"hash": {"mode": "sha256", "value": "hCAviJs2igwjNcvkc3v1IQbD1_8k2N48Gokm0DpyWME"}, "path": "coalib/settings/Setting.py", "size": 4462}, {"hash": {"mode": "sha256", "value": "47DEQpj8HBSa-_TImW-5JCeuQeRkm5NMpJWZG3hSuFU"}, "path": "coalib/settings/__init__.py", "size": 0}, {"hash": null, "path": "coalib/settings/__pycache__/ConfigurationGathering.cpython-37.pyc", "size": null}, {"hash": null, "path": "coalib/settings/__pycache__/DocumentationComment.cpython-37.pyc", "size": null}, {"hash": null, "path": "coalib/settings/__pycache__/FunctionMetadata.cpython-37.pyc", "size": null}, {"hash": null, "path": "coalib/settings/__pycache__/Section.cpython-37.pyc", "size": null}, {"hash": null, "path": "coalib/settings/__pycache__/SectionFilling.cpython-37.pyc", "size": null}, {"hash": null, "path": "coalib/settings/__pycache__/Setting.cpython-37.pyc", "size": null}, {"hash": null, "path": "coalib/settings/__pycache__/__init__.cpython-37.pyc", "size": null}], "metadata": {"Classifier": ["Development Status :: 3 - Alpha", "Environment :: Console", "Environment :: MacOS X", "Environment :: Win32 (MS Windows)", "Environment :: X11 Applications :: Gnome", "Intended Audience :: Science/Research", "Intended Audience :: Developers", "License :: OSI Approved :: GNU Affero General Public License v3 or later (AGPLv3+)", "Operating System :: OS Independent", "Programming Language :: Python :: 3.2", "Programming Language :: Python :: 3.3", "Programming Language :: Python :: 3.4", "Topic :: Scientific/Engineering :: Information Analysis", "Topic :: Software Development :: Quality Assurance", "Topic :: Text Processing :: Linguistic"], "Home-page": "http://coala.rtfd.org/", "License": "AGPL v3", "Maintainer": "Lasse Schuirmann, Fabian Neuschmidt, Mischa Kr\u00fcger", "Maintainer-email": "lasse.schuirmann@gmail.com, fabian@neuschmidt.de, makman@alice.de", "Metadata-Version": "2.1", "Name": "coala", "Platform": ["any"], "Summary": "Code Analysis Application (coala)", "Version": "0.1.1.dev0"}, "requires": null, "version": "0.1.1.dev0"}, "index_url": "https://pypi.org/simple", "package_name": "coala", "package_version": "0.1.1.dev0", "package_version_requested": "0.1.1.dev1171", "sha256": ["ea4ee3c2dae84a07d316d21d7c03e3ea9b613bc1836c5603e4e99434d2ed9a4e"]}], "unparsed": [], "unresolved": []}}