{"metadata": {"analyzer": "thoth-solver", "analyzer_version": "1.4.1", "arguments": {"python": {"exclude_packages": null, "index": "https://pypi.org/simple", "no_pretty": false, "no_transitive": true, "output": "http://result-api/api/v1/solver-result", "requirements": "django-stubs==0.9.0", "virtualenv": "/home/solver/venv"}, "thoth-solver": {"verbose": false}}, "datetime": "2019-12-27T16:36:28.746411", "distribution": {"codename": "", "id": "fedora", "like": "", "version": "31", "version_parts": {"build_number": "", "major": "31", "minor": ""}}, "document_id": "solver-fedora-31-py37-01cfc7ad", "duration": 3, "hostname": "solver-fedora-31-py37-01cfc7ad-c2c2g", "os_release": {"id": "fedora", "name": "Fedora", "platform_id": "platform:f31", "redhat_bugzilla_product": "Fedora", "redhat_bugzilla_product_version": "31", "redhat_support_product": "Fedora", "redhat_support_product_version": "31", "variant_id": "container", "version": "31 (Container Image)", "version_id": "31"}, "python": {"api_version": 1013, "implementation_name": "cpython", "major": 3, "micro": 5, "minor": 7, "releaselevel": "final", "serial": 0}, "thoth_deployment_name": "thoth-psi-stage", "timestamp": 1577464588}, "result": {"environment": {"implementation_name": "cpython", "implementation_version": "3.7.5", "os_name": "posix", "platform_machine": "x86_64", "platform_python_implementation": "CPython", "platform_release": "3.10.0-957.21.2.el7.x86_64", "platform_system": "Linux", "platform_version": "#1 SMP Tue May 28 09:26:43 UTC 2019", "python_full_version": "3.7.5", "python_version": "3.7", "sys_platform": "linux"}, "environment_packages": [{"package_name": "pipdeptree", "package_version": "0.13.2"}], "errors": [], "tree": [{"dependencies": [{"extra": [], "extras": [], "marker": null, "marker_evaluated": null, "marker_evaluation_error": null, "marker_evaluation_result": true, "normalized_package_name": "mypy", "package_name": "mypy", "resolved_versions": [{"index": "https://pypi.org/simple", "versions": ["0.670", "0.700", "0.701", "0.710", "0.711", "0.720", "0.730", "0.740", "0.750", "0.760", "0.761"]}], "specifier": ">=0.670"}, {"extra": [], "extras": [], "marker": null, "marker_evaluated": null, "marker_evaluation_error": null, "marker_evaluation_result": true, "normalized_package_name": "typing-extensions", "package_name": "typing-extensions", "resolved_versions": [{"index": "https://pypi.org/simple", "versions": ["3.6.2", "3.6.2.1", "3.6.5", "3.6.6", "3.7.2", "3.7.4", "3.7.4.1"]}], "specifier": null}, {"extra": [], "extras": [], "marker": null, "marker_evaluated": null, "marker_evaluation_error": null, "marker_evaluation_result": true, "normalized_package_name": "dataclasses", "package_name": "dataclasses", "resolved_versions": [{"index": "https://pypi.org/simple", "versions": ["0.1", "0.2", "0.3", "0.4", "0.5", "0.6", "0.7"]}], "specifier": null}], "importlib_metadata": {"entry_points": [], "files": [{"hash": {"mode": "sha256", "value": "-Mw5I3_wnQRFQn7rp9pXF8ytnNVvJAlvTM1Vdr2yZwU"}, "path": "django-stubs/__init__.pyi", "size": 156}, {"hash": {"mode": "sha256", "value": "Y3Y6Hf-auytvp3gQT19bAYTGM1e3f9BBktHVMvr2KQU"}, "path": "django-stubs/apps/__init__.pyi", "size": 79}, {"hash": {"mode": "sha256", "value": "Ni6Nyg8F8Z-5BRYxWu3OFzNM_-85AzVLWcN_MUcgAPY"}, "path": "django-stubs/apps/config.pyi", "size": 777}, {"hash": {"mode": "sha256", "value": "8TV1d10MSGLCbNlNEcKBrJblyGlPW2McNTYy-lvIIW0"}, "path": "django-stubs/apps/registry.pyi", "size": 2051}, {"hash": {"mode": "sha256", "value": "nJtPzmFwJU2mtsYKPBwzXeqn3E7G6IK8MgyDLoF-Wfw"}, "path": "django-stubs/conf/__init__.pyi", "size": 578}, {"hash": {"mode": "sha256", "value": "8qLrhnrZzsPu3N3e1P34BVs75DJxDM8fKo2-thWAo_w"}, "path": "django-stubs/conf/global_settings.pyi", "size": 17543}, {"hash": {"mode": "sha256", "value": "qECEpXjJTO7jBVnLEp2ZBNV-T0rVO-VWdRCPphAqDZE"}, "path": "django-stubs/conf/urls/__init__.pyi", "size": 985}, {"hash": {"mode": "sha256", "value": "x4QdXccNgttRURmMrKKE5BDhfk_sc9GRyzSJPbbQDKU"}, "path": "django-stubs/conf/urls/i18n.pyi", "size": 297}, {"hash": {"mode": "sha256", "value": "BXdu_MPkrP5LIynxR3lUVc6AAK_y45T8YVn_lp-UVow"}, "path": "django-stubs/conf/urls/static.pyi", "size": 172}, {"hash": {"mode": "sha256", "value": "47DEQpj8HBSa-_TImW-5JCeuQeRkm5NMpJWZG3hSuFU"}, "path": "django-stubs/contrib/__init__.pyi", "size": 0}, {"hash": {"mode": "sha256", "value": "EqcwNegHa1kj1bgto5_xljmuP4Ym54wt-_A7nia4WEA"}, "path": "django-stubs/contrib/admin/__init__.pyi", "size": 881}, {"hash": {"mode": "sha256", "value": "O3SXOhCX1-BkDiPxDh9BDUppLQhopWyDj2p1l71XmMo"}, "path": "django-stubs/contrib/admin/actions.pyi", "size": 351}, {"hash": {"mode": "sha256", "value": "bxAgqGexCX7ZlBn20dMms1uDJOta3kvLIsbhnskVa3M"}, "path": "django-stubs/contrib/admin/apps.pyi", "size": 492}, {"hash": {"mode": "sha256", "value": "jkGahPOq-wlq31x0Csj7_k0jAcNCPac2C6ZP4s0z6pc"}, "path": "django-stubs/contrib/admin/checks.pyi", "size": 792}, {"hash": {"mode": "sha256", "value": "-LbxWsb1PKfZD3xf3O3cP_i90lagicmrXO2Fao1fLhQ"}, "path": "django-stubs/contrib/admin/decorators.pyi", "size": 115}, {"hash": {"mode": "sha256", "value": "2_4dESOankejtF22jEXVmQMBHdLIRE5da3DttXHwvoE"}, "path": "django-stubs/contrib/admin/filters.pyi", "size": 3470}, {"hash": {"mode": "sha256", "value": "dJeF3LC5tmpJ672DkYsM94W6Li3mWJMkML-v-UgR8Uo"}, "path": "django-stubs/contrib/admin/forms.pyi", "size": 891}, {"hash": {"mode": "sha256", "value": "jdhZ2Qo5JgE-OnH9T4dQy6ZBzGaPboJbbrofjcKZ7mc"}, "path": "django-stubs/contrib/admin/helpers.pyi", "size": 5213}, {"hash": {"mode": "sha256", "value": "B8NtoXvvjj8pW0fyQQXwsFJ7j7j3DlaxgxuXwY4Y514"}, "path": "django-stubs/contrib/admin/models.pyi", "size": 1220}, {"hash": {"mode": "sha256", "value": "3hjTCxwkXZxK2CrxOHo7xPXttVfs8WpNKS6c0Uussxc"}, "path": "django-stubs/contrib/admin/options.pyi", "size": 12860}, {"hash": {"mode": "sha256", "value": "t_mGaUzLLdU91z1DZHkE3_rNfUxEGGYbha9S-KgCTHA"}, "path": "django-stubs/contrib/admin/sites.pyi", "size": 2965}, {"hash": {"mode": "sha256", "value": "47DEQpj8HBSa-_TImW-5JCeuQeRkm5NMpJWZG3hSuFU"}, "path": "django-stubs/contrib/admin/templatetags/__init__.pyi", "size": 0}, {"hash": {"mode": "sha256", "value": "AE_wYVbTQEtCOH1XFc6LOb2ALp5_Yq3vsO9r6NpkjQU"}, "path": "django-stubs/contrib/admin/templatetags/admin_list.pyi", "size": 2027}, {"hash": {"mode": "sha256", "value": "mhUg4F7HdHxwOgU9yJl_ItJ1WXSXO595MbjZVh68s4c"}, "path": "django-stubs/contrib/admin/templatetags/admin_modify.pyi", "size": 770}, {"hash": {"mode": "sha256", "value": "5HvG4MPWpjS9WE6Ttf7lVlf-F_v__RKuV3VoKTFi9pE"}, "path": "django-stubs/contrib/admin/templatetags/admin_static.pyi", "size": 83}, {"hash": {"mode": "sha256", "value": "BP_vzmHQ3W7lwC1qCuy7_CSL52pWF5_kyx9okRQT100"}, "path": "django-stubs/contrib/admin/templatetags/admin_urls.pyi", "size": 547}, {"hash": {"mode": "sha256", "value": "_2N03P5IN0Y66vpFrz5l0aRyEQjJgCll8w-FJ1CsP8Y"}, "path": "django-stubs/contrib/admin/templatetags/base.pyi", "size": 592}, {"hash": {"mode": "sha256", "value": "8m7bTnfmhLLycZoE3Aapyyz4JzO_G8I_e3L16FZATWM"}, "path": "django-stubs/contrib/admin/templatetags/log.pyi", "size": 454}, {"hash": {"mode": "sha256", "value": "eb3SVzVNYXtLWw9GjL_0ltMXQNyi6JFfIchn5yv44LE"}, "path": "django-stubs/contrib/admin/utils.pyi", "size": 3566}, {"hash": {"mode": "sha256", "value": "47DEQpj8HBSa-_TImW-5JCeuQeRkm5NMpJWZG3hSuFU"}, "path": "django-stubs/contrib/admin/views/__init__.pyi", "size": 0}, {"hash": {"mode": "sha256", "value": "R6i9PLtOojgeZgcQEX4sywXUSK14Q8J3LvzDrRhEA4w"}, "path": "django-stubs/contrib/admin/views/autocomplete.pyi", "size": 731}, {"hash": {"mode": "sha256", "value": "c3Jy9RpZgVVCMfni5L-obh9YgN-DMjyyltUm-K2Utek"}, "path": "django-stubs/contrib/admin/views/decorators.pyi", "size": 184}, {"hash": {"mode": "sha256", "value": "FcUGaW0eRq3KcacipK_TINyOBI5PasxM2_GlIIENVdE"}, "path": "django-stubs/contrib/admin/views/main.pyi", "size": 3338}, {"hash": {"mode": "sha256", "value": "ZfV1e-kgn2pIo_OqSbg6jzZDIHJSh2QizYQdqNbP0CI"}, "path": "django-stubs/contrib/admin/widgets.pyi", "size": 8092}, {"hash": {"mode": "sha256", "value": "47DEQpj8HBSa-_TImW-5JCeuQeRkm5NMpJWZG3hSuFU"}, "path": "django-stubs/contrib/admindocs/__init__.pyi", "size": 0}, {"hash": {"mode": "sha256", "value": "DlifCzWN3f9RB-PoedyUCPz3MhpqODdJxEk1xRYyYu4"}, "path": "django-stubs/contrib/admindocs/middleware.pyi", "size": 409}, {"hash": {"mode": "sha256", "value": "aKdHFqtElfEWLRx9LgJRBZby7VKeAvCFRfSh9J_yOVc"}, "path": "django-stubs/contrib/admindocs/utils.pyi", "size": 725}, {"hash": {"mode": "sha256", "value": "yistZ2qFDqiB3B3qH_sq3xQtlCIB5UtWS2OiWQHOhOM"}, "path": "django-stubs/contrib/admindocs/views.pyi", "size": 1647}, {"hash": {"mode": "sha256", "value": "hDspBupLxVr58AAo69fVZa9d_pWAkORdzOcjUVxB49M"}, "path": "django-stubs/contrib/auth/__init__.pyi", "size": 1316}, {"hash": {"mode": "sha256", "value": "ONM32StVN85tYQebxjZsYCPc4BN6dHPrIWii9e7EjGs"}, "path": "django-stubs/contrib/auth/admin.pyi", "size": 2246}, {"hash": {"mode": "sha256", "value": "OslN-s-uIIE6iVuR2VpV1KM_OvnwuX8OP9kDCEOL2N4"}, "path": "django-stubs/contrib/auth/apps.pyi", "size": 423}, {"hash": {"mode": "sha256", "value": "BlR-BNKCNCzB0svnYfgfYfeyecduyCcLdBa3fYuyDKw"}, "path": "django-stubs/contrib/auth/backends.pyi", "size": 1372}, {"hash": {"mode": "sha256", "value": "l1eH4m2cWdAqBQoTVT-dGZ2g-AE6hB7Z1fY_utpmQGY"}, "path": "django-stubs/contrib/auth/base_user.pyi", "size": 1413}, {"hash": {"mode": "sha256", "value": "LPC2ULLP1YcLiA8colwLUCiFja56OOpjjyQDGohIDKM"}, "path": "django-stubs/contrib/auth/checks.pyi", "size": 319}, {"hash": {"mode": "sha256", "value": "g0kdWTOnZ9hDB2bxDQal4bFYj7aJQtHihWnO7fMoixs"}, "path": "django-stubs/contrib/auth/context_processors.pyi", "size": 886}, {"hash": {"mode": "sha256", "value": "wOrYBqG5H2iuJcaFLET_V4jK1KxEMt-q_VHuukoDTXc"}, "path": "django-stubs/contrib/auth/decorators.pyi", "size": 547}, {"hash": {"mode": "sha256", "value": "ZWiL3N2xonbxvzq_hzKC1Qi10B3OsYP_lL52-Pp52VE"}, "path": "django-stubs/contrib/auth/forms.pyi", "size": 5445}, {"hash": {"mode": "sha256", "value": "47DEQpj8HBSa-_TImW-5JCeuQeRkm5NMpJWZG3hSuFU"}, "path": "django-stubs/contrib/auth/handlers/__init__.pyi", "size": 0}, {"hash": {"mode": "sha256", "value": "0I14cl7hQXNdWu0pX7yKzBN5CYearBHjzZ_HeFH1tnE"}, "path": "django-stubs/contrib/auth/handlers/modwsgi.pyi", "size": 214}, {"hash": {"mode": "sha256", "value": "BqMYPOFk_pVIMIxT3aiBC5R3cbOzIm5jlYIu6vRmDHo"}, "path": "django-stubs/contrib/auth/hashers.pyi", "size": 1979}, {"hash": {"mode": "sha256", "value": "r_Nm0u9_QFypD1ZAkzWIrPzTRiKM0Vwj8N1BPgEjjUA"}, "path": "django-stubs/contrib/auth/management/__init__.pyi", "size": 384}, {"hash": {"mode": "sha256", "value": "47DEQpj8HBSa-_TImW-5JCeuQeRkm5NMpJWZG3hSuFU"}, "path": "django-stubs/contrib/auth/management/commands/__init__.pyi", "size": 0}, {"hash": {"mode": "sha256", "value": "sINAEC_pucjlldxJChrjgnhv_PzIBOAi3mPOqdHYZNE"}, "path": "django-stubs/contrib/auth/management/commands/changepassword.pyi", "size": 125}, {"hash": {"mode": "sha256", "value": "V2ri6m0LKGWsa_dYqX5r0S646QMP3gWqwBWGJRO_o1s"}, "path": "django-stubs/contrib/auth/management/commands/createsuperuser.pyi", "size": 132}, {"hash": {"mode": "sha256", "value": "WwvDTYBlZdi21Ackk6Aksuwgt0JIOOAPOc3niDsN0J0"}, "path": "django-stubs/contrib/auth/middleware.pyi", "size": 774}, {"hash": {"mode": "sha256", "value": "6Yjj9F-JRLQiEoGkzk7hvMpPb42slWSEVa8F-e7YtAg"}, "path": "django-stubs/contrib/auth/mixins.pyi", "size": 1140}, {"hash": {"mode": "sha256", "value": "NZa7ecIkHk3p4G9OFq4L38Bur_6IBGEe6ueV9SJcO4I"}, "path": "django-stubs/contrib/auth/models.pyi", "size": 3797}, {"hash": {"mode": "sha256", "value": "l0dK5-O4kJf4yU8gdCBoNjGWVJrIh1wKSXrtE5wvPps"}, "path": "django-stubs/contrib/auth/password_validation.pyi", "size": 2103}, {"hash": {"mode": "sha256", "value": "0qXrIYBrx2XYwRrx1N5V5h9HgFtdmK4pzQfEMPr-EPY"}, "path": "django-stubs/contrib/auth/signals.pyi", "size": 120}, {"hash": {"mode": "sha256", "value": "IcHQN4Pn8ikV2qI1e4_VWkLjVbfPR5tOEM2iQR3Dz-c"}, "path": "django-stubs/contrib/auth/tokens.pyi", "size": 361}, {"hash": {"mode": "sha256", "value": "3P7MK_049xYExFIZVQCaic-iuFgFGaZouQBS4RYe_6I"}, "path": "django-stubs/contrib/auth/validators.pyi", "size": 160}, {"hash": {"mode": "sha256", "value": "cS6vCFq-0f1oVfSjLh-ZKZ4Cal54s_vqSqP994pxQxU"}, "path": "django-stubs/contrib/auth/views.pyi", "size": 4652}, {"hash": {"mode": "sha256", "value": "47DEQpj8HBSa-_TImW-5JCeuQeRkm5NMpJWZG3hSuFU"}, "path": "django-stubs/contrib/contenttypes/__init__.pyi", "size": 0}, {"hash": {"mode": "sha256", "value": "hQT_hpYtA2aHrknPNDLX9Fl6NSVJbdtKpWhiGOsk-VM"}, "path": "django-stubs/contrib/contenttypes/admin.pyi", "size": 586}, {"hash": {"mode": "sha256", "value": "VW6I9MMM1J1pquI160XD5iHawzCbXWzlfyOabbp_Ai4"}, "path": "django-stubs/contrib/contenttypes/apps.pyi", "size": 372}, {"hash": {"mode": "sha256", "value": "WElTgS5grtbxzyLrKyBhewdX_Jsbo2l9e9iUwR7_PoY"}, "path": "django-stubs/contrib/contenttypes/checks.pyi", "size": 216}, {"hash": {"mode": "sha256", "value": "K6N7AQS6EzpZS9rfDCqI2am1fnSScI-D0Bba2CQXJvk"}, "path": "django-stubs/contrib/contenttypes/fields.pyi", "size": 4573}, {"hash": {"mode": "sha256", "value": "-j9hvsPL-3syqd6O5gTcXzh3xeCQ-isFdtkhfuUwIX4"}, "path": "django-stubs/contrib/contenttypes/forms.pyi", "size": 1159}, {"hash": {"mode": "sha256", "value": "B0Gku6qIM0KlOwC2zQyZVrNE2Stj4JylnzhQ4-gswiA"}, "path": "django-stubs/contrib/contenttypes/management/__init__.pyi", "size": 1350}, {"hash": {"mode": "sha256", "value": "47DEQpj8HBSa-_TImW-5JCeuQeRkm5NMpJWZG3hSuFU"}, "path": "django-stubs/contrib/contenttypes/management/commands/__init__.pyi", "size": 0}, {"hash": {"mode": "sha256", "value": "kh-XeeOFdV2Gd_ZkqSgedTMe-CjpRjmEHxTYC5q7j-w"}, "path": "django-stubs/contrib/contenttypes/management/commands/remove_stale_contenttypes.pyi", "size": 790}, {"hash": {"mode": "sha256", "value": "PcA_Yze4dDqmxsDJqCYKm_5ZnmfaxW4VNyfGjHqkavI"}, "path": "django-stubs/contrib/contenttypes/models.pyi", "size": 1085}, {"hash": {"mode": "sha256", "value": "VbtQFmsmJ-ZibeZRYSI47iDOcftC-_hGKbtDV26B9dg"}, "path": "django-stubs/contrib/contenttypes/views.pyi", "size": 272}, {"hash": {"mode": "sha256", "value": "47DEQpj8HBSa-_TImW-5JCeuQeRkm5NMpJWZG3hSuFU"}, "path": "django-stubs/contrib/flatpages/__init__.pyi", "size": 0}, {"hash": {"mode": "sha256", "value": "TOssXyge4J9S3mt88vDdWOPkuUi7peQqG1Cq3OD3FlA"}, "path": "django-stubs/contrib/flatpages/forms.pyi", "size": 632}, {"hash": {"mode": "sha256", "value": "6PzgiwFmjk4K4EBW7tfiUtdxI0x-f81N6RmbMOa5e1g"}, "path": "django-stubs/contrib/flatpages/middleware.pyi", "size": 299}, {"hash": {"mode": "sha256", "value": "17pThEr1dngvyHi56MDCWVNlteUQHQJycgHj7bXx2q0"}, "path": "django-stubs/contrib/flatpages/models.pyi", "size": 439}, {"hash": {"mode": "sha256", "value": "xBXNx4r5U3RgmC-aKzlXGxAgY1phKQKdao5IpMCm-H4"}, "path": "django-stubs/contrib/flatpages/sitemaps.pyi", "size": 187}, {"hash": {"mode": "sha256", "value": "47DEQpj8HBSa-_TImW-5JCeuQeRkm5NMpJWZG3hSuFU"}, "path": "django-stubs/contrib/flatpages/templatetags/__init__.pyi", "size": 0}, {"hash": {"mode": "sha256", "value": "U1qIuNadeeNP9oodmb1pXDt9Mrc7urXsAvA0c0bLmC0"}, "path": "django-stubs/contrib/flatpages/templatetags/flatpages.pyi", "size": 518}, {"hash": {"mode": "sha256", "value": "EY6Fw_Ly5EvpGwbmdqw6JHqQSZN4lmH6-IpsRP2JCH0"}, "path": "django-stubs/contrib/flatpages/views.pyi", "size": 349}, {"hash": {"mode": "sha256", "value": "47DEQpj8HBSa-_TImW-5JCeuQeRkm5NMpJWZG3hSuFU"}, "path": "django-stubs/contrib/humanize/__init__.pyi", "size": 0}, {"hash": {"mode": "sha256", "value": "47DEQpj8HBSa-_TImW-5JCeuQeRkm5NMpJWZG3hSuFU"}, "path": "django-stubs/contrib/humanize/templatetags/__init__.pyi", "size": 0}, {"hash": {"mode": "sha256", "value": "lysrgiHP82PnEkPcP2OGH_8Oe7G2fg1orf2vBCVHlg8"}, "path": "django-stubs/contrib/humanize/templatetags/humanize.pyi", "size": 577}, {"hash": {"mode": "sha256", "value": "UHr4xfoH6faNXSh6Xq-6OaRhgsi57MkDktuW_MgfDDs"}, "path": "django-stubs/contrib/messages/__init__.pyi", "size": 524}, {"hash": {"mode": "sha256", "value": "OLKgtfCPkpxt6c6wjhIxzQaNEa294QNXjNgsnz8Z3_Y"}, "path": "django-stubs/contrib/messages/api.pyi", "size": 1219}, {"hash": {"mode": "sha256", "value": "CTHpRcp4hKx6R2e5ychedCKwq2TvJVLvRJ8BKYNIxfM"}, "path": "django-stubs/contrib/messages/context_processors.pyi", "size": 259}, {"hash": {"mode": "sha256", "value": "H237yhPKbsl-Civ4R6Et_LX5uBUBLrDqTDvBT1JMef4"}, "path": "django-stubs/contrib/messages/middleware.pyi", "size": 349}, {"hash": {"mode": "sha256", "value": "ySIlvAEkKK1c5eDrg4u2cs-Mu-xkBuIjVqMjlOMqNBo"}, "path": "django-stubs/contrib/messages/storage/__init__.pyi", "size": 202}, {"hash": {"mode": "sha256", "value": "DmJd_Hvx0fRBW5siFlzrnl1lLP7BVTP2C275p72XhDU"}, "path": "django-stubs/contrib/messages/storage/base.pyi", "size": 906}, {"hash": {"mode": "sha256", "value": "h0H7YBzgSzuU3gqlPFKQOEozOa6H1NT-oS-GtBbRJ_o"}, "path": "django-stubs/contrib/messages/storage/cookie.pyi", "size": 1454}, {"hash": {"mode": "sha256", "value": "Ym17fCOgYe6uZQVc98ruFu3CWXeZmmL2G4sDuRAWsZo"}, "path": "django-stubs/contrib/messages/storage/fallback.pyi", "size": 310}, {"hash": {"mode": "sha256", "value": "L6v5EfBh6izsNwzPYqwaEMfXiqJwGSGeS_muzRjaAA8"}, "path": "django-stubs/contrib/messages/storage/session.pyi", "size": 595}, {"hash": {"mode": "sha256", "value": "vC_VzCCZX1_EoSF3_n7iLG0qUPikSyInXZEj5XOsIEo"}, "path": "django-stubs/contrib/messages/utils.pyi", "size": 79}, {"hash": {"mode": "sha256", "value": "TtL666P7kI94eganBlFCJutCUdJYv8kdLcBbHeNlx1w"}, "path": "django-stubs/contrib/messages/views.pyi", "size": 331}, {"hash": {"mode": "sha256", "value": "47DEQpj8HBSa-_TImW-5JCeuQeRkm5NMpJWZG3hSuFU"}, "path": "django-stubs/contrib/postgres/__init__.pyi", "size": 0}, {"hash": {"mode": "sha256", "value": "5SbjBl_CeEMsiDTYPGir5Y1RkyzeA7aopwzuOyac5KU"}, "path": "django-stubs/contrib/postgres/fields/__init__.pyi", "size": 433}, {"hash": {"mode": "sha256", "value": "B19PlhiKI8jhgJQq6fK_2SMXtZ1-yq0RyGe6QWwPHik"}, "path": "django-stubs/contrib/postgres/fields/array.pyi", "size": 1729}, {"hash": {"mode": "sha256", "value": "bC3-GS1JBsGcBiF5ve1dN3O8vG2eKjJSH0UB7mO7kFA"}, "path": "django-stubs/contrib/postgres/fields/citext.pyi", "size": 216}, {"hash": {"mode": "sha256", "value": "f6qGgeaD_ypIuIsPMGlgm_D48zms5vJ5VCclCp-iSCc"}, "path": "django-stubs/contrib/postgres/fields/hstore.pyi", "size": 519}, {"hash": {"mode": "sha256", "value": "sDSJ7wbXnQHqqwQfIjluW5sgFmWPvCRqQrQ_6AE9J6A"}, "path": "django-stubs/contrib/postgres/fields/jsonb.pyi", "size": 1092}, {"hash": {"mode": "sha256", "value": "NAiNjruhDqjVpZdusWemB8_eZhe54CHtvAGKDjvHFKY"}, "path": "django-stubs/contrib/postgres/fields/mixins.pyi", "size": 113}, {"hash": {"mode": "sha256", "value": "nf7_7rarG7O6O57X0jmkdqrNzz9FsihBYX1CGVe8uKM"}, "path": "django-stubs/contrib/postgres/fields/ranges.pyi", "size": 883}, {"hash": {"mode": "sha256", "value": "Z8SEkq9xL8vu8ZhaEUZr9DqaN-oBSeu855ng3KXSGXg"}, "path": "django-stubs/contrib/postgres/operations.pyi", "size": 735}, {"hash": {"mode": "sha256", "value": "47DEQpj8HBSa-_TImW-5JCeuQeRkm5NMpJWZG3hSuFU"}, "path": "django-stubs/contrib/redirects/__init__.pyi", "size": 0}, {"hash": {"mode": "sha256", "value": "fKa3O8n_i5HyNVUHXOaTIar7d5SmNOPwUqmo5FRDqx0"}, "path": "django-stubs/contrib/redirects/middleware.pyi", "size": 391}, {"hash": {"mode": "sha256", "value": "h-aCkCB9-5rhIRn1zd1DhgCRzFbwbi8n3ogO2THqDDI"}, "path": "django-stubs/contrib/redirects/models.pyi", "size": 168}, {"hash": {"mode": "sha256", "value": "47DEQpj8HBSa-_TImW-5JCeuQeRkm5NMpJWZG3hSuFU"}, "path": "django-stubs/contrib/sessions/__init__.pyi", "size": 0}, {"hash": {"mode": "sha256", "value": "47DEQpj8HBSa-_TImW-5JCeuQeRkm5NMpJWZG3hSuFU"}, "path": "django-stubs/contrib/sessions/backends/__init__.pyi", "size": 0}, {"hash": {"mode": "sha256", "value": "Otq33krkSs1hbqZE7KTLgeLcT9LS2QyviX1fC7Llzkg"}, "path": "django-stubs/contrib/sessions/backends/base.pyi", "size": 1572}, {"hash": {"mode": "sha256", "value": "xQ-lypUrMfhdddqaXGJPTrtyGWOutAA8NYXmzdDRR9w"}, "path": "django-stubs/contrib/sessions/backends/cache.pyi", "size": 764}, {"hash": {"mode": "sha256", "value": "iBY9Y9koYcJr0mAxdQCipeRDsBLM1ln_cXgKDR9jGPQ"}, "path": "django-stubs/contrib/sessions/backends/cached_db.pyi", "size": 668}, {"hash": {"mode": "sha256", "value": "lOJJr57VabON2pA7Tgc9l26n9patgw8bbagVpnB8-7Y"}, "path": "django-stubs/contrib/sessions/backends/db.pyi", "size": 1043}, {"hash": {"mode": "sha256", "value": "gdGDiTpkXp1oXJqRb9NE_gJxCUxnJAEleS4NhKWzPGs"}, "path": "django-stubs/contrib/sessions/backends/file.pyi", "size": 734}, {"hash": {"mode": "sha256", "value": "myS-SaIXNd1sCPHh6f6A91QInL8J9S4Rsa0nYlWPgzA"}, "path": "django-stubs/contrib/sessions/backends/signed_cookies.pyi", "size": 654}, {"hash": {"mode": "sha256", "value": "1NPvIW3qfHt-WF1wOYh7FGLoPasYJ80KTw0pdrWOh3c"}, "path": "django-stubs/contrib/sessions/base_session.pyi", "size": 665}, {"hash": {"mode": "sha256", "value": "47DEQpj8HBSa-_TImW-5JCeuQeRkm5NMpJWZG3hSuFU"}, "path": "django-stubs/contrib/sessions/management/__init__.pyi", "size": 0}, {"hash": {"mode": "sha256", "value": "47DEQpj8HBSa-_TImW-5JCeuQeRkm5NMpJWZG3hSuFU"}, "path": "django-stubs/contrib/sessions/management/commands/__init__.pyi", "size": 0}, {"hash": {"mode": "sha256", "value": "r_ZLozkgtcoJrjyg1oDSGDqoTt4N-4-22doa8KRPjnQ"}, "path": "django-stubs/contrib/sessions/management/commands/clearsessions.pyi", "size": 339}, {"hash": {"mode": "sha256", "value": "ZaLlZVRmZZgZaDMmC-j4YZVKDSMjdFYW7WOTru56gOg"}, "path": "django-stubs/contrib/sessions/middleware.pyi", "size": 478}, {"hash": {"mode": "sha256", "value": "5Xexgn7rtazccT-DG_4gm4-Lc1NtQTZZBYZQn9LdWdk"}, "path": "django-stubs/contrib/sessions/models.pyi", "size": 176}, {"hash": {"mode": "sha256", "value": "IDMgSeFmLRJYNp5_5jiYaTPKxPBLaEVbEWqPbSqRYaM"}, "path": "django-stubs/contrib/sessions/serializers.pyi", "size": 311}, {"hash": {"mode": "sha256", "value": "y0RfN_nOPd3K7DfkklPeAwV5GvXLjYtBlsZQIW6L_3A"}, "path": "django-stubs/contrib/sitemaps/__init__.pyi", "size": 1377}, {"hash": {"mode": "sha256", "value": "47DEQpj8HBSa-_TImW-5JCeuQeRkm5NMpJWZG3hSuFU"}, "path": "django-stubs/contrib/sitemaps/management/__init__.pyi", "size": 0}, {"hash": {"mode": "sha256", "value": "47DEQpj8HBSa-_TImW-5JCeuQeRkm5NMpJWZG3hSuFU"}, "path": "django-stubs/contrib/sitemaps/management/commands/__init__.pyi", "size": 0}, {"hash": {"mode": "sha256", "value": "Gk-hDddr6HHr5PArycz3DqoeF476UpGqav9HGp_NsnI"}, "path": "django-stubs/contrib/sitemaps/management/commands/ping_google.pyi", "size": 85}, {"hash": {"mode": "sha256", "value": "JueiGm9sG9TSRfC_6FP7SpdjeOxKko1he1IJJmvWl2Q"}, "path": "django-stubs/contrib/sitemaps/views.pyi", "size": 762}, {"hash": {"mode": "sha256", "value": "47DEQpj8HBSa-_TImW-5JCeuQeRkm5NMpJWZG3hSuFU"}, "path": "django-stubs/contrib/sites/__init__.pyi", "size": 0}, {"hash": {"mode": "sha256", "value": "jg9cG_31WUi27nMYjQW_LvyEvEeJGjKvAVmoO4Av7j8"}, "path": "django-stubs/contrib/sites/apps.pyi", "size": 271}, {"hash": {"mode": "sha256", "value": "_jrDy-8QNSKTjoRyY3S8HE8yBOaWcG6gzT92imD6K-Y"}, "path": "django-stubs/contrib/sites/management.pyi", "size": 299}, {"hash": {"mode": "sha256", "value": "coArea-joIGE5eYrf8fvFPWP9YX94bzZUAen-vSfzlQ"}, "path": "django-stubs/contrib/sites/managers.pyi", "size": 462}, {"hash": {"mode": "sha256", "value": "XdobZMJ16FQk-rt57wCtkkJ2NoJfD1LQrRz1lZfx8ZA"}, "path": "django-stubs/contrib/sites/middleware.pyi", "size": 209}, {"hash": {"mode": "sha256", "value": "keVbspfxyoG6V9gsgpFb6CuYCUscJUXM64X23uQi0o4"}, "path": "django-stubs/contrib/sites/models.pyi", "size": 590}, {"hash": {"mode": "sha256", "value": "9cA6iRYob33A_N7AHCWhB5HV0u7CBaa3YFxBwKtNjXc"}, "path": "django-stubs/contrib/sites/requests.pyi", "size": 298}, {"hash": {"mode": "sha256", "value": "dPbrudBzry6CawfRV1IbbF7SHGvSa6oDjGJayELnFzI"}, "path": "django-stubs/contrib/sites/shortcuts.pyi", "size": 266}, {"hash": {"mode": "sha256", "value": "47DEQpj8HBSa-_TImW-5JCeuQeRkm5NMpJWZG3hSuFU"}, "path": "django-stubs/contrib/staticfiles/__init__.pyi", "size": 0}, {"hash": {"mode": "sha256", "value": "MyCn1ZfBYpffnpph3OfY74FuZAA6SclkK0pxQfJ5Meg"}, "path": "django-stubs/contrib/staticfiles/apps.pyi", "size": 318}, {"hash": {"mode": "sha256", "value": "_rTFHFOpZEvK-2Vpzby5WlamYrZ_6Fp6Pwk-_ThJcfI"}, "path": "django-stubs/contrib/staticfiles/checks.pyi", "size": 165}, {"hash": {"mode": "sha256", "value": "bIRxILo3BD8jt6qUHdCDP2XtuKNT7X9yaiJwOnOUSck"}, "path": "django-stubs/contrib/staticfiles/finders.pyi", "size": 2354}, {"hash": {"mode": "sha256", "value": "mYdbGElnf32CFTjdeQdDrUXqZHhV9c_mVl8gpayi4hc"}, "path": "django-stubs/contrib/staticfiles/handlers.pyi", "size": 594}, {"hash": {"mode": "sha256", "value": "47DEQpj8HBSa-_TImW-5JCeuQeRkm5NMpJWZG3hSuFU"}, "path": "django-stubs/contrib/staticfiles/management/__init__.pyi", "size": 0}, {"hash": {"mode": "sha256", "value": "47DEQpj8HBSa-_TImW-5JCeuQeRkm5NMpJWZG3hSuFU"}, "path": "django-stubs/contrib/staticfiles/management/commands/__init__.pyi", "size": 0}, {"hash": {"mode": "sha256", "value": "mxhPRAcTvTD7Sqf-c0U3I9hyA2i8btLlH25rUyzNeIU"}, "path": "django-stubs/contrib/staticfiles/management/commands/collectstatic.pyi", "size": 1532}, {"hash": {"mode": "sha256", "value": "ZVpuokVDDfzFrXXrZUFqzF8bWqVWpuNmzfz__z_WQNk"}, "path": "django-stubs/contrib/staticfiles/management/commands/findstatic.pyi", "size": 457}, {"hash": {"mode": "sha256", "value": "NJVYwOud8D1D6Bos9IrBu43h2RiDER512JaujKCbC1s"}, "path": "django-stubs/contrib/staticfiles/management/commands/runserver.pyi", "size": 590}, {"hash": {"mode": "sha256", "value": "n5fCsEkN_uODee-zoSUQqFtksi3qQWxsGgLGpXYdKjM"}, "path": "django-stubs/contrib/staticfiles/storage.pyi", "size": 2622}, {"hash": {"mode": "sha256", "value": "47DEQpj8HBSa-_TImW-5JCeuQeRkm5NMpJWZG3hSuFU"}, "path": "django-stubs/contrib/staticfiles/templatetags/__init__.pyi", "size": 0}, {"hash": {"mode": "sha256", "value": "PmmCfBorZ_X2-iSocw9WeUjVrUlDjS0UFsEjT_jdcQY"}, "path": "django-stubs/contrib/staticfiles/templatetags/staticfiles.pyi", "size": 244}, {"hash": {"mode": "sha256", "value": "Ilgseb8-qOFbgPsnGinfznGLIoctCmp51B1P3eo_xag"}, "path": "django-stubs/contrib/staticfiles/urls.pyi", "size": 177}, {"hash": {"mode": "sha256", "value": "t8k1q3pFBYiizXrwIF9PlBKVYIycVrW9ZkFzkkdRJwo"}, "path": "django-stubs/contrib/staticfiles/utils.pyi", "size": 443}, {"hash": {"mode": "sha256", "value": "eEHMGMpwXJJExgfs39zybTqTKkzhD5hsXIc3olyI4J4"}, "path": "django-stubs/contrib/staticfiles/views.pyi", "size": 232}, {"hash": {"mode": "sha256", "value": "47DEQpj8HBSa-_TImW-5JCeuQeRkm5NMpJWZG3hSuFU"}, "path": "django-stubs/contrib/syndication/__init__.pyi", "size": 0}, {"hash": {"mode": "sha256", "value": "uWf9gJObCpQK44SPtUiQRiVDjgv9tPL1mu8i77w8yuQ"}, "path": "django-stubs/contrib/syndication/views.pyi", "size": 1261}, {"hash": {"mode": "sha256", "value": "47DEQpj8HBSa-_TImW-5JCeuQeRkm5NMpJWZG3hSuFU"}, "path": "django-stubs/core/__init__.pyi", "size": 0}, {"hash": {"mode": "sha256", "value": "UhgdmZwqP7NHFjz4ZXDUSSFRFfZrUI9Imi72QnrdL9U"}, "path": "django-stubs/core/cache/__init__.pyi", "size": 610}, {"hash": {"mode": "sha256", "value": "47DEQpj8HBSa-_TImW-5JCeuQeRkm5NMpJWZG3hSuFU"}, "path": "django-stubs/core/cache/backends/__init__.pyi", "size": 0}, {"hash": {"mode": "sha256", "value": "k-tSqPV0WQdNkHOAPvvXABLK6FCfxKe79wzPYw9vL7g"}, "path": "django-stubs/core/cache/backends/base.pyi", "size": 2590}, {"hash": {"mode": "sha256", "value": "jHwFqW-aoXXWSPKGdGMx7ck2Rw0UVIbFi9wXDmKNXIk"}, "path": "django-stubs/core/cache/backends/db.pyi", "size": 1458}, {"hash": {"mode": "sha256", "value": "KgT9AzGFA_NCYzQ4fiwGV7pk4mjCcg2fqATsp0TQ1Bc"}, "path": "django-stubs/core/cache/backends/dummy.pyi", "size": 897}, {"hash": {"mode": "sha256", "value": "pwLdAu_l5V_HVxo3ib65UFM7Y6bmduFt2gxBYVou-lE"}, "path": "django-stubs/core/cache/backends/filebased.pyi", "size": 1023}, {"hash": {"mode": "sha256", "value": "yebXcgCLHOiNQ7uMRjZpOgqcAS230XG5tGZJsL4vejg"}, "path": "django-stubs/core/cache/backends/locmem.pyi", "size": 1164}, {"hash": {"mode": "sha256", "value": "2rG3g9PW3FWNflGxI84bpIfvpVQlzYYg7FaZre1vEA0"}, "path": "django-stubs/core/cache/utils.pyi", "size": 184}, {"hash": {"mode": "sha256", "value": "uPGd2TbmG6MWDMamWuQodlcdHXKcrfWqx_w1SpnvzMY"}, "path": "django-stubs/core/checks/__init__.pyi", "size": 193}, {"hash": {"mode": "sha256", "value": "g02Ozyq3B2E7nM8Kowemud3MyAr1y2gVLj6_Rr_bLGo"}, "path": "django-stubs/core/checks/caches.pyi", "size": 190}, {"hash": {"mode": "sha256", "value": "w3QX34hx3joAzz8v_psopjWUn89ppiw9BbYz2XoNmPo"}, "path": "django-stubs/core/checks/database.pyi", "size": 113}, {"hash": {"mode": "sha256", "value": "BIW0vafsmfWJt56sVsoyE2haQt_Y1J28HvdqdjEvTsw"}, "path": "django-stubs/core/checks/messages.pyi", "size": 1040}, {"hash": {"mode": "sha256", "value": "l_s_ne0RHGRN44LdGSMl3ja77xZxfP7NPmLlnrKVtAo"}, "path": "django-stubs/core/checks/model_checks.pyi", "size": 246}, {"hash": {"mode": "sha256", "value": "TGk1ZjSeBrlrK3gUc4wGWbCqNhQlaYK7FY0sZZKfWXk"}, "path": "django-stubs/core/checks/registry.pyi", "size": 1185}, {"hash": {"mode": "sha256", "value": "47DEQpj8HBSa-_TImW-5JCeuQeRkm5NMpJWZG3hSuFU"}, "path": "django-stubs/core/checks/security/__init__.pyi", "size": 0}, {"hash": {"mode": "sha256", "value": "JifOtx4O5asyOhuu3XctJ_w96teR9mauGqwnvBNGF2s"}, "path": "django-stubs/core/checks/security/base.pyi", "size": 1240}, {"hash": {"mode": "sha256", "value": "D6hegLQXyaB47phvNhwwCcWpRtS91Yoph_OCAMqiySk"}, "path": "django-stubs/core/checks/security/csrf.pyi", "size": 277}, {"hash": {"mode": "sha256", "value": "3YCzCUypg7KCBL5x0jNhiQLEu35XgS_kMXyAZNDrwN8"}, "path": "django-stubs/core/checks/security/sessions.pyi", "size": 425}, {"hash": {"mode": "sha256", "value": "i94CV7oKKsafm0xNsD5z48cibIN_ihWCXRLkUAkP5W0"}, "path": "django-stubs/core/checks/templates.pyi", "size": 289}, {"hash": {"mode": "sha256", "value": "W6TrU0rVAm4SQzMehCRjmtDu2kXKIsd22-O1XWdmKdw"}, "path": "django-stubs/core/checks/urls.pyi", "size": 653}, {"hash": {"mode": "sha256", "value": "VPgD4WzafSFza0Gv5-D0WmJrdtcBAkBKhLirWk9n4h0"}, "path": "django-stubs/core/exceptions.pyi", "size": 1543}, {"hash": {"mode": "sha256", "value": "hdnkFb2OQ7nFCvlNdWdVo4qsMPLXN_YaeyRdMAineH0"}, "path": "django-stubs/core/files/__init__.pyi", "size": 68}, {"hash": {"mode": "sha256", "value": "V9UZzwbE7d6WGGk48L9BPS0EFpMrGHb-xOssyn5bfJE"}, "path": "django-stubs/core/files/base.pyi", "size": 1341}, {"hash": {"mode": "sha256", "value": "m5tMhG2C3JUh2Qv-Bz6stmCHvt1cOybCto1p6zO4rCQ"}, "path": "django-stubs/core/files/images.pyi", "size": 326}, {"hash": {"mode": "sha256", "value": "4MhD05xvDQlihqHGFIGkyIVUcuSkwEuuuIKYK3quwWk"}, "path": "django-stubs/core/files/locks.pyi", "size": 456}, {"hash": {"mode": "sha256", "value": "PISpZOttN4V_udjfb3adCtD-4oZ6Xaq8W79I6MddcrY"}, "path": "django-stubs/core/files/move.pyi", "size": 130}, {"hash": {"mode": "sha256", "value": "XqLrdctRW5sJa0NkTW3-lqkFout_EA8bLPsh3uLVmp8"}, "path": "django-stubs/core/files/storage.pyi", "size": 1665}, {"hash": {"mode": "sha256", "value": "GXys-R-G1z3HKO90VbMZqW5mpy8e468QbczNs9k9vQM"}, "path": "django-stubs/core/files/temp.pyi", "size": 100}, {"hash": {"mode": "sha256", "value": "ZKCxikS2hXQfCqSTA6U8Qw6OwRJajaNyxRI9aessGgM"}, "path": "django-stubs/core/files/uploadedfile.pyi", "size": 1696}, {"hash": {"mode": "sha256", "value": "siZCpUNpgtF_qPHUuKdfgSa2t2-7SPFB_8o1iHeUTd8"}, "path": "django-stubs/core/files/uploadhandler.pyi", "size": 3097}, {"hash": {"mode": "sha256", "value": "-YkCeClNFbCHxU418Pbn4t8p451gwLt5UfHnv-1twCc"}, "path": "django-stubs/core/files/utils.pyi", "size": 547}, {"hash": {"mode": "sha256", "value": "47DEQpj8HBSa-_TImW-5JCeuQeRkm5NMpJWZG3hSuFU"}, "path": "django-stubs/core/handlers/__init__.pyi", "size": 0}, {"hash": {"mode": "sha256", "value": "reuUkVIQEFxLy3ZFGeoUwMf3Mcsooz6ZkBuqbxBHczA"}, "path": "django-stubs/core/handlers/base.pyi", "size": 723}, {"hash": {"mode": "sha256", "value": "9Z2sl79zEx6EkjxA7930oIYYsuaOZQNKf_zNUa21YV0"}, "path": "django-stubs/core/handlers/exception.pyi", "size": 570}, {"hash": {"mode": "sha256", "value": "yJq-AitNewYAyRYTufAtZ-c6Lj0cOFJyn3eZSfjuJnc"}, "path": "django-stubs/core/handlers/wsgi.pyi", "size": 1401}, {"hash": {"mode": "sha256", "value": "nqb9gepKlM2j6VxZPdQSan2ZrkNlkqZPhebO5Y2eEyA"}, "path": "django-stubs/core/mail/__init__.pyi", "size": 1613}, {"hash": {"mode": "sha256", "value": "Y0DhSjbsWEWDVY9l7phisOctA-dnfvLtOB20lrfA2ng"}, "path": "django-stubs/core/mail/message.pyi", "size": 4204}, {"hash": {"mode": "sha256", "value": "HiKGzyDfshoDMKu0_OuSD262A10HLjhURdD4ZNJt1ec"}, "path": "django-stubs/core/mail/utils.pyi", "size": 95}, {"hash": {"mode": "sha256", "value": "y5stx_89t2N3a_i34agdwuxa9VZkPbO8UJfNdr0S5Io"}, "path": "django-stubs/core/management/__init__.pyi", "size": 883}, {"hash": {"mode": "sha256", "value": "V0QcvndgONofx2FbuUvZvWSSJsLDIriso4JpP3RiXL4"}, "path": "django-stubs/core/management/base.pyi", "size": 2618}, {"hash": {"mode": "sha256", "value": "CHks5HZ1lrIhAfIWdWmMQnUVw03zyN62kvXc7tWT1HA"}, "path": "django-stubs/core/management/color.pyi", "size": 160}, {"hash": {"mode": "sha256", "value": "fi7T3XJ92IYa50gpmW8vwmA9QPag-oU5XLP2WBo6rpI"}, "path": "django-stubs/core/management/sql.pyi", "size": 429}, {"hash": {"mode": "sha256", "value": "8KeRPPYQXl7odHNvlYSOPTjNiGP_tD_-S0Qjdy1faxI"}, "path": "django-stubs/core/management/templates.pyi", "size": 855}, {"hash": {"mode": "sha256", "value": "HMCK8ycwLP5ju8FrheJQWNV0zyHxQdxlFSGacYygNwI"}, "path": "django-stubs/core/management/utils.pyi", "size": 509}, {"hash": {"mode": "sha256", "value": "AZM41IxEMLY3B95hi5rWAFUB0lCGMhSo5qNjbT5VX1g"}, "path": "django-stubs/core/paginator.pyi", "size": 1877}, {"hash": {"mode": "sha256", "value": "dNXOFAykJh_3cNocGBTHKKIn_pXJvKBqmEf9JdEEiVw"}, "path": "django-stubs/core/serializers/__init__.pyi", "size": 1604}, {"hash": {"mode": "sha256", "value": "VsSUjYPizUYM_7OjT90t-CclvQjQfkKZ4QdTYV3ORNY"}, "path": "django-stubs/core/serializers/base.pyi", "size": 3325}, {"hash": {"mode": "sha256", "value": "sbieBab0DEuFPRKTWRJZDDYMmea-baNSWEzIaa5Ei3I"}, "path": "django-stubs/core/serializers/json.pyi", "size": 974}, {"hash": {"mode": "sha256", "value": "NCnmkWXULd6W9ceSNYXg-BPNwgOlay6xprvPk6IIUTk"}, "path": "django-stubs/core/serializers/python.pyi", "size": 1256}, {"hash": {"mode": "sha256", "value": "47DEQpj8HBSa-_TImW-5JCeuQeRkm5NMpJWZG3hSuFU"}, "path": "django-stubs/core/servers/__init__.pyi", "size": 0}, {"hash": {"mode": "sha256", "value": "Gr6Y1w16tIW-jz-QeF5y7qyY-8wUYqi56GZZJD1AfY4"}, "path": "django-stubs/core/servers/basehttp.pyi", "size": 1287}, {"hash": {"mode": "sha256", "value": "oSxvwX4-JFULZ6XVH3IH9fIoB7yQP7qWf1q2ifN1wNw"}, "path": "django-stubs/core/signals.pyi", "size": 163}, {"hash": {"mode": "sha256", "value": "PM5vv8HpaFDbLaM4G0IuG4DLKhvj1jkAjseFDKuRX-0"}, "path": "django-stubs/core/signing.pyi", "size": 1514}, {"hash": {"mode": "sha256", "value": "E3GJvP5dZThAvZxHAjuwiM2FJGzWOuasONAl7NmCsVo"}, "path": "django-stubs/core/validators.pyi", "size": 4267}, {"hash": {"mode": "sha256", "value": "6VtHyJCF0P4EmH0PppqXcZMZ3kV75FuSjKglcvueZ9M"}, "path": "django-stubs/core/wsgi.pyi", "size": 98}, {"hash": {"mode": "sha256", "value": "IvrSld10uRlR250ZZGVw1t_R_7R8L1oF4L0uKxHUo14"}, "path": "django-stubs/db/__init__.pyi", "size": 877}, {"hash": {"mode": "sha256", "value": "47DEQpj8HBSa-_TImW-5JCeuQeRkm5NMpJWZG3hSuFU"}, "path": "django-stubs/db/backends/__init__.pyi", "size": 0}, {"hash": {"mode": "sha256", "value": "47DEQpj8HBSa-_TImW-5JCeuQeRkm5NMpJWZG3hSuFU"}, "path": "django-stubs/db/backends/base/__init__.pyi", "size": 0}, {"hash": {"mode": "sha256", "value": "NYwCQQNbIf9KgzAZOrWlTKF3ltyxwJH0zes0b6zID28"}, "path": "django-stubs/db/backends/base/base.pyi", "size": 3862}, {"hash": {"mode": "sha256", "value": "hqp0K8r-HMKmwZvS-12BBsuq4hGZL9pMAbhwKIMm1n4"}, "path": "django-stubs/db/backends/base/client.pyi", "size": 284}, {"hash": {"mode": "sha256", "value": "x9cz11-3RbcDHEAmN2Gr6Efvg3wMqhMx1tweI_z8jbU"}, "path": "django-stubs/db/backends/base/creation.pyi", "size": 1103}, {"hash": {"mode": "sha256", "value": "F75NGOv39wA83eTUirnZmTJu-lmr0LvBJ1o9ciwPUTE"}, "path": "django-stubs/db/backends/base/features.pyi", "size": 4254}, {"hash": {"mode": "sha256", "value": "_mTzol9wMHuvQnFkVtCMq_YBVG3E3vSO_QlRINUJCRk"}, "path": "django-stubs/db/backends/base/introspection.pyi", "size": 1539}, {"hash": {"mode": "sha256", "value": "-4_Bv9zLiXESBWT-87jo2nCW2z_OqQzaoyg1qR3DcSE"}, "path": "django-stubs/db/backends/base/operations.pyi", "size": 6350}, {"hash": {"mode": "sha256", "value": "-4DG5roolkqWJ0X2uIAKA8jzQ1WzIhS7oBcS2s8GJqc"}, "path": "django-stubs/db/backends/base/schema.pyi", "size": 3396}, {"hash": {"mode": "sha256", "value": "eU9YLWgzmVf0CYHAu-GtwLKt74LAyG-JAOgNVP0xPuM"}, "path": "django-stubs/db/backends/base/validation.pyi", "size": 395}, {"hash": {"mode": "sha256", "value": "WsOtVIe0GMwG-3kuNxjJaAjg7NDl0FgPfKAIufsvIDY"}, "path": "django-stubs/db/backends/ddl_references.pyi", "size": 2657}, {"hash": {"mode": "sha256", "value": "47DEQpj8HBSa-_TImW-5JCeuQeRkm5NMpJWZG3hSuFU"}, "path": "django-stubs/db/backends/dummy/__init__.pyi", "size": 0}, {"hash": {"mode": "sha256", "value": "pI5bMLTk4ouIU2E149rtQSBQrPdFsphj6wgidS6oHe4"}, "path": "django-stubs/db/backends/dummy/base.pyi", "size": 2396}, {"hash": {"mode": "sha256", "value": "47DEQpj8HBSa-_TImW-5JCeuQeRkm5NMpJWZG3hSuFU"}, "path": "django-stubs/db/backends/mysql/__init__.pyi", "size": 0}, {"hash": {"mode": "sha256", "value": "isQkegivPi197AA_2qUeL5EOyJzdGgYN2tad_cHbqGQ"}, "path": "django-stubs/db/backends/mysql/client.pyi", "size": 388}, {"hash": {"mode": "sha256", "value": "47DEQpj8HBSa-_TImW-5JCeuQeRkm5NMpJWZG3hSuFU"}, "path": "django-stubs/db/backends/postgresql/__init__.pyi", "size": 0}, {"hash": {"mode": "sha256", "value": "AVl8Kw7Odun_L2BkEPd6ok9FRkh5n9S6wKVKM7qAzc4"}, "path": "django-stubs/db/backends/postgresql/client.pyi", "size": 296}, {"hash": {"mode": "sha256", "value": "47DEQpj8HBSa-_TImW-5JCeuQeRkm5NMpJWZG3hSuFU"}, "path": "django-stubs/db/backends/sqlite3/__init__.pyi", "size": 0}, {"hash": {"mode": "sha256", "value": "6B35p7a3hIW2i2GXEuH80HBlWQZXWW3wyQ-d8j2NAHA"}, "path": "django-stubs/db/backends/sqlite3/base.pyi", "size": 357}, {"hash": {"mode": "sha256", "value": "fnJLgXWLVw9MDbkPM_PrlgCNeEovyRFWahmCpmGtL9A"}, "path": "django-stubs/db/backends/sqlite3/creation.pyi", "size": 117}, {"hash": {"mode": "sha256", "value": "QBNQPU-dQwPzmhxGH3AcxhgcJ5rCwtLeWJbelW3Lw3E"}, "path": "django-stubs/db/backends/sqlite3/features.pyi", "size": 117}, {"hash": {"mode": "sha256", "value": "iuDpn0wsrJaxEHD3g9ZPSjw0kQeMDpY2-9-QuMnczYs"}, "path": "django-stubs/db/backends/sqlite3/introspection.pyi", "size": 418}, {"hash": {"mode": "sha256", "value": "8l4IrNRrQZJk-LLbH3zGWqgpTmBXA2-rUsP76GgpY_Y"}, "path": "django-stubs/db/backends/sqlite3/operations.pyi", "size": 125}, {"hash": {"mode": "sha256", "value": "vWmwOLuokJRE7gxecFXnTBriNW0xuRugEQU3bXvrU_A"}, "path": "django-stubs/db/backends/sqlite3/schema.pyi", "size": 1190}, {"hash": {"mode": "sha256", "value": "2gzFEQghEKhNlkCFrQ6ZdGSnFZIiBxQ5dDIkIE41_ZA"}, "path": "django-stubs/db/backends/utils.pyi", "size": 1539}, {"hash": {"mode": "sha256", "value": "hhLMlg4osD2PgLKlq76pVHYWqPXZMnA4BpE9v8tDWyQ"}, "path": "django-stubs/db/migrations/__init__.pyi", "size": 243}, {"hash": {"mode": "sha256", "value": "xQmcpsLs8jTPIMGuwaASncuUExFQeutQDKJdzNwjAQE"}, "path": "django-stubs/db/migrations/autodetector.pyi", "size": 3011}, {"hash": {"mode": "sha256", "value": "1dnXNA3dEZtIOu57XaL8myY1c9lnGk7PnGmR02sDp10"}, "path": "django-stubs/db/migrations/exceptions.pyi", "size": 714}, {"hash": {"mode": "sha256", "value": "0s4j-NtGdXyt6dN-GUzjQfPmvvuZAiO-qph4OSIk0_I"}, "path": "django-stubs/db/migrations/executor.pyi", "size": 1679}, {"hash": {"mode": "sha256", "value": "vTfxASvXEpUwE41x4612B80gBrPuikln5N8vFAmumZU"}, "path": "django-stubs/db/migrations/graph.pyi", "size": 2602}, {"hash": {"mode": "sha256", "value": "Au6d1OKR6uCAKika6OmlkxYy_MCsv4I5_N8qFAZ7wLM"}, "path": "django-stubs/db/migrations/loader.pyi", "size": 1766}, {"hash": {"mode": "sha256", "value": "7VPflSKV0TSV03BGOerAOtbdsRyab8U6SvfWqCezkxw"}, "path": "django-stubs/db/migrations/migration.pyi", "size": 1060}, {"hash": {"mode": "sha256", "value": "_qQWnIi5HJHUvJwxND36K0UDgwqtxixi_PDq6_K32gI"}, "path": "django-stubs/db/migrations/operations/__init__.pyi", "size": 1502}, {"hash": {"mode": "sha256", "value": "Yf5Kls_4hSQsIXjlL9OK08vwdBoC-U9HZUEqFAgt3iU"}, "path": "django-stubs/db/migrations/operations/base.pyi", "size": 902}, {"hash": {"mode": "sha256", "value": "LamrRXz0P9fbbRxg3qdIACBKuKktlgC8tjmQubEIDnM"}, "path": "django-stubs/db/migrations/operations/fields.pyi", "size": 1123}, {"hash": {"mode": "sha256", "value": "mU0lcRJOyb9h6eGXWmgLfViwc-rDOUddvgi7q569hQQ"}, "path": "django-stubs/db/migrations/operations/models.pyi", "size": 2882}, {"hash": {"mode": "sha256", "value": "IUylNYPs2amdxe0LXDpAcgG38E6MidF-HqfSXB-rqT4"}, "path": "django-stubs/db/migrations/operations/special.pyi", "size": 1340}, {"hash": {"mode": "sha256", "value": "c3JLPgnNvLkXPqd58STsQgONi7i1eUn081TgQaGOehY"}, "path": "django-stubs/db/migrations/operations/utils.pyi", "size": 217}, {"hash": {"mode": "sha256", "value": "4oDcfA4PXyGPtc1C6MmknB-6TaaNtYdeWSyE7JTmMzk"}, "path": "django-stubs/db/migrations/optimizer.pyi", "size": 343}, {"hash": {"mode": "sha256", "value": "734ewVOcc5I9wlAUW2DJ8BVBqACx6C1pm4cHY0ZlwUo"}, "path": "django-stubs/db/migrations/questioner.pyi", "size": 1156}, {"hash": {"mode": "sha256", "value": "j2th14mIxchOJ3s1ar2nbloAI6Xy4wiVDitnw-i9snE"}, "path": "django-stubs/db/migrations/recorder.pyi", "size": 806}, {"hash": {"mode": "sha256", "value": "Rp4aSBex5Hn598zAw-bWuaQ5yQ96HDtpGifmuGMQaRU"}, "path": "django-stubs/db/migrations/serializer.pyi", "size": 1637}, {"hash": {"mode": "sha256", "value": "22eglTDETYl3GHd7EnzHWTIBDlTEqfMlJroEVFyDfs0"}, "path": "django-stubs/db/migrations/state.pyi", "size": 2790}, {"hash": {"mode": "sha256", "value": "NJzfRJYQwJeJS8fCVme_hYGsbrt14h7EGAcs2W0fmL8"}, "path": "django-stubs/db/migrations/topological_sort.pyi", "size": 348}, {"hash": {"mode": "sha256", "value": "yRlE8__8quhMrlAMU1F282hQftrxxiSQbja20o8hYmc"}, "path": "django-stubs/db/migrations/utils.pyi", "size": 207}, {"hash": {"mode": "sha256", "value": "wMBIirhtOHmn9Bw1YZrbhtc3YWRO_ixgqWkEQEWtRIY"}, "path": "django-stubs/db/migrations/writer.pyi", "size": 1160}, {"hash": {"mode": "sha256", "value": "26IH2ie5euTwxEeIWrWegkkIV6emm1CITgcUw1tE3Iw"}, "path": "django-stubs/db/models/__init__.pyi", "size": 3077}, {"hash": {"mode": "sha256", "value": "oDOtuCyLaKm98MB65eKXSN5tnYTSfiC2AnYtcyFr8fY"}, "path": "django-stubs/db/models/aggregates.pyi", "size": 677}, {"hash": {"mode": "sha256", "value": "1iZAnA5VPI6126EwEr-qsQ-LG3i9xX8y7I4qradCdLw"}, "path": "django-stubs/db/models/base.pyi", "size": 1561}, {"hash": {"mode": "sha256", "value": "3mLt02mFi3LQU7OEIsrged6J7OU8crdUkJl5HW8drP8"}, "path": "django-stubs/db/models/deletion.pyi", "size": 441}, {"hash": {"mode": "sha256", "value": "4qkYjExhVMQ56_SMPGQ8rYe-Z1BZSO6lKJ_cYlQ9eJI"}, "path": "django-stubs/db/models/expressions.pyi", "size": 8998}, {"hash": {"mode": "sha256", "value": "nv1maiWA2wGLviJUE0sAFNPYin6sOMLoIFSOwhQxwkc"}, "path": "django-stubs/db/models/fields/__init__.pyi", "size": 11087}, {"hash": {"mode": "sha256", "value": "H8XqtXgiVgfZHIqbyZndQpc554u1_qqJr-vntsrEc5I"}, "path": "django-stubs/db/models/fields/files.pyi", "size": 3115}, {"hash": {"mode": "sha256", "value": "myGDhO7COLmmouchsjRU57lQpXnJahzqaffXmya4r6c"}, "path": "django-stubs/db/models/fields/mixins.pyi", "size": 453}, {"hash": {"mode": "sha256", "value": "HJvfUvqFTmnGwe3bZs0eHumpAvOdFYTJeX-KzOPvR80"}, "path": "django-stubs/db/models/fields/proxy.pyi", "size": 161}, {"hash": {"mode": "sha256", "value": "sP3dbHjPXyAlokBzWVd5MhbGWg5t6N9udY8aC0pV9yY"}, "path": "django-stubs/db/models/fields/related.pyi", "size": 8886}, {"hash": {"mode": "sha256", "value": "foBVVlhgtaoOz6iRbAmh5Az18ZNbxND6gDncol863WA"}, "path": "django-stubs/db/models/fields/related_descriptors.pyi", "size": 3184}, {"hash": {"mode": "sha256", "value": "tPhBih5TNsVbpZ4_j-HM5Gt8tehukUcWxh-cnzARJw4"}, "path": "django-stubs/db/models/fields/related_lookups.pyi", "size": 1500}, {"hash": {"mode": "sha256", "value": "2QjeczItZfpdNX8LzeMSyGUzBndTcb3cPz-GIiSWjjE"}, "path": "django-stubs/db/models/fields/reverse_related.pyi", "size": 4970}, {"hash": {"mode": "sha256", "value": "npOgiHv9HjfBHgs6lWvi20g36FzdNS_5Ot2hTvLe1ac"}, "path": "django-stubs/db/models/functions/__init__.pyi", "size": 1476}, {"hash": {"mode": "sha256", "value": "KxLKz1WeuqCJzfWPwITpIapSFF29wxRzR4KtZ-HMw2U"}, "path": "django-stubs/db/models/functions/comparison.pyi", "size": 1518}, {"hash": {"mode": "sha256", "value": "EYn_hVn_P6tqZCuH1X_DHf_s7mMqdUY-qsBuGOT9YE4"}, "path": "django-stubs/db/models/functions/datetime.pyi", "size": 937}, {"hash": {"mode": "sha256", "value": "RobrnKOXuRW_t02PFEHRPIBp27Tn5_SVL0SWSpUMpww"}, "path": "django-stubs/db/models/functions/text.pyi", "size": 3577}, {"hash": {"mode": "sha256", "value": "79ijIBnWY9PF1XmxMGAdGOEOpthJwuic7I8VyJX3Csw"}, "path": "django-stubs/db/models/functions/window.pyi", "size": 1647}, {"hash": {"mode": "sha256", "value": "ujTv7C_M6v8FVGItwh_c7o3OnuBuSRMyoYZ0fhTI7Tk"}, "path": "django-stubs/db/models/indexes.pyi", "size": 1039}, {"hash": {"mode": "sha256", "value": "V4fVHZFLKKxwK6wxhkvD3zkLqQ3ZbtVRYmB6378qq1Y"}, "path": "django-stubs/db/models/lookups.pyi", "size": 6513}, {"hash": {"mode": "sha256", "value": "0ZPofuGxRvEjOsPMpuZpDDfKPdDWn4zqZBkvq5r4CEA"}, "path": "django-stubs/db/models/manager.pyi", "size": 1684}, {"hash": {"mode": "sha256", "value": "CUkiZIcc5kA79mfVPdHIJ1oBO2oFYTbm_914uKS1msQ"}, "path": "django-stubs/db/models/options.pyi", "size": 4586}, {"hash": {"mode": "sha256", "value": "Q4ngie4zdKt9CytnLpVyu3gBwqfVYGQAr0crgKDdvBg"}, "path": "django-stubs/db/models/query.pyi", "size": 8583}, {"hash": {"mode": "sha256", "value": "8f2Y_soHOdhgTTGfy1epDmipv0ANv_7fQ-H3763QHr4"}, "path": "django-stubs/db/models/query_utils.pyi", "size": 3419}, {"hash": {"mode": "sha256", "value": "UvyKPck5LFYqOCeet0Z9HCxbtF9HKOofVak2mnyfPqM"}, "path": "django-stubs/db/models/signals.pyi", "size": 850}, {"hash": {"mode": "sha256", "value": "mcrelxpwAAcq3e68wtJ3Y8vbb0JwRwln3GFy3PXTBf0"}, "path": "django-stubs/db/models/sql/__init__.pyi", "size": 219}, {"hash": {"mode": "sha256", "value": "yM6WcCyTJAdL1atZpU692SubFBnTiflXr3VKbz-w2SM"}, "path": "django-stubs/db/models/sql/compiler.pyi", "size": 4602}, {"hash": {"mode": "sha256", "value": "wqrVp2CmNwQGTE6G48hxopiddIaPjheG3aF0bNrfrxI"}, "path": "django-stubs/db/models/sql/constants.pyi", "size": 262}, {"hash": {"mode": "sha256", "value": "aP3H2772NScQipXPMjWN8hReyS1cMtP35Tj0FOV0tTo"}, "path": "django-stubs/db/models/sql/datastructures.pyi", "size": 1909}, {"hash": {"mode": "sha256", "value": "UAanrfRGg4U1kxNG3gaACrThaRDrrrIL0NDIKHzu9r8"}, "path": "django-stubs/db/models/sql/query.pyi", "size": 8684}, {"hash": {"mode": "sha256", "value": "ui_90Oz188coYORjTwEMiXLH54shI26MKG3wqGB3Fpk"}, "path": "django-stubs/db/models/sql/subqueries.pyi", "size": 5917}, {"hash": {"mode": "sha256", "value": "9VjAyEI7JNev1Y9_ReLbPa9qDrXYkzC4vSOupqbHl0c"}, "path": "django-stubs/db/models/sql/where.pyi", "size": 1948}, {"hash": {"mode": "sha256", "value": "ZasoW3_iyXnENWD-vkb8kDaltYPG8OOjrE8Sr8Mb1Zw"}, "path": "django-stubs/db/models/utils.pyi", "size": 172}, {"hash": {"mode": "sha256", "value": "wH969N0rJoHeJ5DfL2GQNbY1zWfShY0InlIfDT16sgo"}, "path": "django-stubs/db/transaction.pyi", "size": 1698}, {"hash": {"mode": "sha256", "value": "e0IiXeAd6GIN3JaOitr57UUDa7eu4bYlF--afrhfwdA"}, "path": "django-stubs/db/utils.pyi", "size": 1079}, {"hash": {"mode": "sha256", "value": "SQUYnc7LrrXNZN_Ch5JdeGL9HDU-gaTK6G4Yxrr-rvc"}, "path": "django-stubs/dispatch/__init__.pyi", "size": 78}, {"hash": {"mode": "sha256", "value": "uxX9E2K_yVWGTqo6HtR4bBkUhfGoXVnOoSFW4Xu1RzY"}, "path": "django-stubs/dispatch/dispatcher.pyi", "size": 1082}, {"hash": {"mode": "sha256", "value": "PDfM3_x2dO3LJMZrF4n2TLJvVGHRcZxCDNAXvF1QArA"}, "path": "django-stubs/forms/__init__.pyi", "size": 2235}, {"hash": {"mode": "sha256", "value": "jiT0VOrFHPAwTTJYoFiHrtgZbVa8kxv8OjCwA_JuUSo"}, "path": "django-stubs/forms/boundfield.pyi", "size": 2308}, {"hash": {"mode": "sha256", "value": "EB7tpdiVtpuI9VT3ze9azLawBXcAXIWTam6NiTOS7Is"}, "path": "django-stubs/forms/fields.pyi", "size": 12943}, {"hash": {"mode": "sha256", "value": "s_MhAKNVLiP7mHvih0iYn3eKRuVOH5WKPMCyr6HoMno"}, "path": "django-stubs/forms/forms.pyi", "size": 2960}, {"hash": {"mode": "sha256", "value": "PWlKGK54Iu7khVNdt8nkqFnAHvlF1LkZCPttxU5jRpc"}, "path": "django-stubs/forms/formsets.pyi", "size": 2397}, {"hash": {"mode": "sha256", "value": "_6POeGI0EyfT3ZnTCfevSCTfPWUKBNg0PklEQPYuJC4"}, "path": "django-stubs/forms/models.pyi", "size": 9985}, {"hash": {"mode": "sha256", "value": "B7qixyAgAsctVbrLw0bRA78qv9IvKPChk5lrIqIRomQ"}, "path": "django-stubs/forms/renderers.pyi", "size": 766}, {"hash": {"mode": "sha256", "value": "MgzO6rPlH29FFb7nkg-7ZSQYUjvQ92m-gqiS-bq5Z2w"}, "path": "django-stubs/forms/utils.pyi", "size": 1257}, {"hash": {"mode": "sha256", "value": "q6fo0Nwhj4lrWNQIiqr--jJwks9yynKiXEki-pUfmdE"}, "path": "django-stubs/forms/widgets.pyi", "size": 7500}, {"hash": {"mode": "sha256", "value": "tpXEfW48QUEnzOLVM9glXI6MLX3VX6_a-DmbzjIhvF0"}, "path": "django-stubs/http/__init__.pyi", "size": 988}, {"hash": {"mode": "sha256", "value": "alynIOZMj8djeNCol-x2_mSUeNUtoO-stYZrboEDHnQ"}, "path": "django-stubs/http/cookie.pyi", "size": 102}, {"hash": {"mode": "sha256", "value": "tq4nBvZN_mSeNC82urno1t2JhEKAqkXOPHpno5LIglQ"}, "path": "django-stubs/http/multipartparser.pyi", "size": 1986}, {"hash": {"mode": "sha256", "value": "fYhY1PWv3z-sFgD3XbtKpMYmap8EuC28Z8URPVLV6O4"}, "path": "django-stubs/http/request.pyi", "size": 2882}, {"hash": {"mode": "sha256", "value": "mTQ7twzi_QOjloXxGaxWH07jqj_rFrYMlPCYAqp8Lgk"}, "path": "django-stubs/http/response.pyi", "size": 4948}, {"hash": {"mode": "sha256", "value": "47DEQpj8HBSa-_TImW-5JCeuQeRkm5NMpJWZG3hSuFU"}, "path": "django-stubs/middleware/__init__.pyi", "size": 0}, {"hash": {"mode": "sha256", "value": "2eNzy0MekvcFiR52WXQ1er12Gl3ZPNaYQBAesnRkaWM"}, "path": "django-stubs/middleware/cache.pyi", "size": 1095}, {"hash": {"mode": "sha256", "value": "KcQDinOFpxOnJt_bWJpFLk350ceGcODerjF3xcc4gEg"}, "path": "django-stubs/middleware/clickjacking.pyi", "size": 387}, {"hash": {"mode": "sha256", "value": "KmN-G-bFLmSpqbZYXKF2rCWFbyT1thGKKQVscfCdLGQ"}, "path": "django-stubs/middleware/common.pyi", "size": 987}, {"hash": {"mode": "sha256", "value": "OwBwiy9xH7BRjb_wdJB7uxQNAiYHQa9nK1zDIrX4JV0"}, "path": "django-stubs/middleware/csrf.pyi", "size": 1240}, {"hash": {"mode": "sha256", "value": "If78A7dw_ILgnSCY2L8wkjNF2qqk7SkBVK17WAxVx7Q"}, "path": "django-stubs/middleware/gzip.pyi", "size": 339}, {"hash": {"mode": "sha256", "value": "mdaMBPWaWuwjz0g400w1t5N3TkNGL9dG-TCmmkbAOd0"}, "path": "django-stubs/middleware/http.pyi", "size": 369}, {"hash": {"mode": "sha256", "value": "typ6K2fi1-vG64j0GVCSAXKCKzcpzmVE2bdDzoe8bes"}, "path": "django-stubs/middleware/locale.pyi", "size": 423}, {"hash": {"mode": "sha256", "value": "4ee7wQgRxiwpP_vwfG5IM68TYyCGpVPuTYEwp8uoM88"}, "path": "django-stubs/middleware/security.pyi", "size": 715}, {"hash": {"mode": "sha256", "value": "B5pa6qZosEzZvfCt91DyU1S-Scrlq7lglexhyMyPiOE"}, "path": "django-stubs/shortcuts.pyi", "size": 1384}, {"hash": {"mode": "sha256", "value": "87Omlyr7XLi5x8bbxTBby2htPXGn79eytzb2jguf2EU"}, "path": "django-stubs/template/__init__.pyi", "size": 648}, {"hash": {"mode": "sha256", "value": "47DEQpj8HBSa-_TImW-5JCeuQeRkm5NMpJWZG3hSuFU"}, "path": "django-stubs/template/backends/__init__.pyi", "size": 0}, {"hash": {"mode": "sha256", "value": "L8r59nF3DN8BBIgvcN8yOzm29lMRJ-8Cyh1wd7A3ZRc"}, "path": "django-stubs/template/backends/base.pyi", "size": 572}, {"hash": {"mode": "sha256", "value": "ZZGcR648GUyghDZtriwzH8cbQwVhUBwHv3zMw0dkZHw"}, "path": "django-stubs/template/backends/django.pyi", "size": 973}, {"hash": {"mode": "sha256", "value": "tFk_lGkZVT891784pH10ra5Ul6wC86nlGOzae9C4WP8"}, "path": "django-stubs/template/backends/dummy.pyi", "size": 685}, {"hash": {"mode": "sha256", "value": "sP_O2D0eFeDbd-bOLklLsekkJjc_CEw1Aip69HLRGQk"}, "path": "django-stubs/template/backends/jinja2.pyi", "size": 848}, {"hash": {"mode": "sha256", "value": "PWHVBy-qMplv8Vx1wVjbuvVN8ONaKq_9yYlDDP-q9Qw"}, "path": "django-stubs/template/backends/utils.pyi", "size": 221}, {"hash": {"mode": "sha256", "value": "M3QdikKv9sAlCvMWS5PleeHHwIOPBlNNU0p_-_MLbjc"}, "path": "django-stubs/template/base.pyi", "size": 6280}, {"hash": {"mode": "sha256", "value": "F1mgkncBKN_OeGuDO-dR3dZoYKVE2pxIoFu7ZnAcKUA"}, "path": "django-stubs/template/context.pyi", "size": 3208}, {"hash": {"mode": "sha256", "value": "bMVI13GgofaJnXyDHRgj09wVxMt0sA1DxawMrzwAtQc"}, "path": "django-stubs/template/context_processors.pyi", "size": 640}, {"hash": {"mode": "sha256", "value": "NgJY9hqiRJmfIemhrebBRrD54K-FKfv2ROFbEzdIwkA"}, "path": "django-stubs/template/defaultfilters.pyi", "size": 3625}, {"hash": {"mode": "sha256", "value": "hvxjkL-tRoFTg1JeScbEUeiMYF5HrnDw2XQpN4aY0QU"}, "path": "django-stubs/template/defaulttags.pyi", "size": 7237}, {"hash": {"mode": "sha256", "value": "fVxtt56BiOR-fLxGZtYFwvJD_ygYgu9Bhy5I39c7QbM"}, "path": "django-stubs/template/engine.pyi", "size": 2158}, {"hash": {"mode": "sha256", "value": "XKMDInGTVL9Zr_exfpi6tS-zliwBuK5Dwg2hU9ZwAiE"}, "path": "django-stubs/template/exceptions.pyi", "size": 596}, {"hash": {"mode": "sha256", "value": "wqpD6-eFu6CHuraBEiO37sRG2Zhmkea1rv0I9eR2StA"}, "path": "django-stubs/template/library.pyi", "size": 3079}, {"hash": {"mode": "sha256", "value": "SZVWNqm4Jvpja2473Nt9y1wtahnpbbzfDFEjmg9Ocm8"}, "path": "django-stubs/template/loader.pyi", "size": 592}, {"hash": {"mode": "sha256", "value": "uhPtslJdwFOhqdsWtTzgOPgTFle7rf_eeQDVmmwFCuI"}, "path": "django-stubs/template/loader_tags.pyi", "size": 2363}, {"hash": {"mode": "sha256", "value": "47DEQpj8HBSa-_TImW-5JCeuQeRkm5NMpJWZG3hSuFU"}, "path": "django-stubs/template/loaders/__init__.pyi", "size": 0}, {"hash": {"mode": "sha256", "value": "N-afSXyGIeQtvmLqXopLz8TCaNrC3qYiANuuFZ0Edbc"}, "path": "django-stubs/template/loaders/app_directories.pyi", "size": 227}, {"hash": {"mode": "sha256", "value": "kFeq6axDUvhDpblJyxeqBLLgs1rds_27q_vnT1OMbJI"}, "path": "django-stubs/template/loaders/base.pyi", "size": 473}, {"hash": {"mode": "sha256", "value": "3GH-aUsw3cepqidzF2yj7ZYt-Rh2bZHKcLYNFUQJJ30"}, "path": "django-stubs/template/loaders/cached.pyi", "size": 949}, {"hash": {"mode": "sha256", "value": "_cHaykw6EmYPEmh25Lwsfd_Ghs7bnwKc5cI47JqTYK0"}, "path": "django-stubs/template/loaders/filesystem.pyi", "size": 556}, {"hash": {"mode": "sha256", "value": "XYgi7KJs8PnJGBvJO75_b7UQtx4ds0k3hUbYVtZr7ds"}, "path": "django-stubs/template/loaders/locmem.pyi", "size": 463}, {"hash": {"mode": "sha256", "value": "Eo8V-pJW39OkGwsO9Hgmc00wnDCELwoNR1lgBqXjqNs"}, "path": "django-stubs/template/response.pyi", "size": 2508}, {"hash": {"mode": "sha256", "value": "PAKYMxW4Q6JY0l8TLmwR7B90xy8IYnMXTf7e6Atog_w"}, "path": "django-stubs/template/smartif.pyi", "size": 1267}, {"hash": {"mode": "sha256", "value": "keI7BX8onKPNwTqz9O1Osr1Rk7ZiyPIntQOvsPBo8Os"}, "path": "django-stubs/template/utils.pyi", "size": 558}, {"hash": {"mode": "sha256", "value": "47DEQpj8HBSa-_TImW-5JCeuQeRkm5NMpJWZG3hSuFU"}, "path": "django-stubs/templatetags/__init__.pyi", "size": 0}, {"hash": {"mode": "sha256", "value": "XuUAIiyGhjH8gi5PXl9kNt8sTNQc8w6xBJNq_KptH18"}, "path": "django-stubs/templatetags/cache.pyi", "size": 862}, {"hash": {"mode": "sha256", "value": "4BWXJ5DhA9HkYCyQ1WISee_Wu8_709LibLsFOPIo4es"}, "path": "django-stubs/templatetags/i18n.pyi", "size": 4015}, {"hash": {"mode": "sha256", "value": "g3Opq9A7m9Xy-4L8xrYVrCZg8nTLOsZBC4Mp_8_DsEs"}, "path": "django-stubs/templatetags/l10n.pyi", "size": 724}, {"hash": {"mode": "sha256", "value": "tEYUti2ryjfqaPWL-toCiF6R8bs4-u45yMmn94cT-Ww"}, "path": "django-stubs/templatetags/static.pyi", "size": 1343}, {"hash": {"mode": "sha256", "value": "fKhzIKgFlWkESSU7s-CE_0nEdmz35jeU-AzqttDXnrs"}, "path": "django-stubs/templatetags/tz.pyi", "size": 1600}, {"hash": {"mode": "sha256", "value": "FxU0Xt4wJj1Jf3kdcL0lt-dpEDUN1wFe7LsyMiJvjjc"}, "path": "django-stubs/test/__init__.pyi", "size": 671}, {"hash": {"mode": "sha256", "value": "lhbwr5CYz-2edZkse9gGAn6GLwM7xAbEV9aM5z9BS6o"}, "path": "django-stubs/test/client.pyi", "size": 5049}, {"hash": {"mode": "sha256", "value": "anoeIHw-TGC1A0_M5E1BjSFlLhPoqqxpjSA_JGddGN0"}, "path": "django-stubs/test/html.pyi", "size": 1645}, {"hash": {"mode": "sha256", "value": "sQgLWHSnzmIAkqpSww-mkd7eiKsHedMGEKUedvWn6-U"}, "path": "django-stubs/test/runner.pyi", "size": 5217}, {"hash": {"mode": "sha256", "value": "CKW-XlD6SUu9pLyxUt6p8l5uYzN-RjkrGqnji-Dup7Y"}, "path": "django-stubs/test/selenium.pyi", "size": 368}, {"hash": {"mode": "sha256", "value": "6owBcTHQefBP4gm_oCnR88YXtd_thzZETcZ-wTTPI2Q"}, "path": "django-stubs/test/signals.pyi", "size": 972}, {"hash": {"mode": "sha256", "value": "sLNzHMWpKqQsEDaTwrZu3WzaaWegoE067xwW_pw-hOU"}, "path": "django-stubs/test/testcases.pyi", "size": 7767}, {"hash": {"mode": "sha256", "value": "vb8nfZz1OUtpjRd1tuIdjbxUZDo4iylY1EZ3yLD-1Kk"}, "path": "django-stubs/test/utils.pyi", "size": 5021}, {"hash": {"mode": "sha256", "value": "nQLDuDGK7FnjTv35h5oWaHGxEj7LUxTpXHmM1bPV1n0"}, "path": "django-stubs/urls/__init__.pyi", "size": 1197}, {"hash": {"mode": "sha256", "value": "RtQApc1gUSPpnAw1gm3HqvNai7lYb0k3r2kS6wcKMk0"}, "path": "django-stubs/urls/base.pyi", "size": 887}, {"hash": {"mode": "sha256", "value": "fQBxHNx-15fHrH34SEWb7-Osq9Zg06CM23XCgi2fXrw"}, "path": "django-stubs/urls/conf.pyi", "size": 367}, {"hash": {"mode": "sha256", "value": "BPTR1pZZZUdQ77TGMKRZa1AxBIdd40nbH_lb2jL5Aww"}, "path": "django-stubs/urls/converters.pyi", "size": 837}, {"hash": {"mode": "sha256", "value": "v9HslLbktGe6e0rLCJaPV8Sd0WztZsKmOb9FCr_YrAI"}, "path": "django-stubs/urls/exceptions.pyi", "size": 113}, {"hash": {"mode": "sha256", "value": "IZVaITIgDIyjZU3KeXrmkesb4mNeI-KP2zuuy2NoVeA"}, "path": "django-stubs/urls/resolvers.pyi", "size": 4008}, {"hash": {"mode": "sha256", "value": "aHMnJJ_yLIRc1jFBsuwInS1i07sg_TNCRFfpBdVliWA"}, "path": "django-stubs/urls/utils.pyi", "size": 168}, {"hash": {"mode": "sha256", "value": "47DEQpj8HBSa-_TImW-5JCeuQeRkm5NMpJWZG3hSuFU"}, "path": "django-stubs/utils/__init__.pyi", "size": 0}, {"hash": {"mode": "sha256", "value": "97zXOHasU725vq-YUCZTHPyXzNM0-RaVoPkqbRWQpLs"}, "path": "django-stubs/utils/_os.pyi", "size": 242}, {"hash": {"mode": "sha256", "value": "cY7OJ-isoDs7qr6FBx6CLZ191KmaXv16o0ELRS-0xlI"}, "path": "django-stubs/utils/archive.pyi", "size": 1239}, {"hash": {"mode": "sha256", "value": "dnhsaaSojDt-tKkMcpCAozqLlqDswTppmvE1K9ZNtuc"}, "path": "django-stubs/utils/autoreload.pyi", "size": 715}, {"hash": {"mode": "sha256", "value": "Myy9JlfWTJ29J8Oyiq-upqag-VfsPHg3jsuq7HHU9iE"}, "path": "django-stubs/utils/baseconv.pyi", "size": 593}, {"hash": {"mode": "sha256", "value": "8fizez1FhDfW5dW59Qyc_JD6Q24tcWhIb9EmDaKymn4"}, "path": "django-stubs/utils/cache.pyi", "size": 1398}, {"hash": {"mode": "sha256", "value": "j8L_lCg4mQe5FpdvDfuCXOb5O0jT_xotGjPXHygOGSk"}, "path": "django-stubs/utils/crypto.pyi", "size": 548}, {"hash": {"mode": "sha256", "value": "jqAGAv_7S77Qz9EdV921eES8f72FxFSHolcu8auTELY"}, "path": "django-stubs/utils/datastructures.pyi", "size": 2134}, {"hash": {"mode": "sha256", "value": "LYlEsk85dViA0PXht-NfYdqGSSHmyPlAzfbZmHXj1xU"}, "path": "django-stubs/utils/dateformat.pyi", "size": 1770}, {"hash": {"mode": "sha256", "value": "PX8c8e3ma-IOaj-F0RrBF4XTTVngSfkGNKt24AMy4qo"}, "path": "django-stubs/utils/dateparse.pyi", "size": 425}, {"hash": {"mode": "sha256", "value": "eDDUi7Z7G3VU8h_6q4Z63l_7L2zgcyYuTE3yf-GSt-I"}, "path": "django-stubs/utils/dates.pyi", "size": 181}, {"hash": {"mode": "sha256", "value": "EoBg9gdcfrV-gz-6fCfJbO9Dkmc274szgEPoB7MLuGc"}, "path": "django-stubs/utils/datetime_safe.pyi", "size": 569}, {"hash": {"mode": "sha256", "value": "6IL3eW3s2avXEeGE_oJW3Mxg6Hk3387euuFekBeHY0A"}, "path": "django-stubs/utils/deconstruct.pyi", "size": 105}, {"hash": {"mode": "sha256", "value": "DrccPo7oIZLU3TCecSljMHvH_4l1ES4FecLnffUZ-us"}, "path": "django-stubs/utils/decorators.pyi", "size": 1007}, {"hash": {"mode": "sha256", "value": "pnTALuPmEeRwH45dPX5A-UuRN71YBZZ9b-cBkyHL-UE"}, "path": "django-stubs/utils/deprecation.pyi", "size": 1269}, {"hash": {"mode": "sha256", "value": "ilwGzRGAMZpMEE2hVGBSRmV1jNuqN96trBC04_zOHtA"}, "path": "django-stubs/utils/duration.pyi", "size": 231}, {"hash": {"mode": "sha256", "value": "rafZLRe6oEhO3bQNgwVIn3Zs4SUiNGPSvkpyMXpdm_I"}, "path": "django-stubs/utils/encoding.pyi", "size": 1059}, {"hash": {"mode": "sha256", "value": "MjlW_wojBvWRxGSBqzkM8u-GNYNBGYhMNnb3inFvIGw"}, "path": "django-stubs/utils/feedgenerator.pyi", "size": 4247}, {"hash": {"mode": "sha256", "value": "WLkueQDaB2Gg2MTb_SxnFkpQpR49O6ogaZEKhy2JGFQ"}, "path": "django-stubs/utils/formats.pyi", "size": 1271}, {"hash": {"mode": "sha256", "value": "rzIhvjzMZP1lf7CvEhzSzq3K-SPW1ErVnn3QszyPoNE"}, "path": "django-stubs/utils/functional.pyi", "size": 1718}, {"hash": {"mode": "sha256", "value": "lETMaXFCMhcdthzwW67sSB7ZB3o_3OP7_FxGodiEJYA"}, "path": "django-stubs/utils/html.pyi", "size": 1551}, {"hash": {"mode": "sha256", "value": "WFnYtbkMvB9mj2zmWjOPxpu_jtlWooW-Z79LIv8WbYc"}, "path": "django-stubs/utils/http.pyi", "size": 1454}, {"hash": {"mode": "sha256", "value": "H1Fm_a3PBdsM9r-wel4ME_qWdUp4Cgekm6_vBV-Dr3M"}, "path": "django-stubs/utils/inspect.pyi", "size": 391}, {"hash": {"mode": "sha256", "value": "kqBIdU3GzBgHrt8CzP15v4psjy_4-Ie1E2c1zz-2uYg"}, "path": "django-stubs/utils/ipv6.pyi", "size": 178}, {"hash": {"mode": "sha256", "value": "e82O1avmyWSyHAnZLUm5vqre-6SJOmRvOQQ8DOK6oDw"}, "path": "django-stubs/utils/itercompat.pyi", "size": 538}, {"hash": {"mode": "sha256", "value": "_R3st8851lEA_sUS5i_Kneche-ZPrCtpIsBtzFQZS_U"}, "path": "django-stubs/utils/jslex.pyi", "size": 748}, {"hash": {"mode": "sha256", "value": "1I0K3LVVMLOuqTUvXnaa_XoPgch2Lc0MfuHX7cHPCwE"}, "path": "django-stubs/utils/log.pyi", "size": 1568}, {"hash": {"mode": "sha256", "value": "hWyAVX6FUvF4Pq_nPaOwXdMaQkrkHJX_dMpbsnFU5VQ"}, "path": "django-stubs/utils/lorem_ipsum.pyi", "size": 258}, {"hash": {"mode": "sha256", "value": "ZatbvUTJELJ5s4mfZFZkuA2gzG5oRsgyr0bEx6WkDY0"}, "path": "django-stubs/utils/module_loading.pyi", "size": 257}, {"hash": {"mode": "sha256", "value": "tGq_aAmrf_lkWdZ4XUMlf4h0DUtc185bwfgJefaXYkw"}, "path": "django-stubs/utils/numberformat.pyi", "size": 344}, {"hash": {"mode": "sha256", "value": "REFgvf8HYnE-XsiepvPLjd2HZyMWlUJDC2ILtUDS0Ws"}, "path": "django-stubs/utils/regex_helper.pyi", "size": 658}, {"hash": {"mode": "sha256", "value": "JWRNAirEKLbc8GpFrzDrshDPII4f6GUSQ1k7djBgOUk"}, "path": "django-stubs/utils/safestring.pyi", "size": 286}, {"hash": {"mode": "sha256", "value": "fGwtJGbkPulV7pzqEeAdgzVv6z2mDiFtgtios6tWzS4"}, "path": "django-stubs/utils/six.pyi", "size": 3408}, {"hash": {"mode": "sha256", "value": "sEGetPM2phDF651lu2mnoTKgIxiNuSlWkJ_Es54q4d0"}, "path": "django-stubs/utils/termcolors.pyi", "size": 521}, {"hash": {"mode": "sha256", "value": "1pkffguAgX7Wbo8At5brJAQ9IzzneP06wY0ZOgmT4LQ"}, "path": "django-stubs/utils/text.pyi", "size": 1581}, {"hash": {"mode": "sha256", "value": "hEpRsrPG2cHN8YYjBRKz_ogg_dkWdEDxSxynwVeKjrI"}, "path": "django-stubs/utils/timesince.pyi", "size": 299}, {"hash": {"mode": "sha256", "value": "l3vEDwtEaZ4b_RjUOTJ5Ec6mZ8V0S3QsIJZ-XjJojUs"}, "path": "django-stubs/utils/timezone.pyi", "size": 2224}, {"hash": {"mode": "sha256", "value": "xpxNX5fiZwMOEY5ChEfSTxNTzVmTJyG9aug897G93eU"}, "path": "django-stubs/utils/translation/__init__.pyi", "size": 2262}, {"hash": {"mode": "sha256", "value": "buGvgLuUsmLtTXeDxPJfeW09JfRKAbEXBD3dbrxO-u4"}, "path": "django-stubs/utils/translation/template.pyi", "size": 245}, {"hash": {"mode": "sha256", "value": "wduXzjDeQb-YDorJxE_fXjKdqxVsIMVi_AoPUeC26xI"}, "path": "django-stubs/utils/translation/trans_null.pyi", "size": 739}, {"hash": {"mode": "sha256", "value": "uXK53giQyz6hE5WsJPBCkBepZjw9Ljxhwhqk7MLYo_I"}, "path": "django-stubs/utils/translation/trans_real.pyi", "size": 1815}, {"hash": {"mode": "sha256", "value": "o9mcMsS2YwxEEBKyTNr0SzySPY0-9rgFTOjKn15Hgsw"}, "path": "django-stubs/utils/tree.pyi", "size": 736}, {"hash": {"mode": "sha256", "value": "kwDgHzvG-PW5Gs-2ch8lTduLItyo4asFa509YOQd15A"}, "path": "django-stubs/utils/version.pyi", "size": 516}, {"hash": {"mode": "sha256", "value": "wGOSksvFX7wd6dl7Yoz836aEyZ-D6jxi4R9kBaaeEtY"}, "path": "django-stubs/utils/xmlutils.pyi", "size": 433}, {"hash": {"mode": "sha256", "value": "aq7HMnOVrisbvfSuGERsghE8UbQzyGkJq-QpU0Tcv9w"}, "path": "django-stubs/views/__init__.pyi", "size": 39}, {"hash": {"mode": "sha256", "value": "IWUdDCiJjyVfGZHpN0fHH6nu7yYmVbXyDvWg-Bea23Y"}, "path": "django-stubs/views/csrf.pyi", "size": 274}, {"hash": {"mode": "sha256", "value": "2rnK6NA70AmZaimLQ4roboXrrS0QRHBsG4i27B_gJsI"}, "path": "django-stubs/views/debug.pyi", "size": 2770}, {"hash": {"mode": "sha256", "value": "47DEQpj8HBSa-_TImW-5JCeuQeRkm5NMpJWZG3hSuFU"}, "path": "django-stubs/views/decorators/__init__.pyi", "size": 0}, {"hash": {"mode": "sha256", "value": "2fZtsdqiMyyGPNv9kTF1B1r9ycN-zoIRaO7MLnLRJUk"}, "path": "django-stubs/views/decorators/cache.pyi", "size": 260}, {"hash": {"mode": "sha256", "value": "_yTgPbros99P2xWH5eH1ebVpCs5dEQ3L1jnRf2pkZnY"}, "path": "django-stubs/views/decorators/clickjacking.pyi", "size": 223}, {"hash": {"mode": "sha256", "value": "Nv-jGvhOONHgbuP7xmPgK6oD5kKK5tXZDS0G1M1m7y8"}, "path": "django-stubs/views/decorators/csrf.pyi", "size": 434}, {"hash": {"mode": "sha256", "value": "wZ1YJ1dKztkQ6wd3ED0G6G4l4WuHSRcABy5qOlmFYCo"}, "path": "django-stubs/views/decorators/debug.pyi", "size": 157}, {"hash": {"mode": "sha256", "value": "JrWGhd0lKHFoRUy9fgp4ur27I96BEP5EkuZt0l-yUsY"}, "path": "django-stubs/views/decorators/gzip.pyi", "size": 114}, {"hash": {"mode": "sha256", "value": "KXFLRkP7IJmoZZXQA8ae-ZNONfe-raXHp1KfVXe5d3M"}, "path": "django-stubs/views/decorators/http.pyi", "size": 428}, {"hash": {"mode": "sha256", "value": "462GcikF5rPVdjae-BcVs-mBg8TjmK7Zku13myHtvsA"}, "path": "django-stubs/views/decorators/vary.pyi", "size": 138}, {"hash": {"mode": "sha256", "value": "qnKCAJ0gMNl7y0DbyQRDVDm0WnR7iWhIAFZgsILVQqY"}, "path": "django-stubs/views/defaults.pyi", "size": 814}, {"hash": {"mode": "sha256", "value": "RMzs5h07bv50ftLnRSYnrWOJXkth7PTyU5odn0GCw68"}, "path": "django-stubs/views/generic/__init__.pyi", "size": 637}, {"hash": {"mode": "sha256", "value": "JINZ89zRGqYQg3CBIC7P8Za7sI3rCYRqWKcJR7S9M-8"}, "path": "django-stubs/views/generic/base.pyi", "size": 2152}, {"hash": {"mode": "sha256", "value": "Zx27AEK-8TILUYUV94xepPx62MRMbe9MZNFCJxe4AfY"}, "path": "django-stubs/views/generic/dates.pyi", "size": 4078}, {"hash": {"mode": "sha256", "value": "L9JiCHIwJqHHj5ZzCjCHbgAZVci0BydGCE1okeEbzrU"}, "path": "django-stubs/views/generic/detail.pyi", "size": 1370}, {"hash": {"mode": "sha256", "value": "dbrHlS6U_ab-E4PfisBN7ANX_bPH115kNGeDTHi34uU"}, "path": "django-stubs/views/generic/edit.pyi", "size": 2621}, {"hash": {"mode": "sha256", "value": "J63HknJ3-xBW6ZSCNA3t0zeztSRu6m04w4fKjn_D1Oc"}, "path": "django-stubs/views/generic/list.pyi", "size": 1842}, {"hash": {"mode": "sha256", "value": "uL-yCYqHyEFkfL2He_UTt_OnBnom8TlqhAquvxMd1Sc"}, "path": "django-stubs/views/i18n.pyi", "size": 1257}, {"hash": {"mode": "sha256", "value": "tX0ADulNf2Yh6fJhKh6PSS9a8AsAt1gijAMu2iehhP8"}, "path": "django-stubs/views/static.pyi", "size": 461}, {"hash": {"mode": "sha256", "value": "zuuue4knoyJ-UwPPXg8fezS7VCrXJQrAP7zeNuwvFQg"}, "path": "django_stubs-0.9.0.dist-info/INSTALLER", "size": 4}, {"hash": {"mode": "sha256", "value": "I16ZOWXTmaJefUk9JchiL3hxhRCIS5wFHx8YZrbzTp0"}, "path": "django_stubs-0.9.0.dist-info/LICENSE.txt", "size": 1075}, {"hash": {"mode": "sha256", "value": "JZcDDa3JawUSUp0-BxpIYP0y2XqgMQlN-4huH5fXHI8"}, "path": "django_stubs-0.9.0.dist-info/METADATA", "size": 2431}, {"hash": null, "path": "django_stubs-0.9.0.dist-info/RECORD", "size": null}, {"hash": {"mode": "sha256", "value": "aSdOKpzTGLLkKenfdFGiq92od_Dmr98YfEe8iw7iZoo"}, "path": "django_stubs-0.9.0.dist-info/WHEEL", "size": 110}, {"hash": {"mode": "sha256", "value": "thxfGHvG-5jxZ0F8TuLSEa5Zs7L0bB09qTo0gaw3gJs"}, "path": "django_stubs-0.9.0.dist-info/top_level.txt", "size": 32}, {"hash": {"mode": "sha256", "value": "47DEQpj8HBSa-_TImW-5JCeuQeRkm5NMpJWZG3hSuFU"}, "path": "mypy_django_plugin/__init__.py", "size": 0}, {"hash": null, "path": "mypy_django_plugin/__pycache__/__init__.cpython-37.pyc", "size": null}, {"hash": null, "path": "mypy_django_plugin/__pycache__/config.cpython-37.pyc", "size": null}, {"hash": null, "path": "mypy_django_plugin/__pycache__/helpers.cpython-37.pyc", "size": null}, {"hash": null, "path": "mypy_django_plugin/__pycache__/main.cpython-37.pyc", "size": null}, {"hash": null, "path": "mypy_django_plugin/__pycache__/monkeypatch.cpython-37.pyc", "size": null}, {"hash": {"mode": "sha256", "value": "q38zIK3rDA4i74pBfb0gwItYUBo0Lv20GjxtQL4Djbo"}, "path": "mypy_django_plugin/config.py", "size": 988}, {"hash": {"mode": "sha256", "value": "Risw_aqgPg68g6obOw__SJpkx8RxJYe_evXGHnOI5Tc"}, "path": "mypy_django_plugin/helpers.py", "size": 10093}, {"hash": {"mode": "sha256", "value": "x0wjjxDDKt5kpIDR4TcJjHX0p3fEawRyVoQbQ7K38lE"}, "path": "mypy_django_plugin/main.py", "size": 15837}, {"hash": {"mode": "sha256", "value": "oqNBslG3Cd9BonNdpD1vOYeHosyK6a_UrvSNeRk3WUI"}, "path": "mypy_django_plugin/monkeypatch.py", "size": 1636}, {"hash": {"mode": "sha256", "value": "47DEQpj8HBSa-_TImW-5JCeuQeRkm5NMpJWZG3hSuFU"}, "path": "mypy_django_plugin/transformers/__init__.py", "size": 0}, {"hash": null, "path": "mypy_django_plugin/transformers/__pycache__/__init__.cpython-37.pyc", "size": null}, {"hash": null, "path": "mypy_django_plugin/transformers/__pycache__/fields.cpython-37.pyc", "size": null}, {"hash": null, "path": "mypy_django_plugin/transformers/__pycache__/forms.cpython-37.pyc", "size": null}, {"hash": null, "path": "mypy_django_plugin/transformers/__pycache__/init_create.cpython-37.pyc", "size": null}, {"hash": null, "path": "mypy_django_plugin/transformers/__pycache__/migrations.cpython-37.pyc", "size": null}, {"hash": null, "path": "mypy_django_plugin/transformers/__pycache__/models.cpython-37.pyc", "size": null}, {"hash": null, "path": "mypy_django_plugin/transformers/__pycache__/settings.cpython-37.pyc", "size": null}, {"hash": {"mode": "sha256", "value": "0A4pytZzCHOtLHZ7ly0a9Oz_PaRhd2N0LyEd8spt8z4"}, "path": "mypy_django_plugin/transformers/fields.py", "size": 8046}, {"hash": {"mode": "sha256", "value": "EnX_ufSlW20A7yR6YqnSc1Rh2-2i4cYXlummXOx86Zg"}, "path": "mypy_django_plugin/transformers/forms.py", "size": 317}, {"hash": {"mode": "sha256", "value": "NzAgPi6z4rvc2p_lf1jhDMF1SEWod8bZyjcOHqXfADk"}, "path": "mypy_django_plugin/transformers/init_create.py", "size": 9128}, {"hash": {"mode": "sha256", "value": "PMQLpt1FVeqhx6milOsv9fQbnmCIPrYTCPGQlNcPiJA"}, "path": "mypy_django_plugin/transformers/migrations.py", "size": 1608}, {"hash": {"mode": "sha256", "value": "09lIVQAsrBJ-OqLgsNAF3JZGh2Wx39GdhEuth0mcRU8"}, "path": "mypy_django_plugin/transformers/models.py", "size": 10969}, {"hash": {"mode": "sha256", "value": "JHLf6EfHgM4U8Qx5jUBNQS-2AcI_QJSunz3A3ypcbY0"}, "path": "mypy_django_plugin/transformers/settings.py", "size": 4034}], "metadata": {"Author": "Maksim Kurnikov", "Author-email": "maxim.kurnikov@gmail.com", "Classifier": ["Development Status :: 3 - Alpha", "License :: OSI Approved :: MIT License", "Programming Language :: Python :: 3.6", "Programming Language :: Python :: 3.7"], "Description-Content-Type": "text/markdown", "Home-page": "https://github.com/mkurnikov/django-stubs", "License": "MIT", "Metadata-Version": "2.1", "Name": "django-stubs", "Platform": ["UNKNOWN"], "Requires-Dist": ["mypy (>=0.670)", "typing-extensions", "dataclasses"], "Requires-Python": ">=3", "Summary": "Django mypy stubs", "Version": "0.9.0"}, "requires": ["mypy (>=0.670)", "typing-extensions", "dataclasses"], "version": "0.9.0"}, "index_url": "https://pypi.org/simple", "package_name": "django-stubs", "package_version": "0.9.0", "package_version_requested": "0.9.0", "sha256": ["fea673da8fcec87bb52a8049761babea60d452df803ca2627e15a1cce87eafb2", "a8b51b79354f2f29289a453107f55ba44b6b9a90f58344ddbb750a173c52f9a9"]}], "unparsed": [], "unresolved": []}}