{"metadata": {"analyzer": "thoth-solver", "analyzer_version": "1.4.1", "arguments": {"python": {"exclude_packages": null, "index": "https://pypi.org/simple", "no_pretty": false, "no_transitive": true, "output": "http://result-api/api/v1/solver-result", "requirements": "pymisp==2.4.114", "virtualenv": "/home/solver/venv"}, "thoth-solver": {"verbose": false}}, "datetime": "2019-12-27T17:23:00.940363", "distribution": {"codename": "", "id": "fedora", "like": "", "version": "31", "version_parts": {"build_number": "", "major": "31", "minor": ""}}, "document_id": "solver-fedora-31-py37-03a132ec", "duration": 4, "hostname": "solver-fedora-31-py37-03a132ec-h9xwh", "os_release": {"id": "fedora", "name": "Fedora", "platform_id": "platform:f31", "redhat_bugzilla_product": "Fedora", "redhat_bugzilla_product_version": "31", "redhat_support_product": "Fedora", "redhat_support_product_version": "31", "variant_id": "container", "version": "31 (Container Image)", "version_id": "31"}, "python": {"api_version": 1013, "implementation_name": "cpython", "major": 3, "micro": 5, "minor": 7, "releaselevel": "final", "serial": 0}, "thoth_deployment_name": "thoth-psi-stage", "timestamp": 1577467380}, "result": {"environment": {"implementation_name": "cpython", "implementation_version": "3.7.5", "os_name": "posix", "platform_machine": "x86_64", "platform_python_implementation": "CPython", "platform_release": "3.10.0-957.21.2.el7.x86_64", "platform_system": "Linux", "platform_version": "#1 SMP Tue May 28 09:26:43 UTC 2019", "python_full_version": "3.7.5", "python_version": "3.7", "sys_platform": "linux"}, "environment_packages": [{"package_name": "pipdeptree", "package_version": "0.13.2"}], "errors": [], "tree": [{"dependencies": [{"extra": [], "extras": [], "marker": null, "marker_evaluated": null, "marker_evaluation_error": null, "marker_evaluation_result": true, "normalized_package_name": "six", "package_name": "six", "resolved_versions": [{"index": "https://pypi.org/simple", "versions": ["0.9.0", "0.9.1", "0.9.2", "1.0.0", "1.1.0", "1.10.0", "1.11.0", "1.12.0", "1.13.0", "1.2.0", "1.3.0", "1.4.0", "1.4.1", "1.5.0", "1.5.1", "1.5.2", "1.6.0", "1.6.1", "1.7.0", "1.7.1", "1.7.2", "1.7.3", "1.8.0", "1.9.0"]}], "specifier": null}, {"extra": [], "extras": [], "marker": null, "marker_evaluated": null, "marker_evaluation_error": null, "marker_evaluation_result": true, "normalized_package_name": "requests", "package_name": "requests", "resolved_versions": [{"index": "https://pypi.org/simple", "versions": ["0.0.1", "0.10.0", "0.10.1", "0.10.2", "0.10.3", "0.10.4", "0.10.6", "0.10.7", "0.10.8", "0.11.1", "0.11.2", "0.12.0", "0.12.01", "0.12.1", "0.13.0", "0.13.1", "0.13.2", "0.13.3", "0.13.4", "0.13.5", "0.13.6", "0.13.7", "0.13.8", "0.13.9", "0.14.0", "0.14.1", "0.14.2", "0.2.0", "0.2.1", "0.2.2", "0.2.3", "0.2.4", "0.3.0", "0.3.1", "0.3.2", "0.3.3", "0.3.4", "0.4.0", "0.4.1", "0.5.0", "0.5.1", "0.6.0", "0.6.1", "0.6.2", "0.6.3", "0.6.4", "0.6.5", "0.6.6", "0.7.0", "0.7.1", "0.7.2", "0.7.3", "0.7.4", "0.7.5", "0.7.6", "0.8.0", "0.8.1", "0.8.2", "0.8.3", "0.8.4", "0.8.5", "0.8.6", "0.8.7", "0.8.8", "0.8.9", "0.9.0", "0.9.1", "0.9.2", "0.9.3", "1.0.0", "1.0.1", "1.0.2", "1.0.3", "1.0.4", "1.1.0", "1.2.0", "1.2.1", "1.2.2", "1.2.3", "2.0.0", "2.0.1", "2.1.0", "2.10.0", "2.11.0", "2.11.1", "2.12.0", "2.12.1", "2.12.2", "2.12.3", "2.12.4", "2.12.5", "2.13.0", "2.14.0", "2.14.1", "2.14.2", "2.15.0", "2.15.1", "2.16.0", "2.16.1", "2.16.2", "2.16.3", "2.16.4", "2.16.5", "2.17.0", "2.17.1", "2.17.2", "2.17.3", "2.18.0", "2.18.1", "2.18.2", "2.18.3", "2.18.4", "2.19.0", "2.19.1", "2.2.0", "2.2.1", "2.20.0", "2.20.1", "2.21.0", "2.22.0", "2.3.0", "2.4.0", "2.4.1", "2.4.2", "2.4.3", "2.5.0", "2.5.1", "2.5.2", "2.5.3", "2.6.0", "2.6.1", "2.6.2", "2.7.0", "2.8.0", "2.8.1", "2.9.0", "2.9.1", "2.9.2"]}], "specifier": null}, {"extra": [], "extras": [], "marker": null, "marker_evaluated": null, "marker_evaluation_error": null, "marker_evaluation_result": true, "normalized_package_name": "python-dateutil", "package_name": "python-dateutil", "resolved_versions": [{"index": "https://pypi.org/simple", "versions": ["0.1", "0.3", "0.4", "0.5", "1.0", "1.1", "1.2", "1.4", "1.4.1", "1.5", "2.0", "2.1", "2.2", "2.3", "2.4.0", "2.4.1", "2.4.2", "2.5.0", "2.5.1", "2.5.2", "2.5.3", "2.6.0", "2.6.1", "2.7.0", "2.7.1", "2.7.2", "2.7.3", "2.7.4", "2.7.5", "2.8.0", "2.8.1"]}], "specifier": null}, {"extra": [], "extras": [], "marker": null, "marker_evaluated": null, "marker_evaluation_error": null, "marker_evaluation_result": true, "normalized_package_name": "jsonschema", "package_name": "jsonschema", "resolved_versions": [{"index": "https://pypi.org/simple", "versions": ["0.2", "0.3", "0.4", "0.5", "0.6", "0.7", "0.8.0", "1.0.0", "1.1.0", "1.2.0", "1.3.0", "2.0.0", "2.1.0", "2.2.0", "2.3.0", "2.4.0", "2.5.0", "2.5.1", "2.6.0", "3.0.0", "3.0.1", "3.0.2", "3.1.0", "3.1.1", "3.2.0"]}], "specifier": null}, {"extra": [], "extras": [], "marker": null, "marker_evaluated": null, "marker_evaluation_error": null, "marker_evaluation_result": true, "normalized_package_name": "deprecated", "package_name": "deprecated", "resolved_versions": [{"index": "https://pypi.org/simple", "versions": ["1.1.0", "1.1.1", "1.1.2", "1.1.3", "1.1.4", "1.1.5", "1.2.0", "1.2.1", "1.2.2", "1.2.3", "1.2.4", "1.2.5", "1.2.6", "1.2.7"]}], "specifier": null}, {"extra": [], "extras": [], "marker": "python_version < \"3.0\"", "marker_evaluated": "python_version < \"3.0\"", "marker_evaluation_error": null, "marker_evaluation_result": false, "normalized_package_name": "functools32", "package_name": "functools32", "resolved_versions": [{"index": "https://pypi.org/simple", "versions": ["3.2.3", "3.2.3-1", "3.2.3-2"]}], "specifier": null}, {"extra": [], "extras": [], "marker": "python_version < \"3.4\"", "marker_evaluated": "python_version < \"3.4\"", "marker_evaluation_error": null, "marker_evaluation_result": false, "normalized_package_name": "enum34", "package_name": "enum34", "resolved_versions": [{"index": "https://pypi.org/simple", "versions": ["0.9", "0.9.1", "0.9.11", "0.9.12", "0.9.13", "0.9.14", "0.9.15", "0.9.16", "0.9.17", "0.9.18", "0.9.19", "0.9.20", "0.9.21", "0.9.22", "0.9.23", "1.0", "1.0.1", "1.0.2", "1.0.3", "1.0.4", "1.1.0", "1.1.1", "1.1.2", "1.1.3", "1.1.4", "1.1.5", "1.1.6"]}], "specifier": null}, {"extra": ["docs"], "extras": [], "marker": "extra == \"docs\"", "marker_evaluated": "python_version >= \"0.0\"", "marker_evaluation_error": null, "marker_evaluation_result": true, "normalized_package_name": "sphinx-autodoc-typehints", "package_name": "sphinx-autodoc-typehints", "resolved_versions": [{"index": "https://pypi.org/simple", "versions": ["1.0.0", "1.0.1", "1.0.2", "1.0.3", "1.0.4", "1.0.5", "1.0.6", "1.1.0", "1.10.0", "1.10.1", "1.10.2", "1.10.3", "1.2.0", "1.2.1", "1.2.3", "1.2.4", "1.2.5", "1.3.0", "1.4.0", "1.5.0", "1.5.1", "1.5.2", "1.6.0", "1.7.0", "1.8.0", "1.9.0"]}], "specifier": null}, {"extra": ["docs"], "extras": [], "marker": "extra == \"docs\"", "marker_evaluated": "python_version >= \"0.0\"", "marker_evaluation_error": null, "marker_evaluation_result": true, "normalized_package_name": "recommonmark", "package_name": "recommonmark", "resolved_versions": [{"index": "https://pypi.org/simple", "versions": ["0.0.1", "0.0.2", "0.1.0", "0.1.1", "0.2.0", "0.3.0", "0.4.0", "0.5.0", "0.6.0"]}], "specifier": null}, {"extra": ["fileobjects"], "extras": [], "marker": "extra == \"fileobjects\"", "marker_evaluated": "python_version >= \"0.0\"", "marker_evaluation_error": null, "marker_evaluation_result": true, "normalized_package_name": "python-magic", "package_name": "python-magic", "resolved_versions": [{"index": "https://pypi.org/simple", "versions": ["0.2", "0.3", "0.3.1", "0.4.0", "0.4.1", "0.4.10", "0.4.11", "0.4.12", "0.4.13", "0.4.15", "0.4.2", "0.4.3", "0.4.5", "0.4.6", "0.4.7", "0.4.8", "0.4.9"]}], "specifier": null}, {"extra": ["fileobjects"], "extras": [], "marker": "extra == \"fileobjects\"", "marker_evaluated": "python_version >= \"0.0\"", "marker_evaluation_error": null, "marker_evaluation_result": true, "normalized_package_name": "pydeep", "package_name": "pydeep", "resolved_versions": [{"index": "https://pypi.org/simple", "versions": ["0.2", "0.4"]}], "specifier": null}, {"extra": ["fileobjects"], "extras": [], "marker": "python_version < \"3.5\" and extra == \"fileobjects\"", "marker_evaluated": "python_version < \"3.5\" and python_version >= \"0.0\"", "marker_evaluation_error": null, "marker_evaluation_result": false, "normalized_package_name": "lief", "package_name": "lief", "resolved_versions": [{"index": "https://pypi.org/simple", "versions": ["0.8.0", "0.8.1", "0.8.2", "0.8.3", "0.9.0"]}], "specifier": "<0.10,>=0.8"}, {"extra": ["fileobjects"], "extras": [], "marker": "python_version > \"3.5\" and extra == \"fileobjects\"", "marker_evaluated": "python_version > \"3.5\" and python_version >= \"0.0\"", "marker_evaluation_error": null, "marker_evaluation_result": true, "normalized_package_name": "lief", "package_name": "lief", "resolved_versions": [{"index": "https://pypi.org/simple", "versions": ["0.10.0", "0.10.1"]}], "specifier": ">=0.10.0.dev0"}, {"extra": ["neo"], "extras": [], "marker": "extra == \"neo\"", "marker_evaluated": "python_version >= \"0.0\"", "marker_evaluation_error": null, "marker_evaluation_result": true, "normalized_package_name": "py2neo", "package_name": "py2neo", "resolved_versions": [{"index": "https://pypi.org/simple", "versions": ["0.96", "0.97", "0.98", "0.981", "0.982", "0.99", "0.991", "0.992", "1.0.0", "1.1.0", "1.2.0", "1.2.1", "1.2.10", "1.2.11", "1.2.12", "1.2.13", "1.2.14", "1.2.15", "1.2.16", "1.2.17", "1.2.2", "1.2.3", "1.2.4", "1.2.5", "1.2.6", "1.2.7", "1.2.8", "1.2.9", "1.3.0", "1.3.1", "1.3.2", "1.3.3", "1.3.4", "1.3.5", "1.4.0", "1.4.1", "1.4.2", "1.4.3", "1.4.4", "1.4.5", "1.4.6", "1.5", "1.5.1", "1.6.0", "1.6.1", "1.6.2", "1.6.3", "1.6.4", "2.0", "2.0.1", "2.0.2", "2.0.3", "2.0.4", "2.0.5", "2.0.6", "2.0.7", "2.0.8", "2.0.9", "3", "3.1.0", "3.1.1", "3.1.2", "4.0.0", "4.1.0", "4.1.1", "4.1.2", "4.1.3", "4.2.0", "4.3.0"]}], "specifier": null}, {"extra": ["openioc"], "extras": [], "marker": "extra == \"openioc\"", "marker_evaluated": "python_version >= \"0.0\"", "marker_evaluation_error": null, "marker_evaluation_result": true, "normalized_package_name": "beautifulsoup4", "package_name": "beautifulsoup4", "resolved_versions": [{"index": "https://pypi.org/simple", "versions": ["4.0.1", "4.0.2", "4.0.3", "4.0.4", "4.0.5", "4.1.0", "4.1.1", "4.1.2", "4.1.3", "4.2.0", "4.2.1", "4.3.0", "4.3.1", "4.3.2", "4.4.0", "4.4.1", "4.5.0", "4.5.1", "4.5.2", "4.5.3", "4.6.0", "4.6.1", "4.6.2", "4.6.3", "4.7.0", "4.7.1", "4.8.0", "4.8.1", "4.8.2"]}], "specifier": null}, {"extra": ["pdfexport"], "extras": [], "marker": "extra == \"pdfexport\"", "marker_evaluated": "python_version >= \"0.0\"", "marker_evaluation_error": null, "marker_evaluation_result": true, "normalized_package_name": "reportlab", "package_name": "reportlab", "resolved_versions": [{"index": "https://pypi.org/simple", "versions": ["2.0", "2.3", "2.4", "2.5", "2.6", "2.7", "3.0", "3.1.44", "3.1.8", "3.2.0", "3.3.0", "3.4.0", "3.5.0", "3.5.1", "3.5.10", "3.5.11", "3.5.12", "3.5.13", "3.5.16", "3.5.17", "3.5.18", "3.5.19", "3.5.2", "3.5.20", "3.5.21", "3.5.23", "3.5.26", "3.5.28", "3.5.31", "3.5.32", "3.5.4", "3.5.5", "3.5.6", "3.5.8", "3.5.9"]}], "specifier": null}, {"extra": ["virustotal"], "extras": [], "marker": "extra == \"virustotal\"", "marker_evaluated": "python_version >= \"0.0\"", "marker_evaluation_error": null, "marker_evaluation_result": true, "normalized_package_name": "validators", "package_name": "validators", "resolved_versions": [{"index": "https://pypi.org/simple", "versions": ["0.1.0", "0.10", "0.10.1", "0.10.2", "0.10.3", "0.11.0", "0.11.1", "0.11.2", "0.11.3", "0.12.0", "0.12.1", "0.12.2", "0.12.3", "0.12.4", "0.12.5", "0.12.6", "0.13.0", "0.14.0", "0.14.1", "0.2.0", "0.3.0", "0.4.0", "0.5.0", "0.6.0", "0.7", "0.8", "0.9"]}], "specifier": null}], "importlib_metadata": {"entry_points": [], "files": [{"hash": {"mode": "sha256", "value": "zuuue4knoyJ-UwPPXg8fezS7VCrXJQrAP7zeNuwvFQg"}, "path": "pymisp-2.4.114.dist-info/INSTALLER", "size": 4}, {"hash": {"mode": "sha256", "value": "1oPSVvs96qLjbJVi3mPn0yvWs-6aoIF6BNXi6pVlFmY"}, "path": "pymisp-2.4.114.dist-info/LICENSE", "size": 1615}, {"hash": {"mode": "sha256", "value": "GPnefD7HujqUrO2ovFziAVZB9qdVKqkWVAnKOEaKfNo"}, "path": "pymisp-2.4.114.dist-info/METADATA", "size": 7063}, {"hash": null, "path": "pymisp-2.4.114.dist-info/RECORD", "size": null}, {"hash": {"mode": "sha256", "value": "_NOXIqFgOaYmlm9RJLPQZ13BJuEIrp5jx5ptRD5uh3Y"}, "path": "pymisp-2.4.114.dist-info/WHEEL", "size": 92}, {"hash": {"mode": "sha256", "value": "wI6LZn62FjBjcuggG7vmTCP59VhHYrkd9DNBXGjDXoE"}, "path": "pymisp-2.4.114.dist-info/top_level.txt", "size": 7}, {"hash": {"mode": "sha256", "value": "B5ule9jmfgul6QjSsD7223svDEiYDdpfKhXKSKJsqKM"}, "path": "pymisp/__init__.py", "size": 2482}, {"hash": null, "path": "pymisp/__pycache__/__init__.cpython-37.pyc", "size": null}, {"hash": null, "path": "pymisp/__pycache__/abstract.cpython-37.pyc", "size": null}, {"hash": null, "path": "pymisp/__pycache__/api.cpython-37.pyc", "size": null}, {"hash": null, "path": "pymisp/__pycache__/aping.cpython-37.pyc", "size": null}, {"hash": null, "path": "pymisp/__pycache__/exceptions.cpython-37.pyc", "size": null}, {"hash": null, "path": "pymisp/__pycache__/mispevent.cpython-37.pyc", "size": null}, {"hash": {"mode": "sha256", "value": "Fuvsmr-S2n76uuuRjFDticgN3McyuEUpkrdmEtH_7ks"}, "path": "pymisp/abstract.py", "size": 9210}, {"hash": {"mode": "sha256", "value": "hWlLvKB4iBJ_MNv0T-fqj7g0SkHcss-bgnfS6ed5KaI"}, "path": "pymisp/api.py", "size": 128663}, {"hash": {"mode": "sha256", "value": "FqAbssaIekIPVpqi-tqm6qzBEabLKM2G7gIhfY7-2Jk"}, "path": "pymisp/aping.py", "size": 106915}, {"hash": {"mode": "sha256", "value": "7Vhy5SuQb3HIgGOJT463TT7fDsBbqLvMuznL3roGIv0"}, "path": "pymisp/data/describeTypes.json", "size": 29405}, {"hash": {"mode": "sha256", "value": "YWymIs4nmlOvRh8R0Ka-ACMyeJhuZgauOGsWDcX3Q_E"}, "path": "pymisp/data/misp-objects/objects/TSK-Chats/definition.json", "size": 2321}, {"hash": {"mode": "sha256", "value": "uiWgyft02hvEk8heFQn9NZILuMbkKdxI2hMRT-0fZ6Y"}, "path": "pymisp/data/misp-objects/objects/TSK-Web-Bookmark/definition.json", "size": 1691}, {"hash": {"mode": "sha256", "value": "hyr2K1k1iSuAKA_WEL3rSE1dK_BIftHCt5rK9ZtlKKU"}, "path": "pymisp/data/misp-objects/objects/TSK-Web-Cookie/definition.json", "size": 1705}, {"hash": {"mode": "sha256", "value": "6qnIItNFpVU__NlvUC-XHiwrGQt-mC4KNTD_k7zmW3Q"}, "path": "pymisp/data/misp-objects/objects/TSK-Web-Downloads/definition.json", "size": 1456}, {"hash": {"mode": "sha256", "value": "hLPO34Aw5H9cJIWsqjQChIPzTM6iABRSdF0Qr5mszcM"}, "path": "pymisp/data/misp-objects/objects/TSK-Web-History/definition.json", "size": 1671}, {"hash": {"mode": "sha256", "value": "GVuPzVpWyjBi6QFHgb7r5aVndzBpxQ7O8ak3OF2PpQo"}, "path": "pymisp/data/misp-objects/objects/TSK-Web-Search-Query/definition.json", "size": 1588}, {"hash": {"mode": "sha256", "value": "mX85-GuvrZcPTB_6-varlmheIcw3nsSqZggn_Vk0n-M"}, "path": "pymisp/data/misp-objects/objects/ail-leak/definition.json", "size": 2182}, {"hash": {"mode": "sha256", "value": "RoYokpJG92et_6JphC_TefMDJNL5_kwjancMM7VBWao"}, "path": "pymisp/data/misp-objects/objects/ais-info/definition.json", "size": 1591}, {"hash": {"mode": "sha256", "value": "4XwgXwGLzQfav79yj7H1wc5k-X08ZTWzb-3QiI7FnTs"}, "path": "pymisp/data/misp-objects/objects/android-permission/definition.json", "size": 5020}, {"hash": {"mode": "sha256", "value": "vjD7udBz7aKHEeYjhu_QpXtrj_OKzm6zy9LtPP9yZBc"}, "path": "pymisp/data/misp-objects/objects/annotation/definition.json", "size": 1924}, {"hash": {"mode": "sha256", "value": "QIrkyKMk-6oEnivMMolwVVRsQdRFBl7ojT_hZ2X9t1w"}, "path": "pymisp/data/misp-objects/objects/anonymisation/definition.json", "size": 5986}, {"hash": {"mode": "sha256", "value": "-_RXk7QXJCar6wvcaZsaqLtoKTuiwlHgIObIe3rPWMo"}, "path": "pymisp/data/misp-objects/objects/asn/definition.json", "size": 2484}, {"hash": {"mode": "sha256", "value": "qJ7ZNjT54WXDYsYy5BkyuHV6_TZoKcwV36DPoPbQYys"}, "path": "pymisp/data/misp-objects/objects/attack-pattern/definition.json", "size": 1214}, {"hash": {"mode": "sha256", "value": "KZdETe_2YVV8Af-3omlcFYKMlkBW5R4-Lcdti0kte2I"}, "path": "pymisp/data/misp-objects/objects/authenticode-signerinfo/definition.json", "size": 1533}, {"hash": {"mode": "sha256", "value": "LMdMVl_NLEBYzKM_QPivkESG3MiegWO7kye33Khr3Xw"}, "path": "pymisp/data/misp-objects/objects/av-signature/definition.json", "size": 1087}, {"hash": {"mode": "sha256", "value": "NxMGiFO-BREYGkZiz_LNeTcS2NGZPi_3IVaTRM68rw0"}, "path": "pymisp/data/misp-objects/objects/bank-account/definition.json", "size": 5219}, {"hash": {"mode": "sha256", "value": "LW66OyM5KITzYfE54PZjNavkWB01rXQ1UFHenlhZKdU"}, "path": "pymisp/data/misp-objects/objects/bgp-hijack/definition.json", "size": 1436}, {"hash": {"mode": "sha256", "value": "7mNdejWFR2yHjcSHJgt63iFNtovSAT6XgCCS4g2gqsg"}, "path": "pymisp/data/misp-objects/objects/btc-transaction/definition.json", "size": 1534}, {"hash": {"mode": "sha256", "value": "mGya2LrPGZI_ggsd-Sm8DMbySOaDYBL9szKteCwfdU8"}, "path": "pymisp/data/misp-objects/objects/btc-wallet/definition.json", "size": 1124}, {"hash": {"mode": "sha256", "value": "On0OWEYQiqKsHfrkj-R2RZQcA0c4uTmZNaxSBe75jms"}, "path": "pymisp/data/misp-objects/objects/cap-alert/definition.json", "size": 4252}, {"hash": {"mode": "sha256", "value": "sJAuPNn1ybmImtwjHUCwSoE2rVu6yNrPX0zs7_WgADY"}, "path": "pymisp/data/misp-objects/objects/cap-info/definition.json", "size": 5181}, {"hash": {"mode": "sha256", "value": "bBiNkxsn1Cm4lOPgAW-aKvmv-IZQxJw7prkc_crbAcw"}, "path": "pymisp/data/misp-objects/objects/cap-resource/definition.json", "size": 1440}, {"hash": {"mode": "sha256", "value": "n6l5cHIEJZ8hatmuvX0Vz_qs9JTKBCRl2Oqc5wiptIk"}, "path": "pymisp/data/misp-objects/objects/coin-address/definition.json", "size": 2861}, {"hash": {"mode": "sha256", "value": "IkN3gBuAdmma16yna9IQjCrNVt-u9BvrM_MIPXkdRqk"}, "path": "pymisp/data/misp-objects/objects/cookie/definition.json", "size": 1519}, {"hash": {"mode": "sha256", "value": "VUObtUVH3w14L_ml5jCqvupQybboSvm0qYWiQDCVeoA"}, "path": "pymisp/data/misp-objects/objects/cortex-taxonomy/definition.json", "size": 1561}, {"hash": {"mode": "sha256", "value": "OSfcQ6lKafnnShE-pu6d89BtwSwxmyi-mNfUfkl-VAE"}, "path": "pymisp/data/misp-objects/objects/cortex/definition.json", "size": 1353}, {"hash": {"mode": "sha256", "value": "JcL7h1ccJwoBsp9N2CmgFkJM4vR30H6_EwqeKXetoeM"}, "path": "pymisp/data/misp-objects/objects/course-of-action/definition.json", "size": 2725}, {"hash": {"mode": "sha256", "value": "AuvdUJd7WvVofUnDDY4QSXV2TRk5DzZMxFwvXsGDZY0"}, "path": "pymisp/data/misp-objects/objects/cowrie/definition.json", "size": 3404}, {"hash": {"mode": "sha256", "value": "z6kbSW0kKBELQTzHa2vGyVzuvXhyBgdn25zgRLVtvqk"}, "path": "pymisp/data/misp-objects/objects/credential/definition.json", "size": 1871}, {"hash": {"mode": "sha256", "value": "jI2L8S8NRdrB2p_o2L9v6Mn0LUccuxbYafAJE_4M2vY"}, "path": "pymisp/data/misp-objects/objects/credit-card/definition.json", "size": 1657}, {"hash": {"mode": "sha256", "value": "0nQ-qBE1HxxMZ5i3mdIY4yXVYdMlXDdnRa9xK1nAS9k"}, "path": "pymisp/data/misp-objects/objects/ddos/definition.json", "size": 2447}, {"hash": {"mode": "sha256", "value": "KYX_yPUJEblXb7zBj-7pgGuKBDhBfPV4rZ27duH0a-E"}, "path": "pymisp/data/misp-objects/objects/device/definition.json", "size": 2052}, {"hash": {"mode": "sha256", "value": "EeAHPMQ2U7WIEx8fhKQe5NYJZlwIj85JexL3PbiFud4"}, "path": "pymisp/data/misp-objects/objects/diameter-attack/definition.json", "size": 2388}, {"hash": {"mode": "sha256", "value": "BUodpDIC1ndgnyc2nFBrwEN0XosD-kOoSEwrXzn4cwY"}, "path": "pymisp/data/misp-objects/objects/dns-record/definition.json", "size": 1461}, {"hash": {"mode": "sha256", "value": "DzlnCgMZaXypXphmGREHri9x44t2GoNyIpHr4KG4LF8"}, "path": "pymisp/data/misp-objects/objects/domain-ip/definition.json", "size": 1452}, {"hash": {"mode": "sha256", "value": "ruNNIxwPCFh_wgnTIoR4i9GryV44ynYCB8fxF2Mngiw"}, "path": "pymisp/data/misp-objects/objects/elf-section/definition.json", "size": 4113}, {"hash": {"mode": "sha256", "value": "YyEHC1VCAAGmbLZV2uZGzCLwwzHvwLi-8bf59ZPiBXA"}, "path": "pymisp/data/misp-objects/objects/elf/definition.json", "size": 5051}, {"hash": {"mode": "sha256", "value": "Q6JJB1w1uSo8s9SPWiGqb_P4lOwX-U6VaPHoXX7UdLE"}, "path": "pymisp/data/misp-objects/objects/email/definition.json", "size": 5022}, {"hash": {"mode": "sha256", "value": "7IsMZKtF32fOfhsX8g7iyk0EhPksJt56470DeQT11NM"}, "path": "pymisp/data/misp-objects/objects/employee/definition.json", "size": 1785}, {"hash": {"mode": "sha256", "value": "zthq8tWJM3GNM4sL3xKd5sLiVIlsrUq0SVDaAB9atkk"}, "path": "pymisp/data/misp-objects/objects/exploit-poc/definition.json", "size": 1386}, {"hash": {"mode": "sha256", "value": "uiOZKRRslvqI5t8RB-8tbVZpdQJeMvr9XeMI4nuSy-0"}, "path": "pymisp/data/misp-objects/objects/facial-composite/definition.json", "size": 949}, {"hash": {"mode": "sha256", "value": "fcsyhqqBIpNFUQPqJVI3BgU9k6S6DiN7mw6Q2xGQglc"}, "path": "pymisp/data/misp-objects/objects/fail2ban/definition.json", "size": 1601}, {"hash": {"mode": "sha256", "value": "8Mh-JhKRzA9s2F94d54E1LzyoX52GfWEYoavzRDhOOY"}, "path": "pymisp/data/misp-objects/objects/file/definition.json", "size": 10970}, {"hash": {"mode": "sha256", "value": "oWN1WeLRQ50J09l6CZ8b3FxLZ6ip3rVb-_8IEus6xGY"}, "path": "pymisp/data/misp-objects/objects/forensic-case/definition.json", "size": 1282}, {"hash": {"mode": "sha256", "value": "zFjE1LU0dBvho7-tq-FEGJjQaKm3mVysDApCMocsFtM"}, "path": "pymisp/data/misp-objects/objects/forensic-evidence/definition.json", "size": 2275}, {"hash": {"mode": "sha256", "value": "R2KjshD4mYBrVagh1ZHPW19MLoUZ5NMaJ4l5Xla88VY"}, "path": "pymisp/data/misp-objects/objects/geolocation/definition.json", "size": 3025}, {"hash": {"mode": "sha256", "value": "L28uWrhxeFWehjarStqeVpEATR1nJ2tEya4mm2_dNNw"}, "path": "pymisp/data/misp-objects/objects/gtp-attack/definition.json", "size": 2572}, {"hash": {"mode": "sha256", "value": "H-npfDM9lfV2S4W1qcp466n6dnKwM2fvN-aREDgYfDs"}, "path": "pymisp/data/misp-objects/objects/http-request/definition.json", "size": 3205}, {"hash": {"mode": "sha256", "value": "GZmHcdsEV22GCoMwUiitw1lctldWDpCbXe_anz72DqU"}, "path": "pymisp/data/misp-objects/objects/ilr-impact/definition.json", "size": 1185}, {"hash": {"mode": "sha256", "value": "f146icpwFyjaBouQY35cZQdVsttcnOkqywM6ER-ku8Y"}, "path": "pymisp/data/misp-objects/objects/ilr-notification-incident/definition.json", "size": 4570}, {"hash": {"mode": "sha256", "value": "lnWw0NWwAfMNDi6LZ42EhmZCvgQNpq6TEDSIPmAo8M0"}, "path": "pymisp/data/misp-objects/objects/imsi-catcher/definition.json", "size": 2723}, {"hash": {"mode": "sha256", "value": "XG_uannuOLYlBpOG5N_yw1ConfkwfsY17iGbHupM8jk"}, "path": "pymisp/data/misp-objects/objects/internal-reference/definition.json", "size": 1043}, {"hash": {"mode": "sha256", "value": "OGX6f8yUttJPJcgXtz9f4D5PH34qWRxhiT0iZ4tKkV8"}, "path": "pymisp/data/misp-objects/objects/interpol-notice/definition.json", "size": 3992}, {"hash": {"mode": "sha256", "value": "WlimYXl91emLWR7w48S8-W60vlXv6eUOMCXZsHOgiuc"}, "path": "pymisp/data/misp-objects/objects/ip-api-address/definition.json", "size": 2798}, {"hash": {"mode": "sha256", "value": "mWNtAavAidFiqpBlxoAdk8aN6WadDG-KL2DEKTASL94"}, "path": "pymisp/data/misp-objects/objects/ip-port/definition.json", "size": 2526}, {"hash": {"mode": "sha256", "value": "NusXkbN6scjxovWhgubuAPLSqeqnLqUpFQO6qCVHsqY"}, "path": "pymisp/data/misp-objects/objects/irc/definition.json", "size": 2044}, {"hash": {"mode": "sha256", "value": "t9iUEN_tbcf08uE8uUFP9kuEADYLEfvbFw-e_6mGGZM"}, "path": "pymisp/data/misp-objects/objects/ja3/definition.json", "size": 1437}, {"hash": {"mode": "sha256", "value": "sARQvatKiCeuBfL_Lp95xtloQBb6JAVewbkptrC-oVU"}, "path": "pymisp/data/misp-objects/objects/legal-entity/definition.json", "size": 1244}, {"hash": {"mode": "sha256", "value": "VYzIadKqrPMhq4CBb7dZo07SwWv9ykoTC8NZRYz-2HM"}, "path": "pymisp/data/misp-objects/objects/lnk/definition.json", "size": 7604}, {"hash": {"mode": "sha256", "value": "7Ccu7Eza0j0awAdAwn0kM-iXxFLzSeRSmlOXHdtFzbk"}, "path": "pymisp/data/misp-objects/objects/macho-section/definition.json", "size": 2551}, {"hash": {"mode": "sha256", "value": "2Nks0XN_ag5H03lItS9ObNbxvy_0-aPK0KFO8DLfnOw"}, "path": "pymisp/data/misp-objects/objects/macho/definition.json", "size": 1330}, {"hash": {"mode": "sha256", "value": "x59aaGM74VLXS-PBz-fJaFfuPS70XQskq7yYGoIuEQE"}, "path": "pymisp/data/misp-objects/objects/mactime-timeline-analysis/definition.json", "size": 1549}, {"hash": {"mode": "sha256", "value": "q27mvcM98Bw22nytAO1y92NeufIgYCXSO8dZ9TgiL2A"}, "path": "pymisp/data/misp-objects/objects/malware-config/definition.json", "size": 1479}, {"hash": {"mode": "sha256", "value": "1JMEbLpV6KLOYgWNylFI6s7vQokV7sUuZqk40YVH5Gw"}, "path": "pymisp/data/misp-objects/objects/microblog/definition.json", "size": 2070}, {"hash": {"mode": "sha256", "value": "AO08a1ohf0Hb8O7VZMsLRGksAxJsKer9XCqxS24tKVM"}, "path": "pymisp/data/misp-objects/objects/mutex/definition.json", "size": 745}, {"hash": {"mode": "sha256", "value": "EwupxWIEcHQ5r3iWrmIbn9_ccuoB1A2RwQbv2sIJceE"}, "path": "pymisp/data/misp-objects/objects/netflow/definition.json", "size": 4104}, {"hash": {"mode": "sha256", "value": "TEySVY6Lh_Z_cwApxzp5PyvucdoMpUEt_4A9n4vwGNE"}, "path": "pymisp/data/misp-objects/objects/network-connection/definition.json", "size": 2732}, {"hash": {"mode": "sha256", "value": "XIGxn5LdslIYohH0YePQnNMo1KgFr-iSB18eb9YIxDY"}, "path": "pymisp/data/misp-objects/objects/network-socket/definition.json", "size": 4585}, {"hash": {"mode": "sha256", "value": "RDiWu_L1V5RAcjvWRsdOfT_ZPyPKyICU-zhPF8BWVUw"}, "path": "pymisp/data/misp-objects/objects/organization/definition.json", "size": 1899}, {"hash": {"mode": "sha256", "value": "nwQMGQiUxyDnR7diziCuiNGSAwBIKNbkBJWPPnAm8eQ"}, "path": "pymisp/data/misp-objects/objects/original-imported-file/definition.json", "size": 922}, {"hash": {"mode": "sha256", "value": "WAZKNMTwUltlfjY_Z89GQYm09FrDvkF5ziPndyjezuo"}, "path": "pymisp/data/misp-objects/objects/passive-dns/definition.json", "size": 3178}, {"hash": {"mode": "sha256", "value": "HH8-iBS8E-MdSfu6xjfoLLP_rtL16f-6Na-hcnny4ug"}, "path": "pymisp/data/misp-objects/objects/paste/definition.json", "size": 1933}, {"hash": {"mode": "sha256", "value": "xqtpNqi1xFWUucGYjVEoORl6SqxB685H89S69OeZjgg"}, "path": "pymisp/data/misp-objects/objects/pcap-metadata/definition.json", "size": 5889}, {"hash": {"mode": "sha256", "value": "Z-wWLoqx7AHTz-372mF-mSKZthyxEscEDqP8r_1qpaA"}, "path": "pymisp/data/misp-objects/objects/pe-section/definition.json", "size": 3396}, {"hash": {"mode": "sha256", "value": "eMX2tM9IWgkRgIaihSnDQu4hWeGa9oezP2I_pf6-Zew"}, "path": "pymisp/data/misp-objects/objects/pe/definition.json", "size": 3625}, {"hash": {"mode": "sha256", "value": "PalYUTNKiQhBnJ2bkDi-wSlm0hLXbNg-IM3mrW7Osp8"}, "path": "pymisp/data/misp-objects/objects/person/definition.json", "size": 5771}, {"hash": {"mode": "sha256", "value": "ZpvQiY2ykCT_y56XFNjhoyEtFycWEHd4hdi5LvcJoFk"}, "path": "pymisp/data/misp-objects/objects/phishing-kit/definition.json", "size": 2449}, {"hash": {"mode": "sha256", "value": "MIX3SgoYzkVNSHES9hWZXsS5zPg1d_-04F1cK34uykQ"}, "path": "pymisp/data/misp-objects/objects/phishing/definition.json", "size": 3212}, {"hash": {"mode": "sha256", "value": "01dJMwNjYQeITVr0ZH13It7geHaBT0JxvQU6SGA6lg8"}, "path": "pymisp/data/misp-objects/objects/phone/definition.json", "size": 2742}, {"hash": {"mode": "sha256", "value": "vGCGOK0haF4EtC8a92LsLkUTkXLEkTKpfqgtrZRNv0Q"}, "path": "pymisp/data/misp-objects/objects/process/definition.json", "size": 3922}, {"hash": {"mode": "sha256", "value": "au3cCOpD2wxpf51TgVwhYmBY-z7dIkbgfkmQWN2O524"}, "path": "pymisp/data/misp-objects/objects/python-etvx-event-log/definition.json", "size": 4864}, {"hash": {"mode": "sha256", "value": "VK_pi-bbhq0jxgOxpjnE5nSVTK6XEKnqNtWVHfL-dLs"}, "path": "pymisp/data/misp-objects/objects/r2graphity/definition.json", "size": 4597}, {"hash": {"mode": "sha256", "value": "9f7Qwp1C30G9hsHH9TR7E9jjl0FSUiRehkfj4XL0z0U"}, "path": "pymisp/data/misp-objects/objects/regexp/definition.json", "size": 1431}, {"hash": {"mode": "sha256", "value": "_ll8CL3Zv5aD3FRuY0kkfyLO0FIDeWzpDErISfYkVXQ"}, "path": "pymisp/data/misp-objects/objects/registry-key/definition.json", "size": 2511}, {"hash": {"mode": "sha256", "value": "i7RC3C-oUs8hi6d7Q5KRCvcImg6LceIvlDjYXd6sLYU"}, "path": "pymisp/data/misp-objects/objects/regripper-NTUser/definition.json", "size": 2975}, {"hash": {"mode": "sha256", "value": "0rz2QlyijVhmQtl88TNvkl2lishM_BZsdPwZsowqsH4"}, "path": "pymisp/data/misp-objects/objects/regripper-sam-hive-single-user/definition.json", "size": 2033}, {"hash": {"mode": "sha256", "value": "QKidVPpmau4f0U2IuLkrUTQOI8WFhnbMXhBos4AlMr4"}, "path": "pymisp/data/misp-objects/objects/regripper-sam-hive-user-group/definition.json", "size": 1510}, {"hash": {"mode": "sha256", "value": "JxuAPJVuh15ZOgbw60r1HnUN88w2fB3Ok7bgx7mSNic"}, "path": "pymisp/data/misp-objects/objects/regripper-software-hive-BHO/definition.json", "size": 1689}, {"hash": {"mode": "sha256", "value": "UMc1oyrgTv-z_VU6PvKoLcX-LH8hEFKpFSfl50w6DMM"}, "path": "pymisp/data/misp-objects/objects/regripper-software-hive-appInit-DLLS/definition.json", "size": 1490}, {"hash": {"mode": "sha256", "value": "SdxlfjgjSCEC5fgVoO2zuN5OO1affRZAI0HkE-ozxnU"}, "path": "pymisp/data/misp-objects/objects/regripper-software-hive-application-paths/definition.json", "size": 1353}, {"hash": {"mode": "sha256", "value": "tshqxIQJVAM22Zg4WxbT0ag0UpGGlpz6jovU4rjJ-_8"}, "path": "pymisp/data/misp-objects/objects/regripper-software-hive-applications-installed/definition.json", "size": 1623}, {"hash": {"mode": "sha256", "value": "nGiRS0Dr9QJXcZpKUApxcOZ7iLfVpQnLyuJw6Xq-hdE"}, "path": "pymisp/data/misp-objects/objects/regripper-software-hive-command-shell/definition.json", "size": 1416}, {"hash": {"mode": "sha256", "value": "EmxteMohJUuhEOGOuCM7qCqWXmpyzCurq5WNL-bv2rQ"}, "path": "pymisp/data/misp-objects/objects/regripper-software-hive-general-windows-info/definition.json", "size": 3481}, {"hash": {"mode": "sha256", "value": "8hDEXh75Oox9xT_ui0zPRDfMSEQUrV0l-HZAzboNuvo"}, "path": "pymisp/data/misp-objects/objects/regripper-software-hive-software-run/definition.json", "size": 1704}, {"hash": {"mode": "sha256", "value": "c5w8aYQEMLFhvHfY4Y9xZM0sKGj-KLX9ukB7jYzN_Uo"}, "path": "pymisp/data/misp-objects/objects/regripper-software-hive-userprofile-winlogon/definition.json", "size": 5419}, {"hash": {"mode": "sha256", "value": "SCbjfZzolsQVENAozVkzy0-VbnnMVDTQRPUkoHzlaiY"}, "path": "pymisp/data/misp-objects/objects/regripper-system-hive-firewall-configuration/definition.json", "size": 1483}, {"hash": {"mode": "sha256", "value": "OQYnWteKw57EqO5MFRsAQkfLR_Bon-np9LIP_88a9dY"}, "path": "pymisp/data/misp-objects/objects/regripper-system-hive-general-configuration/definition.json", "size": 3031}, {"hash": {"mode": "sha256", "value": "nwyA0XZw1-RP8tD6qkNQ6tmkgWU9zsIBVKWzzSQXZNs"}, "path": "pymisp/data/misp-objects/objects/regripper-system-hive-network-information/definition.json", "size": 3115}, {"hash": {"mode": "sha256", "value": "o_ulmPlYtnG7UWA5-1rOdS5X74XV6XhSsDMgt_bFDFs"}, "path": "pymisp/data/misp-objects/objects/regripper-system-hive-service-drivers/definition.json", "size": 2538}, {"hash": {"mode": "sha256", "value": "kmNOtdW67YsYklXDU62tUDhFbFGIPz5SYMClIa-gapc"}, "path": "pymisp/data/misp-objects/objects/report/definition.json", "size": 864}, {"hash": {"mode": "sha256", "value": "s8hzMwGOEzUSuFDNXTIglz7R0pdoE3FKtQCLe2BZ1ss"}, "path": "pymisp/data/misp-objects/objects/research-scanner/definition.json", "size": 2156}, {"hash": {"mode": "sha256", "value": "0viOQvg60KaAsZQ-_usX-q4J3F2CFfGSiZtP3MAhHnA"}, "path": "pymisp/data/misp-objects/objects/rogue-dns/definition.json", "size": 1273}, {"hash": {"mode": "sha256", "value": "AQBDYAnSjapmEMQnBLKpNnrSQyB77Ggd3VcQA8cTkJc"}, "path": "pymisp/data/misp-objects/objects/rtir/definition.json", "size": 1519}, {"hash": {"mode": "sha256", "value": "4-ukg1EZwOwCJ5KpIURE85q-Vupyfnx5EXg_9pO4294"}, "path": "pymisp/data/misp-objects/objects/sandbox-report/definition.json", "size": 2692}, {"hash": {"mode": "sha256", "value": "W0Gnd9oc84g2l9FXNHcCZ472Zl3hW-bi0SEd3TNeW2E"}, "path": "pymisp/data/misp-objects/objects/sb-signature/definition.json", "size": 1160}, {"hash": {"mode": "sha256", "value": "E5oNXeLeJwdzncoqBp10MC1lpgK6raJqV6WG5a2qtVM"}, "path": "pymisp/data/misp-objects/objects/scrippsco2-c13-daily/definition.json", "size": 1532}, {"hash": {"mode": "sha256", "value": "8_Kgu-6-q8Jg95WHRxM_deu5J25Sn-li6W2GXR-pfTw"}, "path": "pymisp/data/misp-objects/objects/scrippsco2-c13-monthly/definition.json", "size": 2105}, {"hash": {"mode": "sha256", "value": "KxUS7msfyc2K4zPiJNF8yz1MjUbmThoHOCV5seedwjc"}, "path": "pymisp/data/misp-objects/objects/scrippsco2-co2-daily/definition.json", "size": 1532}, {"hash": {"mode": "sha256", "value": "Ls22UCTAesJeNAUydVJVyILJ1IWPXsmksLv2rKkfZgo"}, "path": "pymisp/data/misp-objects/objects/scrippsco2-co2-monthly/definition.json", "size": 2105}, {"hash": {"mode": "sha256", "value": "OfNdeRgUJ6V-a2tJHmY4lZwHe5W0DQoWpdB7EoBHvp8"}, "path": "pymisp/data/misp-objects/objects/scrippsco2-o18-daily/definition.json", "size": 1532}, {"hash": {"mode": "sha256", "value": "7qiBamvjTch-PeMgJMSKZG_qWMxSAnYXxOPX-nnWOgE"}, "path": "pymisp/data/misp-objects/objects/scrippsco2-o18-monthly/definition.json", "size": 2105}, {"hash": {"mode": "sha256", "value": "zqBzKBvYuszSYSwsOg3SJY55Mh6PX5ltnj42u0AjXzM"}, "path": "pymisp/data/misp-objects/objects/script/definition.json", "size": 1620}, {"hash": {"mode": "sha256", "value": "wG4DSEHqmYfG1ztVM1TZVr6sGIzyNcBGXa48rxRQ9-Y"}, "path": "pymisp/data/misp-objects/objects/shell-commands/definition.json", "size": 1599}, {"hash": {"mode": "sha256", "value": "T4QzpmAftw1fWBpV0wqXZTJthLcRbygSVVsLIfWPDxE"}, "path": "pymisp/data/misp-objects/objects/shodan-report/definition.json", "size": 1524}, {"hash": {"mode": "sha256", "value": "-V9NUpaAAIIKZpV_kQLwC-ma5fn8z7Wnsda7NJIXJn4"}, "path": "pymisp/data/misp-objects/objects/short-message-service/definition.json", "size": 1382}, {"hash": {"mode": "sha256", "value": "BO-TU4DHvaqAOhLgxRpQfRNKq6B6ffkjFae9ePYyuos"}, "path": "pymisp/data/misp-objects/objects/shortened-link/definition.json", "size": 1114}, {"hash": {"mode": "sha256", "value": "ElJS4yjNMaiox6KGCnVk_R27yUAGEm5SZDOPOkovgrM"}, "path": "pymisp/data/misp-objects/objects/splunk/definition.json", "size": 1419}, {"hash": {"mode": "sha256", "value": "beF3w_wG3J7rgagCEwmZU9UuAQuz889C0mWm-Z-fF7U"}, "path": "pymisp/data/misp-objects/objects/ss7-attack/definition.json", "size": 4860}, {"hash": {"mode": "sha256", "value": "LhkYpeXZKIrBDOc35xGc9_nLYqPhQKFOVf2vbhM0F-E"}, "path": "pymisp/data/misp-objects/objects/ssh-authorized-keys/definition.json", "size": 1870}, {"hash": {"mode": "sha256", "value": "vsl_90jvLvYQ4mJeKCeCJKXThF7qje-C7SCSoqoSUoI"}, "path": "pymisp/data/misp-objects/objects/stix2-pattern/definition.json", "size": 837}, {"hash": {"mode": "sha256", "value": "85BNhpXUAlXmpPclRR98r1RAijz5x_dcAK3DY6AceZ0"}, "path": "pymisp/data/misp-objects/objects/suricata/definition.json", "size": 953}, {"hash": {"mode": "sha256", "value": "iUxujSqTTrzj8sIiDBiSC3tYa7V5Eo25n2XD1bs4jTU"}, "path": "pymisp/data/misp-objects/objects/target-system/definition.json", "size": 1002}, {"hash": {"mode": "sha256", "value": "PH63SrQpQBUnT66hPWjUXU2h2RNBeEwbU8rdlkJrxKY"}, "path": "pymisp/data/misp-objects/objects/threatgrid-report/definition.json", "size": 1700}, {"hash": {"mode": "sha256", "value": "w7vEkQMezpM594bOFe7bYmB41yHrB4hRsXBTTFvbt-w"}, "path": "pymisp/data/misp-objects/objects/timecode/definition.json", "size": 1489}, {"hash": {"mode": "sha256", "value": "XRUEQgPZh1SUDNp3Rt7EiLsP9Kl4JtGfjNNY5mHQtN4"}, "path": "pymisp/data/misp-objects/objects/timesketch-timeline/definition.json", "size": 913}, {"hash": {"mode": "sha256", "value": "_2YK1EFOR2-o9MLnfbGw7os_0ClxbI0OUvp8mrSYiBU"}, "path": "pymisp/data/misp-objects/objects/timesketch_message/definition.json", "size": 589}, {"hash": {"mode": "sha256", "value": "Qqkku-UZF7yA-d4_SayAdsGLUAqVweOvMD00j5XtSPY"}, "path": "pymisp/data/misp-objects/objects/timestamp/definition.json", "size": 1316}, {"hash": {"mode": "sha256", "value": "Fbci5SMGr34ihEA0RzM7bFHSvjWK8lauElriCsvPetc"}, "path": "pymisp/data/misp-objects/objects/tor-hiddenservice/definition.json", "size": 1056}, {"hash": {"mode": "sha256", "value": "RXmBV6oAwxEF1CIG7rrWPW4Za0pgE1o-9t6r9LIu4_U"}, "path": "pymisp/data/misp-objects/objects/tor-node/definition.json", "size": 2603}, {"hash": {"mode": "sha256", "value": "LbtT2hxPo7Tz7p0vZGGjxwqGOiXJsPUY76-4q3fO5CI"}, "path": "pymisp/data/misp-objects/objects/tracking-id/definition.json", "size": 1546}, {"hash": {"mode": "sha256", "value": "on8m_HO65tU4azYdB-YL52uK3nmikUvN_fd_SHB-lf4"}, "path": "pymisp/data/misp-objects/objects/transaction/definition.json", "size": 3161}, {"hash": {"mode": "sha256", "value": "mgtcDw8IkG1dOQREzn9chYMCOmwyXKDCJPHomzlv7GI"}, "path": "pymisp/data/misp-objects/objects/url/definition.json", "size": 2743}, {"hash": {"mode": "sha256", "value": "n114HmQVI80YNK4opDN-C1hDtlq8zQ_DFcFIXrOY0cI"}, "path": "pymisp/data/misp-objects/objects/user-account/definition.json", "size": 3818}, {"hash": {"mode": "sha256", "value": "yTPR12ZAlyF5Lcd1dQyYWKpiqYzIJ3VW0aLr3O9CcUY"}, "path": "pymisp/data/misp-objects/objects/vehicle/definition.json", "size": 1977}, {"hash": {"mode": "sha256", "value": "Zc9M0o39Oo5A0RSdzsKVLDMgm4zLkRZbXqDI8S4506o"}, "path": "pymisp/data/misp-objects/objects/victim/definition.json", "size": 3081}, {"hash": {"mode": "sha256", "value": "7mVgSLoO4zxCUWTon5JpTkkcsdZa6JNPVPyshuS1ZIg"}, "path": "pymisp/data/misp-objects/objects/virustotal-report/definition.json", "size": 1423}, {"hash": {"mode": "sha256", "value": "QEOIKtB1PMRmDfw8kq1ltr993HPns_Jmr4kRB5SxTm4"}, "path": "pymisp/data/misp-objects/objects/vulnerability/definition.json", "size": 3032}, {"hash": {"mode": "sha256", "value": "psRn98-_AX2at7hwCCSoHtIoImSeGfsp2MAMuCs7mw8"}, "path": "pymisp/data/misp-objects/objects/weakness/definition.json", "size": 1310}, {"hash": {"mode": "sha256", "value": "MEB37ocREy4UYhVNkW-P3g3OM2x7lkPBQ0qSCQXSFVA"}, "path": "pymisp/data/misp-objects/objects/whois/definition.json", "size": 2584}, {"hash": {"mode": "sha256", "value": "HONp4mPuoD4MaYHNLZOTsEqr2tLlhf76wYsjpB-SllI"}, "path": "pymisp/data/misp-objects/objects/x509/definition.json", "size": 3728}, {"hash": {"mode": "sha256", "value": "RBVpigeTF_gnQsQoMkxAEjfmqNewOJdYLeiRlVJHP7o"}, "path": "pymisp/data/misp-objects/objects/yabin/definition.json", "size": 1158}, {"hash": {"mode": "sha256", "value": "H6NwiMUajSmSRT0t_uAoY0lD5mr9KbsCcu5u_LPqibA"}, "path": "pymisp/data/misp-objects/objects/yara/definition.json", "size": 1152}, {"hash": {"mode": "sha256", "value": "w978Mc7yUOaJmplIVp9z4VeB__HhET9cahwNUmsvzas"}, "path": "pymisp/data/misp-objects/relationships/definition.json", "size": 25081}, {"hash": {"mode": "sha256", "value": "NutYWoU448YSngyxnSWMnYNMIrz74rkAR5G3DruwapI"}, "path": "pymisp/data/misp-objects/schema_objects.json", "size": 7396}, {"hash": {"mode": "sha256", "value": "NfDolkK9hb6vdreWQ-lzfAcIReAi_8E67S9jjU7J2EE"}, "path": "pymisp/data/misp-objects/schema_relationships.json", "size": 1121}, {"hash": {"mode": "sha256", "value": "2QICdCbtfXRJkTVjwb7xjF3ypys2wOtrUyE1ZDz_qes"}, "path": "pymisp/data/schema-lax.json", "size": 8561}, {"hash": {"mode": "sha256", "value": "79N2hObemthb_syUHksDqM4djFttsWZQDg1sTYZYxys"}, "path": "pymisp/data/schema.json", "size": 9178}, {"hash": {"mode": "sha256", "value": "8CtbgAIW9xNK2_I-80ATTro0JfQUN9Ig4k4Sls12kHg"}, "path": "pymisp/exceptions.py", "size": 1114}, {"hash": {"mode": "sha256", "value": "EMDD_hzEnyU6OGTEJoFmwlDLlNFvYcnbQgP_w4-a6bM"}, "path": "pymisp/mispevent.py", "size": 57677}, {"hash": {"mode": "sha256", "value": "pRRB8CJp15BdVMUksiL8gQ6-AlV4xvirg1OctDE4oQc"}, "path": "pymisp/tools/__init__.py", "size": 1070}, {"hash": null, "path": "pymisp/tools/__pycache__/__init__.cpython-37.pyc", "size": null}, {"hash": null, "path": "pymisp/tools/__pycache__/abstractgenerator.cpython-37.pyc", "size": null}, {"hash": null, "path": "pymisp/tools/__pycache__/asnobject.cpython-37.pyc", "size": null}, {"hash": null, "path": "pymisp/tools/__pycache__/create_misp_object.cpython-37.pyc", "size": null}, {"hash": null, "path": "pymisp/tools/__pycache__/csvloader.cpython-37.pyc", "size": null}, {"hash": null, "path": "pymisp/tools/__pycache__/domainipobject.cpython-37.pyc", "size": null}, {"hash": null, "path": "pymisp/tools/__pycache__/elfobject.cpython-37.pyc", "size": null}, {"hash": null, "path": "pymisp/tools/__pycache__/emailobject.cpython-37.pyc", "size": null}, {"hash": null, "path": "pymisp/tools/__pycache__/ext_lookups.cpython-37.pyc", "size": null}, {"hash": null, "path": "pymisp/tools/__pycache__/fail2banobject.cpython-37.pyc", "size": null}, {"hash": null, "path": "pymisp/tools/__pycache__/fileobject.cpython-37.pyc", "size": null}, {"hash": null, "path": "pymisp/tools/__pycache__/genericgenerator.cpython-37.pyc", "size": null}, {"hash": null, "path": "pymisp/tools/__pycache__/geolocationobject.cpython-37.pyc", "size": null}, {"hash": null, "path": "pymisp/tools/__pycache__/load_warninglists.cpython-37.pyc", "size": null}, {"hash": null, "path": "pymisp/tools/__pycache__/machoobject.cpython-37.pyc", "size": null}, {"hash": null, "path": "pymisp/tools/__pycache__/neo4j.cpython-37.pyc", "size": null}, {"hash": null, "path": "pymisp/tools/__pycache__/openioc.cpython-37.pyc", "size": null}, {"hash": null, "path": "pymisp/tools/__pycache__/peobject.cpython-37.pyc", "size": null}, {"hash": null, "path": "pymisp/tools/__pycache__/reportlab_generator.cpython-37.pyc", "size": null}, {"hash": null, "path": "pymisp/tools/__pycache__/sbsignatureobject.cpython-37.pyc", "size": null}, {"hash": null, "path": "pymisp/tools/__pycache__/sshauthkeyobject.cpython-37.pyc", "size": null}, {"hash": null, "path": "pymisp/tools/__pycache__/stix.cpython-37.pyc", "size": null}, {"hash": null, "path": "pymisp/tools/__pycache__/vehicleobject.cpython-37.pyc", "size": null}, {"hash": null, "path": "pymisp/tools/__pycache__/vtreportobject.cpython-37.pyc", "size": null}, {"hash": {"mode": "sha256", "value": "4e0lll6GMw0cO8pxCoq_Qu1mVZ29zTudDWJuG1lS4bE"}, "path": "pymisp/tools/abstractgenerator.py", "size": 2317}, {"hash": {"mode": "sha256", "value": "b2lMucnbxwhfPuA3ZnkTiLnH_EkHJNe6VB4QTIV6ROM"}, "path": "pymisp/tools/asnobject.py", "size": 804}, {"hash": {"mode": "sha256", "value": "lGLfM21_rJ34erjHTCcS8g46mzgsQHlFRvrOiCERc4w"}, "path": "pymisp/tools/create_misp_object.py", "size": 4103}, {"hash": {"mode": "sha256", "value": "l21NW01vqbAqbrOKE_DImOstFp0g8MJT0y5MlXVklOw"}, "path": "pymisp/tools/csvloader.py", "size": 2290}, {"hash": {"mode": "sha256", "value": "P_6A0bxZGfa_2IZLLdXVS7pXC7jZk_1eojV360072Co"}, "path": "pymisp/tools/domainipobject.py", "size": 825}, {"hash": {"mode": "sha256", "value": "Izh3XvwkDs27vxhVJNjAAwBKqGdlKtp0lbTSJ0jx1C0"}, "path": "pymisp/tools/elfobject.py", "size": 3907}, {"hash": {"mode": "sha256", "value": "9B8WabALPOnMQBY-2NPStrh5tPMMvroSgBTI8G1vuek"}, "path": "pymisp/tools/emailobject.py", "size": 2888}, {"hash": {"mode": "sha256", "value": "bu0At7C9dMMjSpb9g9Kcv0omBZMAVKEunGQlkFi3Jhs"}, "path": "pymisp/tools/ext_lookups.py", "size": 906}, {"hash": {"mode": "sha256", "value": "jjqQyr68tmxsqQE5OUsz7Z6TLcZ4HtxzN3Wndzn3G2s"}, "path": "pymisp/tools/fail2banobject.py", "size": 726}, {"hash": {"mode": "sha256", "value": "qzRvoMPm_tgB14v8MXdnuRPjGXTevn9Oq4uHBjYhChA"}, "path": "pymisp/tools/fileobject.py", "size": 3200}, {"hash": {"mode": "sha256", "value": "dR4quCk1x3CZxGiFgd4pD5Repy1A6xk6ut_CmcwNidk"}, "path": "pymisp/tools/genericgenerator.py", "size": 1534}, {"hash": {"mode": "sha256", "value": "SywltLUryZ5h7l3xr7Fpzjjmvf1vcDl28pF_8iSVibg"}, "path": "pymisp/tools/geolocationobject.py", "size": 828}, {"hash": {"mode": "sha256", "value": "_LVUe-KGjey7AUk8wtcbUZumuX9jBiOtXBnWsNTsEb8"}, "path": "pymisp/tools/load_warninglists.py", "size": 829}, {"hash": {"mode": "sha256", "value": "qtFllPVRtdvC9649EVnSDSW5ymvg1-WyqO9vrHNTmX4"}, "path": "pymisp/tools/machoobject.py", "size": 3723}, {"hash": {"mode": "sha256", "value": "TCzx5jpAZJHTh8IC46GQa5n2QE_3OX2OpC_q_fzgces"}, "path": "pymisp/tools/neo4j.py", "size": 1988}, {"hash": {"mode": "sha256", "value": "6xmlVA6TjGewKLQVhbrjwpcOxkYmbgcc-N3_QCy3Bu0"}, "path": "pymisp/tools/openioc.py", "size": 14437}, {"hash": {"mode": "sha256", "value": "gQ8EVCJxJgXjBetJeee3VStayzjjtPRXjZmu15dQ2Zs"}, "path": "pymisp/tools/peobject.py", "size": 6262}, {"hash": {"mode": "sha256", "value": "38VSnZrNFgvbuLuZHQVv9Y3w7xX6FCGyOHWz2RoE_UQ"}, "path": "pymisp/tools/reportlab_generator.py", "size": 76142}, {"hash": {"mode": "sha256", "value": "BePuwRbrSc31_hZ8WzWMv5El1eNvUp3OYNF8ks8X2EQ"}, "path": "pymisp/tools/sbsignatureobject.py", "size": 742}, {"hash": {"mode": "sha256", "value": "6cxGmcJv8n8GNkWl_KgXYn6a3XZ3Qz2FPqT4vFa4RdI"}, "path": "pymisp/tools/sshauthkeyobject.py", "size": 1258}, {"hash": {"mode": "sha256", "value": "DfnmGH54S19s6rqNyWueVXt-rG7eP4gDVrDX7KU0A2U"}, "path": "pymisp/tools/stix.py", "size": 1294}, {"hash": {"mode": "sha256", "value": "v7_e0uzDODxzLSf-qnzhPdAJzY80mDn9Up2XIV7AM0w"}, "path": "pymisp/tools/vehicleobject.py", "size": 3502}, {"hash": {"mode": "sha256", "value": "LxbW2nxaA7nNtBH9B_sTCOJ1GMe1PEWi-0uvTC3KT3g"}, "path": "pymisp/tools/vtreportobject.py", "size": 3157}], "metadata": {"Author": "Rapha\u00ebl Vinot", "Author-email": "raphael.vinot@circl.lu", "Classifier": ["License :: OSI Approved :: BSD License", "Development Status :: 5 - Production/Stable", "Environment :: Console", "Operating System :: POSIX :: Linux", "Intended Audience :: Science/Research", "Intended Audience :: Telecommunications Industry", "Intended Audience :: Information Technology", "Programming Language :: Python :: 2.7", "Programming Language :: Python :: 3", "Topic :: Security", "Topic :: Internet"], "Description-Content-Type": "text/markdown", "Home-page": "https://github.com/MISP/PyMISP", "License": "UNKNOWN", "Maintainer": "Rapha\u00ebl Vinot", "Metadata-Version": "2.1", "Name": "pymisp", "Platform": ["UNKNOWN"], "Project-URL": ["Documentation, http://pymisp.readthedocs.io", "Source, https://github.com/MISP/PyMISP", "Tracker, https://github.com/MISP/PyMISP/issues"], "Provides-Extra": ["docs", "fileobjects", "neo", "openioc", "pdfexport", "virustotal"], "Requires-Dist": ["six", "requests", "python-dateutil", "jsonschema", "deprecated", "functools32 ; python_version < \"3.0\"", "enum34 ; python_version < \"3.4\"", "sphinx-autodoc-typehints ; extra == 'docs'", "recommonmark ; extra == 'docs'", "python-magic ; extra == 'fileobjects'", "pydeep ; extra == 'fileobjects'", "lief (<0.10,>=0.8) ; (python_version < \"3.5\") and extra == 'fileobjects'", "lief (>=0.10.0.dev0) ; (python_version > \"3.5\") and extra == 'fileobjects'", "py2neo ; extra == 'neo'", "beautifulsoup4 ; extra == 'openioc'", "reportlab ; extra == 'pdfexport'", "validators ; extra == 'virustotal'"], "Summary": "Python API for MISP.", "Version": "2.4.114"}, "requires": ["six", "requests", "python-dateutil", "jsonschema", "deprecated", "functools32 ; python_version < \"3.0\"", "enum34 ; python_version < \"3.4\"", "sphinx-autodoc-typehints ; extra == 'docs'", "recommonmark ; extra == 'docs'", "python-magic ; extra == 'fileobjects'", "pydeep ; extra == 'fileobjects'", "lief (<0.10,>=0.8) ; (python_version < \"3.5\") and extra == 'fileobjects'", "lief (>=0.10.0.dev0) ; (python_version > \"3.5\") and extra == 'fileobjects'", "py2neo ; extra == 'neo'", "beautifulsoup4 ; extra == 'openioc'", "reportlab ; extra == 'pdfexport'", "validators ; extra == 'virustotal'"], "version": "2.4.114"}, "index_url": "https://pypi.org/simple", "package_name": "pymisp", "package_version": "2.4.114", "package_version_requested": "2.4.114", "sha256": ["96f3e6062d3e4b89778b6f6564d2bf365a9f45087284a91a441fd83f0c5095d7", "ef0143d5d1fbdfb8da4c0ce408fd5054da9f8385293ca8b19cd1fdcde71c3531", "420891752747af4f38af765644ccb6f5da66ec3aef8f3d9c95449a9b20daab57"]}], "unparsed": [], "unresolved": []}}