{"metadata": {"analyzer": "thoth-solver", "analyzer_version": "1.4.1", "arguments": {"python": {"exclude_packages": null, "index": "https://pypi.org/simple", "no_pretty": false, "no_transitive": true, "output": "/mnt/workdir/solver-fedora-31-py37-02f36739", "requirements": "dci-utils===0.0.110", "virtualenv": "/home/solver/venv"}, "thoth-solver": {"verbose": false}}, "datetime": "2020-04-07T06:40:42.986677", "distribution": {"codename": "", "id": "fedora", "like": "", "version": "31", "version_parts": {"build_number": "", "major": "31", "minor": ""}}, "document_id": "solver-fedora-31-py37-02f36739", "duration": 6, "hostname": "solver-fedora-31-py37-02f36739-3587800537", "os_release": {"id": "fedora", "name": "Fedora", "platform_id": "platform:f31", "redhat_bugzilla_product": "Fedora", "redhat_bugzilla_product_version": "31", "redhat_support_product": "Fedora", "redhat_support_product_version": "31", "variant_id": "container", "version": "31 (Container Image)", "version_id": "31"}, "python": {"api_version": 1013, "implementation_name": "cpython", "major": 3, "micro": 5, "minor": 7, "releaselevel": "final", "serial": 0}, "thoth_deployment_name": "thoth-psi-stage", "timestamp": 1586241642}, "result": {"environment": {"implementation_name": "cpython", "implementation_version": "3.7.5", "os_name": "posix", "platform_machine": "x86_64", "platform_python_implementation": "CPython", "platform_release": "3.10.0-957.21.2.el7.x86_64", "platform_system": "Linux", "platform_version": "#1 SMP Tue May 28 09:26:43 UTC 2019", "python_full_version": "3.7.5", "python_version": "3.7", "sys_platform": "linux"}, "environment_packages": [{"package_name": "pipdeptree", "package_version": "0.13.2"}], "errors": [], "tree": [{"dependencies": [], "importlib_metadata": {"entry_points": [], "files": [{"hash": {"mode": "sha256", "value": "zuuue4knoyJ-UwPPXg8fezS7VCrXJQrAP7zeNuwvFQg"}, "path": "dci_utils-0.0.110.dist-info/INSTALLER", "size": 4}, {"hash": {"mode": "sha256", "value": "lRwhJ4X1eda8VDa39_NFM2nGUhCg5BsfXeb8oOOsrMk"}, "path": "dci_utils-0.0.110.dist-info/METADATA", "size": 418}, {"hash": null, "path": "dci_utils-0.0.110.dist-info/RECORD", "size": null}, {"hash": {"mode": "sha256", "value": "wYBY2EO50FhAcckpWmO3c3Zwk2MALACx6lPAl6gVKnE"}, "path": "dci_utils-0.0.110.dist-info/WHEEL", "size": 93}, {"hash": {"mode": "sha256", "value": "ubA4h1RsConH5rKSvBMWTVj1b1vPZ0yD9V0hEtAha6A"}, "path": "dci_utils-0.0.110.dist-info/top_level.txt", "size": 10}, {"hash": {"mode": "sha256", "value": "ZHkVBqJLL4tNRPNgvtWy_Sr6wicBry91_elpJz_GcYg"}, "path": "dci_utils/__init__.py", "size": 134}, {"hash": null, "path": "dci_utils/__pycache__/__init__.cpython-37.pyc", "size": null}, {"hash": null, "path": "dci_utils/__pycache__/cloudwatch.cpython-37.pyc", "size": null}, {"hash": null, "path": "dci_utils/__pycache__/etlrunner.cpython-37.pyc", "size": null}, {"hash": null, "path": "dci_utils/__pycache__/pagerduty_alert.cpython-37.pyc", "size": null}, {"hash": null, "path": "dci_utils/__pycache__/redis_connection.cpython-37.pyc", "size": null}, {"hash": {"mode": "sha256", "value": "d3Hu29ZlI7helL1aRhq_PV3LddPrPh7Vjt28NuRllU4"}, "path": "dci_utils/cloudwatch.py", "size": 7531}, {"hash": {"mode": "sha256", "value": "KB7vk8MLVfvL6kBT1ZAMPEMJ682t8wTJ5wmHLioixKU"}, "path": "dci_utils/etlrunner.py", "size": 6598}, {"hash": {"mode": "sha256", "value": "tewY93UdBYo81FqMt8VOEIwvfxrge0rAiCMEDDHsbqw"}, "path": "dci_utils/pagerduty_alert.py", "size": 2764}, {"hash": {"mode": "sha256", "value": "8PL4IC_bNZVjcojCMm7oAAPI6AI7ObdcgyKNvbR_Yno"}, "path": "dci_utils/redis_connection.py", "size": 911}], "metadata": {"Author": "Andrew Johnson", "Author-email": "andrejohnson@expedia.com", "Classifier": ["Programming Language :: Python :: 3", "License :: OSI Approved :: MIT License", "Operating System :: OS Independent"], "Home-page": "https://ewegithub.sb.karmalab.net/EWE/dci-data-dci-utils", "License": "UNKNOWN", "Metadata-Version": "2.1", "Name": "dci-utils", "Platform": ["UNKNOWN"], "Summary": "A set of utilities for DCI jobs", "Version": "0.0.110"}, "requires": null, "version": "0.0.110"}, "index_url": "https://pypi.org/simple", "package_name": "dci-utils", "package_version": "0.0.110", "package_version_requested": "0.0.110", "sha256": ["8983e4f1b9df6c23f9478a395ae923c0b4641820fb1c3fb5ad4a490ca7e2cdc6", "416d8f03ab1d18027a17e2f068a1eeae379159b494bf388d40b97f19cdd96e60"]}], "unparsed": [], "unresolved": []}}