{"metadata": {"analyzer": "thoth-solver", "analyzer_version": "1.4.1", "arguments": {"python": {"exclude_packages": null, "index": "https://pypi.org/simple", "no_pretty": false, "no_transitive": true, "output": "http://result-api/api/v1/solver-result", "requirements": "firebase-admin===4.0.0", "virtualenv": "/home/solver/venv"}, "thoth-solver": {"verbose": false}}, "datetime": "2020-02-27T17:05:05.455030", "distribution": {"codename": "", "id": "fedora", "like": "", "version": "31", "version_parts": {"build_number": "", "major": "31", "minor": ""}}, "document_id": "solver-fedora-31-py37-029ac0e1", "duration": 3, "hostname": "solver-fedora-31-py37-029ac0e1-7kcbd", "os_release": {"id": "fedora", "name": "Fedora", "platform_id": "platform:f31", "redhat_bugzilla_product": "Fedora", "redhat_bugzilla_product_version": "31", "redhat_support_product": "Fedora", "redhat_support_product_version": "31", "variant_id": "container", "version": "31 (Container Image)", "version_id": "31"}, "python": {"api_version": 1013, "implementation_name": "cpython", "major": 3, "micro": 5, "minor": 7, "releaselevel": "final", "serial": 0}, "thoth_deployment_name": "thoth-psi-stage", "timestamp": 1582823105}, "result": {"environment": {"implementation_name": "cpython", "implementation_version": "3.7.5", "os_name": "posix", "platform_machine": "x86_64", "platform_python_implementation": "CPython", "platform_release": "3.10.0-957.21.2.el7.x86_64", "platform_system": "Linux", "platform_version": "#1 SMP Tue May 28 09:26:43 UTC 2019", "python_full_version": "3.7.5", "python_version": "3.7", "sys_platform": "linux"}, "environment_packages": [{"package_name": "pipdeptree", "package_version": "0.13.2"}], "errors": [], "tree": [{"dependencies": [{"extra": [], "extras": [], "marker": null, "marker_evaluated": null, "marker_evaluation_error": null, "marker_evaluation_result": true, "normalized_package_name": "cachecontrol", "package_name": "cachecontrol", "resolved_versions": [{"index": "https://pypi.org/simple", "versions": ["0.12.6"]}], "specifier": ">=0.12.6"}, {"extra": [], "extras": [], "marker": null, "marker_evaluated": null, "marker_evaluation_error": null, "marker_evaluation_result": true, "normalized_package_name": "google-api-python-client", "package_name": "google-api-python-client", "resolved_versions": [{"index": "https://pypi.org/simple", "versions": ["1.7.10", "1.7.11", "1.7.8", "1.7.9"]}], "specifier": ">=1.7.8"}, {"extra": [], "extras": [], "marker": null, "marker_evaluated": null, "marker_evaluation_error": null, "marker_evaluation_result": true, "normalized_package_name": "google-cloud-storage", "package_name": "google-cloud-storage", "resolved_versions": [{"index": "https://pypi.org/simple", "versions": ["1.18.0", "1.18.1", "1.19.0", "1.19.1", "1.20.0", "1.21.0", "1.22.0", "1.23.0", "1.24.0", "1.24.1", "1.25.0", "1.26.0"]}], "specifier": ">=1.18.0"}, {"extra": [], "extras": ["grpc"], "marker": "platform_python_implementation != \"PyPy\"", "marker_evaluated": "platform_python_implementation != \"PyPy\"", "marker_evaluation_error": null, "marker_evaluation_result": true, "normalized_package_name": "google-api-core", "package_name": "google-api-core", "resolved_versions": [{"index": "https://pypi.org/simple", "versions": ["1.14.0", "1.14.1", "1.14.2", "1.14.3", "1.15.0", "1.16.0"]}], "specifier": "<2.0.0dev,>=1.14.0"}, {"extra": [], "extras": [], "marker": "platform_python_implementation != \"PyPy\"", "marker_evaluated": "platform_python_implementation != \"PyPy\"", "marker_evaluation_error": null, "marker_evaluation_result": true, "normalized_package_name": "google-cloud-firestore", "package_name": "google-cloud-firestore", "resolved_versions": [{"index": "https://pypi.org/simple", "versions": ["1.4.0", "1.5.0", "1.6.0", "1.6.1", "1.6.2"]}], "specifier": ">=1.4.0"}], "importlib_metadata": {"entry_points": [], "files": [{"hash": {"mode": "sha256", "value": "zuuue4knoyJ-UwPPXg8fezS7VCrXJQrAP7zeNuwvFQg"}, "path": "firebase_admin-4.0.0.dist-info/INSTALLER", "size": 4}, {"hash": {"mode": "sha256", "value": "xx0jnfkXJvxRnG63LTGOxlggYnIysveWIZ6H3PNdCrQ"}, "path": "firebase_admin-4.0.0.dist-info/LICENSE", "size": 11357}, {"hash": {"mode": "sha256", "value": "Fmh-iy63FI4XZAmPdWPCZ_7Xy0TFAuAnftdT-EE-Bjk"}, "path": "firebase_admin-4.0.0.dist-info/METADATA", "size": 1160}, {"hash": null, "path": "firebase_admin-4.0.0.dist-info/RECORD", "size": null}, {"hash": {"mode": "sha256", "value": "g4nMs7d-Xl9-xC9XovUrsDHGXt-FT0E17Yqo92DEfvY"}, "path": "firebase_admin-4.0.0.dist-info/WHEEL", "size": 92}, {"hash": {"mode": "sha256", "value": "j8IXOwvHIaefIBBzAehVx1lROs_uinrBtfYXG-wDO_A"}, "path": "firebase_admin-4.0.0.dist-info/top_level.txt", "size": 15}, {"hash": {"mode": "sha256", "value": "hywJd8IxL5R_P31jleymLf5H-CR_Ly6uxF1jF5dW3Pk"}, "path": "firebase_admin/__about__.py", "size": 808}, {"hash": {"mode": "sha256", "value": "PnuQ64TnrHDQdKtVAbVDMU9Pr9AuAJ2pOwrG-jjqxmg"}, "path": "firebase_admin/__init__.py", "size": 11961}, {"hash": null, "path": "firebase_admin/__pycache__/__about__.cpython-37.pyc", "size": null}, {"hash": null, "path": "firebase_admin/__pycache__/__init__.cpython-37.pyc", "size": null}, {"hash": null, "path": "firebase_admin/__pycache__/_auth_utils.cpython-37.pyc", "size": null}, {"hash": null, "path": "firebase_admin/__pycache__/_http_client.cpython-37.pyc", "size": null}, {"hash": null, "path": "firebase_admin/__pycache__/_messaging_encoder.cpython-37.pyc", "size": null}, {"hash": null, "path": "firebase_admin/__pycache__/_messaging_utils.cpython-37.pyc", "size": null}, {"hash": null, "path": "firebase_admin/__pycache__/_sseclient.cpython-37.pyc", "size": null}, {"hash": null, "path": "firebase_admin/__pycache__/_token_gen.cpython-37.pyc", "size": null}, {"hash": null, "path": "firebase_admin/__pycache__/_user_import.cpython-37.pyc", "size": null}, {"hash": null, "path": "firebase_admin/__pycache__/_user_mgt.cpython-37.pyc", "size": null}, {"hash": null, "path": "firebase_admin/__pycache__/_utils.cpython-37.pyc", "size": null}, {"hash": null, "path": "firebase_admin/__pycache__/auth.cpython-37.pyc", "size": null}, {"hash": null, "path": "firebase_admin/__pycache__/credentials.cpython-37.pyc", "size": null}, {"hash": null, "path": "firebase_admin/__pycache__/db.cpython-37.pyc", "size": null}, {"hash": null, "path": "firebase_admin/__pycache__/exceptions.cpython-37.pyc", "size": null}, {"hash": null, "path": "firebase_admin/__pycache__/firestore.cpython-37.pyc", "size": null}, {"hash": null, "path": "firebase_admin/__pycache__/instance_id.cpython-37.pyc", "size": null}, {"hash": null, "path": "firebase_admin/__pycache__/messaging.cpython-37.pyc", "size": null}, {"hash": null, "path": "firebase_admin/__pycache__/project_management.cpython-37.pyc", "size": null}, {"hash": null, "path": "firebase_admin/__pycache__/storage.cpython-37.pyc", "size": null}, {"hash": {"mode": "sha256", "value": "jCb7jgIdR3bAAPBHa1zM97pdZVjH_3qW0O9MI9ILWZo"}, "path": "firebase_admin/_auth_utils.py", "size": 13212}, {"hash": {"mode": "sha256", "value": "2NcFOqJBUfgtnbPjFZWlS7lIKkUC_DhTJJXr-f1GnLM"}, "path": "firebase_admin/_http_client.py", "size": 5459}, {"hash": {"mode": "sha256", "value": "-F-59VH037rM7n5HVHiZujIGz73E0LCjABJjx8w1vuw"}, "path": "firebase_admin/_messaging_encoder.py", "size": 32878}, {"hash": {"mode": "sha256", "value": "8kPD2Vrxl-R3AVHt4O2puZa8HY5pf_cg6zwHlIUgtn0"}, "path": "firebase_admin/_messaging_utils.py", "size": 23448}, {"hash": {"mode": "sha256", "value": "JgG34KhR_nMyAhqyyY6JUfhiHy9YUqNmKXP86wkiq5c"}, "path": "firebase_admin/_sseclient.py", "size": 6886}, {"hash": {"mode": "sha256", "value": "SjaplUEyCfaLChY4p5UvJLY__XOMsxIZ4qcEehghEkM"}, "path": "firebase_admin/_token_gen.py", "size": 17351}, {"hash": {"mode": "sha256", "value": "7_y1BnxbKObE1GEyF4ynq-wiwYVsourhqZuMzf2bWiY"}, "path": "firebase_admin/_user_import.py", "size": 17124}, {"hash": {"mode": "sha256", "value": "aLUhQfW0IyyHFL25K8VZX0JM0bFKOCew8Fp9Tcx_U-Y"}, "path": "firebase_admin/_user_mgt.py", "size": 26572}, {"hash": {"mode": "sha256", "value": "80hj-fKtp60KWhayV0et2AH_6e_CnhpGEbcvSFz2z9A"}, "path": "firebase_admin/_utils.py", "size": 11873}, {"hash": {"mode": "sha256", "value": "yTVnB1RlDSkGksb0wG0EwsrS6ocffTt-EL_IAZK6Afw"}, "path": "firebase_admin/auth.py", "size": 22939}, {"hash": {"mode": "sha256", "value": "JH2HfY2tXBpyt1AzSEs2lGDZ0KAM4eOMx3OUB4XwsM8"}, "path": "firebase_admin/credentials.py", "size": 7986}, {"hash": {"mode": "sha256", "value": "eSm3T9ysb5jSQVhH0L0-xkOCWn9ttiIYlgphvnbnEMA"}, "path": "firebase_admin/db.py", "size": 37986}, {"hash": {"mode": "sha256", "value": "K6QCnP2fT2x23Na9-lYhq2AfU_yCkmsXmG7XCJkBZss"}, "path": "firebase_admin/exceptions.py", "size": 8503}, {"hash": {"mode": "sha256", "value": "ClQU0Bw6ZvlfpL8lvqWBz-deciSTTZ7KQDxPZ3YBuZo"}, "path": "firebase_admin/firestore.py", "size": 2789}, {"hash": {"mode": "sha256", "value": "CrJhUKrc-CZSziqB2QO54v7wG9ae2N6ziPZmoF6wSNk"}, "path": "firebase_admin/instance_id.py", "size": 3795}, {"hash": {"mode": "sha256", "value": "ghIDajvxm2OUmpLNEHB0QtrIvbjY_HNIg7-noFuO7Aw"}, "path": "firebase_admin/messaging.py", "size": 18039}, {"hash": {"mode": "sha256", "value": "0-8k-h6_mfR0NGK3pURxQtzWitNS3_1UnAQ2pDlkGek"}, "path": "firebase_admin/project_management.py", "size": 24991}, {"hash": {"mode": "sha256", "value": "lC7evcKOE033GCx-tt_Db2ZAPR0mamzxcUmq769E2ng"}, "path": "firebase_admin/storage.py", "size": 3335}], "metadata": {"Author": "Firebase", "Classifier": ["Development Status :: 5 - Production/Stable", "Intended Audience :: Developers", "Topic :: Software Development :: Build Tools", "Programming Language :: Python :: 3", "Programming Language :: Python :: 3.5", "Programming Language :: Python :: 3.6", "Programming Language :: Python :: 3.7", "License :: OSI Approved :: Apache Software License"], "Home-page": "https://firebase.google.com/docs/admin/setup/", "Keywords": "firebase cloud development", "License": "Apache License 2.0", "Metadata-Version": "2.1", "Name": "firebase-admin", "Platform": ["UNKNOWN"], "Requires-Dist": ["cachecontrol (>=0.12.6)", "google-api-python-client (>=1.7.8)", "google-cloud-storage (>=1.18.0)", "google-api-core[grpc] (<2.0.0dev,>=1.14.0) ; platform_python_implementation != \"PyPy\"", "google-cloud-firestore (>=1.4.0) ; platform_python_implementation != \"PyPy\""], "Requires-Python": ">=3.5", "Summary": "Firebase Admin Python SDK", "Version": "4.0.0"}, "requires": ["cachecontrol (>=0.12.6)", "google-api-python-client (>=1.7.8)", "google-cloud-storage (>=1.18.0)", "google-api-core[grpc] (<2.0.0dev,>=1.14.0) ; platform_python_implementation != \"PyPy\"", "google-cloud-firestore (>=1.4.0) ; platform_python_implementation != \"PyPy\""], "version": "4.0.0"}, "index_url": "https://pypi.org/simple", "package_name": "firebase-admin", "package_version": "4.0.0", "package_version_requested": "4.0.0", "sha256": ["48650748131ddbfe6e6b9367fb004654f8bbd34a21e2db1966b2ff64814a5337", "7570f8c1063ba1ff0ed24473f0dbdb3191f37fa6e23c03b34cad523c50cdeb68"]}], "unparsed": [], "unresolved": []}}