{"metadata": {"analyzer": "thoth-solver", "analyzer_version": "1.4.1", "arguments": {"python": {"exclude_packages": null, "index": "https://pypi.org/simple", "no_pretty": false, "no_transitive": true, "output": "http://result-api/api/v1/solver-result", "requirements": "azureml-defaults==1.0.21", "virtualenv": "/home/solver/venv"}, "thoth-solver": {"verbose": false}}, "datetime": "2019-12-27T16:34:52.421283", "distribution": {"codename": "", "id": "fedora", "like": "", "version": "31", "version_parts": {"build_number": "", "major": "31", "minor": ""}}, "document_id": "solver-fedora-31-py37-015a1c2c", "duration": 2, "hostname": "solver-fedora-31-py37-015a1c2c-zmdms", "os_release": {"id": "fedora", "name": "Fedora", "platform_id": "platform:f31", "redhat_bugzilla_product": "Fedora", "redhat_bugzilla_product_version": "31", "redhat_support_product": "Fedora", "redhat_support_product_version": "31", "variant_id": "container", "version": "31 (Container Image)", "version_id": "31"}, "python": {"api_version": 1013, "implementation_name": "cpython", "major": 3, "micro": 5, "minor": 7, "releaselevel": "final", "serial": 0}, "thoth_deployment_name": "thoth-psi-stage", "timestamp": 1577464492}, "result": {"environment": {"implementation_name": "cpython", "implementation_version": "3.7.5", "os_name": "posix", "platform_machine": "x86_64", "platform_python_implementation": "CPython", "platform_release": "3.10.0-957.21.2.el7.x86_64", "platform_system": "Linux", "platform_version": "#1 SMP Tue May 28 09:26:43 UTC 2019", "python_full_version": "3.7.5", "python_version": "3.7", "sys_platform": "linux"}, "environment_packages": [{"package_name": "pipdeptree", "package_version": "0.13.2"}], "errors": [], "tree": [{"dependencies": [{"extra": [], "extras": [], "marker": null, "marker_evaluated": null, "marker_evaluation_error": null, "marker_evaluation_result": true, "normalized_package_name": "azureml-core", "package_name": "azureml-core", "resolved_versions": [{"index": "https://pypi.org/simple", "versions": ["1.0.21"]}], "specifier": "==1.0.21.*"}, {"extra": [], "extras": [], "marker": null, "marker_evaluated": null, "marker_evaluation_error": null, "marker_evaluation_result": true, "normalized_package_name": "applicationinsights", "package_name": "applicationinsights", "resolved_versions": [{"index": "https://pypi.org/simple", "versions": ["0.11.7", "0.11.8", "0.11.9"]}], "specifier": ">=0.11.7"}], "importlib_metadata": {"entry_points": [], "files": [{"hash": {"mode": "sha256", "value": "AyEIUKOdWrZWXFinlonmVohlcFKlJOE04HSpELDhbBM"}, "path": "azureml_defaults-1.0.21.dist-info/DESCRIPTION.rst", "size": 92}, {"hash": {"mode": "sha256", "value": "zuuue4knoyJ-UwPPXg8fezS7VCrXJQrAP7zeNuwvFQg"}, "path": "azureml_defaults-1.0.21.dist-info/INSTALLER", "size": 4}, {"hash": {"mode": "sha256", "value": "GBoIyZ-6vJ4xjRc8U3wTw4EfkuaEdVTm_gbr1Nm8uDI"}, "path": "azureml_defaults-1.0.21.dist-info/LICENSE.txt", "size": 859}, {"hash": {"mode": "sha256", "value": "Z-yVFhQAL5P-BtijBqtfY8OIqDC98VhI_dkvNRQJRlQ"}, "path": "azureml_defaults-1.0.21.dist-info/METADATA", "size": 399}, {"hash": null, "path": "azureml_defaults-1.0.21.dist-info/RECORD", "size": null}, {"hash": {"mode": "sha256", "value": "BTHHj6QhsHpWhRUrxioIvCAgjx81u-a8gkPTO6bi_A0"}, "path": "azureml_defaults-1.0.21.dist-info/WHEEL", "size": 116}, {"hash": {"mode": "sha256", "value": "XCrosK_G0PCTqyXbSgY3E5ctQHQD-TxjAdQS3L1BGnw"}, "path": "azureml_defaults-1.0.21.dist-info/metadata.json", "size": 513}, {"hash": {"mode": "sha256", "value": "AbpHGcgLb-kRsJGnwFEktk7uzpZOCcBY74-YBdrKVGs"}, "path": "azureml_defaults-1.0.21.dist-info/top_level.txt", "size": 1}], "metadata": {"Author": "Microsoft Corp", "Description-Content-Type": "text/x-rst", "Home-page": "UNKNOWN", "License": "https://aka.ms/azureml-sdk-license", "Metadata-Version": "2.0", "Name": "azureml-defaults", "Platform": ["UNKNOWN"], "Requires-Dist": ["azureml-core (==1.0.21.*)", "applicationinsights (>=0.11.7)"], "Summary": "UNKNOWN", "Version": "1.0.21"}, "requires": ["azureml-core (==1.0.21.*)", "applicationinsights (>=0.11.7)"], "version": "1.0.21"}, "index_url": "https://pypi.org/simple", "package_name": "azureml-defaults", "package_version": "1.0.21", "package_version_requested": "1.0.21", "sha256": ["45ee8c72edae58ee2fa800b948fc5378fed91552e7cf611b30840ad0ecf111dd"]}], "unparsed": [], "unresolved": []}}