{"metadata": {"analyzer": "thoth-solver", "analyzer_version": "1.4.1", "arguments": {"python": {"exclude_packages": null, "index": "https://pypi.org/simple", "no_pretty": false, "no_transitive": true, "output": "http://result-api/api/v1/solver-result", "requirements": "fake-factory==0.7.2", "virtualenv": "/home/solver/venv"}, "thoth-solver": {"verbose": false}}, "datetime": "2019-12-26T16:32:46.723288", "distribution": {"codename": "", "id": "fedora", "like": "", "version": "31", "version_parts": {"build_number": "", "major": "31", "minor": ""}}, "document_id": "solver-fedora-31-py37-017faee8", "duration": 3, "hostname": "solver-fedora-31-py37-017faee8-wnx8z", "os_release": {"id": "fedora", "name": "Fedora", "platform_id": "platform:f31", "redhat_bugzilla_product": "Fedora", "redhat_bugzilla_product_version": "31", "redhat_support_product": "Fedora", "redhat_support_product_version": "31", "variant_id": "container", "version": "31 (Container Image)", "version_id": "31"}, "python": {"api_version": 1013, "implementation_name": "cpython", "major": 3, "micro": 5, "minor": 7, "releaselevel": "final", "serial": 0}, "thoth_deployment_name": "thoth-psi-stage", "timestamp": 1577377966}, "result": {"environment": {"implementation_name": "cpython", "implementation_version": "3.7.5", "os_name": "posix", "platform_machine": "x86_64", "platform_python_implementation": "CPython", "platform_release": "3.10.0-957.21.2.el7.x86_64", "platform_system": "Linux", "platform_version": "#1 SMP Tue May 28 09:26:43 UTC 2019", "python_full_version": "3.7.5", "python_version": "3.7", "sys_platform": "linux"}, "environment_packages": [{"package_name": "pipdeptree", "package_version": "0.13.2"}], "errors": [], "tree": [{"dependencies": [{"extra": [], "extras": [], "marker": null, "marker_evaluated": null, "marker_evaluation_error": null, "marker_evaluation_result": true, "normalized_package_name": "python-dateutil", "package_name": "python-dateutil", "resolved_versions": [{"index": "https://pypi.org/simple", "versions": ["2.4.0", "2.4.1", "2.4.2", "2.5.0", "2.5.1", "2.5.2", "2.5.3", "2.6.0", "2.6.1", "2.7.0", "2.7.1", "2.7.2", "2.7.3", "2.7.4", "2.7.5", "2.8.0", "2.8.1"]}], "specifier": ">=2.4"}, {"extra": [], "extras": [], "marker": null, "marker_evaluated": null, "marker_evaluation_error": null, "marker_evaluation_result": true, "normalized_package_name": "six", "package_name": "six", "resolved_versions": [{"index": "https://pypi.org/simple", "versions": ["0.9.0", "0.9.1", "0.9.2", "1.0.0", "1.1.0", "1.10.0", "1.11.0", "1.12.0", "1.13.0", "1.2.0", "1.3.0", "1.4.0", "1.4.1", "1.5.0", "1.5.1", "1.5.2", "1.6.0", "1.6.1", "1.7.0", "1.7.1", "1.7.2", "1.7.3", "1.8.0", "1.9.0"]}], "specifier": null}, {"extra": [], "extras": [], "marker": "python_version == \"2.7\"", "marker_evaluated": "python_version == \"2.7\"", "marker_evaluation_error": null, "marker_evaluation_result": false, "normalized_package_name": "ipaddress", "package_name": "ipaddress", "resolved_versions": [{"index": "https://pypi.org/simple", "versions": ["1.0.1", "1.0.10", "1.0.11", "1.0.12", "1.0.13", "1.0.14", "1.0.15", "1.0.16", "1.0.17", "1.0.18", "1.0.19", "1.0.2", "1.0.21", "1.0.22", "1.0.23", "1.0.3", "1.0.4", "1.0.5", "1.0.6", "1.0.7", "1.0.8", "1.0.9"]}], "specifier": null}, {"extra": [], "extras": [], "marker": "python_version == \"3.0\"", "marker_evaluated": "python_version == \"3.0\"", "marker_evaluation_error": null, "marker_evaluation_result": false, "normalized_package_name": "importlib", "package_name": "importlib", "resolved_versions": [{"index": "https://pypi.org/simple", "versions": ["1.0", "1.0.1", "1.0.2", "1.0.3", "1.0.4"]}], "specifier": null}, {"extra": [], "extras": [], "marker": "python_version == \"3.2\"", "marker_evaluated": "python_version == \"3.2\"", "marker_evaluation_error": null, "marker_evaluation_result": false, "normalized_package_name": "ipaddress", "package_name": "ipaddress", "resolved_versions": [{"index": "https://pypi.org/simple", "versions": ["1.0.1", "1.0.10", "1.0.11", "1.0.12", "1.0.13", "1.0.14", "1.0.15", "1.0.16", "1.0.17", "1.0.18", "1.0.19", "1.0.2", "1.0.21", "1.0.22", "1.0.23", "1.0.3", "1.0.4", "1.0.5", "1.0.6", "1.0.7", "1.0.8", "1.0.9"]}], "specifier": null}], "importlib_metadata": {"entry_points": [{"group": "console_scripts", "name": "faker", "value": "faker.cli:execute_from_command_line"}], "files": [{"hash": {"mode": "sha256", "value": "ZkxCJ4ge9e4RnLqit0YFX-7cVsJlZLuAz66gyz5mKrc"}, "path": "../../../bin/faker", "size": 263}, {"hash": {"mode": "sha256", "value": "qcmRXEhr-SNHEdfcWxWTcr9jC2Y3NAG2FknXUXF9s9E"}, "path": "fake_factory-0.7.2.dist-info/DESCRIPTION.rst", "size": 23569}, {"hash": {"mode": "sha256", "value": "zuuue4knoyJ-UwPPXg8fezS7VCrXJQrAP7zeNuwvFQg"}, "path": "fake_factory-0.7.2.dist-info/INSTALLER", "size": 4}, {"hash": {"mode": "sha256", "value": "nw2D7pn-6R7g2jZIyTWgb6ON-0eaCC3H2cfH82EIRmc"}, "path": "fake_factory-0.7.2.dist-info/METADATA", "size": 24690}, {"hash": null, "path": "fake_factory-0.7.2.dist-info/RECORD", "size": null}, {"hash": {"mode": "sha256", "value": "5wvfB7GvgZAbKBSE9uX9Zbi6LCL-_KgezgHblXhCRnM"}, "path": "fake_factory-0.7.2.dist-info/WHEEL", "size": 113}, {"hash": {"mode": "sha256", "value": "wO9ch_qT4k3HilX8_lD5Y4fK0vsRGwSHHTbreZrXJ90"}, "path": "fake_factory-0.7.2.dist-info/entry_points.txt", "size": 63}, {"hash": {"mode": "sha256", "value": "Mti1bRSoOzn3CUzzWUquDoSdfw8fAs4CQ_EQMb8_1ow"}, "path": "fake_factory-0.7.2.dist-info/metadata.json", "size": 1524}, {"hash": {"mode": "sha256", "value": "wKHkTXWQ-2cZpTdGq2iFBo5_0uzqfXUTGFv7qKOPeBU"}, "path": "fake_factory-0.7.2.dist-info/pbr.json", "size": 47}, {"hash": {"mode": "sha256", "value": "r5c8fW5_gMtLHv1Ql00Y4ifqUwZFD8NDLz9-nTKZmSk"}, "path": "fake_factory-0.7.2.dist-info/top_level.txt", "size": 6}, {"hash": {"mode": "sha256", "value": "AbpHGcgLb-kRsJGnwFEktk7uzpZOCcBY74-YBdrKVGs"}, "path": "fake_factory-0.7.2.dist-info/zip-safe", "size": 1}, {"hash": {"mode": "sha256", "value": "zoDVrpJbJxnhCin4bFMFXv8PHFB0t65ezfCt38tO3nc"}, "path": "faker/__init__.py", "size": 115}, {"hash": {"mode": "sha256", "value": "zXvXu3DT2TDq5vfdGbOWXwPuqbn28eT_NVufqY8ZBtY"}, "path": "faker/__main__.py", "size": 127}, {"hash": null, "path": "faker/__pycache__/__init__.cpython-37.pyc", "size": null}, {"hash": null, "path": "faker/__pycache__/__main__.cpython-37.pyc", "size": null}, {"hash": null, "path": "faker/__pycache__/build_docs.cpython-37.pyc", "size": null}, {"hash": null, "path": "faker/__pycache__/cli.cpython-37.pyc", "size": null}, {"hash": null, "path": "faker/__pycache__/config.cpython-37.pyc", "size": null}, {"hash": null, "path": "faker/__pycache__/documentor.cpython-37.pyc", "size": null}, {"hash": null, "path": "faker/__pycache__/factory.cpython-37.pyc", "size": null}, {"hash": null, "path": "faker/__pycache__/generator.cpython-37.pyc", "size": null}, {"hash": {"mode": "sha256", "value": "uj-aylWyFK1ERJ1wKx93wGhyVqIpDQ3anYcESfIZTuw"}, "path": "faker/build_docs.py", "size": 3567}, {"hash": {"mode": "sha256", "value": "ObJpGO1gfV14d7j9bwBNjI1tCbjqaUuuK3f2LRJJKvg"}, "path": "faker/cli.py", "size": 8290}, {"hash": {"mode": "sha256", "value": "aMAJm5v7s1A87LFSIjG8_WaYSJYOSWva1Ga7GVfnCb0"}, "path": "faker/config.py", "size": 362}, {"hash": {"mode": "sha256", "value": "XzyFBGc_SR-DSIpGvPnFZdcCjX_UFxQme0yFvm2Shro"}, "path": "faker/documentor.py", "size": 3188}, {"hash": {"mode": "sha256", "value": "wME-UwNMI6snPwyMCu9U_rwE60Xe12CRUJS11sJfDT4"}, "path": "faker/factory.py", "size": 2833}, {"hash": {"mode": "sha256", "value": "wTnrafsK_GM9_dQuRiGU3_vzyKn5LpzTp3Modr1XDwA"}, "path": "faker/generator.py", "size": 2517}, {"hash": {"mode": "sha256", "value": "DKhCQAmSUN2X6TotDupnZjaokla_8yEFlPGEd-0THg4"}, "path": "faker/providers/__init__.py", "size": 6330}, {"hash": null, "path": "faker/providers/__pycache__/__init__.cpython-37.pyc", "size": null}, {"hash": {"mode": "sha256", "value": "4dZjPCwzGgeYjIriwfS0oEc7gRZOSgICxjWbjvtPXUk"}, "path": "faker/providers/address/__init__.py", "size": 3116}, {"hash": null, "path": "faker/providers/address/__pycache__/__init__.cpython-37.pyc", "size": null}, {"hash": {"mode": "sha256", "value": "rRm1IiTx-fNoNH8FQw2YXSFRF0bk_DViISJ8oCmRVEE"}, "path": "faker/providers/address/cs_CZ/__init__.py", "size": 19060}, {"hash": null, "path": "faker/providers/address/cs_CZ/__pycache__/__init__.cpython-37.pyc", "size": null}, {"hash": {"mode": "sha256", "value": "hICv-J4jqw2xokXpP4PW8miGJ_LQVmxAodLZ59VolEg"}, "path": "faker/providers/address/de_DE/__init__.py", "size": 11385}, {"hash": null, "path": "faker/providers/address/de_DE/__pycache__/__init__.cpython-37.pyc", "size": null}, {"hash": {"mode": "sha256", "value": "DtIuyrqtke-OVYrTU-CwBKzqh1T12esV_2v-Wdolbto"}, "path": "faker/providers/address/el_GR/__init__.py", "size": 148105}, {"hash": null, "path": "faker/providers/address/el_GR/__pycache__/__init__.cpython-37.pyc", "size": null}, {"hash": {"mode": "sha256", "value": "UktaqfnFsllvdJhwDli5JX0IXvG1_VTF3fxS1MfQXlY"}, "path": "faker/providers/address/en/__init__.py", "size": 4099}, {"hash": null, "path": "faker/providers/address/en/__pycache__/__init__.cpython-37.pyc", "size": null}, {"hash": {"mode": "sha256", "value": "bz1Y-Bjer_Beuu_vfp-sDooI8T4_UgBMHd84B9Dpdjo"}, "path": "faker/providers/address/en_AU/__init__.py", "size": 4689}, {"hash": null, "path": "faker/providers/address/en_AU/__pycache__/__init__.cpython-37.pyc", "size": null}, {"hash": {"mode": "sha256", "value": "CNfLqG3KJBB7rEC9s5h7TzBRtuZWM6A-Weg6zEVSc1U"}, "path": "faker/providers/address/en_CA/__init__.py", "size": 5220}, {"hash": null, "path": "faker/providers/address/en_CA/__pycache__/__init__.cpython-37.pyc", "size": null}, {"hash": {"mode": "sha256", "value": "uvattlsfng49vbNvSv0E8Hm9OgXkDgMhEZuV_TgGmBs"}, "path": "faker/providers/address/en_GB/__init__.py", "size": 5719}, {"hash": null, "path": "faker/providers/address/en_GB/__pycache__/__init__.cpython-37.pyc", "size": null}, {"hash": {"mode": "sha256", "value": "F2t1vhIiyRDmHiJdHPBCqMD7ZgCjxJqtVvtDPTzpQOE"}, "path": "faker/providers/address/en_US/__init__.py", "size": 6794}, {"hash": null, "path": "faker/providers/address/en_US/__pycache__/__init__.cpython-37.pyc", "size": null}, {"hash": {"mode": "sha256", "value": "W3jzzY-JwDU6BPZHajPZ2O2BnOhSJz-s04-VsnktuhQ"}, "path": "faker/providers/address/es/__init__.py", "size": 3261}, {"hash": null, "path": "faker/providers/address/es/__pycache__/__init__.cpython-37.pyc", "size": null}, {"hash": {"mode": "sha256", "value": "pgb9T49rYzUdx624Rr9SPHOUMBPjQfAnJDKznKpcwAI"}, "path": "faker/providers/address/es_ES/__init__.py", "size": 2082}, {"hash": null, "path": "faker/providers/address/es_ES/__pycache__/__init__.cpython-37.pyc", "size": null}, {"hash": {"mode": "sha256", "value": "yP99m_kT1C9Xgxu4eD91LpMS5zg7DpJX8F7D3ZoDEkQ"}, "path": "faker/providers/address/es_MX/__init__.py", "size": 4524}, {"hash": null, "path": "faker/providers/address/es_MX/__pycache__/__init__.cpython-37.pyc", "size": null}, {"hash": {"mode": "sha256", "value": "kqDXKr9Xj1SkUiUZzQ18rnMY4RxhH_Ik01XlXebctLc"}, "path": "faker/providers/address/fa_IR/__init__.py", "size": 6370}, {"hash": null, "path": "faker/providers/address/fa_IR/__pycache__/__init__.cpython-37.pyc", "size": null}, {"hash": {"mode": "sha256", "value": "OBHoaxC6QlHBHF-U3tRmESD5Lx5ZyNhP-ZtgP5M6mrg"}, "path": "faker/providers/address/fi_FI/__init__.py", "size": 8526}, {"hash": null, "path": "faker/providers/address/fi_FI/__pycache__/__init__.cpython-37.pyc", "size": null}, {"hash": {"mode": "sha256", "value": "W1yCwycBozNuCriDl_Ke-EEA-H-NKLoLc3niouZErZM"}, "path": "faker/providers/address/fr_CH/__init__.py", "size": 6830}, {"hash": null, "path": "faker/providers/address/fr_CH/__pycache__/__init__.cpython-37.pyc", "size": null}, {"hash": {"mode": "sha256", "value": "L5rr0aaN8ccCq-Qa_adOZdoaPPjQOnOC6siOT1ybzMs"}, "path": "faker/providers/address/fr_FR/__init__.py", "size": 9194}, {"hash": null, "path": "faker/providers/address/fr_FR/__pycache__/__init__.cpython-37.pyc", "size": null}, {"hash": {"mode": "sha256", "value": "dqvjVi_LRykjLzJU7hwMxsIxHnzKlNLCt5T50nX9C3s"}, "path": "faker/providers/address/hi_IN/__init__.py", "size": 6379}, {"hash": null, "path": "faker/providers/address/hi_IN/__pycache__/__init__.cpython-37.pyc", "size": null}, {"hash": {"mode": "sha256", "value": "5ogaefQmPmamH6aNFbXe3T5W0vq5iq6ghAUk6BhKXh8"}, "path": "faker/providers/address/hr_HR/__init__.py", "size": 9453}, {"hash": null, "path": "faker/providers/address/hr_HR/__pycache__/__init__.cpython-37.pyc", "size": null}, {"hash": {"mode": "sha256", "value": "LiCRDtVJpfhF8m41C5DGdlIgB9Cy3SI6uxB5ULqIP3k"}, "path": "faker/providers/address/it_IT/__init__.py", "size": 7680}, {"hash": null, "path": "faker/providers/address/it_IT/__pycache__/__init__.cpython-37.pyc", "size": null}, {"hash": {"mode": "sha256", "value": "Rgyu7vYuqP3f8vf7GtyyiSZzSV7qTX6VtGM1hujhBDQ"}, "path": "faker/providers/address/ja_JP/__init__.py", "size": 12041}, {"hash": null, "path": "faker/providers/address/ja_JP/__pycache__/__init__.cpython-37.pyc", "size": null}, {"hash": {"mode": "sha256", "value": "MhHBGYtQM_6qAHOcR_sMa3YCmpyioGMHO0epBhe1Lek"}, "path": "faker/providers/address/ko_KR/__init__.py", "size": 5311}, {"hash": null, "path": "faker/providers/address/ko_KR/__pycache__/__init__.cpython-37.pyc", "size": null}, {"hash": {"mode": "sha256", "value": "4hd-SgC9KgxoSqe8jxsdrNmzr-jQygEk-LVPP6SWvWI"}, "path": "faker/providers/address/ne_NP/__init__.py", "size": 17705}, {"hash": null, "path": "faker/providers/address/ne_NP/__pycache__/__init__.cpython-37.pyc", "size": null}, {"hash": {"mode": "sha256", "value": "T7JhRfVPI00dCssVykhp3hQkxOSi2nLSbbsE-ZKVAIQ"}, "path": "faker/providers/address/nl_NL/__init__.py", "size": 40758}, {"hash": null, "path": "faker/providers/address/nl_NL/__pycache__/__init__.cpython-37.pyc", "size": null}, {"hash": {"mode": "sha256", "value": "yCgH5iWuSE-Iq47nRtmuytpr91Ef-RpRh888zQZuW_A"}, "path": "faker/providers/address/no_NO/__init__.py", "size": 1634}, {"hash": null, "path": "faker/providers/address/no_NO/__pycache__/__init__.cpython-37.pyc", "size": null}, {"hash": {"mode": "sha256", "value": "tIFVosG_l4YRdPd9Y1yh-oIwYOWqx7tlvls_yA7c26A"}, "path": "faker/providers/address/pl_PL/__init__.py", "size": 12991}, {"hash": null, "path": "faker/providers/address/pl_PL/__pycache__/__init__.cpython-37.pyc", "size": null}, {"hash": {"mode": "sha256", "value": "-tG7PB_0njxMZ-tdJEp5bZtkk6EMZxFb6Y44wTWKMxY"}, "path": "faker/providers/address/pt_BR/__init__.py", "size": 16910}, {"hash": null, "path": "faker/providers/address/pt_BR/__pycache__/__init__.cpython-37.pyc", "size": null}, {"hash": {"mode": "sha256", "value": "FioTnAVLnoxwuTCcK0UeN3wxifPSMYxhmj2dL9h6H9w"}, "path": "faker/providers/address/pt_PT/__init__.py", "size": 7475}, {"hash": null, "path": "faker/providers/address/pt_PT/__pycache__/__init__.cpython-37.pyc", "size": null}, {"hash": {"mode": "sha256", "value": "WwNJChKSMyPV22E7dSIm32FhzfyOqc4MENaZFZTBUkg"}, "path": "faker/providers/address/sk_SK/__init__.py", "size": 89067}, {"hash": null, "path": "faker/providers/address/sk_SK/__pycache__/__init__.cpython-37.pyc", "size": null}, {"hash": {"mode": "sha256", "value": "gCa_HzA5v68nXzfQhmua6GEuAqmqBE43_o4KMJb3LlE"}, "path": "faker/providers/address/sl_SI/__init__.py", "size": 33696}, {"hash": null, "path": "faker/providers/address/sl_SI/__pycache__/__init__.cpython-37.pyc", "size": null}, {"hash": {"mode": "sha256", "value": "RwRkQpLIi6k6scnJuIU1LNxdKqKkcTwcfTnxGm8XjY0"}, "path": "faker/providers/address/sv_SE/__init__.py", "size": 5870}, {"hash": null, "path": "faker/providers/address/sv_SE/__pycache__/__init__.cpython-37.pyc", "size": null}, {"hash": {"mode": "sha256", "value": "EdzYVopsIuBid0H4Kobtj1Yybt24nVnd28oHYpVL3OA"}, "path": "faker/providers/address/zh_CN/__init__.py", "size": 5730}, {"hash": null, "path": "faker/providers/address/zh_CN/__pycache__/__init__.cpython-37.pyc", "size": null}, {"hash": {"mode": "sha256", "value": "7T56HPAQZLQacisvD6YphBcSEgl_frG-DPSfLE0skvY"}, "path": "faker/providers/address/zh_TW/__init__.py", "size": 5959}, {"hash": null, "path": "faker/providers/address/zh_TW/__pycache__/__init__.cpython-37.pyc", "size": null}, {"hash": {"mode": "sha256", "value": "_M-Yus6TVmarOoR29ttkQ90ElClU5sFZaNCPY-ASuqw"}, "path": "faker/providers/barcode/__init__.py", "size": 761}, {"hash": null, "path": "faker/providers/barcode/__pycache__/__init__.cpython-37.pyc", "size": null}, {"hash": {"mode": "sha256", "value": "03L7Nu3CPBDfqX7aWEi5-dl-3OQYghSxtb8cr0FzOKo"}, "path": "faker/providers/barcode/en_US/__init__.py", "size": 87}, {"hash": null, "path": "faker/providers/barcode/en_US/__pycache__/__init__.cpython-37.pyc", "size": null}, {"hash": {"mode": "sha256", "value": "LysijS_UOcc-wqmELJL46-CLbIshbu9vepAJ5d-CPm0"}, "path": "faker/providers/color/__init__.py", "size": 6038}, {"hash": null, "path": "faker/providers/color/__pycache__/__init__.cpython-37.pyc", "size": null}, {"hash": {"mode": "sha256", "value": "ZAa2S6T2sRJkrloSqimygLpRP5HCmDGKv6YuGOi4krA"}, "path": "faker/providers/color/en_US/__init__.py", "size": 83}, {"hash": null, "path": "faker/providers/color/en_US/__pycache__/__init__.cpython-37.pyc", "size": null}, {"hash": {"mode": "sha256", "value": "mexRPZ00hSn_xO5vDATf5afLl0lLDk1n2R9UoawyzK0"}, "path": "faker/providers/company/__init__.py", "size": 545}, {"hash": null, "path": "faker/providers/company/__pycache__/__init__.cpython-37.pyc", "size": null}, {"hash": {"mode": "sha256", "value": "m_WaavvPUyb0JYzT26OspsakrWGw6RgW9iLxhypqo4U"}, "path": "faker/providers/company/bg_BG/__init__.py", "size": 534}, {"hash": null, "path": "faker/providers/company/bg_BG/__pycache__/__init__.cpython-37.pyc", "size": null}, {"hash": {"mode": "sha256", "value": "FGBt_W48-h-f7IYsx-yGZbIFrm31c-pOZEcC18wOzKM"}, "path": "faker/providers/company/cs_CZ/__init__.py", "size": 333}, {"hash": null, "path": "faker/providers/company/cs_CZ/__pycache__/__init__.cpython-37.pyc", "size": null}, {"hash": {"mode": "sha256", "value": "XwrF3SQhScW1e7CTlXoqWXT_5AnXHbZfZ6Fn9so7A_I"}, "path": "faker/providers/company/de_DE/__init__.py", "size": 641}, {"hash": null, "path": "faker/providers/company/de_DE/__pycache__/__init__.cpython-37.pyc", "size": null}, {"hash": {"mode": "sha256", "value": "blRQkt2Z4CbcEFk3UoVZ2to4Gzbfy8ASghIfI8p4F90"}, "path": "faker/providers/company/en_US/__init__.py", "size": 8476}, {"hash": null, "path": "faker/providers/company/en_US/__pycache__/__init__.cpython-37.pyc", "size": null}, {"hash": {"mode": "sha256", "value": "6EaYWAUSy1YRlcKB9FPh3vJrQ44BgGXX6rZHUfTWhSc"}, "path": "faker/providers/company/es_MX/__init__.py", "size": 8620}, {"hash": null, "path": "faker/providers/company/es_MX/__pycache__/__init__.cpython-37.pyc", "size": null}, {"hash": {"mode": "sha256", "value": "h4GOTGz2h7WsA5qd_nz8oS4vbuaNdSMXwT5v91FI1a4"}, "path": "faker/providers/company/fa_IR/__init__.py", "size": 47780}, {"hash": null, "path": "faker/providers/company/fa_IR/__pycache__/__init__.cpython-37.pyc", "size": null}, {"hash": {"mode": "sha256", "value": "qxPPhXXuhL_o1NGAOPyXEGT0-0ugZgcu3nKVvldWT6s"}, "path": "faker/providers/company/fi_FI/__init__.py", "size": 1836}, {"hash": null, "path": "faker/providers/company/fi_FI/__pycache__/__init__.cpython-37.pyc", "size": null}, {"hash": {"mode": "sha256", "value": "7Q3joVsl6hNTKtZdyz-9_RgkJo0LB2Eym0cyxORFUog"}, "path": "faker/providers/company/fr_CH/__init__.py", "size": 1408}, {"hash": null, "path": "faker/providers/company/fr_CH/__pycache__/__init__.cpython-37.pyc", "size": null}, {"hash": {"mode": "sha256", "value": "_RyNiFSgtRfevMn3T90YxY8kZ1JFJfWk7zmKmFRzeEo"}, "path": "faker/providers/company/fr_FR/__init__.py", "size": 3749}, {"hash": null, "path": "faker/providers/company/fr_FR/__pycache__/__init__.cpython-37.pyc", "size": null}, {"hash": {"mode": "sha256", "value": "IqEDl5mPZJq3oTl4TapFvrNxCHWrxxAZzonYgTUsjko"}, "path": "faker/providers/company/hr_HR/__init__.py", "size": 336}, {"hash": null, "path": "faker/providers/company/hr_HR/__pycache__/__init__.cpython-37.pyc", "size": null}, {"hash": {"mode": "sha256", "value": "xgB5xOTTsRmHSWBiQiwBhxlcw9LCF26o0u7_nra86GA"}, "path": "faker/providers/company/it_IT/__init__.py", "size": 6081}, {"hash": null, "path": "faker/providers/company/it_IT/__pycache__/__init__.cpython-37.pyc", "size": null}, {"hash": {"mode": "sha256", "value": "KDwwxh514uYN3wcRGO614zq2W5RQN6w8JtRrvHLGLOQ"}, "path": "faker/providers/company/ja_JP/__init__.py", "size": 384}, {"hash": null, "path": "faker/providers/company/ja_JP/__pycache__/__init__.cpython-37.pyc", "size": null}, {"hash": {"mode": "sha256", "value": "sDeanu-RTS5AzbwWX1xN-CLuq2oSpOUbhzPW5VyITHs"}, "path": "faker/providers/company/ko_KR/__init__.py", "size": 6690}, {"hash": null, "path": "faker/providers/company/ko_KR/__pycache__/__init__.cpython-37.pyc", "size": null}, {"hash": {"mode": "sha256", "value": "sgdh3Rbgi9Y90ZVH0efjvvBM1Nlch4bBWkbAO4MmxWY"}, "path": "faker/providers/company/no_NO/__init__.py", "size": 539}, {"hash": null, "path": "faker/providers/company/no_NO/__pycache__/__init__.cpython-37.pyc", "size": null}, {"hash": {"mode": "sha256", "value": "B9Ip0PRjv_Cb-LPAnlwjHdl6wEdfFsBAI66gyTfk5Ug"}, "path": "faker/providers/company/pt_BR/__init__.py", "size": 2012}, {"hash": null, "path": "faker/providers/company/pt_BR/__pycache__/__init__.cpython-37.pyc", "size": null}, {"hash": {"mode": "sha256", "value": "Eiw9G6RFDm0lVJS1-6QG8ngOkA8wZ0uhyZ3XhTlGapM"}, "path": "faker/providers/company/pt_PT/__init__.py", "size": 1192}, {"hash": null, "path": "faker/providers/company/pt_PT/__pycache__/__init__.cpython-37.pyc", "size": null}, {"hash": {"mode": "sha256", "value": "bsLVoA7JzYOewNqvIIOgt-PGHztreJZ6246Hbdg21-k"}, "path": "faker/providers/company/sk_SK/__init__.py", "size": 343}, {"hash": null, "path": "faker/providers/company/sk_SK/__pycache__/__init__.cpython-37.pyc", "size": null}, {"hash": {"mode": "sha256", "value": "r-WfvTDkde8AVLpOChcePG0lK3sNJFKW50TmlknlEDE"}, "path": "faker/providers/company/sl_SI/__init__.py", "size": 287}, {"hash": null, "path": "faker/providers/company/sl_SI/__pycache__/__init__.cpython-37.pyc", "size": null}, {"hash": {"mode": "sha256", "value": "zhIzFX7JhzNdneFCdFgIfmrgLMGBfix7P8ASdV6ZF5E"}, "path": "faker/providers/company/sv_SE/__init__.py", "size": 369}, {"hash": null, "path": "faker/providers/company/sv_SE/__pycache__/__init__.cpython-37.pyc", "size": null}, {"hash": {"mode": "sha256", "value": "eGnisTy3tFe-yAFAP1l282X-8-Z7lyFonVTyGkFovf8"}, "path": "faker/providers/company/zh_CN/__init__.py", "size": 1878}, {"hash": null, "path": "faker/providers/company/zh_CN/__pycache__/__init__.cpython-37.pyc", "size": null}, {"hash": {"mode": "sha256", "value": "k3lzcL8MNhTizEobJtYrUnWsJKPLCEbpA383NTi_lOU"}, "path": "faker/providers/company/zh_TW/__init__.py", "size": 2520}, {"hash": null, "path": "faker/providers/company/zh_TW/__pycache__/__init__.cpython-37.pyc", "size": null}, {"hash": {"mode": "sha256", "value": "lzfQwmLJaZtu6tijuiBxMgzzzxF7ObX6HYboLyllW4I"}, "path": "faker/providers/credit_card/__init__.py", "size": 5026}, {"hash": null, "path": "faker/providers/credit_card/__pycache__/__init__.cpython-37.pyc", "size": null}, {"hash": {"mode": "sha256", "value": "PEBug2VJ1cR6tMTnOGq32rPoE33ABkQQFYYTV7uhvMk"}, "path": "faker/providers/credit_card/en_US/__init__.py", "size": 93}, {"hash": null, "path": "faker/providers/credit_card/en_US/__pycache__/__init__.cpython-37.pyc", "size": null}, {"hash": {"mode": "sha256", "value": "uxETFz1PfXY1prvM6LsRgJeY32nHfNRYk-gaMXD1LHw"}, "path": "faker/providers/currency/__init__.py", "size": 2641}, {"hash": null, "path": "faker/providers/currency/__pycache__/__init__.cpython-37.pyc", "size": null}, {"hash": {"mode": "sha256", "value": "JMSBZNDpKCSgVCrMECszx1wyMJdkAVXv9WRN-ObozNA"}, "path": "faker/providers/currency/en_US/__init__.py", "size": 89}, {"hash": null, "path": "faker/providers/currency/en_US/__pycache__/__init__.cpython-37.pyc", "size": null}, {"hash": {"mode": "sha256", "value": "_Kg0b6wbTmneoCthdufBTVVe4unOr3cLUpnshr6lG_c"}, "path": "faker/providers/date_time/__init__.py", "size": 37932}, {"hash": null, "path": "faker/providers/date_time/__pycache__/__init__.cpython-37.pyc", "size": null}, {"hash": {"mode": "sha256", "value": "NGaWjgCkr-Ae3_DkERfa4tWtJipCiySJXcyE3nBfBcg"}, "path": "faker/providers/date_time/en_US/__init__.py", "size": 89}, {"hash": null, "path": "faker/providers/date_time/en_US/__pycache__/__init__.cpython-37.pyc", "size": null}, {"hash": {"mode": "sha256", "value": "hATjpbK3QXkzhUrL_pkVnafx-uNxiRnr8Vq05T1VZWQ"}, "path": "faker/providers/file/__init__.py", "size": 10042}, {"hash": null, "path": "faker/providers/file/__pycache__/__init__.cpython-37.pyc", "size": null}, {"hash": {"mode": "sha256", "value": "UYkUQfPQkwJR5RBve6PBNFkXmvVgIIcW7cefOXShkSs"}, "path": "faker/providers/file/en_US/__init__.py", "size": 81}, {"hash": null, "path": "faker/providers/file/en_US/__pycache__/__init__.cpython-37.pyc", "size": null}, {"hash": {"mode": "sha256", "value": "ibV94kwcC12tGdZyuD61Ii1vAeKGBjH8j32I4MZ37Ms"}, "path": "faker/providers/internet/__init__.py", "size": 5313}, {"hash": null, "path": "faker/providers/internet/__pycache__/__init__.cpython-37.pyc", "size": null}, {"hash": {"mode": "sha256", "value": "mcmvkBErph-_iUeaSKgukowaWL1SMkOnqtOIr6uRb4I"}, "path": "faker/providers/internet/bg_BG/__init__.py", "size": 1943}, {"hash": null, "path": "faker/providers/internet/bg_BG/__pycache__/__init__.cpython-37.pyc", "size": null}, {"hash": {"mode": "sha256", "value": "Yg3EZVDX-bvstLMI2wOLRkE_Igf4mBDO29QT3x485h0"}, "path": "faker/providers/internet/bs_BA/__init__.py", "size": 548}, {"hash": null, "path": "faker/providers/internet/bs_BA/__pycache__/__init__.cpython-37.pyc", "size": null}, {"hash": {"mode": "sha256", "value": "LOY8k5fMuY3uMx1oHjhbbLpO74XXhFt6KnB-5Bu6vL8"}, "path": "faker/providers/internet/cs_CZ/__init__.py", "size": 811}, {"hash": null, "path": "faker/providers/internet/cs_CZ/__pycache__/__init__.cpython-37.pyc", "size": null}, {"hash": {"mode": "sha256", "value": "PF9iejKow-OQXCbbAOqJ8AZyLc8cuZqbKBx-9K3PP7Y"}, "path": "faker/providers/internet/de_AT/__init__.py", "size": 434}, {"hash": null, "path": "faker/providers/internet/de_AT/__pycache__/__init__.cpython-37.pyc", "size": null}, {"hash": {"mode": "sha256", "value": "Q-4dFxALs5rUvsKQkLomH5PaltaGI_D2zliArO4lrqg"}, "path": "faker/providers/internet/de_DE/__init__.py", "size": 497}, {"hash": null, "path": "faker/providers/internet/de_DE/__pycache__/__init__.cpython-37.pyc", "size": null}, {"hash": {"mode": "sha256", "value": "TZYMoV8rRWcZjeozWL1TaHYtuGHk-1sRUCcxuiiFYBQ"}, "path": "faker/providers/internet/el_GR/__init__.py", "size": 2593}, {"hash": null, "path": "faker/providers/internet/el_GR/__pycache__/__init__.cpython-37.pyc", "size": null}, {"hash": {"mode": "sha256", "value": "-fPF0yXJlVTBv76c4lM4JukHygkLbh5Mjx3ZrNd4j4M"}, "path": "faker/providers/internet/en_AU/__init__.py", "size": 348}, {"hash": null, "path": "faker/providers/internet/en_AU/__pycache__/__init__.cpython-37.pyc", "size": null}, {"hash": {"mode": "sha256", "value": "JkaeOqg0VaAY10lzVnvhyrRtW8lpFYQJlbD0xSNeqg8"}, "path": "faker/providers/internet/en_US/__init__.py", "size": 143}, {"hash": null, "path": "faker/providers/internet/en_US/__pycache__/__init__.cpython-37.pyc", "size": null}, {"hash": {"mode": "sha256", "value": "K_aAkvGqCEx-c_iza_xCKkzsqFI47c1Tm3LwqF0yENI"}, "path": "faker/providers/internet/fa_IR/__init__.py", "size": 345}, {"hash": null, "path": "faker/providers/internet/fa_IR/__pycache__/__init__.cpython-37.pyc", "size": null}, {"hash": {"mode": "sha256", "value": "LtEu4L6pW9TTxh6NiQZnkcOZYrb7rvw_oRKRbcCINcw"}, "path": "faker/providers/internet/fi_FI/__init__.py", "size": 352}, {"hash": null, "path": "faker/providers/internet/fi_FI/__pycache__/__init__.cpython-37.pyc", "size": null}, {"hash": {"mode": "sha256", "value": "FR1URpLzVTfkeMmaa8Myzb6u7BYelYN01uxrMjS2CwU"}, "path": "faker/providers/internet/fr_CH/__init__.py", "size": 700}, {"hash": null, "path": "faker/providers/internet/fr_CH/__pycache__/__init__.cpython-37.pyc", "size": null}, {"hash": {"mode": "sha256", "value": "GOZp4AGSyEC4b0E98cLnLle4K4Ri2kT1v4Xr0V6YvrM"}, "path": "faker/providers/internet/fr_FR/__init__.py", "size": 781}, {"hash": null, "path": "faker/providers/internet/fr_FR/__pycache__/__init__.cpython-37.pyc", "size": null}, {"hash": {"mode": "sha256", "value": "NDZIRP1fHYhl8NTz8-aT19TVpn7fT2ZVLTiyIegRZrY"}, "path": "faker/providers/internet/hr_HR/__init__.py", "size": 608}, {"hash": null, "path": "faker/providers/internet/hr_HR/__pycache__/__init__.cpython-37.pyc", "size": null}, {"hash": {"mode": "sha256", "value": "hrXzZU1Y8uU3SP5IlPeTSIchV4x4_6itD1B1ip5memA"}, "path": "faker/providers/internet/ja_JP/__init__.py", "size": 570}, {"hash": null, "path": "faker/providers/internet/ja_JP/__pycache__/__init__.cpython-37.pyc", "size": null}, {"hash": {"mode": "sha256", "value": "aSDf0eK70c-upKk61RyxtwDmH_f5czLmzowmBJQD2IU"}, "path": "faker/providers/internet/ko_KR/__init__.py", "size": 351}, {"hash": null, "path": "faker/providers/internet/ko_KR/__pycache__/__init__.cpython-37.pyc", "size": null}, {"hash": {"mode": "sha256", "value": "c0oj9VNhodADS7GLntpoJWGVDyhC1KeFBFIzaVZa3kU"}, "path": "faker/providers/internet/no_NO/__init__.py", "size": 468}, {"hash": null, "path": "faker/providers/internet/no_NO/__pycache__/__init__.cpython-37.pyc", "size": null}, {"hash": {"mode": "sha256", "value": "eF1VQJ2UMeKFDd88XLoB53HbUdfng7oy0CoZTqM5cYo"}, "path": "faker/providers/internet/pt_BR/__init__.py", "size": 360}, {"hash": null, "path": "faker/providers/internet/pt_BR/__pycache__/__init__.cpython-37.pyc", "size": null}, {"hash": {"mode": "sha256", "value": "9az9PplqDyJ83aaZ4BUdaWPOM64_hyLiwdgTPMRbAuw"}, "path": "faker/providers/internet/pt_PT/__init__.py", "size": 325}, {"hash": null, "path": "faker/providers/internet/pt_PT/__pycache__/__init__.cpython-37.pyc", "size": null}, {"hash": {"mode": "sha256", "value": "Xj5EDwE_1lg6elROoaZ7tVHpgBQTpdrq4eSB4XkSvlE"}, "path": "faker/providers/internet/sk_SK/__init__.py", "size": 847}, {"hash": null, "path": "faker/providers/internet/sk_SK/__pycache__/__init__.cpython-37.pyc", "size": null}, {"hash": {"mode": "sha256", "value": "nJsd2t6a2I8loThDkI6ajEdEloscEsc_zc_Pz6IaZbw"}, "path": "faker/providers/internet/sl_SI/__init__.py", "size": 1037}, {"hash": null, "path": "faker/providers/internet/sl_SI/__pycache__/__init__.cpython-37.pyc", "size": null}, {"hash": {"mode": "sha256", "value": "WF_ltU7iaDltgx_n1s5hF_a94W0-BKVfqJVR1CHfHBQ"}, "path": "faker/providers/internet/sv_SE/__init__.py", "size": 474}, {"hash": null, "path": "faker/providers/internet/sv_SE/__pycache__/__init__.cpython-37.pyc", "size": null}, {"hash": {"mode": "sha256", "value": "cCJhSYPEi3i9ESQLkGKbJLPPrQggQorE1EbP1qvC0w8"}, "path": "faker/providers/internet/zh_CN/__init__.py", "size": 570}, {"hash": null, "path": "faker/providers/internet/zh_CN/__pycache__/__init__.cpython-37.pyc", "size": null}, {"hash": {"mode": "sha256", "value": "ZOwjPge1tJVFhv-n16ozTYD797syE1Tr7boQLinRyro"}, "path": "faker/providers/job/__init__.py", "size": 20711}, {"hash": null, "path": "faker/providers/job/__pycache__/__init__.cpython-37.pyc", "size": null}, {"hash": {"mode": "sha256", "value": "ezR0GcDrcQClOYJa3kSg56L60wmm5UeBzU92e-aCnig"}, "path": "faker/providers/job/en_US/__init__.py", "size": 81}, {"hash": null, "path": "faker/providers/job/en_US/__pycache__/__init__.cpython-37.pyc", "size": null}, {"hash": {"mode": "sha256", "value": "f0VBhZO-IpES6raBFwV_57pzmAfeyGT-UWqxJ6rjyKw"}, "path": "faker/providers/job/fa_IR/__init__.py", "size": 2496}, {"hash": null, "path": "faker/providers/job/fa_IR/__pycache__/__init__.cpython-37.pyc", "size": null}, {"hash": {"mode": "sha256", "value": "-NJ7XQRb2Bd2AyEj8cS2d4XnEmBqknBZPC1tJDy2DQU"}, "path": "faker/providers/job/fr_CH/__init__.py", "size": 37303}, {"hash": null, "path": "faker/providers/job/fr_CH/__pycache__/__init__.cpython-37.pyc", "size": null}, {"hash": {"mode": "sha256", "value": "f8Y55bjLb4sP0AioqTttGaiFFeIJTLTt3Oc0AOVbc2A"}, "path": "faker/providers/job/fr_FR/__init__.py", "size": 17756}, {"hash": null, "path": "faker/providers/job/fr_FR/__pycache__/__init__.cpython-37.pyc", "size": null}, {"hash": {"mode": "sha256", "value": "KrNjp5uGv7BFiFzgZYZIkENTDh_Usn-2Bqh-QEDcRZg"}, "path": "faker/providers/job/hr_HR/__init__.py", "size": 10463}, {"hash": null, "path": "faker/providers/job/hr_HR/__pycache__/__init__.cpython-37.pyc", "size": null}, {"hash": {"mode": "sha256", "value": "tcPxd58koUTU83MZ1UGfmb1iWy-7f0VHmq0FKjOhe2E"}, "path": "faker/providers/job/pl_PL/__init__.py", "size": 5593}, {"hash": null, "path": "faker/providers/job/pl_PL/__pycache__/__init__.cpython-37.pyc", "size": null}, {"hash": {"mode": "sha256", "value": "y0vDX_AEsjcTLZF2_1WonN0Up7BYupTU_hZxlwM4mQg"}, "path": "faker/providers/job/ru_RU/__init__.py", "size": 13863}, {"hash": null, "path": "faker/providers/job/ru_RU/__pycache__/__init__.cpython-37.pyc", "size": null}, {"hash": {"mode": "sha256", "value": "EzsJo7jj8soDxT4OogoPYoUR8WsjCHyNSnEDGGUGZCU"}, "path": "faker/providers/job/uk_UA/__init__.py", "size": 4166}, {"hash": null, "path": "faker/providers/job/uk_UA/__pycache__/__init__.cpython-37.pyc", "size": null}, {"hash": {"mode": "sha256", "value": "UuefcxyMGWcACb8dzRtKKNujfbol5f-GiljrMX3iVlE"}, "path": "faker/providers/job/zh_TW/__init__.py", "size": 14394}, {"hash": null, "path": "faker/providers/job/zh_TW/__pycache__/__init__.cpython-37.pyc", "size": null}, {"hash": {"mode": "sha256", "value": "TeX3-VVPOguio74j7otPJV0dq47CK46TSwcCfzVOzH8"}, "path": "faker/providers/lorem/__init__.py", "size": 4530}, {"hash": null, "path": "faker/providers/lorem/__pycache__/__init__.cpython-37.pyc", "size": null}, {"hash": {"mode": "sha256", "value": "OKnA54cW7tshilMIkkDLsPwydxBTGa1V9-LKd2tUEbk"}, "path": "faker/providers/lorem/el_GR/__init__.py", "size": 7483}, {"hash": null, "path": "faker/providers/lorem/el_GR/__pycache__/__init__.cpython-37.pyc", "size": null}, {"hash": {"mode": "sha256", "value": "ruzWU5AJ2pT4O9P_zyG_Hv4DwnHBmolG4IPZiGuf1eo"}, "path": "faker/providers/lorem/la/__init__.py", "size": 2274}, {"hash": null, "path": "faker/providers/lorem/la/__pycache__/__init__.cpython-37.pyc", "size": null}, {"hash": {"mode": "sha256", "value": "8SvUpwmmFR6k_R416dEGaPHsRK8hECiXkpNOPao7mC4"}, "path": "faker/providers/lorem/ru_RU/__init__.py", "size": 4473}, {"hash": null, "path": "faker/providers/lorem/ru_RU/__pycache__/__init__.cpython-37.pyc", "size": null}, {"hash": {"mode": "sha256", "value": "k9NSmdWKiki8gfn3G85JhM-osngUsDY7wqX6A2Hcz_Q"}, "path": "faker/providers/misc/__init__.py", "size": 4026}, {"hash": null, "path": "faker/providers/misc/__pycache__/__init__.cpython-37.pyc", "size": null}, {"hash": {"mode": "sha256", "value": "ZE5bQjYE6QH86j2R4Hj_Hd_FmchvGPTKnn9vlUYnd_I"}, "path": "faker/providers/misc/en_US/__init__.py", "size": 81}, {"hash": null, "path": "faker/providers/misc/en_US/__pycache__/__init__.cpython-37.pyc", "size": null}, {"hash": {"mode": "sha256", "value": "Z2M5PaYZvI_L6yH_hCQoPS-gde6hQyWUpBASVWGSGMo"}, "path": "faker/providers/person/__init__.py", "size": 3203}, {"hash": null, "path": "faker/providers/person/__pycache__/__init__.cpython-37.pyc", "size": null}, {"hash": {"mode": "sha256", "value": "1kv738cE5pXzAkdXk8pRAQiDoGPkyzMXaHK3PlbfHEk"}, "path": "faker/providers/person/bg_BG/__init__.py", "size": 30839}, {"hash": null, "path": "faker/providers/person/bg_BG/__pycache__/__init__.cpython-37.pyc", "size": null}, {"hash": {"mode": "sha256", "value": "nh3cWL8DpOBybzNHvWwxAtdS1YRKemtVz2KEFYMw0hI"}, "path": "faker/providers/person/cs_CZ/__init__.py", "size": 5141}, {"hash": null, "path": "faker/providers/person/cs_CZ/__pycache__/__init__.cpython-37.pyc", "size": null}, {"hash": {"mode": "sha256", "value": "JJ8UwHgqOrKbbYfitQsEAoQs6_Lea-m4BgX-cpl_UoQ"}, "path": "faker/providers/person/de_AT/__init__.py", "size": 2417}, {"hash": null, "path": "faker/providers/person/de_AT/__pycache__/__init__.cpython-37.pyc", "size": null}, {"hash": {"mode": "sha256", "value": "X2Un8uLu7vdFoHeE95dZzEGvKgEk9c55E5DRNTurqnE"}, "path": "faker/providers/person/de_DE/__init__.py", "size": 30289}, {"hash": null, "path": "faker/providers/person/de_DE/__pycache__/__init__.cpython-37.pyc", "size": null}, {"hash": {"mode": "sha256", "value": "T4JOBNiLFr5GqSbAOqzXVxtpLwaN4kSRALmhkazfvdk"}, "path": "faker/providers/person/dk_DK/__init__.py", "size": 7622}, {"hash": null, "path": "faker/providers/person/dk_DK/__pycache__/__init__.cpython-37.pyc", "size": null}, {"hash": {"mode": "sha256", "value": "BUZ-tbSTAvlKG5n12EnlfoTdx94loVKx-RKZvGs6AvA"}, "path": "faker/providers/person/el_GR/__init__.py", "size": 51364}, {"hash": null, "path": "faker/providers/person/el_GR/__pycache__/__init__.cpython-37.pyc", "size": null}, {"hash": {"mode": "sha256", "value": "31LH-_kcjrq-vrYXaX466eJNztW8GYTm19H267XgLoM"}, "path": "faker/providers/person/en/__init__.py", "size": 86750}, {"hash": null, "path": "faker/providers/person/en/__pycache__/__init__.cpython-37.pyc", "size": null}, {"hash": {"mode": "sha256", "value": "FSgXgU0DwoGs3hNNfpWyX2pAS8xbws_IkIbsx6laQ6Y"}, "path": "faker/providers/person/en_GB/__init__.py", "size": 18349}, {"hash": null, "path": "faker/providers/person/en_GB/__pycache__/__init__.cpython-37.pyc", "size": null}, {"hash": {"mode": "sha256", "value": "mEeVs0fzsd8H5k-DM1yD3azz2kQGXobDCoUQwmlA7RI"}, "path": "faker/providers/person/en_US/__init__.py", "size": 58231}, {"hash": null, "path": "faker/providers/person/en_US/__pycache__/__init__.cpython-37.pyc", "size": null}, {"hash": {"mode": "sha256", "value": "9bgQIZLbeeVF1FHaRtf168OmTXa4vmOhtj6efu1G87Y"}, "path": "faker/providers/person/es_ES/__init__.py", "size": 16564}, {"hash": null, "path": "faker/providers/person/es_ES/__pycache__/__init__.cpython-37.pyc", "size": null}, {"hash": {"mode": "sha256", "value": "7s9HmkaUSWf4Tom_gpsUMvVg_6IUqJYZVhZpdAL54g4"}, "path": "faker/providers/person/es_MX/__init__.py", "size": 11307}, {"hash": null, "path": "faker/providers/person/es_MX/__pycache__/__init__.cpython-37.pyc", "size": null}, {"hash": {"mode": "sha256", "value": "GHguBi-1w4Olp5cfRPuXpZ3STbBwnGvErFodP7Sj9_0"}, "path": "faker/providers/person/fa_IR/__init__.py", "size": 4915}, {"hash": null, "path": "faker/providers/person/fa_IR/__pycache__/__init__.cpython-37.pyc", "size": null}, {"hash": {"mode": "sha256", "value": "3GcuGbW69NY8Zre0jg0CHww_ZXWwAXnrOs0K_3r2pmE"}, "path": "faker/providers/person/fi_FI/__init__.py", "size": 14403}, {"hash": null, "path": "faker/providers/person/fi_FI/__pycache__/__init__.cpython-37.pyc", "size": null}, {"hash": {"mode": "sha256", "value": "AWMVtPxJTXqpTKPskNMewXCDBkZP1y8V9Trw9IgonNM"}, "path": "faker/providers/person/fr_CH/__init__.py", "size": 4972}, {"hash": null, "path": "faker/providers/person/fr_CH/__pycache__/__init__.cpython-37.pyc", "size": null}, {"hash": {"mode": "sha256", "value": "pQMejcmRPYkjYcqtMkqzdY20weCroP-4JiROYoLsO94"}, "path": "faker/providers/person/fr_FR/__init__.py", "size": 8581}, {"hash": null, "path": "faker/providers/person/fr_FR/__pycache__/__init__.cpython-37.pyc", "size": null}, {"hash": {"mode": "sha256", "value": "pBDDPdjdmyHRDXS5Gi6N_B54R5dQUbv0Qm5--HD5-d8"}, "path": "faker/providers/person/hi_IN/__init__.py", "size": 3626}, {"hash": null, "path": "faker/providers/person/hi_IN/__pycache__/__init__.cpython-37.pyc", "size": null}, {"hash": {"mode": "sha256", "value": "V4U5URIZzxzSoV1bKHoObpyLPqVlUDUMOlBiAbEbzWM"}, "path": "faker/providers/person/hr_HR/__init__.py", "size": 13009}, {"hash": null, "path": "faker/providers/person/hr_HR/__pycache__/__init__.cpython-37.pyc", "size": null}, {"hash": {"mode": "sha256", "value": "iSQrLF_-MggtmF4fieYGQw-XkYjBFrZRkiM4q1pfYkQ"}, "path": "faker/providers/person/it_IT/__init__.py", "size": 6119}, {"hash": null, "path": "faker/providers/person/it_IT/__pycache__/__init__.cpython-37.pyc", "size": null}, {"hash": {"mode": "sha256", "value": "xivp1JDKu6rrel4BT1E4wtWGq5xZbZaFAS-bj6QfusY"}, "path": "faker/providers/person/ja_JP/__init__.py", "size": 6626}, {"hash": null, "path": "faker/providers/person/ja_JP/__pycache__/__init__.cpython-37.pyc", "size": null}, {"hash": {"mode": "sha256", "value": "tPpqhJeLGDp1jvagpuqmq7xIf-qLc0hX7H6onZ-O67s"}, "path": "faker/providers/person/ko_KR/__init__.py", "size": 2321}, {"hash": null, "path": "faker/providers/person/ko_KR/__pycache__/__init__.cpython-37.pyc", "size": null}, {"hash": {"mode": "sha256", "value": "0JOghTjOzirAfbmFe3IHr1-58_BVDRDoukjRTXnlJU8"}, "path": "faker/providers/person/lt_LT/__init__.py", "size": 3334}, {"hash": null, "path": "faker/providers/person/lt_LT/__pycache__/__init__.cpython-37.pyc", "size": null}, {"hash": {"mode": "sha256", "value": "T6erN95nqT9x1e2yKBTAf7ynHrYiE-rCE3MmncodJYM"}, "path": "faker/providers/person/lv_LV/__init__.py", "size": 4359}, {"hash": null, "path": "faker/providers/person/lv_LV/__pycache__/__init__.cpython-37.pyc", "size": null}, {"hash": {"mode": "sha256", "value": "xFV0GGlMK4I8PCe4f4_8GJg00Y3BiuM5vJaw5gNH0QQ"}, "path": "faker/providers/person/ne_NP/__init__.py", "size": 33739}, {"hash": null, "path": "faker/providers/person/ne_NP/__pycache__/__init__.cpython-37.pyc", "size": null}, {"hash": {"mode": "sha256", "value": "EVcNg41uFvuDwtykWUaO9flkCVXcQyX8oPsRS_dzhQk"}, "path": "faker/providers/person/nl_NL/__init__.py", "size": 22069}, {"hash": null, "path": "faker/providers/person/nl_NL/__pycache__/__init__.cpython-37.pyc", "size": null}, {"hash": {"mode": "sha256", "value": "AGvnpSFOPUYR48IZ9nGCq_l_zaDwQJJ9Lr_TVcFXIuw"}, "path": "faker/providers/person/no_NO/__init__.py", "size": 7122}, {"hash": null, "path": "faker/providers/person/no_NO/__pycache__/__init__.cpython-37.pyc", "size": null}, {"hash": {"mode": "sha256", "value": "rrzuRDgyor-b5-pS5tBHdGrryoC79fTxsetkEg9oLNI"}, "path": "faker/providers/person/pl_PL/__init__.py", "size": 49115}, {"hash": null, "path": "faker/providers/person/pl_PL/__pycache__/__init__.cpython-37.pyc", "size": null}, {"hash": {"mode": "sha256", "value": "qRWmm7KnaNcq70oVOJGAYsDne9CxxG8RB85zrr8pH18"}, "path": "faker/providers/person/pt_BR/__init__.py", "size": 5457}, {"hash": null, "path": "faker/providers/person/pt_BR/__pycache__/__init__.cpython-37.pyc", "size": null}, {"hash": {"mode": "sha256", "value": "7Met7lWvVtJSc1rOfCpQM8tjTXtxguYk1FOjnZzLhIY"}, "path": "faker/providers/person/pt_PT/__init__.py", "size": 4154}, {"hash": null, "path": "faker/providers/person/pt_PT/__pycache__/__init__.cpython-37.pyc", "size": null}, {"hash": {"mode": "sha256", "value": "L9zX52H1ByQhqt41CGGt7iabQAokjMz-rZyDTyA2tJA"}, "path": "faker/providers/person/ru_RU/__init__.py", "size": 19087}, {"hash": null, "path": "faker/providers/person/ru_RU/__pycache__/__init__.cpython-37.pyc", "size": null}, {"hash": {"mode": "sha256", "value": "4aciseU5Kv9vTmlcjnmEKle8jjwcfJ6nFxPWYpCfOdM"}, "path": "faker/providers/person/sl_SI/__init__.py", "size": 6169}, {"hash": null, "path": "faker/providers/person/sl_SI/__pycache__/__init__.cpython-37.pyc", "size": null}, {"hash": {"mode": "sha256", "value": "i2XTvp2_-etlDS8mtWjHKm2bIGVp29sf1jstJVxRx9U"}, "path": "faker/providers/person/sv_SE/__init__.py", "size": 11114}, {"hash": null, "path": "faker/providers/person/sv_SE/__pycache__/__init__.cpython-37.pyc", "size": null}, {"hash": {"mode": "sha256", "value": "JzYTBEYmuRHUgzj8KtzLLIegONnE2c5tj96Me4T2p78"}, "path": "faker/providers/person/tr_TR/__init__.py", "size": 20243}, {"hash": null, "path": "faker/providers/person/tr_TR/__pycache__/__init__.cpython-37.pyc", "size": null}, {"hash": {"mode": "sha256", "value": "nulWXhNie-Uj0vtnZZOs3ub935Pzfz2e2v7ppqPLgjQ"}, "path": "faker/providers/person/uk_UA/__init__.py", "size": 14885}, {"hash": null, "path": "faker/providers/person/uk_UA/__pycache__/__init__.cpython-37.pyc", "size": null}, {"hash": {"mode": "sha256", "value": "HN_R_VNrWO_dnBQKW202Lu0phaT4jQPeca3pUw85Enc"}, "path": "faker/providers/person/zh_CN/__init__.py", "size": 7411}, {"hash": null, "path": "faker/providers/person/zh_CN/__pycache__/__init__.cpython-37.pyc", "size": null}, {"hash": {"mode": "sha256", "value": "4yElAb9PUQ0fszlsOPNg5T0v5T_UA18AI6gEB7vWeIs"}, "path": "faker/providers/person/zh_TW/__init__.py", "size": 5132}, {"hash": null, "path": "faker/providers/person/zh_TW/__pycache__/__init__.cpython-37.pyc", "size": null}, {"hash": {"mode": "sha256", "value": "mpfuSvuU95t6g1xRupcZlOpwMneu3xgI3MukGie38WM"}, "path": "faker/providers/phone_number/__init__.py", "size": 215}, {"hash": null, "path": "faker/providers/phone_number/__pycache__/__init__.cpython-37.pyc", "size": null}, {"hash": {"mode": "sha256", "value": "DAQ9Z_hzo1TakjFYD6pur9R99iVkonAFM4hp07igUhw"}, "path": "faker/providers/phone_number/bg_BG/__init__.py", "size": 453}, {"hash": null, "path": "faker/providers/phone_number/bg_BG/__pycache__/__init__.cpython-37.pyc", "size": null}, {"hash": {"mode": "sha256", "value": "FOJVvEgxnvhoOYu06GMIeCw_OeiZcx2hc6DUmea8Txo"}, "path": "faker/providers/phone_number/bs_BA/__init__.py", "size": 918}, {"hash": null, "path": "faker/providers/phone_number/bs_BA/__pycache__/__init__.cpython-37.pyc", "size": null}, {"hash": {"mode": "sha256", "value": "hHeMor0rRMqCIwtfto1Y3CX3vDhC0DCvuPU2eEKmM7A"}, "path": "faker/providers/phone_number/cs_CZ/__init__.py", "size": 953}, {"hash": null, "path": "faker/providers/phone_number/cs_CZ/__pycache__/__init__.cpython-37.pyc", "size": null}, {"hash": {"mode": "sha256", "value": "9BXXTXdPVP9xZwEYTovF-Qd5WKKg8lIQ-Ud9MrJtOnI"}, "path": "faker/providers/phone_number/de_DE/__init__.py", "size": 451}, {"hash": null, "path": "faker/providers/phone_number/de_DE/__pycache__/__init__.cpython-37.pyc", "size": null}, {"hash": {"mode": "sha256", "value": "21dn76wjJIwFBnjFiJPpN_RapldZ28q32JxohUQufCo"}, "path": "faker/providers/phone_number/dk_DK/__init__.py", "size": 450}, {"hash": null, "path": "faker/providers/phone_number/dk_DK/__pycache__/__init__.cpython-37.pyc", "size": null}, {"hash": {"mode": "sha256", "value": "znQhhOq1gx7uEooVojTc4b8E2Lhnza-Xc9jMQZlTRFw"}, "path": "faker/providers/phone_number/el_GR/__init__.py", "size": 567}, {"hash": null, "path": "faker/providers/phone_number/el_GR/__pycache__/__init__.cpython-37.pyc", "size": null}, {"hash": {"mode": "sha256", "value": "Vuum4_iPaQfm0_hoMm6aSi8aAYDMDM_csQwrqcOigxU"}, "path": "faker/providers/phone_number/en_AU/__init__.py", "size": 1394}, {"hash": null, "path": "faker/providers/phone_number/en_AU/__pycache__/__init__.cpython-37.pyc", "size": null}, {"hash": {"mode": "sha256", "value": "ZYUr1Pr1ufZyPv1rK4YhS2Qpo5Wcbc18hshVtK6bmaY"}, "path": "faker/providers/phone_number/en_CA/__init__.py", "size": 388}, {"hash": null, "path": "faker/providers/phone_number/en_CA/__pycache__/__init__.cpython-37.pyc", "size": null}, {"hash": {"mode": "sha256", "value": "riLsCVHUJ-r6RBbOkBlrZxKwXHZ_RpFRnpTBArHn5QI"}, "path": "faker/providers/phone_number/en_GB/__init__.py", "size": 403}, {"hash": null, "path": "faker/providers/phone_number/en_GB/__pycache__/__init__.cpython-37.pyc", "size": null}, {"hash": {"mode": "sha256", "value": "ZXzsUN4Q1CMQLvpd-978vSWJ42HNV2Vt6gFuLr1kRIw"}, "path": "faker/providers/phone_number/en_US/__init__.py", "size": 804}, {"hash": null, "path": "faker/providers/phone_number/en_US/__pycache__/__init__.cpython-37.pyc", "size": null}, {"hash": {"mode": "sha256", "value": "w1imLT3-SAD-_6Ufpk4wxHM11Ft2j7YBTKeNhC6frMU"}, "path": "faker/providers/phone_number/es_ES/__init__.py", "size": 304}, {"hash": null, "path": "faker/providers/phone_number/es_ES/__pycache__/__init__.cpython-37.pyc", "size": null}, {"hash": {"mode": "sha256", "value": "ZXzsUN4Q1CMQLvpd-978vSWJ42HNV2Vt6gFuLr1kRIw"}, "path": "faker/providers/phone_number/es_MX/__init__.py", "size": 804}, {"hash": null, "path": "faker/providers/phone_number/es_MX/__pycache__/__init__.cpython-37.pyc", "size": null}, {"hash": {"mode": "sha256", "value": "YnXQZMmCNAbacff0SNwOzOaKEOYXSuwf_YQPAz4kroE"}, "path": "faker/providers/phone_number/fa_IR/__init__.py", "size": 610}, {"hash": null, "path": "faker/providers/phone_number/fa_IR/__pycache__/__init__.cpython-37.pyc", "size": null}, {"hash": {"mode": "sha256", "value": "OeOes_aRFnLxX7UgtBJPJQQhnurxJ0nw7apiYTtBQy4"}, "path": "faker/providers/phone_number/fi_FI/__init__.py", "size": 299}, {"hash": null, "path": "faker/providers/phone_number/fi_FI/__pycache__/__init__.cpython-37.pyc", "size": null}, {"hash": {"mode": "sha256", "value": "X54vOP6excQLdpUcXPP8KgDd_WFaPTXBWXu-nNNPbaU"}, "path": "faker/providers/phone_number/fr_CH/__init__.py", "size": 1025}, {"hash": null, "path": "faker/providers/phone_number/fr_CH/__pycache__/__init__.cpython-37.pyc", "size": null}, {"hash": {"mode": "sha256", "value": "jiP75LGHShJVGSxmMmnY5Er1ii6alUVfCmqAN5-cKOM"}, "path": "faker/providers/phone_number/fr_FR/__init__.py", "size": 1019}, {"hash": null, "path": "faker/providers/phone_number/fr_FR/__pycache__/__init__.cpython-37.pyc", "size": null}, {"hash": {"mode": "sha256", "value": "cpRdSsxRGH_CnLYK3wMEe1BjlKVAiTfczfsRy4poRRg"}, "path": "faker/providers/phone_number/hi_IN/__init__.py", "size": 272}, {"hash": null, "path": "faker/providers/phone_number/hi_IN/__pycache__/__init__.cpython-37.pyc", "size": null}, {"hash": {"mode": "sha256", "value": "PFoKwLcI0g3HqS6pveIogWyllRSTSSxdpXmFmX0LUVo"}, "path": "faker/providers/phone_number/hr_HR/__init__.py", "size": 843}, {"hash": null, "path": "faker/providers/phone_number/hr_HR/__pycache__/__init__.cpython-37.pyc", "size": null}, {"hash": {"mode": "sha256", "value": "ZMSUxUseljmy62lgGU27kHk7z8BESK7rsaip_2_UUTc"}, "path": "faker/providers/phone_number/it_IT/__init__.py", "size": 341}, {"hash": null, "path": "faker/providers/phone_number/it_IT/__pycache__/__init__.cpython-37.pyc", "size": null}, {"hash": {"mode": "sha256", "value": "2StG6QtUb50zqqUX1AX5mKNtDoYtFe9PioRvH0l-fH4"}, "path": "faker/providers/phone_number/ja_JP/__init__.py", "size": 271}, {"hash": null, "path": "faker/providers/phone_number/ja_JP/__pycache__/__init__.cpython-37.pyc", "size": null}, {"hash": {"mode": "sha256", "value": "9dPTiXuTrMGZYeItcqUVCxcYV-L2I42jiz-J31PXSHw"}, "path": "faker/providers/phone_number/ko_KR/__init__.py", "size": 739}, {"hash": null, "path": "faker/providers/phone_number/ko_KR/__pycache__/__init__.cpython-37.pyc", "size": null}, {"hash": {"mode": "sha256", "value": "CPRoMe1pbWHKczxAp9oDVln1y_XujGpNrtD4D-5dXUA"}, "path": "faker/providers/phone_number/lt_LT/__init__.py", "size": 223}, {"hash": null, "path": "faker/providers/phone_number/lt_LT/__pycache__/__init__.cpython-37.pyc", "size": null}, {"hash": {"mode": "sha256", "value": "7mdRAVXF-tAgU2pStRmw4XAw85M6tS4kmkmc3jCnSRA"}, "path": "faker/providers/phone_number/lv_LV/__init__.py", "size": 223}, {"hash": null, "path": "faker/providers/phone_number/lv_LV/__pycache__/__init__.cpython-37.pyc", "size": null}, {"hash": {"mode": "sha256", "value": "n5Fu6CyD5MAy9C9RGg6_0Z6jlwflHnk7z3VSGrSDTy8"}, "path": "faker/providers/phone_number/ne_NP/__init__.py", "size": 269}, {"hash": null, "path": "faker/providers/phone_number/ne_NP/__pycache__/__init__.cpython-37.pyc", "size": null}, {"hash": {"mode": "sha256", "value": "hWSZ3ZRk7u-okKuKA6xxDo_FQLU-_KB4fXomeWRJchI"}, "path": "faker/providers/phone_number/nl_NL/__init__.py", "size": 568}, {"hash": null, "path": "faker/providers/phone_number/nl_NL/__pycache__/__init__.cpython-37.pyc", "size": null}, {"hash": {"mode": "sha256", "value": "i4Se2VXXf3jcD9Fk5xzK3kldj4JfweWDO2C0uh3Aauo"}, "path": "faker/providers/phone_number/no_NO/__init__.py", "size": 369}, {"hash": null, "path": "faker/providers/phone_number/no_NO/__pycache__/__init__.cpython-37.pyc", "size": null}, {"hash": {"mode": "sha256", "value": "7tEKRcPE0m720_jXL2LTpsSsfl0bKe1Hx5mZ0TKs0cI"}, "path": "faker/providers/phone_number/pl_PL/__init__.py", "size": 937}, {"hash": null, "path": "faker/providers/phone_number/pl_PL/__pycache__/__init__.cpython-37.pyc", "size": null}, {"hash": {"mode": "sha256", "value": "h1lEX2pEATx11MMTB9fDb8DCPdkOTwrhE6eA4TvGf2Q"}, "path": "faker/providers/phone_number/pt_BR/__init__.py", "size": 1945}, {"hash": null, "path": "faker/providers/phone_number/pt_BR/__pycache__/__init__.cpython-37.pyc", "size": null}, {"hash": {"mode": "sha256", "value": "p7gsR2rsUVCRFQRBZgN_eNI7hUw0mBLdEvUTRfuR5fY"}, "path": "faker/providers/phone_number/pt_PT/__init__.py", "size": 1053}, {"hash": null, "path": "faker/providers/phone_number/pt_PT/__pycache__/__init__.cpython-37.pyc", "size": null}, {"hash": {"mode": "sha256", "value": "qeBCG61HQfAnq2R0SEoEW0WriQvu90CfVFA0TqDU8v8"}, "path": "faker/providers/phone_number/ru_RU/__init__.py", "size": 261}, {"hash": null, "path": "faker/providers/phone_number/ru_RU/__pycache__/__init__.cpython-37.pyc", "size": null}, {"hash": {"mode": "sha256", "value": "WyODzRrYUFITOmm8YTC2vUpCFVhWBHkwnrCZXKvI_hA"}, "path": "faker/providers/phone_number/sk_SK/__init__.py", "size": 426}, {"hash": null, "path": "faker/providers/phone_number/sk_SK/__pycache__/__init__.cpython-37.pyc", "size": null}, {"hash": {"mode": "sha256", "value": "WI70ct6rNdYYdqPDkFrh3XKQIv96EanZSG1aUpMcWtU"}, "path": "faker/providers/phone_number/sl_SI/__init__.py", "size": 401}, {"hash": null, "path": "faker/providers/phone_number/sl_SI/__pycache__/__init__.cpython-37.pyc", "size": null}, {"hash": {"mode": "sha256", "value": "X20t-n9G2teOD3VWh-ISv_NYN8Bt9aIouF2mdg6k35U"}, "path": "faker/providers/phone_number/sv_SE/__init__.py", "size": 423}, {"hash": null, "path": "faker/providers/phone_number/sv_SE/__pycache__/__init__.cpython-37.pyc", "size": null}, {"hash": {"mode": "sha256", "value": "F4kSG7Zr9fBQ5tE1C9Pq0BlHreO60w8hOEfCsdAWzZE"}, "path": "faker/providers/phone_number/tr_TR/__init__.py", "size": 387}, {"hash": null, "path": "faker/providers/phone_number/tr_TR/__pycache__/__init__.cpython-37.pyc", "size": null}, {"hash": {"mode": "sha256", "value": "2dC9JydqURXvw8hjwkPf7nO9hCQ6JnWOvTCKL40BcP8"}, "path": "faker/providers/phone_number/uk_UA/__init__.py", "size": 373}, {"hash": null, "path": "faker/providers/phone_number/uk_UA/__pycache__/__init__.cpython-37.pyc", "size": null}, {"hash": {"mode": "sha256", "value": "x1AZXompZ0W6WRBb1TQgdodDJCdU3Q200a8Tkz9XzKw"}, "path": "faker/providers/phone_number/zh_CN/__init__.py", "size": 589}, {"hash": null, "path": "faker/providers/phone_number/zh_CN/__pycache__/__init__.cpython-37.pyc", "size": null}, {"hash": {"mode": "sha256", "value": "j3at6y_owhURPBLPUNeiC9t-UEOD3gs0jPBZ9glrAaE"}, "path": "faker/providers/phone_number/zh_TW/__init__.py", "size": 438}, {"hash": null, "path": "faker/providers/phone_number/zh_TW/__pycache__/__init__.cpython-37.pyc", "size": null}, {"hash": {"mode": "sha256", "value": "YL0_2ABtj7oe07FsxyonT4AcT71-Ad_gbwrk4T1VEXs"}, "path": "faker/providers/profile/__init__.py", "size": 1830}, {"hash": null, "path": "faker/providers/profile/__pycache__/__init__.cpython-37.pyc", "size": null}, {"hash": {"mode": "sha256", "value": "YJPzyqSOsrDsGiT6lDSr2PaQik3d3-1Ykp49ewu7Zb4"}, "path": "faker/providers/profile/en_US/__init__.py", "size": 87}, {"hash": null, "path": "faker/providers/profile/en_US/__pycache__/__init__.cpython-37.pyc", "size": null}, {"hash": {"mode": "sha256", "value": "mLdjCxyiGjEHSLPgra1fXHpcG0PlvjQti12W6p0CmiI"}, "path": "faker/providers/python/__init__.py", "size": 5274}, {"hash": null, "path": "faker/providers/python/__pycache__/__init__.cpython-37.pyc", "size": null}, {"hash": {"mode": "sha256", "value": "lyer68-Cv7hcwAoKFf86KWzPAbyE3QGLajRzRXsbHnk"}, "path": "faker/providers/python/en_US/__init__.py", "size": 85}, {"hash": null, "path": "faker/providers/python/en_US/__pycache__/__init__.cpython-37.pyc", "size": null}, {"hash": {"mode": "sha256", "value": "f7gxZf2dPg2x13xqwNowTiEGMbr-VFFPtPeSEpm6kHE"}, "path": "faker/providers/ssn/__init__.py", "size": 268}, {"hash": null, "path": "faker/providers/ssn/__pycache__/__init__.cpython-37.pyc", "size": null}, {"hash": {"mode": "sha256", "value": "X6FliqH4o_Rsnw4iX5k9g68EQsupqBh6Wf-yQvLu8H8"}, "path": "faker/providers/ssn/en_CA/__init__.py", "size": 1427}, {"hash": null, "path": "faker/providers/ssn/en_CA/__pycache__/__init__.cpython-37.pyc", "size": null}, {"hash": {"mode": "sha256", "value": "hqRPbDjizMd72TziWA_FbW3tJM8NcQQb5Ba7ShkrK0Q"}, "path": "faker/providers/ssn/en_US/__init__.py", "size": 663}, {"hash": null, "path": "faker/providers/ssn/en_US/__pycache__/__init__.cpython-37.pyc", "size": null}, {"hash": {"mode": "sha256", "value": "k9isbTQqsG73Z0rgv3qHtge3B3up8pEapvlm29lii7s"}, "path": "faker/providers/ssn/fi_FI/__init__.py", "size": 1817}, {"hash": null, "path": "faker/providers/ssn/fi_FI/__pycache__/__init__.cpython-37.pyc", "size": null}, {"hash": {"mode": "sha256", "value": "f69RNeRWQCNlkm21HnKzawX9gMKdiv86l6MxJcgJ3EQ"}, "path": "faker/providers/ssn/fr_CH/__init__.py", "size": 1160}, {"hash": null, "path": "faker/providers/ssn/fr_CH/__pycache__/__init__.cpython-37.pyc", "size": null}, {"hash": {"mode": "sha256", "value": "9v-G2WI0ec-yCkQ9gQf-b7Xy1-A7YEZNeWWbQ_W4UtM"}, "path": "faker/providers/ssn/hr_HR/__init__.py", "size": 1231}, {"hash": null, "path": "faker/providers/ssn/hr_HR/__pycache__/__init__.cpython-37.pyc", "size": null}, {"hash": {"mode": "sha256", "value": "v8oeS0asXUS-kdOh3c3kmMQCM7XpvAv_dc0Wr-DyHSY"}, "path": "faker/providers/ssn/it_IT/__init__.py", "size": 1171}, {"hash": null, "path": "faker/providers/ssn/it_IT/__pycache__/__init__.cpython-37.pyc", "size": null}, {"hash": {"mode": "sha256", "value": "evRqGTdbL-Qie7PppOXg5ongOaK1ndjz9kteg_Rv_o8"}, "path": "faker/providers/ssn/ko_KR/__init__.py", "size": 371}, {"hash": null, "path": "faker/providers/ssn/ko_KR/__pycache__/__init__.cpython-37.pyc", "size": null}, {"hash": {"mode": "sha256", "value": "WXyg-nCoSGHFLPrCxHLqrSefQCZlbn24Mgqhbjg-nSU"}, "path": "faker/providers/ssn/nl_NL/__init__.py", "size": 1438}, {"hash": null, "path": "faker/providers/ssn/nl_NL/__pycache__/__init__.cpython-37.pyc", "size": null}, {"hash": {"mode": "sha256", "value": "_O8i3JMhZpkULgDJdHYflPM1ELgqctoFqmvSVPy4Raw"}, "path": "faker/providers/ssn/pt_BR/__init__.py", "size": 1041}, {"hash": null, "path": "faker/providers/ssn/pt_BR/__pycache__/__init__.cpython-37.pyc", "size": null}, {"hash": {"mode": "sha256", "value": "5B5auIimOw51OoxWn_5LsOBQYL-fTee3t_eN91DsO3Q"}, "path": "faker/providers/ssn/sv_SE/__init__.py", "size": 1578}, {"hash": null, "path": "faker/providers/ssn/sv_SE/__pycache__/__init__.cpython-37.pyc", "size": null}, {"hash": {"mode": "sha256", "value": "JAt7N5Kerdc9LIdEGWdx0SQMdGw_9fBXuD_R8jz4pZA"}, "path": "faker/providers/ssn/uk_UA/__init__.py", "size": 520}, {"hash": null, "path": "faker/providers/ssn/uk_UA/__pycache__/__init__.cpython-37.pyc", "size": null}, {"hash": {"mode": "sha256", "value": "F9O8BsT1fdmRGryjKtQ-0IeXeqayOukki05d0N13yl8"}, "path": "faker/providers/ssn/zh_CN/__init__.py", "size": 42201}, {"hash": null, "path": "faker/providers/ssn/zh_CN/__pycache__/__init__.cpython-37.pyc", "size": null}, {"hash": {"mode": "sha256", "value": "NnK14RduF2uA-ssPKPPpBo27bVBJAdoKWu68bN2at8M"}, "path": "faker/providers/ssn/zh_TW/__init__.py", "size": 267}, {"hash": null, "path": "faker/providers/ssn/zh_TW/__pycache__/__init__.cpython-37.pyc", "size": null}, {"hash": {"mode": "sha256", "value": "2TWrKJe-GDZLozMvubkaCsleo3MSjobR5kANqlO0u54"}, "path": "faker/providers/user_agent/__init__.py", "size": 6783}, {"hash": null, "path": "faker/providers/user_agent/__pycache__/__init__.cpython-37.pyc", "size": null}, {"hash": {"mode": "sha256", "value": "-YuaCsO4rg_jih7K1DlcTfUUfk2WWxCan53toKHSe6M"}, "path": "faker/providers/user_agent/en_US/__init__.py", "size": 91}, {"hash": null, "path": "faker/providers/user_agent/en_US/__pycache__/__init__.cpython-37.pyc", "size": null}, {"hash": {"mode": "sha256", "value": "aQvJ-HIQz5YnkVDIeWu84cQr8Ad2IqX-KS7TBPxxBDQ"}, "path": "faker/tests/__init__.py", "size": 23322}, {"hash": null, "path": "faker/tests/__pycache__/__init__.cpython-37.pyc", "size": null}, {"hash": {"mode": "sha256", "value": "uXYJJjJNaitO8h99l4tVN5MQP8J0Gw5qV6mmiQURmh0"}, "path": "faker/tests/en_GB/__init__.py", "size": 487}, {"hash": null, "path": "faker/tests/en_GB/__pycache__/__init__.cpython-37.pyc", "size": null}, {"hash": {"mode": "sha256", "value": "uWCqU24d2G-y6GznBwkYH-u7xby5yBhcIbokhGvOrbk"}, "path": "faker/tests/hr_HR/__init__.py", "size": 883}, {"hash": null, "path": "faker/tests/hr_HR/__pycache__/__init__.cpython-37.pyc", "size": null}, {"hash": {"mode": "sha256", "value": "SXJwMEH6ESexT1QRHPt5k6BEoB0FJoYFTbfrdZ5vE4M"}, "path": "faker/tests/ja_JP/__init__.py", "size": 5884}, {"hash": null, "path": "faker/tests/ja_JP/__pycache__/__init__.cpython-37.pyc", "size": null}, {"hash": {"mode": "sha256", "value": "rQ5ZwFgZXjZtZdnDD1UVzeiHIcSpXEiXYBbU84QuOlA"}, "path": "faker/tests/mymodule/__init__.py", "size": 17}, {"hash": null, "path": "faker/tests/mymodule/__pycache__/__init__.cpython-37.pyc", "size": null}, {"hash": {"mode": "sha256", "value": "QcpKWwbf4EbSskN1VeF3NCJmUtobLP9Qiik6RkLpvag"}, "path": "faker/tests/mymodule/en_US/__init__.py", "size": 153}, {"hash": null, "path": "faker/tests/mymodule/en_US/__pycache__/__init__.cpython-37.pyc", "size": null}, {"hash": {"mode": "sha256", "value": "kohb6y-1mifLHm1ewzE6T5Qh4B_8C3qjIheJjkgWPKc"}, "path": "faker/tests/ne_np/__init__.py", "size": 1387}, {"hash": null, "path": "faker/tests/ne_np/__pycache__/__init__.cpython-37.pyc", "size": null}, {"hash": {"mode": "sha256", "value": "z0oCoFk1FIP7GXdD92AlOoX6-EKWErp8T1-_XkiCAh0"}, "path": "faker/tests/pt_BR/__init__.py", "size": 746}, {"hash": null, "path": "faker/tests/pt_BR/__pycache__/__init__.cpython-37.pyc", "size": null}, {"hash": {"mode": "sha256", "value": "JCvB5QcW3NRWdo90Sv9QkHNOAomxCkAcu0tKdJzHeMA"}, "path": "faker/tests/zh_CN/__init__.py", "size": 390}, {"hash": null, "path": "faker/tests/zh_CN/__pycache__/__init__.cpython-37.pyc", "size": null}, {"hash": {"mode": "sha256", "value": "MA5BiS4oFfml22odj7JGrTq1F4LYc06677kxyMUwjYM"}, "path": "faker/utils/__init__.py", "size": 228}, {"hash": null, "path": "faker/utils/__pycache__/__init__.cpython-37.pyc", "size": null}, {"hash": null, "path": "faker/utils/__pycache__/datasets.cpython-37.pyc", "size": null}, {"hash": null, "path": "faker/utils/__pycache__/datetime_safe.cpython-37.pyc", "size": null}, {"hash": null, "path": "faker/utils/__pycache__/decorators.cpython-37.pyc", "size": null}, {"hash": null, "path": "faker/utils/__pycache__/distribution.cpython-37.pyc", "size": null}, {"hash": null, "path": "faker/utils/__pycache__/loading.cpython-37.pyc", "size": null}, {"hash": null, "path": "faker/utils/__pycache__/text.cpython-37.pyc", "size": null}, {"hash": {"mode": "sha256", "value": "PpGsjyClhdI_6_vnPG0zuoXXbUM43DDOXNyoVnLl59A"}, "path": "faker/utils/datasets.py", "size": 493}, {"hash": {"mode": "sha256", "value": "V4ZoOKJAHjIObqrhMknN6Hc7xtAxQPJtkEKv5eIqVh8"}, "path": "faker/utils/datetime_safe.py", "size": 2881}, {"hash": {"mode": "sha256", "value": "QgIlzH0zkiyMrnGgZOHbRuIUEfMSEFQV5joLFj39bW8"}, "path": "faker/utils/decorators.py", "size": 534}, {"hash": {"mode": "sha256", "value": "tHB7syGc_16G8iSlk5FGgdKWonY53BQfDq2tOE0UHzE"}, "path": "faker/utils/distribution.py", "size": 479}, {"hash": {"mode": "sha256", "value": "CjvQDZShhufI8wWlmp5nBi-EjspCEQdgtLQWNJHHaWc"}, "path": "faker/utils/loading.py", "size": 1013}, {"hash": {"mode": "sha256", "value": "rLwQPZuz1_QtxlA4Z1Ub_YhoYjGNTpX6CbtcXyGL1HM"}, "path": "faker/utils/text.py", "size": 3127}], "metadata": {"Author": "joke2k", "Author-email": "joke2k@gmail.com", "Classifier": ["Development Status :: 3 - Alpha", "Environment :: Console", "Intended Audience :: Developers", "Programming Language :: Python", "Programming Language :: Python :: 2", "Programming Language :: Python :: 2.7", "Programming Language :: Python :: 3", "Programming Language :: Python :: 3.4", "Programming Language :: Python :: 3.5", "Topic :: Software Development :: Libraries :: Python Modules", "Topic :: Software Development :: Testing", "Topic :: Utilities", "License :: OSI Approved :: MIT License"], "Home-page": "http://github.com/joke2k/faker", "Keywords": "faker fixtures data test mock generator", "License": "MIT License", "Metadata-Version": "2.0", "Name": "fake-factory", "Platform": ["any"], "Requires-Dist": ["python-dateutil (>=2.4)", "six", "ipaddress; python_version==\"2.7\"", "importlib; python_version==\"3.0\"", "ipaddress; python_version==\"3.2\""], "Summary": "Faker is a Python package that generates fake data for you.", "Version": "0.7.2"}, "requires": ["python-dateutil (>=2.4)", "six", "ipaddress; python_version==\"2.7\"", "importlib; python_version==\"3.0\"", "ipaddress; python_version==\"3.2\""], "version": "0.7.2"}, "index_url": "https://pypi.org/simple", "package_name": "fake-factory", "package_version": "0.7.2", "package_version_requested": "0.7.2", "sha256": ["62a9b211c1eea951f63c992de305c31977768f042210df443885444683528173", "2f1c3b9b5a76f414d9d98dd2a54cb9f50d10c11c5160c391eb8a36f0ea6c406f"]}], "unparsed": [], "unresolved": []}}