{"metadata": {"analyzer": "thoth-solver", "analyzer_version": "1.4.1", "arguments": {"python": {"exclude_packages": null, "index": "https://pypi.org/simple", "no_pretty": false, "no_transitive": true, "output": "http://result-api/api/v1/solver-result", "requirements": "konlpy==0.3.3", "virtualenv": "/home/solver/venv"}, "thoth-solver": {"verbose": false}}, "datetime": "2019-12-27T17:20:16.625653", "distribution": {"codename": "", "id": "fedora", "like": "", "version": "31", "version_parts": {"build_number": "", "major": "31", "minor": ""}}, "document_id": "solver-fedora-31-py37-01a1644e", "duration": 4, "hostname": "solver-fedora-31-py37-01a1644e-4llwj", "os_release": {"id": "fedora", "name": "Fedora", "platform_id": "platform:f31", "redhat_bugzilla_product": "Fedora", "redhat_bugzilla_product_version": "31", "redhat_support_product": "Fedora", "redhat_support_product_version": "31", "variant_id": "container", "version": "31 (Container Image)", "version_id": "31"}, "python": {"api_version": 1013, "implementation_name": "cpython", "major": 3, "micro": 5, "minor": 7, "releaselevel": "final", "serial": 0}, "thoth_deployment_name": "thoth-psi-stage", "timestamp": 1577467216}, "result": {"environment": {"implementation_name": "cpython", "implementation_version": "3.7.5", "os_name": "posix", "platform_machine": "x86_64", "platform_python_implementation": "CPython", "platform_release": "3.10.0-957.21.2.el7.x86_64", "platform_system": "Linux", "platform_version": "#1 SMP Tue May 28 09:26:43 UTC 2019", "python_full_version": "3.7.5", "python_version": "3.7", "sys_platform": "linux"}, "environment_packages": [{"package_name": "pipdeptree", "package_version": "0.13.2"}], "errors": [], "tree": [{"dependencies": [{"extra": [], "extras": [], "marker": null, "marker_evaluated": null, "marker_evaluation_error": null, "marker_evaluation_result": true, "normalized_package_name": "jpype1-py3", "package_name": "JPype1-py3", "resolved_versions": [{"index": "https://pypi.org/simple", "versions": ["0.5.5.1", "0.5.5.2", "0.5.5.4"]}], "specifier": ">=0.5.5.1"}], "importlib_metadata": {"entry_points": [], "files": [{"hash": {"mode": "sha256", "value": "zuuue4knoyJ-UwPPXg8fezS7VCrXJQrAP7zeNuwvFQg"}, "path": "konlpy-0.3.3.dist-info/INSTALLER", "size": 4}, {"hash": {"mode": "sha256", "value": "ovNpy8b9lWMShHDx0btCzJk91SefmyaFnPR-HwdY55c"}, "path": "konlpy-0.3.3.dist-info/METADATA", "size": 1782}, {"hash": null, "path": "konlpy-0.3.3.dist-info/RECORD", "size": null}, {"hash": {"mode": "sha256", "value": "wYBY2EO50FhAcckpWmO3c3Zwk2MALACx6lPAl6gVKnE"}, "path": "konlpy-0.3.3.dist-info/WHEEL", "size": 93}, {"hash": {"mode": "sha256", "value": "L_KYuQdZsyn2TtMo14XPAJkBj3JCRFtbXO3hfrYmTvw"}, "path": "konlpy-0.3.3.dist-info/top_level.txt", "size": 7}, {"hash": {"mode": "sha256", "value": "6iDVKTBwK9Xj5bKNTJKMNrHkJZWx5C_5SzXZjUsFjnk"}, "path": "konlpy/__init__.py", "size": 200}, {"hash": null, "path": "konlpy/__pycache__/__init__.cpython-37.pyc", "size": null}, {"hash": null, "path": "konlpy/__pycache__/corpus.cpython-37.pyc", "size": null}, {"hash": null, "path": "konlpy/__pycache__/jvm.cpython-37.pyc", "size": null}, {"hash": null, "path": "konlpy/__pycache__/utils.cpython-37.pyc", "size": null}, {"hash": {"mode": "sha256", "value": "uO_YbGmQexWLOxZyA_PQopJ4Mq0W0N0rIWKLYrB9UOM"}, "path": "konlpy/corpus.py", "size": 1937}, {"hash": {"mode": "sha256", "value": "Eynd_E_wMlN0NGVf7DcwjIVo-TARbDydQchaQtBkeWQ"}, "path": "konlpy/data/kobill/1809890.txt", "size": 8665}, {"hash": {"mode": "sha256", "value": "WB4pzwwjp6KZbIqCKUxGebzygPq9s_sTViyKYnX3iZc"}, "path": "konlpy/data/kobill/1809891.txt", "size": 8648}, {"hash": {"mode": "sha256", "value": "v24E4h0CkFZ9SgBPcCvncHSH3OVq0bDqFxmXSvzMLJo"}, "path": "konlpy/data/kobill/1809892.txt", "size": 9959}, {"hash": {"mode": "sha256", "value": "cc2P4U13PN4YwfehdGQ-po-lq783pInTBhsq6-bxCrQ"}, "path": "konlpy/data/kobill/1809893.txt", "size": 8732}, {"hash": {"mode": "sha256", "value": "aNil9G3YDVHox3r4HvMJjfq7qTelBGWmhQoqIE1yt4Y"}, "path": "konlpy/data/kobill/1809894.txt", "size": 2420}, {"hash": {"mode": "sha256", "value": "6MislNzDzdYfeXrkTrAJg3tf7mXTUPQzyzEgIbD8o9Q"}, "path": "konlpy/data/kobill/1809895.txt", "size": 3958}, {"hash": {"mode": "sha256", "value": "C_iJ4SosJ6oesI0ftiqMfOex9Vgj-l-0Oi-ZDvOeR1I"}, "path": "konlpy/data/kobill/1809896.txt", "size": 19284}, {"hash": {"mode": "sha256", "value": "r7mgg7jxzcFfHG6WPdXy80VS6KUcK5igwUjrGjuEDh8"}, "path": "konlpy/data/kobill/1809897.txt", "size": 7328}, {"hash": {"mode": "sha256", "value": "dmrYgf5QqVfb4ul5vUHg_bEmai9TLoXnN75w0eLskO4"}, "path": "konlpy/data/kobill/1809898.txt", "size": 7517}, {"hash": {"mode": "sha256", "value": "oMF-QWHMfkYTMAl4W9kGFIvm5kQSVk_jlnzC03emYek"}, "path": "konlpy/data/kobill/1809899.txt", "size": 17439}, {"hash": {"mode": "sha256", "value": "aTd6iMDld7N7E3P0SWFH6ZUgnVE5qZNjOoondrwOLKg"}, "path": "konlpy/data/kolaw/constitution.txt", "size": 45859}, {"hash": {"mode": "sha256", "value": "80Nsg3UfUlt3yQLsAsUOH8OBioISDdiaCxpkxgBCglA"}, "path": "konlpy/java/bin/kr/lucypark/jhannanum/comm/HannanumInterface.class", "size": 3322}, {"hash": {"mode": "sha256", "value": "KWSrmre-bNRE-gpLXxAh3274juqNEn0dFUAAkl4bvFA"}, "path": "konlpy/java/bin/kr/lucypark/jhannanum/hannanum/WorkflowFactory.class", "size": 3093}, {"hash": {"mode": "sha256", "value": "WPmOVMA7cVKdLj9C88LbcQe3JkuvxuY5ByFc_F5T990"}, "path": "konlpy/java/bin/kr/lucypark/kkma/KkmaInterface$1.class", "size": 540}, {"hash": {"mode": "sha256", "value": "XQE_ha95FJC5H0iYU7CcNpmdB7tsBKlNLkt2UyRMRiw"}, "path": "konlpy/java/bin/kr/lucypark/kkma/KkmaInterface$2.class", "size": 530}, {"hash": {"mode": "sha256", "value": "olkMTbp2Lc1gJuqli93EQHXNyJKkh-7G7IANOZCS4sU"}, "path": "konlpy/java/bin/kr/lucypark/kkma/KkmaInterface$3.class", "size": 556}, {"hash": {"mode": "sha256", "value": "d1-ZzAnQEFRAlXWamFM4cPyLeY2yqpo_wzvZiV5wMq0"}, "path": "konlpy/java/bin/kr/lucypark/kkma/KkmaInterface$4.class", "size": 546}, {"hash": {"mode": "sha256", "value": "pJf0ByHFy3mbMaUsSY0wD8qkhmAyvfdHlJ63MWM0G4s"}, "path": "konlpy/java/bin/kr/lucypark/kkma/KkmaInterface.class", "size": 2978}, {"hash": {"mode": "sha256", "value": "_ttxVBJQj_dGgS8bGyqFC246qFqdEgKLLjgRan0ECHE"}, "path": "konlpy/java/conf/plugin/MajorPlugin/MorphAnalyzer/ChartMorphAnalyzer.json", "size": 2203}, {"hash": {"mode": "sha256", "value": "SI1EmfZB-O1g650-YCHPOKjRYysv9xqMAIGdJBJ60sM"}, "path": "konlpy/java/conf/plugin/MajorPlugin/PosTagger/HmmPosTagger.json", "size": 1216}, {"hash": {"mode": "sha256", "value": "iZ29sxepJ7ShFkjUO7JQeyZO_6N_FGanSbcYR0v-Dx8"}, "path": "konlpy/java/conf/plugin/SupplementPlugin/MorphemeProcessor/SimpleMAResult09.json", "size": 677}, {"hash": {"mode": "sha256", "value": "xZq1miF7Yl38sEwhWYU2v55E0qMbHlHRwDw79RHE7yA"}, "path": "konlpy/java/conf/plugin/SupplementPlugin/MorphemeProcessor/SimpleMAResult22.json", "size": 943}, {"hash": {"mode": "sha256", "value": "t6yeSJ_gev5EsFPPSxzJEDI-YjgFLuTatVY-KDLzyLA"}, "path": "konlpy/java/conf/plugin/SupplementPlugin/MorphemeProcessor/UnknownMorphProcessor.json", "size": 457}, {"hash": {"mode": "sha256", "value": "Klr_8YqZ8Lzlz6Ze83k91fBC3An6HsBth0skUe-Phto"}, "path": "konlpy/java/conf/plugin/SupplementPlugin/PlainTextProcessor/InformalSentenceFilter.json", "size": 950}, {"hash": {"mode": "sha256", "value": "8lak0_nQWoiCsIf4VCAbZXSozsES7mXZjoTlQsFZPMQ"}, "path": "konlpy/java/conf/plugin/SupplementPlugin/PlainTextProcessor/SentenceSegmentor.json", "size": 886}, {"hash": {"mode": "sha256", "value": "Yv1j0d9qZJEb5g71B2W3LpjSaE9VTG347ZOAQVo788o"}, "path": "konlpy/java/conf/plugin/SupplementPlugin/PosProcessor/NounExtractor.json", "size": 319}, {"hash": {"mode": "sha256", "value": "KDey8q6r01yyhNCzEn9l2NWa-fqLnke9eShqpGkMMDw"}, "path": "konlpy/java/conf/plugin/SupplementPlugin/PosProcessor/SimplePOSResult09.json", "size": 592}, {"hash": {"mode": "sha256", "value": "K5mY3DR-ODaSD0J2_4wCRJ4e6LQEYarEHj6CYl5T6mE"}, "path": "konlpy/java/conf/plugin/SupplementPlugin/PosProcessor/SimplePOSResult22.json", "size": 858}, {"hash": {"mode": "sha256", "value": "47DEQpj8HBSa-_TImW-5JCeuQeRkm5NMpJWZG3hSuFU"}, "path": "konlpy/java/data/kE/__init__.py", "size": 0}, {"hash": null, "path": "konlpy/java/data/kE/__pycache__/__init__.cpython-37.pyc", "size": null}, {"hash": {"mode": "sha256", "value": "P3JpSVFGGvWbsojMwg0AVpy8TRpkeasIBPvYCHBYcwE"}, "path": "konlpy/java/data/kE/connections.txt", "size": 1923}, {"hash": {"mode": "sha256", "value": "KqUA4iRWvo4hg_kUhJSLXnQV3lnilDxViIEbTDqeIdc"}, "path": "konlpy/java/data/kE/connections_not.txt", "size": 211}, {"hash": {"mode": "sha256", "value": "9F6ihFfcEqtxVhSORtMHhWN630xQO2vsOBIBCOm67hI"}, "path": "konlpy/java/data/kE/dic_analyzed.txt", "size": 13231}, {"hash": {"mode": "sha256", "value": "k3dh7lnRrXU2RVgVDW4qYYM6tGWFseMZ8C0m3P0qy-0"}, "path": "konlpy/java/data/kE/dic_system.txt", "size": 4602635}, {"hash": {"mode": "sha256", "value": "nYh433imkUXxF_wRuDfLS06jiSGAJesgaC-XbB9k340"}, "path": "konlpy/java/data/kE/dic_user.txt", "size": 167}, {"hash": {"mode": "sha256", "value": "YnVAIh8iZtHsY6xS0SZRa5qWRi8jlryaa0yMyRqL9Xk"}, "path": "konlpy/java/data/kE/tag_set.txt", "size": 4035}, {"hash": {"mode": "sha256", "value": "Wf0FIgZjYqX7d-x-uKtR5itt5F5k54vLCbs_8VwA494"}, "path": "konlpy/java/data/stat/PTT.pos", "size": 12165}, {"hash": {"mode": "sha256", "value": "DAleXfPMgrPdaUqrgtmCcDjJXvGayxuN0dJMzHb6uys"}, "path": "konlpy/java/data/stat/PTT.wp", "size": 24368}, {"hash": {"mode": "sha256", "value": "99pVRtbUHD6yFEdkrrib9BgOcAbPut_PZvindO-Wx3w"}, "path": "konlpy/java/data/stat/PWT.pos", "size": 190722}, {"hash": {"mode": "sha256", "value": "47DEQpj8HBSa-_TImW-5JCeuQeRkm5NMpJWZG3hSuFU"}, "path": "konlpy/java/data/stat/__init__.py", "size": 0}, {"hash": null, "path": "konlpy/java/data/stat/__pycache__/__init__.cpython-37.pyc", "size": null}, {"hash": {"mode": "sha256", "value": "YWe5L3dD-2pZhb01So2EaBkrsd4UlzuvutKuwM8EORo"}, "path": "konlpy/java/jhannanum-0.8.4.jar", "size": 164665}, {"hash": {"mode": "sha256", "value": "9ijF-iAIb5X4pwFHwM23FWiIRNtjqkaTqof_Um43dqY"}, "path": "konlpy/java/kkma-2.0.jar", "size": 7722928}, {"hash": {"mode": "sha256", "value": "RRJV9UMr8v_4KFZohS5GS3H3vhELnIS9YKgL6ThRD9k"}, "path": "konlpy/jvm.py", "size": 893}, {"hash": {"mode": "sha256", "value": "8brvhZ8OxqLGj_qDgRW2zg7Zsro2oA3l6qH5EWAeOC0"}, "path": "konlpy/tag/__init__.py", "size": 120}, {"hash": null, "path": "konlpy/tag/__pycache__/__init__.cpython-37.pyc", "size": null}, {"hash": null, "path": "konlpy/tag/__pycache__/_hannanum.cpython-37.pyc", "size": null}, {"hash": null, "path": "konlpy/tag/__pycache__/_kkma.cpython-37.pyc", "size": null}, {"hash": null, "path": "konlpy/tag/__pycache__/_mecab.cpython-37.pyc", "size": null}, {"hash": {"mode": "sha256", "value": "olJeRn5RNo5nXqlPdxv4U6sThJo_eM3IvCOsmhDDZXw"}, "path": "konlpy/tag/_hannanum.py", "size": 3039}, {"hash": {"mode": "sha256", "value": "-Fxh4yit-ewv3kdTgklmW5FzzoXrmjNfG2-tPp8KE1E"}, "path": "konlpy/tag/_kkma.py", "size": 2452}, {"hash": {"mode": "sha256", "value": "TeFOhTyNSik8QDA7P1OcQ4MSzl54fqII5zOma6RULLQ"}, "path": "konlpy/tag/_mecab.py", "size": 2481}, {"hash": {"mode": "sha256", "value": "1DXzWqUzkQqApAf-SlCr8Ji24bfYUncbeJrWS_DRc08"}, "path": "konlpy/utils.py", "size": 5007}], "metadata": {"Author": "Lucy Park", "Author-email": "me@lucypark.kr", "Classifier": ["Intended Audience :: Developers", "Intended Audience :: Education", "Intended Audience :: Information Technology", "Intended Audience :: Science/Research", "Programming Language :: Python :: 2.6", "Programming Language :: Python :: 2.7", "Topic :: Scientific/Engineering", "Topic :: Scientific/Engineering :: Artificial Intelligence", "Topic :: Scientific/Engineering :: Human Machine Interfaces", "Topic :: Scientific/Engineering :: Information Analysis", "Topic :: Text Processing", "Topic :: Text Processing :: Filters", "Topic :: Text Processing :: General", "Topic :: Text Processing :: Indexing", "Topic :: Text Processing :: Linguistic"], "Home-page": "http://konlpy.readthedocs.org", "Keywords": "Korean,CJK,NLP,natural language processing,CL,computational linguistics,tagging,tokenizing,linguistics,text analytics", "License": "UNKNOWN", "Metadata-Version": "2.1", "Name": "konlpy", "Platform": ["UNKNOWN"], "Requires-Dist": ["JPype1-py3 (>=0.5.5.1)"], "Summary": "Python package for Korean natural language processing.", "Version": "0.3.3"}, "requires": ["JPype1-py3 (>=0.5.5.1)"], "version": "0.3.3"}, "index_url": "https://pypi.org/simple", "package_name": "konlpy", "package_version": "0.3.3", "package_version_requested": "0.3.3", "sha256": ["cb39baf7b6313cc77bfc1c541fc9e18a05e8bd19c773154ddc7eebb94a4ec050", "19b22d23cb6ff6bdb8479886329359ab1b5e201f5a1c2b53250cc3dfd45c5444"]}], "unparsed": [], "unresolved": []}}