{"metadata": {"analyzer": "thoth-solver", "analyzer_version": "1.4.1", "arguments": {"python": {"exclude_packages": null, "index": "https://pypi.org/simple", "no_pretty": false, "no_transitive": true, "output": "http://result-api/api/v1/solver-result", "requirements": "plone-dexterity==2.2.0", "virtualenv": "/home/solver/venv"}, "thoth-solver": {"verbose": false}}, "datetime": "2019-12-24T17:18:33.464907", "distribution": {"codename": "", "id": "fedora", "like": "", "version": "31", "version_parts": {"build_number": "", "major": "31", "minor": ""}}, "document_id": "solver-fedora-31-py37-0618c7d5", "duration": 6, "hostname": "solver-fedora-31-py37-0618c7d5-msqw8", "os_release": {"id": "fedora", "name": "Fedora", "platform_id": "platform:f31", "redhat_bugzilla_product": "Fedora", "redhat_bugzilla_product_version": "31", "redhat_support_product": "Fedora", "redhat_support_product_version": "31", "variant_id": "container", "version": "31 (Container Image)", "version_id": "31"}, "python": {"api_version": 1013, "implementation_name": "cpython", "major": 3, "micro": 5, "minor": 7, "releaselevel": "final", "serial": 0}, "thoth_deployment_name": "thoth-psi-stage", "timestamp": 1577207913}, "result": {"environment": {"implementation_name": "cpython", "implementation_version": "3.7.5", "os_name": "posix", "platform_machine": "x86_64", "platform_python_implementation": "CPython", "platform_release": "3.10.0-957.21.2.el7.x86_64", "platform_system": "Linux", "platform_version": "#1 SMP Tue May 28 09:26:43 UTC 2019", "python_full_version": "3.7.5", "python_version": "3.7", "sys_platform": "linux"}, "environment_packages": [{"package_name": "pipdeptree", "package_version": "0.13.2"}], "errors": [], "tree": [{"dependencies": [{"extra": [], "extras": [], "marker": null, "marker_evaluated": null, "marker_evaluation_error": null, "marker_evaluation_result": true, "normalized_package_name": "plone-alterego", "package_name": "plone.alterego", "resolved_versions": [{"index": "https://pypi.org/simple", "versions": ["1.0", "1.0.1", "1.1", "1.1.1", "1.1.2", "1.1.3"]}], "specifier": null}, {"extra": [], "extras": [], "marker": null, "marker_evaluated": null, "marker_evaluation_error": null, "marker_evaluation_result": true, "normalized_package_name": "plone-autoform", "package_name": "plone.autoform", "resolved_versions": [{"index": "https://pypi.org/simple", "versions": ["1.0", "1.0b2", "1.0b3", "1.0b4", "1.0b5", "1.0b6", "1.0b7", "1.1", "1.2", "1.3", "1.4", "1.5", "1.6", "1.6.1", "1.6.2", "1.7.0", "1.7.1", "1.7.2", "1.7.3", "1.7.4", "1.7.5", "1.8.0", "1.8.1"]}], "specifier": ">=1.0b2"}, {"extra": [], "extras": [], "marker": null, "marker_evaluated": null, "marker_evaluation_error": null, "marker_evaluation_result": true, "normalized_package_name": "plone-behavior", "package_name": "plone.behavior", "resolved_versions": [{"index": "https://pypi.org/simple", "versions": ["1.0", "1.0.1", "1.0.2", "1.0.3", "1.0b5", "1.0b6", "1.1", "1.1.1", "1.1.2", "1.1.3", "1.1.4", "1.2.0", "1.2.1", "1.3.0"]}], "specifier": ">=1.0b5"}, {"extra": [], "extras": [], "marker": null, "marker_evaluated": null, "marker_evaluation_error": null, "marker_evaluation_result": true, "normalized_package_name": "plone-folder", "package_name": "plone.folder", "resolved_versions": [{"index": "https://pypi.org/simple", "versions": ["1.0", "1.0.1", "1.0.10", "1.0.11", "1.0.12", "1.0.2", "1.0.3", "1.0.4", "1.0.5", "1.0.6", "1.0.7", "1.0.8", "1.0.9", "2.0.0", "2.0.1", "2.0.2", "3.0.0", "3.0.1"]}], "specifier": null}, {"extra": [], "extras": [], "marker": null, "marker_evaluated": null, "marker_evaluation_error": null, "marker_evaluation_result": true, "normalized_package_name": "plone-memoize", "package_name": "plone.memoize", "resolved_versions": [{"index": "https://pypi.org/simple", "versions": ["1.0", "1.0.1.1", "1.0.3", "1.0.4", "1.0b1.1", "1.1", "1.1.1", "1.1.2", "1.2.0", "1.2.1", "1.2.2", "1.2.3", "2.0.0", "2.0.1"]}], "specifier": null}, {"extra": [], "extras": [], "marker": null, "marker_evaluated": null, "marker_evaluation_error": null, "marker_evaluation_result": true, "normalized_package_name": "plone-rfc822", "package_name": "plone.rfc822", "resolved_versions": [{"index": "https://pypi.org/simple", "versions": ["1.0", "1.0.1", "1.0.2", "1.0.3", "1.1", "1.1.1", "1.1.2", "1.1.3", "1.1.4", "2.0.0", "2.0.1"]}], "specifier": null}, {"extra": [], "extras": [], "marker": null, "marker_evaluated": null, "marker_evaluation_error": null, "marker_evaluation_result": true, "normalized_package_name": "plone-supermodel", "package_name": "plone.supermodel", "resolved_versions": [{"index": "https://pypi.org/simple", "versions": ["1.0", "1.0.1", "1.0.2", "1.0.3", "1.0.4", "1.0b2", "1.0b3", "1.0b4", "1.0b5", "1.0b6", "1.0b7", "1.0b8", "1.1", "1.1.1", "1.1.2", "1.1.3", "1.1.4", "1.2.0", "1.2.1", "1.2.2", "1.2.3", "1.2.4", "1.2.5", "1.2.6", "1.2.7", "1.3.0", "1.3.1", "1.3.2", "1.3.3", "1.3.4", "1.4.0", "1.4.1", "1.5.0"]}], "specifier": ">=1.0b2"}, {"extra": [], "extras": [], "marker": null, "marker_evaluated": null, "marker_evaluation_error": null, "marker_evaluation_result": true, "normalized_package_name": "plone-synchronize", "package_name": "plone.synchronize", "resolved_versions": [{"index": "https://pypi.org/simple", "versions": ["1.0", "1.0.1", "1.0.2", "1.0.3"]}], "specifier": null}, {"extra": [], "extras": [], "marker": null, "marker_evaluated": null, "marker_evaluation_error": null, "marker_evaluation_result": true, "normalized_package_name": "plone-uuid", "package_name": "plone.uuid", "resolved_versions": [{"index": "https://pypi.org/simple", "versions": ["1.0", "1.0.1", "1.0.2", "1.0.3", "1.0.4", "1.0.5"]}], "specifier": null}, {"extra": [], "extras": [], "marker": null, "marker_evaluated": null, "marker_evaluation_error": null, "marker_evaluation_result": true, "normalized_package_name": "plone-z3cform", "package_name": "plone.z3cform", "resolved_versions": [{"index": "https://pypi.org/simple", "versions": ["0.6.0", "0.7.0", "0.7.1", "0.7.2", "0.7.3", "0.7.4", "0.7.5", "0.7.6", "0.7.7", "0.7.8", "0.8.0", "0.8.1", "0.9.0", "0.9.1", "0.9.2", "1.0.0", "1.1.0", "1.1.1"]}], "specifier": ">=0.6.0"}, {"extra": [], "extras": [], "marker": null, "marker_evaluated": null, "marker_evaluation_error": null, "marker_evaluation_result": true, "normalized_package_name": "products-cmfcore", "package_name": "Products.CMFCore", "resolved_versions": [{"index": "https://pypi.org/simple", "versions": ["2.1.1", "2.1.2", "2.1.3", "2.2.0", "2.2.1", "2.2.10", "2.2.11", "2.2.12", "2.2.13", "2.2.2", "2.2.3", "2.2.4", "2.2.5", "2.2.6", "2.2.7", "2.2.8", "2.2.9", "2.3.0", "2.3.1", "2.4.0", "2.4.1", "2.4.2"]}], "specifier": null}, {"extra": [], "extras": [], "marker": null, "marker_evaluated": null, "marker_evaluation_error": null, "marker_evaluation_result": true, "normalized_package_name": "products-cmfdynamicviewfti", "package_name": "Products.CMFDynamicViewFTI", "resolved_versions": [{"index": "https://pypi.org/simple", "versions": ["3.0", "3.0.1", "3.0.2", "3.0dev-r41362", "4.0", "4.0.1", "4.0.2", "4.0.3", "4.0.4", "4.0.5", "4.0.6", "4.1.0", "4.1.1", "4.1.2", "4.1.3", "4.1.4", "4.1.5", "4.1.6", "4.1.7", "4.1.8", "5.0.0", "6.0.0", "6.0.1", "6.0.2"]}], "specifier": null}, {"extra": [], "extras": [], "marker": null, "marker_evaluated": null, "marker_evaluation_error": null, "marker_evaluation_result": true, "normalized_package_name": "products-statusmessages", "package_name": "Products.statusmessages", "resolved_versions": [{"index": "https://pypi.org/simple", "versions": ["3.0", "3.0.1", "3.0.2", "3.0.3", "4.0", "4.1.0", "4.1.1", "4.1.2", "5.0", "5.0.1", "5.0.2", "5.0.3", "5.0.4"]}], "specifier": null}, {"extra": [], "extras": [], "marker": null, "marker_evaluated": null, "marker_evaluation_error": null, "marker_evaluation_result": true, "normalized_package_name": "setuptools", "package_name": "setuptools", "resolved_versions": [{"index": "https://pypi.org/simple", "versions": ["0.7.2", "0.7.3", "0.7.4", "0.7.5", "0.7.6", "0.7.7", "0.7.8", "0.8", "0.9", "0.9.1", "0.9.2", "0.9.3", "0.9.4", "0.9.5", "0.9.6", "0.9.7", "0.9.8", "1.0", "1.1", "1.1.1", "1.1.2", "1.1.3", "1.1.4", "1.1.5", "1.1.6", "1.1.7", "1.2", "1.3", "1.3.1", "1.3.2", "1.4", "1.4.1", "1.4.2", "10.0", "10.0.1", "10.1", "10.2", "10.2.1", "11.0", "11.1", "11.2", "11.3", "11.3.1", "12.0", "12.0.1", "12.0.2", "12.0.3", "12.0.4", "12.0.5", "12.1", "12.2", "12.3", "12.4", "13.0", "13.0.1", "13.0.2", "14.0", "14.1", "14.1.1", "14.2", "14.3", "14.3.1", "15.0", "15.1", "15.2", "16.0", "17.0", "17.1", "17.1.1", "18.0", "18.0.1", "18.1", "18.2", "18.3", "18.3.1", "18.3.2", "18.4", "18.5", "18.6", "18.6.1", "18.7", "18.7.1", "18.8", "18.8.1", "19.0", "19.1", "19.1.1", "19.2", "19.3", "19.4", "19.4.1", "19.5", "19.6", "19.6.1", "19.6.2", "19.7", "2.0", "2.0.1", "2.0.2", "2.1", "2.1.1", "2.1.2", "2.2", "20.0", "20.1", "20.1.1", "20.10.1", "20.2.2", "20.3", "20.3.1", "20.4", "20.6.6", "20.6.7", "20.6.8", "20.7.0", "20.8.0", "20.8.1", "20.9.0", "21.0.0", "21.1.0", "21.2.0", "21.2.1", "21.2.2", "22.0.0", "22.0.1", "22.0.2", "22.0.4", "22.0.5", "23.0.0", "23.1.0", "23.2.0", "23.2.1", "24.0.0", "24.0.1", "24.0.2", "24.0.3", "24.1.0", "24.1.1", "24.2.0", "24.2.1", "24.3.0", "24.3.1", "25.0.0", "25.0.1", "25.0.2", "25.1.0", "25.1.1", "25.1.2", "25.1.3", "25.1.4", "25.1.5", "25.1.6", "25.2.0", "25.3.0", "25.4.0", "26.0.0", "26.1.0", "26.1.1", "27.0.0", "27.1.0", "27.1.2", "27.2.0", "27.3.0", "27.3.1", "28.0.0", "28.1.0", "28.2.0", "28.3.0", "28.4.0", "28.5.0", "28.6.0", "28.6.1", "28.7.0", "28.7.1", "28.8.0", "28.8.1", "29.0.0", "29.0.1", "3.0", "3.0.1", "3.0.2", "3.1", "3.2", "3.3", "3.4", "3.4.1", "3.4.2", "3.4.3", "3.4.4", "3.5", "3.5.1", "3.5.2", "3.6", "3.7", "3.7.1", "3.8", "3.8.1", "30.0.0", "30.1.0", "30.2.0", "30.2.1", "30.3.0", "30.4.0", "31.0.0", "31.0.1", "32.0.0", "32.1.0", "32.1.1", "32.1.2", "32.1.3", "32.2.0", "32.3.0", "32.3.1", "33.1.0", "33.1.1", "34.0.0", "34.0.1", "34.0.2", "34.0.3", "34.1.0", "34.1.1", "34.2.0", "34.3.0", "34.3.1", "34.3.2", "34.3.3", "34.4.0", "34.4.1", "35.0.0", "35.0.1", "35.0.2", "36.0.1", "36.1.0", "36.1.1", "36.2.0", "36.2.1", "36.2.2", "36.2.3", "36.2.4", "36.2.5", "36.2.6", "36.2.7", "36.3.0", "36.4.0", "36.5.0", "36.6.0", "36.6.1", "36.7.0", "36.7.1", "36.7.2", "36.8.0", "37.0.0", "38.0.0", "38.1.0", "38.2.0", "38.2.1", "38.2.3", "38.2.4", "38.2.5", "38.3.0", "38.4.0", "38.4.1", "38.5.0", "38.5.1", "38.5.2", "38.6.0", "38.6.1", "38.7.0", "39.0.0", "39.0.1", "39.1.0", "39.2.0", "4.0", "4.0.1", "40.0.0", "40.1.0", "40.1.1", "40.2.0", "40.3.0", "40.4.0", "40.4.1", "40.4.2", "40.4.3", "40.5.0", "40.6.0", "40.6.1", "40.6.2", "40.6.3", "40.7.0", "40.7.1", "40.7.2", "40.7.3", "40.8.0", "40.9.0", "41.0.0", "41.0.1", "41.1.0", "41.2.0", "41.3.0", "41.4.0", "41.5.0", "41.5.1", "41.6.0", "42.0.0", "42.0.1", "42.0.2", "5.0", "5.0.1", "5.0.2", "5.1", "5.2", "5.3", "5.4", "5.4.1", "5.4.2", "5.5", "5.5.1", "5.6", "5.7", "5.8", "6.0.1", "6.0.2", "6.1", "7.0", "8.0", "8.0.1", "8.0.2", "8.0.3", "8.0.4", "8.1", "8.2", "8.2.1", "8.3", "9.0", "9.0.1", "9.1"]}], "specifier": null}, {"extra": [], "extras": [], "marker": null, "marker_evaluated": null, "marker_evaluation_error": null, "marker_evaluation_result": true, "normalized_package_name": "zope2", "package_name": "Zope2", "resolved_versions": [{"index": "https://pypi.org/simple", "versions": ["2.12.0", "2.12.1", "2.12.10", "2.12.11", "2.12.12", "2.12.13", "2.12.14", "2.12.15", "2.12.16", "2.12.17", "2.12.18", "2.12.19", "2.12.2", "2.12.20", "2.12.21", "2.12.22", "2.12.23", "2.12.24", "2.12.25", "2.12.26", "2.12.27", "2.12.28", "2.12.3", "2.12.4", "2.12.5", "2.12.6", "2.12.7", "2.12.8", "2.12.9", "2.13.0", "2.13.1", "2.13.10", "2.13.11", "2.13.12", "2.13.13", "2.13.14", "2.13.15", "2.13.16", "2.13.17", "2.13.18", "2.13.19", "2.13.2", "2.13.20", "2.13.21", "2.13.22", "2.13.23", "2.13.24", "2.13.25", "2.13.26", "2.13.27", "2.13.28", "2.13.29", "2.13.3", "2.13.4", "2.13.5", "2.13.6", "2.13.7", "2.13.8", "2.13.9", "4.0"]}], "specifier": null}, {"extra": [], "extras": [], "marker": null, "marker_evaluated": null, "marker_evaluation_error": null, "marker_evaluation_result": true, "normalized_package_name": "zope-annotation", "package_name": "zope.annotation", "resolved_versions": [{"index": "https://pypi.org/simple", "versions": ["3.4.0", "3.4.1", "3.4.2", "3.4dev-r72925", "3.5.0", "3.6.0", "4.0.0", "4.0.1", "4.1.0", "4.2.0", "4.3.0", "4.4.0", "4.4.1", "4.5", "4.6.0", "4.7.0"]}], "specifier": null}, {"extra": [], "extras": [], "marker": null, "marker_evaluated": null, "marker_evaluation_error": null, "marker_evaluation_result": true, "normalized_package_name": "zope-browser", "package_name": "zope.browser", "resolved_versions": [{"index": "https://pypi.org/simple", "versions": ["0.5.0", "1.0", "1.1", "1.2", "1.3", "2.0.0", "2.0.1", "2.0.2", "2.1.0", "2.2.0", "2.3"]}], "specifier": null}, {"extra": [], "extras": [], "marker": null, "marker_evaluated": null, "marker_evaluation_error": null, "marker_evaluation_result": true, "normalized_package_name": "zope-component", "package_name": "zope.component", "resolved_versions": [{"index": "https://pypi.org/simple", "versions": ["3.10.0", "3.11.0", "3.12.0", "3.12.1", "3.4.0", "3.4dev-r72605", "3.4dev-r72747", "3.4dev-r72748", "3.4dev-r72749", "3.5.0", "3.5.1", "3.6.0", "3.7.0", "3.7.1", "3.8.0", "3.9.0", "3.9.1", "3.9.2", "3.9.3", "3.9.4", "3.9.5", "4.0.0", "4.0.1", "4.0.2", "4.1.0", "4.2.0", "4.2.1", "4.2.2", "4.3.0", "4.4.0", "4.4.1", "4.5", "4.6"]}], "specifier": null}, {"extra": [], "extras": [], "marker": null, "marker_evaluated": null, "marker_evaluation_error": null, "marker_evaluation_result": true, "normalized_package_name": "zope-container", "package_name": "zope.container", "resolved_versions": [{"index": "https://pypi.org/simple", "versions": ["3.10.0", "3.10.1", "3.11.0", "3.11.1", "3.11.2", "3.12.0", "3.7.0", "3.7.1", "3.7.2", "3.8.0", "3.8.1", "3.8.2", "3.8.3", "3.9.0", "3.9.1", "4.0.0", "4.1.0", "4.2.0", "4.2.1", "4.2.2", "4.3.0"]}], "specifier": null}, {"extra": [], "extras": [], "marker": null, "marker_evaluated": null, "marker_evaluation_error": null, "marker_evaluation_result": true, "normalized_package_name": "zope-dottedname", "package_name": "zope.dottedname", "resolved_versions": [{"index": "https://pypi.org/simple", "versions": ["3.4.0", "3.4.1", "3.4.2", "3.4.3", "3.4.4", "3.4.5", "3.4.6", "3.4dev-r73113", "4.0.0", "4.0.1", "4.1.0", "4.2", "4.3"]}], "specifier": null}, {"extra": [], "extras": [], "marker": null, "marker_evaluated": null, "marker_evaluation_error": null, "marker_evaluation_result": true, "normalized_package_name": "zope-interface", "package_name": "zope.interface", "resolved_versions": [{"index": "https://pypi.org/simple", "versions": ["3.3.0", "3.3.0.1", "3.4.0", "3.4.1", "3.5.0", "3.5.1", "3.5.2", "3.5.3", "3.6.0", "3.6.1", "3.6.2", "3.6.3", "3.6.4", "3.6.5", "3.6.6", "3.6.7", "3.6.8", "3.7.0", "3.8.0", "4.0.0", "4.0.1", "4.0.2", "4.0.3", "4.0.4", "4.0.5", "4.1.0", "4.1.1", "4.1.2", "4.1.3", "4.2.0", "4.3.0", "4.3.1", "4.3.2", "4.3.3", "4.4.0", "4.4.1", "4.4.2", "4.4.3", "4.5.0", "4.6.0", "4.7.0", "4.7.1"]}], "specifier": null}, {"extra": [], "extras": [], "marker": null, "marker_evaluated": null, "marker_evaluation_error": null, "marker_evaluation_result": true, "normalized_package_name": "zope-lifecycleevent", "package_name": "zope.lifecycleevent", "resolved_versions": [{"index": "https://pypi.org/simple", "versions": ["3.4.0", "3.4.1", "3.4dev-r72934", "3.5.0", "3.5.1", "3.5.2", "3.6.0", "3.6.1", "3.6.2", "3.7.0", "4.0.0", "4.0.1", "4.0.2", "4.0.3", "4.1.0", "4.2.0", "4.3"]}], "specifier": null}, {"extra": [], "extras": [], "marker": null, "marker_evaluated": null, "marker_evaluation_error": null, "marker_evaluation_result": true, "normalized_package_name": "zope-location", "package_name": "zope.location", "resolved_versions": [{"index": "https://pypi.org/simple", "versions": ["3.4.0", "3.5.0", "3.5.1", "3.5.2", "3.5.3", "3.5.4", "3.5.5", "3.6.0", "3.7.0", "3.7.1", "3.8.0", "3.8.1", "3.8.2", "3.9.0", "3.9.1", "4.0.0", "4.0.1", "4.0.2", "4.0.3", "4.1.0", "4.2"]}], "specifier": null}, {"extra": [], "extras": [], "marker": null, "marker_evaluated": null, "marker_evaluation_error": null, "marker_evaluation_result": true, "normalized_package_name": "zope-publisher", "package_name": "zope.publisher", "resolved_versions": [{"index": "https://pypi.org/simple", "versions": ["3.10.0", "3.10.1", "3.11.0", "3.12.0", "3.12.1", "3.12.2", "3.12.3", "3.12.4", "3.12.5", "3.12.6", "3.13.0", "3.13.1", "3.13.2", "3.13.3", "3.13.4", "3.3.3", "3.4.1", "3.4.10", "3.4.2", "3.4.3", "3.4.4", "3.4.5", "3.4.6", "3.4.7", "3.4.8", "3.4.9", "3.5.0", "3.5.1", "3.5.2", "3.5.3", "3.5.4", "3.5.5", "3.5.6", "3.5.7", "3.5.8", "3.6.0", "3.6.1", "3.6.2", "3.6.3", "3.6.4", "3.7.0", "3.8.0", "3.9.0", "3.9.1", "3.9.2", "3.9.3", "4.0.0", "4.1.0", "4.2.0", "4.2.1", "4.2.2", "4.3.0", "4.3.1", "4.3.2", "5.0", "5.0.1", "5.1.0", "5.1.1"]}], "specifier": null}, {"extra": [], "extras": [], "marker": null, "marker_evaluated": null, "marker_evaluation_error": null, "marker_evaluation_result": true, "normalized_package_name": "zope-schema", "package_name": "zope.schema", "resolved_versions": [{"index": "https://pypi.org/simple", "versions": ["3.3.0", "3.4.0", "3.5.1", "3.5.2", "3.5.3", "3.5.4", "3.6.0", "3.6.1", "3.6.2", "3.6.3", "3.6.4", "3.7.0", "3.7.1", "3.8.0", "3.8.1", "4.0.0", "4.0.1", "4.1.0", "4.1.1", "4.2.0", "4.2.1", "4.2.2", "4.3.0", "4.3.1", "4.3.2", "4.3.3", "4.4.0", "4.4.1", "4.4.2", "4.5.0", "4.6.0", "4.6.1", "4.6.2", "4.7.0", "4.8.0", "4.9.0", "4.9.1", "4.9.2", "4.9.3"]}], "specifier": null}, {"extra": [], "extras": [], "marker": null, "marker_evaluated": null, "marker_evaluation_error": null, "marker_evaluation_result": true, "normalized_package_name": "zope-security", "package_name": "zope.security", "resolved_versions": [{"index": "https://pypi.org/simple", "versions": ["3.4.0", "3.4.1", "3.4.2", "3.4.3", "3.5.0", "3.5.1", "3.5.2", "3.6.0", "3.6.1", "3.6.2", "3.6.3", "3.7.0", "3.7.1", "3.7.2", "3.7.3", "3.7.4", "3.8.0", "3.8.1", "3.8.2", "3.8.3", "3.8.4", "3.8.5", "3.9.0", "4.0.0", "4.0.1", "4.0.2", "4.0.3", "4.1.0", "4.1.1", "4.2.0", "4.2.1", "4.2.2", "4.2.3", "4.3.0", "4.3.1", "5.0"]}], "specifier": null}, {"extra": [], "extras": [], "marker": null, "marker_evaluated": null, "marker_evaluation_error": null, "marker_evaluation_result": true, "normalized_package_name": "zope-filerepresentation", "package_name": "zope.filerepresentation", "resolved_versions": [{"index": "https://pypi.org/simple", "versions": ["3.6.0", "3.6.1", "4.0.0", "4.0.1", "4.0.2", "4.1.0", "4.2.0"]}], "specifier": ">=3.6.0"}, {"extra": [], "extras": [], "marker": null, "marker_evaluated": null, "marker_evaluation_error": null, "marker_evaluation_result": true, "normalized_package_name": "zope-size", "package_name": "zope.size", "resolved_versions": [{"index": "https://pypi.org/simple", "versions": ["3.4.0", "3.4.1", "3.5.0", "4.0.0", "4.0.1", "4.1.0", "4.2.0", "4.3"]}], "specifier": null}, {"extra": [], "extras": [], "marker": null, "marker_evaluated": null, "marker_evaluation_error": null, "marker_evaluation_result": true, "normalized_package_name": "zodb3", "package_name": "ZODB3", "resolved_versions": [{"index": "https://pypi.org/simple", "versions": ["3.1.5", "3.10.0", "3.10.1", "3.10.2", "3.10.3", "3.10.4", "3.10.5", "3.10.6", "3.10.7", "3.11.0", "3.2.10", "3.3.1", "3.4.2", "3.5.0", "3.5.1", "3.6.0", "3.7.0", "3.7.2", "3.8.0", "3.8.1", "3.8.2", "3.8.3", "3.8.4", "3.8.5", "3.8.6", "3.9.0", "3.9.1", "3.9.2", "3.9.3", "3.9.4", "3.9.5", "3.9.6", "3.9.7"]}], "specifier": null}, {"extra": ["test"], "extras": [], "marker": "extra == \"test\"", "marker_evaluated": "python_version >= \"0.0\"", "marker_evaluation_error": null, "marker_evaluation_result": true, "normalized_package_name": "plone-mocktestcase", "package_name": "plone.mocktestcase", "resolved_versions": [{"index": "https://pypi.org/simple", "versions": ["1.0", "1.0b3"]}], "specifier": ">=1.0b3"}, {"extra": ["test"], "extras": [], "marker": "extra == \"test\"", "marker_evaluated": "python_version >= \"0.0\"", "marker_evaluation_error": null, "marker_evaluation_result": true, "normalized_package_name": "plone-testing", "package_name": "plone.testing", "resolved_versions": [{"index": "https://pypi.org/simple", "versions": ["4.0", "4.0.1", "4.0.10", "4.0.11", "4.0.12", "4.0.13", "4.0.14", "4.0.15", "4.0.2", "4.0.3", "4.0.4", "4.0.5", "4.0.6", "4.0.7", "4.0.8", "4.0.9", "4.1.0", "4.1.1", "4.1.2", "4.1.3", "4.2.0", "4.2.1", "4.3.0", "4.3.1", "4.3.2", "4.3.3", "5.0.0", "5.1", "5.1.1", "6.0.0", "6.1.0", "7.0.0", "7.0.1", "7.0.2", "7.0.3"]}], "specifier": null}], "importlib_metadata": {"entry_points": [], "files": [{"hash": {"mode": "sha256", "value": "A-p3CbMuHePaPWt53bhXUnHzJhSeZf4O2eZeA-vKGms"}, "path": "plone.dexterity-2.2.0-py3.7-nspkg.pth", "size": 534}, {"hash": {"mode": "sha256", "value": "zuuue4knoyJ-UwPPXg8fezS7VCrXJQrAP7zeNuwvFQg"}, "path": "plone.dexterity-2.2.0.dist-info/INSTALLER", "size": 4}, {"hash": {"mode": "sha256", "value": "QTvU44PZtllBYMAEMzNlalaweTngL2Xv2TOp83QIXXA"}, "path": "plone.dexterity-2.2.0.dist-info/METADATA", "size": 26034}, {"hash": null, "path": "plone.dexterity-2.2.0.dist-info/RECORD", "size": null}, {"hash": {"mode": "sha256", "value": "wYBY2EO50FhAcckpWmO3c3Zwk2MALACx6lPAl6gVKnE"}, "path": "plone.dexterity-2.2.0.dist-info/WHEEL", "size": 93}, {"hash": {"mode": "sha256", "value": "FjKvgvGyIyqokCxiGIVCvaGmkWcXwEXZ8W6zk1mtvZQ"}, "path": "plone.dexterity-2.2.0.dist-info/entry_points.txt", "size": 37}, {"hash": {"mode": "sha256", "value": "56bqrkG-vurYD0l15D71FPiDL7L3QqkfRWkYkdyS7WM"}, "path": "plone.dexterity-2.2.0.dist-info/namespace_packages.txt", "size": 6}, {"hash": {"mode": "sha256", "value": "56bqrkG-vurYD0l15D71FPiDL7L3QqkfRWkYkdyS7WM"}, "path": "plone.dexterity-2.2.0.dist-info/top_level.txt", "size": 6}, {"hash": {"mode": "sha256", "value": "hY8CiTmdJIf1LX9bJTtWwIgOlwWoPCrjn23H_yyvozU"}, "path": "plone/dexterity/CONVENTIONS.txt", "size": 1146}, {"hash": {"mode": "sha256", "value": "ZdLV5G8N0Mn6BdYdKMtPM-PyOGxy4onVnjs26loRuAE"}, "path": "plone/dexterity/__init__.py", "size": 43}, {"hash": null, "path": "plone/dexterity/__pycache__/__init__.cpython-37.pyc", "size": null}, {"hash": null, "path": "plone/dexterity/__pycache__/behavior.cpython-37.pyc", "size": null}, {"hash": null, "path": "plone/dexterity/__pycache__/events.cpython-37.pyc", "size": null}, {"hash": null, "path": "plone/dexterity/__pycache__/exportimport.cpython-37.pyc", "size": null}, {"hash": null, "path": "plone/dexterity/__pycache__/filerepresentation.cpython-37.pyc", "size": null}, {"hash": null, "path": "plone/dexterity/__pycache__/fti.cpython-37.pyc", "size": null}, {"hash": null, "path": "plone/dexterity/__pycache__/i18n.cpython-37.pyc", "size": null}, {"hash": null, "path": "plone/dexterity/__pycache__/interfaces.cpython-37.pyc", "size": null}, {"hash": null, "path": "plone/dexterity/__pycache__/primary.cpython-37.pyc", "size": null}, {"hash": null, "path": "plone/dexterity/__pycache__/schema.cpython-37.pyc", "size": null}, {"hash": null, "path": "plone/dexterity/__pycache__/utils.cpython-37.pyc", "size": null}, {"hash": {"mode": "sha256", "value": "LZuV-MphELGYqTgcMGFZQYVkjNzFwhZBMA2XyoyiFPk"}, "path": "plone/dexterity/behavior.py", "size": 1029}, {"hash": {"mode": "sha256", "value": "47DEQpj8HBSa-_TImW-5JCeuQeRkm5NMpJWZG3hSuFU"}, "path": "plone/dexterity/browser/__init__.py", "size": 0}, {"hash": null, "path": "plone/dexterity/browser/__pycache__/__init__.cpython-37.pyc", "size": null}, {"hash": null, "path": "plone/dexterity/browser/__pycache__/add.cpython-37.pyc", "size": null}, {"hash": null, "path": "plone/dexterity/browser/__pycache__/base.cpython-37.pyc", "size": null}, {"hash": null, "path": "plone/dexterity/browser/__pycache__/edit.cpython-37.pyc", "size": null}, {"hash": null, "path": "plone/dexterity/browser/__pycache__/fti.cpython-37.pyc", "size": null}, {"hash": null, "path": "plone/dexterity/browser/__pycache__/traversal.cpython-37.pyc", "size": null}, {"hash": null, "path": "plone/dexterity/browser/__pycache__/view.cpython-37.pyc", "size": null}, {"hash": {"mode": "sha256", "value": "5j2O-sNTc_on4zy2BEAKhG9zhvAX1CbAA4KKyMrOJ28"}, "path": "plone/dexterity/browser/add.py", "size": 5516}, {"hash": {"mode": "sha256", "value": "h2ZYT2YF8uM4eq5A4Vciopw9WCX8v8b0NuT6Xohr978"}, "path": "plone/dexterity/browser/base.py", "size": 969}, {"hash": {"mode": "sha256", "value": "vTz7MzF03ixRCOFtLG1YhAI0Z0BWWdP5qlVrD9Eb9T8"}, "path": "plone/dexterity/browser/configure.zcml", "size": 2341}, {"hash": {"mode": "sha256", "value": "q6LobTcQoRnRWM8ffXoruhNAU3f1v-S55Rl-K0kOvIA"}, "path": "plone/dexterity/browser/containercontentcore.pt", "size": 1063}, {"hash": {"mode": "sha256", "value": "dHnTFVAhQzjsGwG5p2WpZjU8Wn00KUypUVs_tJz8dYU"}, "path": "plone/dexterity/browser/edit.py", "size": 3011}, {"hash": {"mode": "sha256", "value": "48NCW9zhWZ6rSt_3sLBFt89Ch-opAZVMtksOoZThoMA"}, "path": "plone/dexterity/browser/fti.pt", "size": 1310}, {"hash": {"mode": "sha256", "value": "oOF9-pid2FAcBGXkxxQgyBVRip33fg2GiUfvdnrk-Rw"}, "path": "plone/dexterity/browser/fti.py", "size": 322}, {"hash": {"mode": "sha256", "value": "e4cjHsINgC08RrNzYX7VmA7eIIn-bX2G3idK9S4BXE4"}, "path": "plone/dexterity/browser/icons/container_icon.gif", "size": 940}, {"hash": {"mode": "sha256", "value": "IVnk0Yqv1U2ujuD34GBG4LMfkozmRHFxlI8m5BDJbog"}, "path": "plone/dexterity/browser/icons/item_icon.gif", "size": 915}, {"hash": {"mode": "sha256", "value": "iUrHxiE_PaKoeIISfAWquKbIIoiryWYU6zwPSwQVWnQ"}, "path": "plone/dexterity/browser/icons/typeinfo.gif", "size": 4530}, {"hash": {"mode": "sha256", "value": "Pw_dpcj9BnKyHTOwDeixoM3_SgmE92bjMfAaPgdxiro"}, "path": "plone/dexterity/browser/item.pt", "size": 1338}, {"hash": {"mode": "sha256", "value": "GGb1Sq1niYPh57p5lpAAb_3sghc4zVbv-peG3DGhjPk"}, "path": "plone/dexterity/browser/itemcontentcore.pt", "size": 827}, {"hash": {"mode": "sha256", "value": "heruMA9elYpzBL-mAMIsbVK1hhXwcgITtys3z54RkCo"}, "path": "plone/dexterity/browser/traversal.py", "size": 2855}, {"hash": {"mode": "sha256", "value": "br1k2JJI2WUsE4BCbukrPc3C4WiwRfmNzYIhnGL0Tns"}, "path": "plone/dexterity/browser/view.py", "size": 601}, {"hash": {"mode": "sha256", "value": "0RBzgZfJ-fvMjdqOsQLJkUGDiRt05wZnJoIDIu5HeME"}, "path": "plone/dexterity/configure.zcml", "size": 4214}, {"hash": {"mode": "sha256", "value": "gAAjRiWv6m1zGCgeUfsxYDpxpODIlAgZcjKVXQ2XFtA"}, "path": "plone/dexterity/content.py", "size": 23714}, {"hash": {"mode": "sha256", "value": "-rZgeRT2a8uvD6N2VXQaRYPSI20e0t2e2fWawAZx-iQ"}, "path": "plone/dexterity/events.py", "size": 1017}, {"hash": {"mode": "sha256", "value": "Swi91QaewXOCy7g-OXJMrAoXDsHfYKpRGRsjTL0EH8E"}, "path": "plone/dexterity/exportimport.py", "size": 4792}, {"hash": {"mode": "sha256", "value": "ZjpzE6DBClR7_fg4RtDiVcBN7Y376FF3Djd90DmPhY0"}, "path": "plone/dexterity/factory.py", "size": 1918}, {"hash": {"mode": "sha256", "value": "BO3x1_XLiC2lzFG5_kNproldvKmfbkiwYEGKo_Px730"}, "path": "plone/dexterity/filerepresentation.py", "size": 25225}, {"hash": {"mode": "sha256", "value": "8OFw_E731ekfWn3qQb8-vBaB-0YjEqYF9YS_90sjbDg"}, "path": "plone/dexterity/fti.py", "size": 16979}, {"hash": {"mode": "sha256", "value": "fwcOf-5mxr5WAz7GBNCqaBErSTdw7wBdrBh5sJztdnQ"}, "path": "plone/dexterity/i18n.py", "size": 96}, {"hash": {"mode": "sha256", "value": "S5suK3tQ1V5lCg0tIv4QLNse_76HRuciQ2J0q9fn4Kc"}, "path": "plone/dexterity/interfaces.py", "size": 5543}, {"hash": {"mode": "sha256", "value": "j7nMdw3VWUYpsM6g_GY-FJ-QA_VrzgtIOSpbmw6mX-M"}, "path": "plone/dexterity/locales/af/LC_MESSAGES/plone.dexterity.mo", "size": 862}, {"hash": {"mode": "sha256", "value": "fctWiHAnBK4B7jyemVDrjrTH7t6konAOq-cUqTCkOig"}, "path": "plone/dexterity/locales/af/LC_MESSAGES/plone.dexterity.po", "size": 1513}, {"hash": {"mode": "sha256", "value": "LM7DtSE8Z6LuDlIowBSdFIvWYqmNaHc2kHK8uK6g8hU"}, "path": "plone/dexterity/locales/bg/LC_MESSAGES/plone.dexterity.mo", "size": 988}, {"hash": {"mode": "sha256", "value": "BlEeYWn3aSKZvFWoe7wweIRN71P_tnhzeCT5Bjroq6k"}, "path": "plone/dexterity/locales/bg/LC_MESSAGES/plone.dexterity.po", "size": 1667}, {"hash": {"mode": "sha256", "value": "RJfBSRPsUsNSZZ3WxOgKNbxdH_T7KrNw-zG5I44t5lc"}, "path": "plone/dexterity/locales/cs/LC_MESSAGES/plone.dexterity.mo", "size": 983}, {"hash": {"mode": "sha256", "value": "IwqoKzjXAT4lDZ3YDbGMELMTUJbiIwIJxEvIBnb2qFE"}, "path": "plone/dexterity/locales/cs/LC_MESSAGES/plone.dexterity.po", "size": 1648}, {"hash": {"mode": "sha256", "value": "kRPC1g9GQtAn1iSjlg0_ugS5w9SxC1zYaeK6VQHSLqM"}, "path": "plone/dexterity/locales/da/LC_MESSAGES/plone.dexterity.mo", "size": 855}, {"hash": {"mode": "sha256", "value": "VhFc2r0wBVPwN6MJCuHm8UvgPgeKKlkCnxo_L0qTAN8"}, "path": "plone/dexterity/locales/da/LC_MESSAGES/plone.dexterity.po", "size": 1303}, {"hash": {"mode": "sha256", "value": "TDxGDf8l6Jxw4SnBRPLSm2sEc0eEzESD6aA8pFLJA4A"}, "path": "plone/dexterity/locales/de/LC_MESSAGES/plone.dexterity.mo", "size": 846}, {"hash": {"mode": "sha256", "value": "8bfYzDkvKqSja-LE3AzQrS3u0eyQYDFBOPywfZ_rFh4"}, "path": "plone/dexterity/locales/de/LC_MESSAGES/plone.dexterity.po", "size": 1294}, {"hash": {"mode": "sha256", "value": "8hCpdmM7t_Y6HQrR70pr8__s5vQwFZNPP8SkcghOsN8"}, "path": "plone/dexterity/locales/es/LC_MESSAGES/plone.dexterity.mo", "size": 909}, {"hash": {"mode": "sha256", "value": "eVNsqu7mEH-JgL_hWpXa-HMgmMFcWr26P7FvpR9C-6U"}, "path": "plone/dexterity/locales/es/LC_MESSAGES/plone.dexterity.po", "size": 1357}, {"hash": {"mode": "sha256", "value": "lVpTFD4SCYxBuzHiG-s8a8ao0Laxq8W0JXJH9RuGmBk"}, "path": "plone/dexterity/locales/eu/LC_MESSAGES/plone.dexterity.mo", "size": 901}, {"hash": {"mode": "sha256", "value": "EQSqmSAi0LHCaMEnOPF7sSjm4i1o-bIiHvuwdjAlBtk"}, "path": "plone/dexterity/locales/eu/LC_MESSAGES/plone.dexterity.po", "size": 1553}, {"hash": {"mode": "sha256", "value": "y7aiR9028dPfIuKawY1r_0xnlA-M-DjBrWTH8lBxpmU"}, "path": "plone/dexterity/locales/fi/LC_MESSAGES/plone.dexterity.mo", "size": 875}, {"hash": {"mode": "sha256", "value": "UNfzECc7r2bOHbYBLRqE-k7QVcyNxlZ9NF-VxyFUVHw"}, "path": "plone/dexterity/locales/fi/LC_MESSAGES/plone.dexterity.po", "size": 1323}, {"hash": {"mode": "sha256", "value": "2JYQiEkrzChtzPD2hQG6Abb3FbzHqRVLH1GbuIUnvmg"}, "path": "plone/dexterity/locales/fr/LC_MESSAGES/plone.dexterity.mo", "size": 863}, {"hash": {"mode": "sha256", "value": "avtpT2uyMuM12c-OefMCHN85Y45HeXT8vKR7suwRr4c"}, "path": "plone/dexterity/locales/fr/LC_MESSAGES/plone.dexterity.po", "size": 1593}, {"hash": {"mode": "sha256", "value": "IX8dmzNPkMW0meoXo3Dv0Vfn-oPMeC7CD4HAMfKFqKc"}, "path": "plone/dexterity/locales/it/LC_MESSAGES/plone.dexterity.mo", "size": 908}, {"hash": {"mode": "sha256", "value": "i53B9a_u9J18e4AzQJCg-eWhkor0o1_3fr6q6s-6hiI"}, "path": "plone/dexterity/locales/it/LC_MESSAGES/plone.dexterity.po", "size": 1359}, {"hash": {"mode": "sha256", "value": "l3NqU-z-gYrkiorrIkyoIXbg3J9E4lTem7FUVu3IwI4"}, "path": "plone/dexterity/locales/ja/LC_MESSAGES/plone.dexterity.mo", "size": 971}, {"hash": {"mode": "sha256", "value": "6nRL-O6P9e5ni4oDONMjtoni-BFty6pVQ3_weKkzH90"}, "path": "plone/dexterity/locales/ja/LC_MESSAGES/plone.dexterity.po", "size": 1625}, {"hash": {"mode": "sha256", "value": "G7oitLklZS13ta64fCx63NPGImtYNk4gtPQ8XTDh1Y4"}, "path": "plone/dexterity/locales/nl/LC_MESSAGES/plone.dexterity.mo", "size": 920}, {"hash": {"mode": "sha256", "value": "dcp6FUwhtS2mYQPMbksNpVtmOLHY2cP_gpzZQlKe2v8"}, "path": "plone/dexterity/locales/nl/LC_MESSAGES/plone.dexterity.po", "size": 1605}, {"hash": {"mode": "sha256", "value": "Z5HbYuh3soZRKqFHlJyd4YxSCWoqlt-E5bWv7ZTYjxA"}, "path": "plone/dexterity/locales/no/LC_MESSAGES/plone.dexterity.mo", "size": 859}, {"hash": {"mode": "sha256", "value": "yYq4Vx8kfScnW1dfdWbRTl5PGouvx5c8iIG5Vw6DXDM"}, "path": "plone/dexterity/locales/no/LC_MESSAGES/plone.dexterity.po", "size": 1511}, {"hash": {"mode": "sha256", "value": "D22wQnxnUnkvlKhgC_yufQQndy_X9fpMqptv7-G4hPM"}, "path": "plone/dexterity/locales/plone.dexterity.pot", "size": 1362}, {"hash": {"mode": "sha256", "value": "G63zAX5mE2S533oLUAiPPKo9g0c1t_d-1GPabThVN60"}, "path": "plone/dexterity/locales/pt_BR/LC_MESSAGES/plone.dexterity.mo", "size": 868}, {"hash": {"mode": "sha256", "value": "71_EWBP9joQCM7TIKc9UggSHpRPCFQmEz1yMPHR8VjQ"}, "path": "plone/dexterity/locales/pt_BR/LC_MESSAGES/plone.dexterity.po", "size": 1316}, {"hash": {"mode": "sha256", "value": "mArvzYHqvnxtaSXruYGVEELlj_FBnyvLIlK7pyM4uh4"}, "path": "plone/dexterity/locales/sv/LC_MESSAGES/plone.dexterity.mo", "size": 885}, {"hash": {"mode": "sha256", "value": "YGdEg0qIOaksJQeOT5xNrlf92MvxrZ5Tt4KvgZ1JpwY"}, "path": "plone/dexterity/locales/sv/LC_MESSAGES/plone.dexterity.po", "size": 1502}, {"hash": {"mode": "sha256", "value": "l0REMQIqOHMlnwA-OHqsTtQUzLr7UHCaO0GCY8tOHdc"}, "path": "plone/dexterity/locales/zh_CN/LC_MESSAGES/plone.dexterity.mo", "size": 860}, {"hash": {"mode": "sha256", "value": "NbP4fvggDKw2mBVbIb6HHS7JmxsR9UOs6pjZ7DqSEHU"}, "path": "plone/dexterity/locales/zh_CN/LC_MESSAGES/plone.dexterity.po", "size": 1526}, {"hash": {"mode": "sha256", "value": "GeOyceprD-X8DUv7r36hUDuF7dJ-k3sdgX1SAUQKdAI"}, "path": "plone/dexterity/locales/zh_TW/LC_MESSAGES/plone.dexterity.mo", "size": 869}, {"hash": {"mode": "sha256", "value": "wVmViDX3Kb6THE4F3RQmQS4SfH8SqLiCcZUu9pRKBcA"}, "path": "plone/dexterity/locales/zh_TW/LC_MESSAGES/plone.dexterity.po", "size": 1527}, {"hash": {"mode": "sha256", "value": "OCXER8Hpbw-OMU5ZtQ5cFI8dJgWIGYwsc-qK0npRgZE"}, "path": "plone/dexterity/meta.zcml", "size": 223}, {"hash": {"mode": "sha256", "value": "Fgg7sGMzSbqG0ylBGsqEr-gwSZ0qVu0yYVmYK6ZIP4k"}, "path": "plone/dexterity/primary.py", "size": 1022}, {"hash": {"mode": "sha256", "value": "mNz2ygPaC_kx3TvXwmC8l_9HwsEo_hTwr217VKOJlJs"}, "path": "plone/dexterity/schema.py", "size": 7095}, {"hash": {"mode": "sha256", "value": "47DEQpj8HBSa-_TImW-5JCeuQeRkm5NMpJWZG3hSuFU"}, "path": "plone/dexterity/tests/__init__.py", "size": 0}, {"hash": null, "path": "plone/dexterity/tests/__pycache__/__init__.cpython-37.pyc", "size": null}, {"hash": null, "path": "plone/dexterity/tests/__pycache__/schemata.cpython-37.pyc", "size": null}, {"hash": null, "path": "plone/dexterity/tests/__pycache__/test_behavior.cpython-37.pyc", "size": null}, {"hash": null, "path": "plone/dexterity/tests/__pycache__/test_content.cpython-37.pyc", "size": null}, {"hash": null, "path": "plone/dexterity/tests/__pycache__/test_content_integration.cpython-37.pyc", "size": null}, {"hash": null, "path": "plone/dexterity/tests/__pycache__/test_exportimport.cpython-37.pyc", "size": null}, {"hash": null, "path": "plone/dexterity/tests/__pycache__/test_factory.cpython-37.pyc", "size": null}, {"hash": null, "path": "plone/dexterity/tests/__pycache__/test_fti.cpython-37.pyc", "size": null}, {"hash": null, "path": "plone/dexterity/tests/__pycache__/test_primary.cpython-37.pyc", "size": null}, {"hash": null, "path": "plone/dexterity/tests/__pycache__/test_schema.cpython-37.pyc", "size": null}, {"hash": null, "path": "plone/dexterity/tests/__pycache__/test_schema_cache.cpython-37.pyc", "size": null}, {"hash": null, "path": "plone/dexterity/tests/__pycache__/test_security.cpython-37.pyc", "size": null}, {"hash": null, "path": "plone/dexterity/tests/__pycache__/test_utils.cpython-37.pyc", "size": null}, {"hash": null, "path": "plone/dexterity/tests/__pycache__/test_views.cpython-37.pyc", "size": null}, {"hash": {"mode": "sha256", "value": "YxVnbp9e8pMUOEdYFTW4z1w71TEvuKT50mTEdacyOmk"}, "path": "plone/dexterity/tests/schemata.py", "size": 716}, {"hash": {"mode": "sha256", "value": "7Vg-3lWgoQiLtW66KLWY2sJMyGsROtrPo4vl-gE44gw"}, "path": "plone/dexterity/tests/test.xml", "size": 458}, {"hash": {"mode": "sha256", "value": "wKQigakCeQCLvlcF8vsrFd-K6ovhxVQSyfhJAE4n3UY"}, "path": "plone/dexterity/tests/test_behavior.py", "size": 2129}, {"hash": {"mode": "sha256", "value": "BE2xjdq3esHscP9OEu0ocxJVA74Hjn55AA72_7xNSac"}, "path": "plone/dexterity/tests/test_content.py", "size": 35277}, {"hash": {"mode": "sha256", "value": "E0B8W33_ebJDqZM5uqHkRDOCkzlBAGtqiTrNa_AUuMw"}, "path": "plone/dexterity/tests/test_content_integration.py", "size": 954}, {"hash": {"mode": "sha256", "value": "qwLcER2KVvjg0Tz2acioRMRNhAtE0EdoMI45FVoWL98"}, "path": "plone/dexterity/tests/test_exportimport.py", "size": 1497}, {"hash": {"mode": "sha256", "value": "03amweIuqs11oMse___l5O4MGIRHaEnYsq7LwBl-lss"}, "path": "plone/dexterity/tests/test_factory.py", "size": 6285}, {"hash": {"mode": "sha256", "value": "hbIs1p_oQEOKK_heLxKba5IiSOUfGgebgtX0aJLSraU"}, "path": "plone/dexterity/tests/test_fti.py", "size": 34595}, {"hash": {"mode": "sha256", "value": "yqtFqn-FnKZqKFNdXdGpWKcTBOvcF1H0f047DTn6ok4"}, "path": "plone/dexterity/tests/test_primary.py", "size": 1337}, {"hash": {"mode": "sha256", "value": "Wn0K9BSN0RSe8m9DdRWZweySqFIHqgmGK-pU7z48HNU"}, "path": "plone/dexterity/tests/test_schema.py", "size": 5468}, {"hash": {"mode": "sha256", "value": "Va7EsY6N3DlU1ifi8jhs7ifnC2KCtMudhyF5G6sfvRM"}, "path": "plone/dexterity/tests/test_schema_cache.py", "size": 4230}, {"hash": {"mode": "sha256", "value": "VZ3YLYG-fe2SEitPaK-zzjhu62vAnq_qGoizV3YxR5o"}, "path": "plone/dexterity/tests/test_security.py", "size": 10612}, {"hash": {"mode": "sha256", "value": "9DJDqcbg0nBwtadnw7TdRN34jbnpy243tItGGI__Wdo"}, "path": "plone/dexterity/tests/test_utils.py", "size": 3183}, {"hash": {"mode": "sha256", "value": "BlAIoyUw6MNimh-ueZKHfLd_qV8gNcPfsKgw6EZFVD0"}, "path": "plone/dexterity/tests/test_views.py", "size": 17029}, {"hash": {"mode": "sha256", "value": "j_xqMThyPO-tCNwh0XOySVLjY3v9lxrOjsKabGb_IR0"}, "path": "plone/dexterity/tests/test_webdav.py", "size": 41575}, {"hash": {"mode": "sha256", "value": "Z_mKpEonl99-iZ1TLPT6XLQFTdgFYw7_HcNyvcOnDXg"}, "path": "plone/dexterity/utils.py", "size": 8802}], "metadata": {"Author": "Martin Aspeli", "Author-email": "optilude@gmail.com", "Classifier": ["Framework :: Plone", "Programming Language :: Python", "Topic :: Software Development :: Libraries :: Python Modules"], "Home-page": "http://code.google.com/p/dexterity", "License": "GPL version 2", "Metadata-Version": "2.1", "Name": "plone.dexterity", "Platform": ["UNKNOWN"], "Provides-Extra": ["test"], "Requires-Dist": ["plone.alterego", "plone.autoform (>=1.0b2)", "plone.behavior (>=1.0b5)", "plone.folder", "plone.memoize", "plone.rfc822", "plone.supermodel (>=1.0b2)", "plone.synchronize", "plone.uuid", "plone.z3cform (>=0.6.0)", "Products.CMFCore", "Products.CMFDynamicViewFTI", "Products.statusmessages", "setuptools", "Zope2", "zope.annotation", "zope.browser", "zope.component", "zope.container", "zope.dottedname", "zope.interface", "zope.lifecycleevent", "zope.location", "zope.publisher", "zope.schema", "zope.security", "zope.filerepresentation (>=3.6.0)", "zope.size", "ZODB3", "plone.mocktestcase (>=1.0b3) ; extra == 'test'", "plone.testing ; extra == 'test'"], "Summary": "Flexible CMF content", "Version": "2.2.0"}, "requires": ["plone.alterego", "plone.autoform (>=1.0b2)", "plone.behavior (>=1.0b5)", "plone.folder", "plone.memoize", "plone.rfc822", "plone.supermodel (>=1.0b2)", "plone.synchronize", "plone.uuid", "plone.z3cform (>=0.6.0)", "Products.CMFCore", "Products.CMFDynamicViewFTI", "Products.statusmessages", "setuptools", "Zope2", "zope.annotation", "zope.browser", "zope.component", "zope.container", "zope.dottedname", "zope.interface", "zope.lifecycleevent", "zope.location", "zope.publisher", "zope.schema", "zope.security", "zope.filerepresentation (>=3.6.0)", "zope.size", "ZODB3", "plone.mocktestcase (>=1.0b3) ; extra == 'test'", "plone.testing ; extra == 'test'"], "version": "2.2.0"}, "index_url": "https://pypi.org/simple", "package_name": "plone.dexterity", "package_version": "2.2.0", "package_version_requested": "2.2.0", "sha256": ["862712f62b1640a386aa49e22be7edfa4a4b02616e1bdc5993e62c5cc55573c0"]}], "unparsed": [], "unresolved": []}}