{"metadata": {"analyzer": "thoth-solver", "analyzer_version": "1.4.1", "arguments": {"python": {"exclude_packages": null, "index": "https://pypi.org/simple", "no_pretty": false, "no_transitive": true, "output": "http://result-api/api/v1/solver-result", "requirements": "flask-appbuilder==1.12.1", "virtualenv": "/home/solver/venv"}, "thoth-solver": {"verbose": false}}, "datetime": "2019-12-24T16:51:54.037549", "distribution": {"codename": "", "id": "fedora", "like": "", "version": "31", "version_parts": {"build_number": "", "major": "31", "minor": ""}}, "document_id": "solver-fedora-31-py37-035a8faf", "duration": 5, "hostname": "solver-fedora-31-py37-035a8faf-ct2wd", "os_release": {"id": "fedora", "name": "Fedora", "platform_id": "platform:f31", "redhat_bugzilla_product": "Fedora", "redhat_bugzilla_product_version": "31", "redhat_support_product": "Fedora", "redhat_support_product_version": "31", "variant_id": "container", "version": "31 (Container Image)", "version_id": "31"}, "python": {"api_version": 1013, "implementation_name": "cpython", "major": 3, "micro": 5, "minor": 7, "releaselevel": "final", "serial": 0}, "thoth_deployment_name": "thoth-psi-stage", "timestamp": 1577206314}, "result": {"environment": {"implementation_name": "cpython", "implementation_version": "3.7.5", "os_name": "posix", "platform_machine": "x86_64", "platform_python_implementation": "CPython", "platform_release": "3.10.0-957.21.2.el7.x86_64", "platform_system": "Linux", "platform_version": "#1 SMP Tue May 28 09:26:43 UTC 2019", "python_full_version": "3.7.5", "python_version": "3.7", "sys_platform": "linux"}, "environment_packages": [{"package_name": "pipdeptree", "package_version": "0.13.2"}], "errors": [], "tree": [{"dependencies": [{"extra": [], "extras": [], "marker": null, "marker_evaluated": null, "marker_evaluation_error": null, "marker_evaluation_result": true, "normalized_package_name": "colorama", "package_name": "colorama", "resolved_versions": [{"index": "https://pypi.org/simple", "versions": ["0.3.9", "0.4.0", "0.4.1", "0.4.2", "0.4.3"]}], "specifier": "<1,>=0.3.9"}, {"extra": [], "extras": [], "marker": null, "marker_evaluated": null, "marker_evaluation_error": null, "marker_evaluation_result": true, "normalized_package_name": "click", "package_name": "click", "resolved_versions": [{"index": "https://pypi.org/simple", "versions": ["6.7", "7.0"]}], "specifier": "<8,>=6.7"}, {"extra": [], "extras": [], "marker": null, "marker_evaluated": null, "marker_evaluation_error": null, "marker_evaluation_result": true, "normalized_package_name": "flask", "package_name": "Flask", "resolved_versions": [{"index": "https://pypi.org/simple", "versions": ["0.12", "0.12.1", "0.12.2", "0.12.3", "0.12.4", "1.0", "1.0.1", "1.0.2", "1.0.3", "1.0.4", "1.1.0", "1.1.1"]}], "specifier": "<2,>=0.12"}, {"extra": [], "extras": [], "marker": null, "marker_evaluated": null, "marker_evaluation_error": null, "marker_evaluation_result": true, "normalized_package_name": "flask-babel", "package_name": "Flask-Babel", "resolved_versions": [{"index": "https://pypi.org/simple", "versions": ["0.11.1", "0.11.2", "0.12.0", "0.12.2"]}], "specifier": "<1,>=0.11.1"}, {"extra": [], "extras": [], "marker": null, "marker_evaluated": null, "marker_evaluation_error": null, "marker_evaluation_result": true, "normalized_package_name": "flask-login", "package_name": "Flask-Login", "resolved_versions": [{"index": "https://pypi.org/simple", "versions": ["0.3.0", "0.3.1", "0.3.2", "0.4.0", "0.4.1"]}], "specifier": "<0.5,>=0.3"}, {"extra": [], "extras": [], "marker": null, "marker_evaluated": null, "marker_evaluation_error": null, "marker_evaluation_result": true, "normalized_package_name": "flask-openid", "package_name": "Flask-OpenID", "resolved_versions": [{"index": "https://pypi.org/simple", "versions": ["1.2.5"]}], "specifier": "<2,>=1.2.5"}, {"extra": [], "extras": [], "marker": null, "marker_evaluated": null, "marker_evaluation_error": null, "marker_evaluation_result": true, "normalized_package_name": "flask-sqlalchemy", "package_name": "Flask-SQLAlchemy", "resolved_versions": [{"index": "https://pypi.org/simple", "versions": ["2.3.0", "2.3.1", "2.3.2", "2.4.0", "2.4.1"]}], "specifier": "<3,>=2.3"}, {"extra": [], "extras": [], "marker": null, "marker_evaluated": null, "marker_evaluation_error": null, "marker_evaluation_result": true, "normalized_package_name": "flask-wtf", "package_name": "Flask-WTF", "resolved_versions": [{"index": "https://pypi.org/simple", "versions": ["0.14.2"]}], "specifier": "<1,>=0.14.2"}, {"extra": [], "extras": [], "marker": null, "marker_evaluated": null, "marker_evaluation_error": null, "marker_evaluation_result": true, "normalized_package_name": "python-dateutil", "package_name": "python-dateutil", "resolved_versions": [{"index": "https://pypi.org/simple", "versions": ["2.3", "2.4.0", "2.4.1", "2.4.2", "2.5.0", "2.5.1", "2.5.2", "2.5.3", "2.6.0", "2.6.1", "2.7.0", "2.7.1", "2.7.2", "2.7.3", "2.7.4", "2.7.5", "2.8.0", "2.8.1"]}], "specifier": "<3,>=2.3"}], "importlib_metadata": {"entry_points": [{"group": "console_scripts", "name": "fabmanager", "value": "flask_appbuilder.console:cli"}], "files": [{"hash": {"mode": "sha256", "value": "A9r6rMuIakCX30iEeVXrktdNT31NBDOP4DUBiT9bJy4"}, "path": "../../../bin/fabmanager", "size": 234}, {"hash": {"mode": "sha256", "value": "zuuue4knoyJ-UwPPXg8fezS7VCrXJQrAP7zeNuwvFQg"}, "path": "Flask_AppBuilder-1.12.1.dist-info/INSTALLER", "size": 4}, {"hash": {"mode": "sha256", "value": "pZ-ajm1I_0h91a1peoZFSemkiFE8kK1H_xmV_cxlQlY"}, "path": "Flask_AppBuilder-1.12.1.dist-info/LICENSE", "size": 1493}, {"hash": {"mode": "sha256", "value": "hsBhE_0gKeOuWS-x_j7t5uTyGPD8k5H41EVXdsnaiFk"}, "path": "Flask_AppBuilder-1.12.1.dist-info/METADATA", "size": 7877}, {"hash": null, "path": "Flask_AppBuilder-1.12.1.dist-info/RECORD", "size": null}, {"hash": {"mode": "sha256", "value": "wYBY2EO50FhAcckpWmO3c3Zwk2MALACx6lPAl6gVKnE"}, "path": "Flask_AppBuilder-1.12.1.dist-info/WHEEL", "size": 93}, {"hash": {"mode": "sha256", "value": "X_b2MZGpUsRKVC_4pew9PQByJcOg_2qfXq3Wea75HD4"}, "path": "Flask_AppBuilder-1.12.1.dist-info/entry_points.txt", "size": 61}, {"hash": {"mode": "sha256", "value": "euvUHRbi_B8EtdYog5dI3s23PbJtPB0rvNRmKg7-GM0"}, "path": "Flask_AppBuilder-1.12.1.dist-info/top_level.txt", "size": 26}, {"hash": {"mode": "sha256", "value": "TE-VCpdhNqMtXpB130d0C2BwB9Xs12uHj69-S4HXDpk"}, "path": "examples/__init__.py", "size": 25}, {"hash": null, "path": "examples/__pycache__/__init__.cpython-37.pyc", "size": null}, {"hash": {"mode": "sha256", "value": "lgaxH1MrIu8bAiOlaKgOpcih2kzL3yT4Wm1EkLbmjpQ"}, "path": "flask_appbuilder/__init__.py", "size": 512}, {"hash": null, "path": "flask_appbuilder/__pycache__/__init__.cpython-37.pyc", "size": null}, {"hash": null, "path": "flask_appbuilder/__pycache__/_compat.cpython-37.pyc", "size": null}, {"hash": null, "path": "flask_appbuilder/__pycache__/actions.cpython-37.pyc", "size": null}, {"hash": null, "path": "flask_appbuilder/__pycache__/base.cpython-37.pyc", "size": null}, {"hash": null, "path": "flask_appbuilder/__pycache__/baseapp.cpython-37.pyc", "size": null}, {"hash": null, "path": "flask_appbuilder/__pycache__/basemanager.cpython-37.pyc", "size": null}, {"hash": null, "path": "flask_appbuilder/__pycache__/baseviews.cpython-37.pyc", "size": null}, {"hash": null, "path": "flask_appbuilder/__pycache__/console.cpython-37.pyc", "size": null}, {"hash": null, "path": "flask_appbuilder/__pycache__/const.cpython-37.pyc", "size": null}, {"hash": null, "path": "flask_appbuilder/__pycache__/fields.cpython-37.pyc", "size": null}, {"hash": null, "path": "flask_appbuilder/__pycache__/fieldwidgets.cpython-37.pyc", "size": null}, {"hash": null, "path": "flask_appbuilder/__pycache__/filemanager.cpython-37.pyc", "size": null}, {"hash": null, "path": "flask_appbuilder/__pycache__/filters.cpython-37.pyc", "size": null}, {"hash": null, "path": "flask_appbuilder/__pycache__/forms.cpython-37.pyc", "size": null}, {"hash": null, "path": "flask_appbuilder/__pycache__/menu.cpython-37.pyc", "size": null}, {"hash": null, "path": "flask_appbuilder/__pycache__/messages.cpython-37.pyc", "size": null}, {"hash": null, "path": "flask_appbuilder/__pycache__/upload.cpython-37.pyc", "size": null}, {"hash": null, "path": "flask_appbuilder/__pycache__/urltools.cpython-37.pyc", "size": null}, {"hash": null, "path": "flask_appbuilder/__pycache__/validators.cpython-37.pyc", "size": null}, {"hash": null, "path": "flask_appbuilder/__pycache__/version.cpython-37.pyc", "size": null}, {"hash": null, "path": "flask_appbuilder/__pycache__/views.cpython-37.pyc", "size": null}, {"hash": null, "path": "flask_appbuilder/__pycache__/widgets.cpython-37.pyc", "size": null}, {"hash": {"mode": "sha256", "value": "6rrXES9TSuWkkaNeeKqdfsDqnKvQ-zBjFFO-Ni5TcOY"}, "path": "flask_appbuilder/_compat.py", "size": 1895}, {"hash": {"mode": "sha256", "value": "7KDc09LJsnYsmLMY2pN9uPYEyXYAy9LNtyOgvezHxJ4"}, "path": "flask_appbuilder/actions.py", "size": 1305}, {"hash": {"mode": "sha256", "value": "47DEQpj8HBSa-_TImW-5JCeuQeRkm5NMpJWZG3hSuFU"}, "path": "flask_appbuilder/babel/__init__.py", "size": 0}, {"hash": null, "path": "flask_appbuilder/babel/__pycache__/__init__.cpython-37.pyc", "size": null}, {"hash": null, "path": "flask_appbuilder/babel/__pycache__/manager.cpython-37.pyc", "size": null}, {"hash": null, "path": "flask_appbuilder/babel/__pycache__/views.cpython-37.pyc", "size": null}, {"hash": {"mode": "sha256", "value": "xCbv7X53pB3Epv2ETgc4_VIDLIRmZn8u7MOW3M8DSfE"}, "path": "flask_appbuilder/babel/manager.py", "size": 1619}, {"hash": {"mode": "sha256", "value": "d0eZbjbAYCL2FnLdzifD2mE965lgXJdFazDDz6qXGwQ"}, "path": "flask_appbuilder/babel/views.py", "size": 383}, {"hash": {"mode": "sha256", "value": "pxkBVxQ4ZLHJgdT4DQwvl595gu2p6vz0RP9UcmIYerM"}, "path": "flask_appbuilder/base.py", "size": 17700}, {"hash": {"mode": "sha256", "value": "ZUZvfXgKXMMuyyoQY2OEPXhEeV0p81xWf6k-2_swwBg"}, "path": "flask_appbuilder/baseapp.py", "size": 95}, {"hash": {"mode": "sha256", "value": "ExRjuj-OlgOJmmk5SRoeyBLKSMzf9sP-YwQAIAu6WaA"}, "path": "flask_appbuilder/basemanager.py", "size": 288}, {"hash": {"mode": "sha256", "value": "5wAQG02fsiKR8MHdQMCmpIKE8_h6bDB8e3b9b5zjVic"}, "path": "flask_appbuilder/baseviews.py", "size": 43393}, {"hash": {"mode": "sha256", "value": "47DEQpj8HBSa-_TImW-5JCeuQeRkm5NMpJWZG3hSuFU"}, "path": "flask_appbuilder/charts/__init__.py", "size": 0}, {"hash": null, "path": "flask_appbuilder/charts/__pycache__/__init__.cpython-37.pyc", "size": null}, {"hash": null, "path": "flask_appbuilder/charts/__pycache__/jsontools.cpython-37.pyc", "size": null}, {"hash": null, "path": "flask_appbuilder/charts/__pycache__/views.cpython-37.pyc", "size": null}, {"hash": null, "path": "flask_appbuilder/charts/__pycache__/widgets.cpython-37.pyc", "size": null}, {"hash": {"mode": "sha256", "value": "sXY1sRurC7z37BL_mz1aIeilN4JgOEjuAFAOeUGRLqI"}, "path": "flask_appbuilder/charts/jsontools.py", "size": 1417}, {"hash": {"mode": "sha256", "value": "oGX9cyr7THv7lL2QY-xo7HG_zjm4icCp_W59-jJn0NE"}, "path": "flask_appbuilder/charts/views.py", "size": 19330}, {"hash": {"mode": "sha256", "value": "QMHjpuV4jT6FIdNPZ8nk7Sr6XNfDRz0VPpvL9VlCfmQ"}, "path": "flask_appbuilder/charts/widgets.py", "size": 383}, {"hash": {"mode": "sha256", "value": "2t3TU6LTzouywbw8Jo1-hiJZ4A7sYQ8dHFY6em_uD8U"}, "path": "flask_appbuilder/console.py", "size": 13069}, {"hash": {"mode": "sha256", "value": "Qa3f_KuB9Pm6QevKnmLGbpd8E1SZTubnvmhafjKB8Y0"}, "path": "flask_appbuilder/const.py", "size": 6009}, {"hash": {"mode": "sha256", "value": "TKAi_ljgWGrCByZaAH4m5HRZHWhaQk0pF3i66luNPj0"}, "path": "flask_appbuilder/fields.py", "size": 8580}, {"hash": {"mode": "sha256", "value": "-4KLgZVYYt-MnYBZPxXtwer2ra4UU4HDCEKStznMjAk"}, "path": "flask_appbuilder/fieldwidgets.py", "size": 6475}, {"hash": {"mode": "sha256", "value": "QRhQi8Y9olCZAlrCVHWizQnTYFfpWNAcyu1V1dyNJkY"}, "path": "flask_appbuilder/filemanager.py", "size": 8693}, {"hash": {"mode": "sha256", "value": "xl06HlUM-vA1bVIjnH2kKBiLO0D11iWYkoTMAHWgN5g"}, "path": "flask_appbuilder/filters.py", "size": 4494}, {"hash": {"mode": "sha256", "value": "YoTZjTrcv3YiSLodJdpxSDhjfArsWpcgDM_tZZsjzY8"}, "path": "flask_appbuilder/forms.py", "size": 11616}, {"hash": {"mode": "sha256", "value": "n9YGhH1t9jK5xTIGieRd4lFnlurDnKI64Wh9mhHiYj8"}, "path": "flask_appbuilder/menu.py", "size": 3382}, {"hash": {"mode": "sha256", "value": "LNOr3j35KtbfDBUjYjFm5UM0KuH7B2guSq65xa0kb8E"}, "path": "flask_appbuilder/messages.py", "size": 265}, {"hash": {"mode": "sha256", "value": "AbpHGcgLb-kRsJGnwFEktk7uzpZOCcBY74-YBdrKVGs"}, "path": "flask_appbuilder/models/__init__.py", "size": 1}, {"hash": null, "path": "flask_appbuilder/models/__pycache__/__init__.cpython-37.pyc", "size": null}, {"hash": null, "path": "flask_appbuilder/models/__pycache__/base.cpython-37.pyc", "size": null}, {"hash": null, "path": "flask_appbuilder/models/__pycache__/datamodel.cpython-37.pyc", "size": null}, {"hash": null, "path": "flask_appbuilder/models/__pycache__/decorators.cpython-37.pyc", "size": null}, {"hash": null, "path": "flask_appbuilder/models/__pycache__/filters.cpython-37.pyc", "size": null}, {"hash": null, "path": "flask_appbuilder/models/__pycache__/group.cpython-37.pyc", "size": null}, {"hash": null, "path": "flask_appbuilder/models/__pycache__/mixins.cpython-37.pyc", "size": null}, {"hash": {"mode": "sha256", "value": "ca3_ir632Nrrlk6ZQk2_hL-gQrGELLQbArAOpaz-Iu8"}, "path": "flask_appbuilder/models/base.py", "size": 9034}, {"hash": {"mode": "sha256", "value": "F862tkBEY8sih_SQb04O2NC6Ax7S_ZeHTivtGGtEgFA"}, "path": "flask_appbuilder/models/datamodel.py", "size": 91}, {"hash": {"mode": "sha256", "value": "qIU045wqZfLkj9LeoeYrqIKTln9QT21I00aY62_5QVg"}, "path": "flask_appbuilder/models/decorators.py", "size": 918}, {"hash": {"mode": "sha256", "value": "fRxk70aYpnaCkakxYuQmTAoniwJ0pePTH0wPuQiuuqg"}, "path": "flask_appbuilder/models/filters.py", "size": 7142}, {"hash": {"mode": "sha256", "value": "QFEIzV41AYm64xU-koJGoALEjnhGdyav5NPW_0SMD10"}, "path": "flask_appbuilder/models/generic/__init__.py", "size": 12997}, {"hash": null, "path": "flask_appbuilder/models/generic/__pycache__/__init__.cpython-37.pyc", "size": null}, {"hash": null, "path": "flask_appbuilder/models/generic/__pycache__/filters.cpython-37.pyc", "size": null}, {"hash": null, "path": "flask_appbuilder/models/generic/__pycache__/interface.cpython-37.pyc", "size": null}, {"hash": {"mode": "sha256", "value": "F0jsorwP8G1Uti3kNl9k0mrTY2qW7atq1ZnJlSEGT4s"}, "path": "flask_appbuilder/models/generic/filters.py", "size": 3104}, {"hash": {"mode": "sha256", "value": "JhDIiSXFYuH0NGaksr2iBFDk8hycncH_W8H9mTaERw4"}, "path": "flask_appbuilder/models/generic/interface.py", "size": 2213}, {"hash": {"mode": "sha256", "value": "wCt6H1TEsnfJbFyPKpy3Xdq3qG6667pRFGOaXNEhBlE"}, "path": "flask_appbuilder/models/group.py", "size": 10757}, {"hash": {"mode": "sha256", "value": "zSgId7iGBaMoSMIWqudjGKvokoaCRIlfFu70sCyboBQ"}, "path": "flask_appbuilder/models/mixins.py", "size": 2531}, {"hash": {"mode": "sha256", "value": "47DEQpj8HBSa-_TImW-5JCeuQeRkm5NMpJWZG3hSuFU"}, "path": "flask_appbuilder/models/mongoengine/__init__.py", "size": 0}, {"hash": null, "path": "flask_appbuilder/models/mongoengine/__pycache__/__init__.cpython-37.pyc", "size": null}, {"hash": null, "path": "flask_appbuilder/models/mongoengine/__pycache__/fields.cpython-37.pyc", "size": null}, {"hash": null, "path": "flask_appbuilder/models/mongoengine/__pycache__/filters.cpython-37.pyc", "size": null}, {"hash": null, "path": "flask_appbuilder/models/mongoengine/__pycache__/interface.cpython-37.pyc", "size": null}, {"hash": {"mode": "sha256", "value": "Kw15iJkOxy4VCVD0LVcw9vyaZJqLRh-fwHKq33GpbPY"}, "path": "flask_appbuilder/models/mongoengine/fields.py", "size": 1745}, {"hash": {"mode": "sha256", "value": "GlPI6C5bLHG-1Qrpqg9AXKyGHE150ARDqQBC4iOXI_I"}, "path": "flask_appbuilder/models/mongoengine/filters.py", "size": 4744}, {"hash": {"mode": "sha256", "value": "HIyGq8fWVKwiXC8lnK5bkQMqV3SJ95F3PFu5Q63Z3Po"}, "path": "flask_appbuilder/models/mongoengine/interface.py", "size": 9665}, {"hash": {"mode": "sha256", "value": "ghEpr5rpl1yWv36SfJ2M3cbLE0qLMecqVJ674Q6HpjA"}, "path": "flask_appbuilder/models/sqla/__init__.py", "size": 2641}, {"hash": null, "path": "flask_appbuilder/models/sqla/__pycache__/__init__.cpython-37.pyc", "size": null}, {"hash": null, "path": "flask_appbuilder/models/sqla/__pycache__/filters.cpython-37.pyc", "size": null}, {"hash": null, "path": "flask_appbuilder/models/sqla/__pycache__/interface.cpython-37.pyc", "size": null}, {"hash": {"mode": "sha256", "value": "H83CCw9WFF1FxGsWzlOJlQH3LpA-auolEFrhPEBZoKw"}, "path": "flask_appbuilder/models/sqla/filters.py", "size": 9629}, {"hash": {"mode": "sha256", "value": "1EU7Plpz_NRzb5g5fEk4kzlmpREWOvgcSiSQOrc2TYk"}, "path": "flask_appbuilder/models/sqla/interface.py", "size": 19200}, {"hash": {"mode": "sha256", "value": "47DEQpj8HBSa-_TImW-5JCeuQeRkm5NMpJWZG3hSuFU"}, "path": "flask_appbuilder/security/__init__.py", "size": 0}, {"hash": null, "path": "flask_appbuilder/security/__pycache__/__init__.cpython-37.pyc", "size": null}, {"hash": null, "path": "flask_appbuilder/security/__pycache__/decorators.cpython-37.pyc", "size": null}, {"hash": null, "path": "flask_appbuilder/security/__pycache__/forms.cpython-37.pyc", "size": null}, {"hash": null, "path": "flask_appbuilder/security/__pycache__/manager.cpython-37.pyc", "size": null}, {"hash": null, "path": "flask_appbuilder/security/__pycache__/registerviews.cpython-37.pyc", "size": null}, {"hash": null, "path": "flask_appbuilder/security/__pycache__/views.cpython-37.pyc", "size": null}, {"hash": {"mode": "sha256", "value": "qTfjmtoKtL1jUs-At1imK-ACfAT389gqeE6zUygXiBI"}, "path": "flask_appbuilder/security/decorators.py", "size": 3863}, {"hash": {"mode": "sha256", "value": "T_UqYyCcJ8n-f8dG0yPeMnu_sk3cu1CIGVbqgOX9cmA"}, "path": "flask_appbuilder/security/forms.py", "size": 3683}, {"hash": {"mode": "sha256", "value": "Mr4HhiUzRMHkYcZ1NxeD_OF5iHoo_O_SFgAVoaM1bfc"}, "path": "flask_appbuilder/security/manager.py", "size": 43201}, {"hash": {"mode": "sha256", "value": "47DEQpj8HBSa-_TImW-5JCeuQeRkm5NMpJWZG3hSuFU"}, "path": "flask_appbuilder/security/mongoengine/__init__.py", "size": 0}, {"hash": null, "path": "flask_appbuilder/security/mongoengine/__pycache__/__init__.cpython-37.pyc", "size": null}, {"hash": null, "path": "flask_appbuilder/security/mongoengine/__pycache__/manager.cpython-37.pyc", "size": null}, {"hash": null, "path": "flask_appbuilder/security/mongoengine/__pycache__/models.cpython-37.pyc", "size": null}, {"hash": {"mode": "sha256", "value": "4Q2IABz_VgDqEsDs67cDlZplEpd5xn66K6ktX7awT6Q"}, "path": "flask_appbuilder/security/mongoengine/manager.py", "size": 12084}, {"hash": {"mode": "sha256", "value": "qpWL2RcUijW6UA7PjCNVma4nf51FPpIH706WigyObJ0"}, "path": "flask_appbuilder/security/mongoengine/models.py", "size": 3203}, {"hash": {"mode": "sha256", "value": "UikXPYPS-aRvx-_ZWsB9A0XA9ddPB13y21oSyNSexSU"}, "path": "flask_appbuilder/security/registerviews.py", "size": 11051}, {"hash": {"mode": "sha256", "value": "47DEQpj8HBSa-_TImW-5JCeuQeRkm5NMpJWZG3hSuFU"}, "path": "flask_appbuilder/security/sqla/__init__.py", "size": 0}, {"hash": null, "path": "flask_appbuilder/security/sqla/__pycache__/__init__.cpython-37.pyc", "size": null}, {"hash": null, "path": "flask_appbuilder/security/sqla/__pycache__/manager.cpython-37.pyc", "size": null}, {"hash": null, "path": "flask_appbuilder/security/sqla/__pycache__/models.cpython-37.pyc", "size": null}, {"hash": {"mode": "sha256", "value": "9vlINYSTqbGj5SLtSyNDjuqyE_PSnfAMad4d_zAE31Y"}, "path": "flask_appbuilder/security/sqla/manager.py", "size": 14982}, {"hash": {"mode": "sha256", "value": "5bLcVf0Vp31nBDPxiicGR03J3eZ07TQpMmuF6dCkjok"}, "path": "flask_appbuilder/security/sqla/models.py", "size": 5347}, {"hash": {"mode": "sha256", "value": "oWH-UpcHCoibKWtPgtVPTPqyu4DtQf01F9LdQYXjZno"}, "path": "flask_appbuilder/security/views.py", "size": 23123}, {"hash": {"mode": "sha256", "value": "aOC50-B-z7DwnX8eIfjnUTN1MeOFTCdmzqd7M8Tn0ks"}, "path": "flask_appbuilder/static/appbuilder/css/ab.css", "size": 587}, {"hash": {"mode": "sha256", "value": "916EbMg70RQy9LHiGkXzG8hSg9EdNy97GazNG_aiY1w"}, "path": "flask_appbuilder/static/appbuilder/css/bootstrap.min.css", "size": 121200}, {"hash": {"mode": "sha256", "value": "PIQl13D4lIyBiAcjulsBlrYzlFyja-zc73dzM3G0khw"}, "path": "flask_appbuilder/static/appbuilder/css/flags/flags16.css", "size": 10274}, {"hash": {"mode": "sha256", "value": "eZrrJcwDc_3uDhsdt61sL2oOBY362qM3lon1gyExkL0"}, "path": "flask_appbuilder/static/appbuilder/css/font-awesome.min.css", "size": 31000}, {"hash": {"mode": "sha256", "value": "kPkKJh9Kz2u6naJn3pH4VFgGpgr1DNzNOy2liHeU4Wk"}, "path": "flask_appbuilder/static/appbuilder/css/themes/amelia.css", "size": 105250}, {"hash": {"mode": "sha256", "value": "ypsxakqmNfVPJXwLJdWEHLEvD8AfFJjbmbm0L7r-NKk"}, "path": "flask_appbuilder/static/appbuilder/css/themes/cerulean.css", "size": 128257}, {"hash": {"mode": "sha256", "value": "GamwdmSkzX_X39UCQREOQHmmuU2ewsnrft1flUimjxA"}, "path": "flask_appbuilder/static/appbuilder/css/themes/cosmo.css", "size": 125618}, {"hash": {"mode": "sha256", "value": "OS83dfsRdMVkXGhSSJtvinOaQUUIYaFZfF2DBwdFqb0"}, "path": "flask_appbuilder/static/appbuilder/css/themes/cyborg.css", "size": 125625}, {"hash": {"mode": "sha256", "value": "tfn9eK1pJ8CzrxEY_X948VPX9saxc3sNrzhyU5IX-Yg"}, "path": "flask_appbuilder/static/appbuilder/css/themes/darkly.css", "size": 127667}, {"hash": {"mode": "sha256", "value": "r1WijW_SNMgOwk5LDk7QRHr6oVYYbYWMw_1kOXfYJfg"}, "path": "flask_appbuilder/static/appbuilder/css/themes/flatly.css", "size": 127321}, {"hash": {"mode": "sha256", "value": "kYdKrhixHriLImxTwnzcspMpgtCa0I-fL7UvFuMZwh8"}, "path": "flask_appbuilder/static/appbuilder/css/themes/journal.css", "size": 124501}, {"hash": {"mode": "sha256", "value": "KEHAl1y5UUOWwVkhJfJqQZsTY6phoWRgm7ECedah9Lw"}, "path": "flask_appbuilder/static/appbuilder/css/themes/lumen.css", "size": 130806}, {"hash": {"mode": "sha256", "value": "LxKiHTQko0DUCUSgrIK23SYMymvfuj8uxXmblBvVWm0"}, "path": "flask_appbuilder/static/appbuilder/css/themes/paper.css", "size": 141403}, {"hash": {"mode": "sha256", "value": "M4BawzpX2gZqpVcQ1m-1u-phtpgCuUP8wgn-fDlFPR8"}, "path": "flask_appbuilder/static/appbuilder/css/themes/readable.css", "size": 124537}, {"hash": {"mode": "sha256", "value": "ZQXv0eafHNkkygY9dYSfC7D5N3RwL2fRXwSlTI3wcJE"}, "path": "flask_appbuilder/static/appbuilder/css/themes/sandstone.css", "size": 124938}, {"hash": {"mode": "sha256", "value": "TKhQCpupjJ8Jh7dgjeNgBsEPk1eai3l57eH_w4h48ys"}, "path": "flask_appbuilder/static/appbuilder/css/themes/simplex.css", "size": 127551}, {"hash": {"mode": "sha256", "value": "cp9lCRHDsELuWqPLwCHG6LXz-nk32BzccNd0N2v5yjM"}, "path": "flask_appbuilder/static/appbuilder/css/themes/slate.css", "size": 142322}, {"hash": {"mode": "sha256", "value": "myOylmHaqDfIsXzix87RHS8ROCq2po3cAyCl_pxIMKE"}, "path": "flask_appbuilder/static/appbuilder/css/themes/solar.css", "size": 125030}, {"hash": {"mode": "sha256", "value": "EcfrF_G54HxW6buGJmPVuNLgViKrjyVncuaq11qAMUY"}, "path": "flask_appbuilder/static/appbuilder/css/themes/spacelab.css", "size": 131226}, {"hash": {"mode": "sha256", "value": "LEplvgQTKatd65f2Z_JThrYx_sdoKygi0dsC1h5sInE"}, "path": "flask_appbuilder/static/appbuilder/css/themes/superhero.css", "size": 126695}, {"hash": {"mode": "sha256", "value": "IYGI0ovdtvTnw19p8rG6jZjmlX-5x-4rw9uAhk-5OC4"}, "path": "flask_appbuilder/static/appbuilder/css/themes/united.css", "size": 122851}, {"hash": {"mode": "sha256", "value": "1XXigimvLzHb7NeEJIG76DRDmTpUtVywP6B-jvo_a7Q"}, "path": "flask_appbuilder/static/appbuilder/css/themes/yeti.css", "size": 127748}, {"hash": {"mode": "sha256", "value": "Eiq8ZD5YuwqjiAUVZu1j-XNFVCm2PYgdgyBxZx3G-y0"}, "path": "flask_appbuilder/static/appbuilder/datepicker/bootstrap-datepicker.css", "size": 3592}, {"hash": {"mode": "sha256", "value": "NSAKV375xByPnvivLjsKX5E38MWmllse9IX5GUYMNq8"}, "path": "flask_appbuilder/static/appbuilder/datepicker/bootstrap-datepicker.js", "size": 26667}, {"hash": {"mode": "sha256", "value": "RE3UNmYV_8ShbQErL6kBNwZdPMtBD6b9Xk3de15P_NU"}, "path": "flask_appbuilder/static/appbuilder/fonts/FontAwesome.otf", "size": 134808}, {"hash": {"mode": "sha256", "value": "e_yrbbmdXPvxcFygU23ceFhUMsxfpBu9etDwCQM7KXk"}, "path": "flask_appbuilder/static/appbuilder/fonts/fontawesome-webfont.eot", "size": 165742}, {"hash": {"mode": "sha256", "value": "rWFXkmwWIrpOHQPUePFUE2hSS_xG9R5C_g2UX37zI-Q"}, "path": "flask_appbuilder/static/appbuilder/fonts/fontawesome-webfont.svg", "size": 444379}, {"hash": {"mode": "sha256", "value": "qljzPyOaD7AvXHpsRcBD16msmgkzNYBmlOzW1O3A1qg"}, "path": "flask_appbuilder/static/appbuilder/fonts/fontawesome-webfont.ttf", "size": 165548}, {"hash": {"mode": "sha256", "value": "ugxZ3rVFD1y0Gz-TYJ7i0NmVQVh33foiPoqKdTNHTwc"}, "path": "flask_appbuilder/static/appbuilder/fonts/fontawesome-webfont.woff", "size": 98024}, {"hash": {"mode": "sha256", "value": "Kt78vAQefRj88tQXh53FoJmXqmTWdbejxLbOM9oT8_4"}, "path": "flask_appbuilder/static/appbuilder/fonts/fontawesome-webfont.woff2", "size": 77160}, {"hash": {"mode": "sha256", "value": "Yvy8R5b5khcoLzDGVHZPVy2b_Z333pzh43ki-jyvgSQ"}, "path": "flask_appbuilder/static/appbuilder/fonts/glyphicons-halflings-regular.eot", "size": 20290}, {"hash": {"mode": "sha256", "value": "zvPf_O84a-LI0TB3YXF-Lrn0PBUfLanxZH6dRUq_E6M"}, "path": "flask_appbuilder/static/appbuilder/fonts/glyphicons-halflings-regular.svg", "size": 62850}, {"hash": {"mode": "sha256", "value": "4nuWnvBP7Ts5AAt7l35gLW5qKxyMDWGL6_bdh1JD6jw"}, "path": "flask_appbuilder/static/appbuilder/fonts/glyphicons-halflings-regular.ttf", "size": 41236}, {"hash": {"mode": "sha256", "value": "Y_rwr0SkKPGCaG8NkkuzDjaalUljDHuYqWk5T1hDEGc"}, "path": "flask_appbuilder/static/appbuilder/fonts/glyphicons-halflings-regular.woff", "size": 23292}, {"hash": {"mode": "sha256", "value": "CPiVUhcQlOq_8lAC3Y16BEKs2sLfOnZBZNf_cSPeWOE"}, "path": "flask_appbuilder/static/appbuilder/img/aol.png", "size": 2483}, {"hash": {"mode": "sha256", "value": "MeZfyBLCdtgsJdGdPYKd3QFiDhJby6oLp1sVP1NbF4Q"}, "path": "flask_appbuilder/static/appbuilder/img/fab.png", "size": 2591}, {"hash": {"mode": "sha256", "value": "AdCgW859--5BhdPK6IJfLfHO8BIG7eF5KzSgVk2GNp8"}, "path": "flask_appbuilder/static/appbuilder/img/flags/flags16.png", "size": 63284}, {"hash": {"mode": "sha256", "value": "hGfZT_eUDA04ADKe-ABedCxrpoiT6KGSHUiU_-7jg88"}, "path": "flask_appbuilder/static/appbuilder/img/flickr.png", "size": 1595}, {"hash": {"mode": "sha256", "value": "8ODZWpyKvN-r9GNI4tQoWCm7BJH19q8OBa9Sv_tjJMQ"}, "path": "flask_appbuilder/static/appbuilder/img/glyphicons-halflings-white.png", "size": 8777}, {"hash": {"mode": "sha256", "value": "2Z4_oyxkEDLwgUmRSyjC3GrPLsYvcJh_Ilnqu_p_wN4"}, "path": "flask_appbuilder/static/appbuilder/img/glyphicons-halflings.png", "size": 12799}, {"hash": {"mode": "sha256", "value": "Mb27xYlpbku_ieGoanh6dKZAnm2gi2cDzFA0lduwHXU"}, "path": "flask_appbuilder/static/appbuilder/img/google.png", "size": 2558}, {"hash": {"mode": "sha256", "value": "MpsN-TRci120VuCyN4q76sOAKAU11e5pxuv2BxK27y4"}, "path": "flask_appbuilder/static/appbuilder/img/myopenid.png", "size": 2882}, {"hash": {"mode": "sha256", "value": "QJfPXaWRgaq8PCVb4Z2vMORUzDJGKE7dhViTKvJXMyk"}, "path": "flask_appbuilder/static/appbuilder/img/yahoo.png", "size": 2842}, {"hash": {"mode": "sha256", "value": "63Ox7JHCzJsIZ2MKctendHg1OluBHhnwMnQ2Bl7ZtFc"}, "path": "flask_appbuilder/static/appbuilder/js/ab.js", "size": 3167}, {"hash": {"mode": "sha256", "value": "xJrzwtmMhQ0Gy1f7QTUyR1yG243K2bIQeEahhimWhQ8"}, "path": "flask_appbuilder/static/appbuilder/js/ab_actions.js", "size": 3378}, {"hash": {"mode": "sha256", "value": "HcFr4RNEdgkFNpZMixCdRBebFyIh5xnTZANFLwxNkoM"}, "path": "flask_appbuilder/static/appbuilder/js/ab_filters.js", "size": 4571}, {"hash": {"mode": "sha256", "value": "ySbT_PRb85Cj_rZG7JTM6g2N4tgeof_t602B8LlIq4g"}, "path": "flask_appbuilder/static/appbuilder/js/ab_keep_tab.js", "size": 1522}, {"hash": {"mode": "sha256", "value": "U5ZEeKfGNOja007MMD3YBI0A3OSZOQbeG6z2f2Y0hu8"}, "path": "flask_appbuilder/static/appbuilder/js/bootstrap.min.js", "size": 37045}, {"hash": {"mode": "sha256", "value": "S_O89DMvtYCqTxw1jAKSZz25VApKX583PGa_PAe8uyU"}, "path": "flask_appbuilder/static/appbuilder/js/google_charts.js", "size": 24618}, {"hash": {"mode": "sha256", "value": "s6oAOr87aq8WVP6GaUcuPAHbp7tzvkqLc6NCPP7rDjk"}, "path": "flask_appbuilder/static/appbuilder/js/html5shiv.js", "size": 2376}, {"hash": {"mode": "sha256", "value": "C6CB9UYIS9UJeqinPHWTHVqh_E1uhG5Twh-Y5qFQmYg"}, "path": "flask_appbuilder/static/appbuilder/js/jquery-latest.js", "size": 93107}, {"hash": {"mode": "sha256", "value": "NV1G9b5NpBUgUspZ1dHzmEx_3H6MVOfBjNVFzoIVcX8"}, "path": "flask_appbuilder/static/appbuilder/js/respond.min.js", "size": 4047}, {"hash": {"mode": "sha256", "value": "YCbKJH6u4siPpUlk130udu_JepdKVpXjdEyzje-z1pE"}, "path": "flask_appbuilder/static/appbuilder/node_modules/jquery/dist/core.js", "size": 9068}, {"hash": {"mode": "sha256", "value": "2Kok7MbOyxpgUVvAk_HJ2jigOSYS2auK4Pfzbm7uH60"}, "path": "flask_appbuilder/static/appbuilder/node_modules/jquery/dist/jquery.js", "size": 271751}, {"hash": {"mode": "sha256", "value": "FgpCb_KJQlLNfOu91ta32o_NMZxltwRo8QtmkMRdAu8"}, "path": "flask_appbuilder/static/appbuilder/node_modules/jquery/dist/jquery.min.js", "size": 86927}, {"hash": {"mode": "sha256", "value": "1eiGMA0y1kD5P_bXnTaiTKk8vtvQ8IC2nXAoI1HJXyE"}, "path": "flask_appbuilder/static/appbuilder/node_modules/jquery/dist/jquery.min.map", "size": 132370}, {"hash": {"mode": "sha256", "value": "fNXJFIlca05BIO2Y5zh1xrShK3ME-_lYZ0j-ChxX2DA"}, "path": "flask_appbuilder/static/appbuilder/node_modules/jquery/dist/jquery.slim.js", "size": 218897}, {"hash": {"mode": "sha256", "value": "3edrmyuQ0w65f8gfBsqowzjJe2iM6n0nKciPUp8y-7E"}, "path": "flask_appbuilder/static/appbuilder/node_modules/jquery/dist/jquery.slim.min.js", "size": 69917}, {"hash": {"mode": "sha256", "value": "R9iD2BZjLu3OzwrErQRNtxPK5tUuGdtBa2iefT78g2c"}, "path": "flask_appbuilder/static/appbuilder/node_modules/jquery/dist/jquery.slim.min.map", "size": 105346}, {"hash": {"mode": "sha256", "value": "hn6krJ1CiEWWJp5fmWPB4sjkvRfKuARv14o1gEoLJgQ"}, "path": "flask_appbuilder/static/appbuilder/node_modules/jquery/external/sizzle/dist/sizzle.js", "size": 65363}, {"hash": {"mode": "sha256", "value": "z1a5qwLnESQTT-lnpVKz3xNjci17C-5SSr2jHkA905c"}, "path": "flask_appbuilder/static/appbuilder/node_modules/jquery/external/sizzle/dist/sizzle.min.js", "size": 19909}, {"hash": {"mode": "sha256", "value": "B70sL0NWhOUZf2QfkcE-kx2Up89J-n0z8cKwv0pqIHg"}, "path": "flask_appbuilder/static/appbuilder/node_modules/jquery/external/sizzle/dist/sizzle.min.map", "size": 30763}, {"hash": {"mode": "sha256", "value": "vZrWdv_XvZcximlTIt6w967pFBu7BHLEBrmOQ-1KDZY"}, "path": "flask_appbuilder/static/appbuilder/node_modules/popper.js/dist/esm/popper-utils.js", "size": 34601}, {"hash": {"mode": "sha256", "value": "8c32rtEnS1krj6quhiw61DgNCo_wM2z-dIvtmQv-w90"}, "path": "flask_appbuilder/static/appbuilder/node_modules/popper.js/dist/esm/popper-utils.js.map", "size": 59946}, {"hash": {"mode": "sha256", "value": "0byKcOSLcJSkMelHK2vTRcMtZdXB91NeKrwijCTk-Hw"}, "path": "flask_appbuilder/static/appbuilder/node_modules/popper.js/dist/esm/popper-utils.min.js", "size": 10324}, {"hash": {"mode": "sha256", "value": "r9gIHWMSNMlmHqbq8trqiNvr6FU6dShhR3b6FQ_ExLs"}, "path": "flask_appbuilder/static/appbuilder/node_modules/popper.js/dist/esm/popper-utils.min.js.map", "size": 52354}, {"hash": {"mode": "sha256", "value": "MsCm0tG3GPebIiIym7SVWJ80wA1z_JI6NbogGcsJ_Fc"}, "path": "flask_appbuilder/static/appbuilder/node_modules/popper.js/dist/esm/popper.js", "size": 84361}, {"hash": {"mode": "sha256", "value": "esFQDTcLudJ5BjnUred19p6RkqmyiaqIWAB1bmMCB5E"}, "path": "flask_appbuilder/static/appbuilder/node_modules/popper.js/dist/esm/popper.js.map", "size": 133845}, {"hash": {"mode": "sha256", "value": "DzpvKOEeOJNtINqa_4ECj7aloa320UfT-ElBT-qloFc"}, "path": "flask_appbuilder/static/appbuilder/node_modules/popper.js/dist/esm/popper.min.js", "size": 20314}, {"hash": {"mode": "sha256", "value": "yjVClO80TyAyksHWZtXw36R-BATscNGlAD85orBEcXg"}, "path": "flask_appbuilder/static/appbuilder/node_modules/popper.js/dist/esm/popper.min.js.map", "size": 119278}, {"hash": {"mode": "sha256", "value": "dHRwwt35vR1MkmMYN6JVLbb1r1JU7poIYkQq_L4oPJE"}, "path": "flask_appbuilder/static/appbuilder/node_modules/popper.js/dist/popper-utils.js", "size": 32919}, {"hash": {"mode": "sha256", "value": "iJek-LyZBRjPwrAxU0Bh_h5gD_JczOUEZm5ZC2A00Gs"}, "path": "flask_appbuilder/static/appbuilder/node_modules/popper.js/dist/popper-utils.js.map", "size": 59686}, {"hash": {"mode": "sha256", "value": "29XwDg53DUrH36yylu_mXLDpX3U-OrpzYJO_MSJ0zK4"}, "path": "flask_appbuilder/static/appbuilder/node_modules/popper.js/dist/popper-utils.min.js", "size": 9869}, {"hash": {"mode": "sha256", "value": "I4PY83-Gu95cW36oUHhCP36iGtEg9SrleEYdMzrxLvE"}, "path": "flask_appbuilder/static/appbuilder/node_modules/popper.js/dist/popper-utils.min.js.map", "size": 52166}, {"hash": {"mode": "sha256", "value": "SXa-wmoaQxfTom7tNajnTs8od4-rGtHkORNO_YB1PgM"}, "path": "flask_appbuilder/static/appbuilder/node_modules/popper.js/dist/popper.js", "size": 80829}, {"hash": {"mode": "sha256", "value": "QatgtvJwE6SmvG0PIk4Owffnl1vElNTng9HHo8RMdNU"}, "path": "flask_appbuilder/static/appbuilder/node_modules/popper.js/dist/popper.js.map", "size": 133261}, {"hash": {"mode": "sha256", "value": "FCiJD1Xk-2itXYf5YdFQrPURijNogcXySEApUqeRwHc"}, "path": "flask_appbuilder/static/appbuilder/node_modules/popper.js/dist/popper.min.js", "size": 19030}, {"hash": {"mode": "sha256", "value": "Jfu8Ot320xQBH32QegsrzWUx3WhGPwXJnbf1YZWdsmw"}, "path": "flask_appbuilder/static/appbuilder/node_modules/popper.js/dist/popper.min.js.map", "size": 119069}, {"hash": {"mode": "sha256", "value": "Li3YM8Wg2RLZcLCSk7NzeZVbJ7PCFfMgRKxmt2rpQFA"}, "path": "flask_appbuilder/static/appbuilder/node_modules/popper.js/dist/umd/popper-utils.js", "size": 35703}, {"hash": {"mode": "sha256", "value": "6kARpAuNl7Yz7zYAA1Hyr9Rc9J630JYRTQ9dLBPjjGg"}, "path": "flask_appbuilder/static/appbuilder/node_modules/popper.js/dist/umd/popper-utils.js.map", "size": 59988}, {"hash": {"mode": "sha256", "value": "mrxLZbMK3Up_Mzvbd_UeyvZv5ZgPAFqqDY_z8r3sN8c"}, "path": "flask_appbuilder/static/appbuilder/node_modules/popper.js/dist/umd/popper-utils.min.js", "size": 10487}, {"hash": {"mode": "sha256", "value": "72tBJcuTE-5nsPJN1deTC9lm4fMhuRIx9m7OKjeWAXc"}, "path": "flask_appbuilder/static/appbuilder/node_modules/popper.js/dist/umd/popper-utils.min.js.map", "size": 52198}, {"hash": {"mode": "sha256", "value": "wqAoCRn9__AnHSl4qbXVhqdvmgFQqN5Elqp4Eb2wOXA"}, "path": "flask_appbuilder/static/appbuilder/node_modules/popper.js/dist/umd/popper.js", "size": 84615}, {"hash": {"mode": "sha256", "value": "nAOXY0JuZWmpeXj8tfAVfBWugAtCul8fCVaxA9BX-50"}, "path": "flask_appbuilder/static/appbuilder/node_modules/popper.js/dist/umd/popper.js.map", "size": 133855}, {"hash": {"mode": "sha256", "value": "98vAGjEDGN79TjHkYWVD4s87rvWkdWLHPs5MC3FvFX4"}, "path": "flask_appbuilder/static/appbuilder/node_modules/popper.js/dist/umd/popper.min.js", "size": 20337}, {"hash": {"mode": "sha256", "value": "2O9Q8Vk2-t_mSWgu1hOTWoGEpVUuv10yRtcCJJfMLWA"}, "path": "flask_appbuilder/static/appbuilder/node_modules/popper.js/dist/umd/popper.min.js.map", "size": 117807}, {"hash": {"mode": "sha256", "value": "9uz_YX7Cun9Vnm9TXK2bcKP5ESBzdTXatNRUimyDV2w"}, "path": "flask_appbuilder/static/appbuilder/select2/select2-spinner.gif", "size": 1849}, {"hash": {"mode": "sha256", "value": "Ru7im8P6b5-pPLKoHqbsspBVfFZf7tcgL-PqrYikLoE"}, "path": "flask_appbuilder/static/appbuilder/select2/select2.css", "size": 36464}, {"hash": {"mode": "sha256", "value": "GPgvpMjUA7RyjFZ3AqHHhp2MSdQ9-_aDcMeTOQ2reys"}, "path": "flask_appbuilder/static/appbuilder/select2/select2.js", "size": 148536}, {"hash": {"mode": "sha256", "value": "1rXY2D28GPuNd8h2HTMc2eUSPJaElQurBAbpiiSsWug"}, "path": "flask_appbuilder/static/appbuilder/select2/select2.png", "size": 613}, {"hash": {"mode": "sha256", "value": "b-KNaH3A7U2WAWI4xgi6HnGYycmsz6CzYLeAGLn7m8I"}, "path": "flask_appbuilder/static/appbuilder/select2/select2x2.png", "size": 845}, {"hash": {"mode": "sha256", "value": "XVS_zN1ZrWLqDhnmH1oqhieF1F5uGMi1K7bCm__wsno"}, "path": "flask_appbuilder/templates/appbuilder/_formhelpers.html", "size": 360}, {"hash": {"mode": "sha256", "value": "HUMYeU_KKCy4LiA0KrdoXQm56MoiORgQV6ERwQbbgkY"}, "path": "flask_appbuilder/templates/appbuilder/base.html", "size": 28}, {"hash": {"mode": "sha256", "value": "EF_tMzYkKAIexehvoXol2sj62XK1Z8HLCz_bOvghzwc"}, "path": "flask_appbuilder/templates/appbuilder/baselayout.html", "size": 874}, {"hash": {"mode": "sha256", "value": "0YIcbltsepx8CagJiAqTfrSwrNN68cKXyZeuSL65q08"}, "path": "flask_appbuilder/templates/appbuilder/baselib.html", "size": 4499}, {"hash": {"mode": "sha256", "value": "omg3axewTG3DWQgkLxORg7MPQLwvfbelzTJ-PJs7RRI"}, "path": "flask_appbuilder/templates/appbuilder/flash.html", "size": 486}, {"hash": {"mode": "sha256", "value": "fxT9fn7iPczCYAZVYWmpL6xferrnOHK7MyR_nKRON3o"}, "path": "flask_appbuilder/templates/appbuilder/footer.html", "size": 143}, {"hash": {"mode": "sha256", "value": "odj2dNzbopclSI7jVXwODnrqY185ASYTyShL442iox8"}, "path": "flask_appbuilder/templates/appbuilder/general/alert.html", "size": 444}, {"hash": {"mode": "sha256", "value": "vZTsnv3YmEU-JSlKlIc7CTR5uJvOzsryOq-YsAXnSYo"}, "path": "flask_appbuilder/templates/appbuilder/general/charts/chart.html", "size": 778}, {"hash": {"mode": "sha256", "value": "vMGotm_VFaWYyJGk4zZ1tPM4WdTylvNtWN2kBwttp20"}, "path": "flask_appbuilder/templates/appbuilder/general/charts/chart_time.html", "size": 890}, {"hash": {"mode": "sha256", "value": "w09kwbAsGFG0WFvQ_3JouVVAkX4LhNZx3MabPi4GvQ4"}, "path": "flask_appbuilder/templates/appbuilder/general/charts/jsonchart.html", "size": 670}, {"hash": {"mode": "sha256", "value": "tA-hAsBh91vEPeW2W5D0hY0bX-jSI61JyZwOiUElwGI"}, "path": "flask_appbuilder/templates/appbuilder/general/confirm.html", "size": 717}, {"hash": {"mode": "sha256", "value": "pYOwz3GHOF5EypKrplq2rjQZ3cCcOJxw3FfiftYRk-Y"}, "path": "flask_appbuilder/templates/appbuilder/general/lib.html", "size": 11368}, {"hash": {"mode": "sha256", "value": "MhOXEx-gqV8CPKhq2jh8T4iqVgSbWdw9SgiMffCKcpA"}, "path": "flask_appbuilder/templates/appbuilder/general/model/add.html", "size": 271}, {"hash": {"mode": "sha256", "value": "vKO922Z810LkGHd5JPuhXpvh_XInu32svTMOxMLlW6M"}, "path": "flask_appbuilder/templates/appbuilder/general/model/edit.html", "size": 1058}, {"hash": {"mode": "sha256", "value": "SdVR9-uOBma9RTriu1Z8bj8M3qTirZTuX8_TBPKk0Ds"}, "path": "flask_appbuilder/templates/appbuilder/general/model/edit_cascade.html", "size": 768}, {"hash": {"mode": "sha256", "value": "i6ObZ1lY1QpOEUnmQb-fv1cD-MEUyZ-vd9dy5eaqen4"}, "path": "flask_appbuilder/templates/appbuilder/general/model/left_master_detail.html", "size": 653}, {"hash": {"mode": "sha256", "value": "bChMAolxWHSn_ZJxvqjvsZAvXss5AwKiHxZlTfnL3pk"}, "path": "flask_appbuilder/templates/appbuilder/general/model/list.html", "size": 492}, {"hash": {"mode": "sha256", "value": "u4R0GrHeVPRCbQPwDKBdOBf0jVsAvWkINK4J0UrdpvY"}, "path": "flask_appbuilder/templates/appbuilder/general/model/multiple_views.html", "size": 517}, {"hash": {"mode": "sha256", "value": "N6lCHwvUPSyYrIglT1YBV9leC6nXw5vKq0uAAdoFMBk"}, "path": "flask_appbuilder/templates/appbuilder/general/model/search.html", "size": 417}, {"hash": {"mode": "sha256", "value": "si73JFLuFfE0sr7S_piVFlI5mDS7Y5d9Xp0_WEG3z6Q"}, "path": "flask_appbuilder/templates/appbuilder/general/model/show.html", "size": 1083}, {"hash": {"mode": "sha256", "value": "uij2fZkdeFxzZ5mr3wyOTFt-8rdo3I0Ajt9TetB7YgE"}, "path": "flask_appbuilder/templates/appbuilder/general/model/show_cascade.html", "size": 739}, {"hash": {"mode": "sha256", "value": "xERW3RMRr12xKUX6zRpye9bAXhfe3RiW-hyzo4Wtbeg"}, "path": "flask_appbuilder/templates/appbuilder/general/security/activation.html", "size": 216}, {"hash": {"mode": "sha256", "value": "1j8k4_JZf1Tw1ja9BKVm2lGVH-IUMO1LNRngwCxhWCk"}, "path": "flask_appbuilder/templates/appbuilder/general/security/login_db.html", "size": 2930}, {"hash": {"mode": "sha256", "value": "wX91i2bmr1xHcWXp1ADPXNF93omKWb5BihCFzC4SCnk"}, "path": "flask_appbuilder/templates/appbuilder/general/security/login_ldap.html", "size": 1941}, {"hash": {"mode": "sha256", "value": "Ijdz3Gm0XrndKum3EqLO02Hig57LYlx7c4VoqCbpCDw"}, "path": "flask_appbuilder/templates/appbuilder/general/security/login_oauth.html", "size": 2444}, {"hash": {"mode": "sha256", "value": "NWKK7dk7dX-3t1ExCflrvFfnukkuHBUf1tSTVpt92DY"}, "path": "flask_appbuilder/templates/appbuilder/general/security/login_oid.html", "size": 4320}, {"hash": {"mode": "sha256", "value": "o40VoLzyETkSM7lW5el2Hff-gIAh3i5jMlW0d2Ay-4M"}, "path": "flask_appbuilder/templates/appbuilder/general/security/register_mail.html", "size": 230}, {"hash": {"mode": "sha256", "value": "wE5hmzb3DbekOvEoHRyCsP43ZGThTzG0vNhrdqZQFiw"}, "path": "flask_appbuilder/templates/appbuilder/general/security/register_oauth.html", "size": 1023}, {"hash": {"mode": "sha256", "value": "q7ScwgkaaJ56jaI9q8ZAG5OJVcGIRnc2bhKGogq1b70"}, "path": "flask_appbuilder/templates/appbuilder/general/security/resetpassword.html", "size": 754}, {"hash": {"mode": "sha256", "value": "FAQnQuemidQ5hPrHxT1xJ63yy3UWVLxXcvkZmQCvR_Y"}, "path": "flask_appbuilder/templates/appbuilder/general/widgets/base_list.html", "size": 1037}, {"hash": {"mode": "sha256", "value": "b-9S1H6M09l0GThmIgYTgc0JS5nK3FZgWvzWUT3aHCo"}, "path": "flask_appbuilder/templates/appbuilder/general/widgets/chart.html", "size": 2908}, {"hash": {"mode": "sha256", "value": "a3KErYCfdeZuh_1nZYfP21afDfJDOfHRla7S1crR9E0"}, "path": "flask_appbuilder/templates/appbuilder/general/widgets/direct_chart.html", "size": 2541}, {"hash": {"mode": "sha256", "value": "D-kH0wUfR-AKG-n-Io5RMHch5hti6zugbqx741Y0PpM"}, "path": "flask_appbuilder/templates/appbuilder/general/widgets/form.html", "size": 2005}, {"hash": {"mode": "sha256", "value": "o452SLHfyYtZKMDWjyGVpOUlxNgokR3HYFZp-q3V4Uw"}, "path": "flask_appbuilder/templates/appbuilder/general/widgets/form_horizontal.html", "size": 1371}, {"hash": {"mode": "sha256", "value": "pjwxMBRz-G5b2En41_TeXpV1AtWtCW1lXfq34JC3RTE"}, "path": "flask_appbuilder/templates/appbuilder/general/widgets/form_inline.html", "size": 1315}, {"hash": {"mode": "sha256", "value": "zB6Ktbv2rsIGW5ppfY-grjPJsvzjOvfMEHfW6b1HIZI"}, "path": "flask_appbuilder/templates/appbuilder/general/widgets/form_vertical.html", "size": 1317}, {"hash": {"mode": "sha256", "value": "eceh1r4br9UF_fkxfASR-MHv1b83RVHSmOwbpxHiQWg"}, "path": "flask_appbuilder/templates/appbuilder/general/widgets/group_form_list.html", "size": 247}, {"hash": {"mode": "sha256", "value": "Kg-tSP5CI5x1bbyWPc76PLoRgcbWmTeLyBHdCB69tmI"}, "path": "flask_appbuilder/templates/appbuilder/general/widgets/list.html", "size": 2745}, {"hash": {"mode": "sha256", "value": "g3xOphl51AQR4BsY4bvzULFLP8xNYx974z3JSCzvYtk"}, "path": "flask_appbuilder/templates/appbuilder/general/widgets/list_block.html", "size": 1331}, {"hash": {"mode": "sha256", "value": "PHpItuC_EVplduO9PNpc2id90FJlsAymrqfIOy1WgOo"}, "path": "flask_appbuilder/templates/appbuilder/general/widgets/list_carousel.html", "size": 2038}, {"hash": {"mode": "sha256", "value": "g4LHtP3Ay1_9fF1yIybkrMXlPyyILhNGHe485uByw-U"}, "path": "flask_appbuilder/templates/appbuilder/general/widgets/list_item.html", "size": 1317}, {"hash": {"mode": "sha256", "value": "UnljuAk0cAvDnkjPPGOBMqKvYF1n26aARfmh7gm8kzE"}, "path": "flask_appbuilder/templates/appbuilder/general/widgets/list_link.html", "size": 2843}, {"hash": {"mode": "sha256", "value": "91W3oiuvcmqysm-uyUxHk9TdqXSe58RVmVksZeXYF8s"}, "path": "flask_appbuilder/templates/appbuilder/general/widgets/list_master.html", "size": 572}, {"hash": {"mode": "sha256", "value": "_oG8PjsNGBXpBFayWfZwBTGf7I8fKCfvYsgIwmFhKAw"}, "path": "flask_appbuilder/templates/appbuilder/general/widgets/list_thumbnail.html", "size": 1167}, {"hash": {"mode": "sha256", "value": "Q5GK5YyfVxP2qBEXkGYC4-2MkcegqEt9yVKZvrv1n_A"}, "path": "flask_appbuilder/templates/appbuilder/general/widgets/multiple_chart.html", "size": 1559}, {"hash": {"mode": "sha256", "value": "NfI2fDvcnGxthJp3FY6PWO3KsI6yD9sTX6l8QX2br7I"}, "path": "flask_appbuilder/templates/appbuilder/general/widgets/search.html", "size": 1057}, {"hash": {"mode": "sha256", "value": "m6TVlFyhNnzvTP3nbY29iuLVi53YZgogW1Z6-MGB8No"}, "path": "flask_appbuilder/templates/appbuilder/general/widgets/show.html", "size": 1602}, {"hash": {"mode": "sha256", "value": "ZylOUshZQ9octVj2-XjRjMAH53CSmbfZ7Rs5N9-75MY"}, "path": "flask_appbuilder/templates/appbuilder/general/widgets/show_block.html", "size": 1833}, {"hash": {"mode": "sha256", "value": "pOqaFmvNndW0r1zkrwzNS9_LPM5bLztLWr7MAl1LCyY"}, "path": "flask_appbuilder/templates/appbuilder/general/widgets/show_vertical.html", "size": 1544}, {"hash": {"mode": "sha256", "value": "NJKAjcqL9C7mTbwR_bAD3dkAOJTGcJBfPQlSMDhcu-0"}, "path": "flask_appbuilder/templates/appbuilder/index.html", "size": 145}, {"hash": {"mode": "sha256", "value": "G4M8aGyvRKZMFl_qkALb4zLmNLM1hD2gqILWkh4hXp8"}, "path": "flask_appbuilder/templates/appbuilder/init.html", "size": 2498}, {"hash": {"mode": "sha256", "value": "FA57fvVai2a4rfolvsdwP7B61P_GyfLjdOHykUdE3gc"}, "path": "flask_appbuilder/templates/appbuilder/navbar.html", "size": 1299}, {"hash": {"mode": "sha256", "value": "0QuEF3Qseh29Gk_OQUm-pi5UAa5UJse3wvVa-Vha-7A"}, "path": "flask_appbuilder/templates/appbuilder/navbar_menu.html", "size": 1264}, {"hash": {"mode": "sha256", "value": "2g5tWTz7WqjeS_vKHIY5J6YPyg7lSN96agZNhluzIlA"}, "path": "flask_appbuilder/templates/appbuilder/navbar_right.html", "size": 1597}, {"hash": {"mode": "sha256", "value": "47DEQpj8HBSa-_TImW-5JCeuQeRkm5NMpJWZG3hSuFU"}, "path": "flask_appbuilder/tests/__init__.py", "size": 0}, {"hash": {"mode": "sha256", "value": "eSPLlROQGtz4CaDtrfXDsdacIu79cWb5MwTL9573zKU"}, "path": "flask_appbuilder/tests/__init__.pyc", "size": 176}, {"hash": {"mode": "sha256", "value": "tuIv5zGx8_CR9N8zlUJs6yZESKoNg2_-d4R8_4L1lrI"}, "path": "flask_appbuilder/tests/__pycache__/__init__.cpython-35.pyc", "size": 122}, {"hash": null, "path": "flask_appbuilder/tests/__pycache__/__init__.cpython-37.pyc", "size": null}, {"hash": {"mode": "sha256", "value": "7BTCuefylPuAu89G6eXoayPzjyONRwAoj1zDZoQRYjA"}, "path": "flask_appbuilder/tests/__pycache__/test_base.cpython-35.pyc", "size": 32494}, {"hash": null, "path": "flask_appbuilder/tests/__pycache__/test_base.cpython-37.pyc", "size": null}, {"hash": {"mode": "sha256", "value": "W9z3hD3HihB-2f-VoXqYuNFx6THHMdD4_kuLGQM1vm0"}, "path": "flask_appbuilder/tests/__pycache__/test_fabmanager.cpython-35.pyc", "size": 2111}, {"hash": null, "path": "flask_appbuilder/tests/__pycache__/test_fabmanager.cpython-37.pyc", "size": null}, {"hash": {"mode": "sha256", "value": "oiwCLlKoMyWHqSdowjvHPcn2tzSzwSp6ZBRU72dqWV0"}, "path": "flask_appbuilder/tests/__pycache__/test_mongoengine.cpython-35.pyc", "size": 18956}, {"hash": null, "path": "flask_appbuilder/tests/__pycache__/test_mongoengine.cpython-37.pyc", "size": null}, {"hash": {"mode": "sha256", "value": "E54QanagcR4UjHCbd0KrZgTcnnjM6fNAuyJodP0DXC8"}, "path": "flask_appbuilder/tests/__pycache__/test_sqlalchemy.cpython-35.pyc", "size": 1354}, {"hash": null, "path": "flask_appbuilder/tests/__pycache__/test_sqlalchemy.cpython-37.pyc", "size": null}, {"hash": {"mode": "sha256", "value": "EifcHOXu72t3t9wo9iXIcBHoOBeoJOvqbGMt04lXbZQ"}, "path": "flask_appbuilder/tests/test_base.py", "size": 33725}, {"hash": {"mode": "sha256", "value": "E6YpzkoWjLAH9VPbxFKXbB7ffmfq5y91uhID6AXFhkQ"}, "path": "flask_appbuilder/tests/test_base.pyc", "size": 37563}, {"hash": {"mode": "sha256", "value": "EEGOLvvyP9i06WgLMNnP_guA46hOO8JifaoqEDmuXII"}, "path": "flask_appbuilder/tests/test_fabmanager.py", "size": 1727}, {"hash": {"mode": "sha256", "value": "m_sBG7MbcUa_8_0fDoxO94wdUJeqY2HsXVGCTcj9OeY"}, "path": "flask_appbuilder/tests/test_fabmanager.pyc", "size": 2648}, {"hash": {"mode": "sha256", "value": "Q1XtcfVd73FVsTDmc3znIsTGLsFnMUKVI1elWSmqw8o"}, "path": "flask_appbuilder/tests/test_mongoengine.py", "size": 21358}, {"hash": {"mode": "sha256", "value": "SZhQ59XIVKWT1AfEAegH_2kNrIGtWnrk0gmwn8QRM5s"}, "path": "flask_appbuilder/tests/test_mongoengine.pyc", "size": 22426}, {"hash": {"mode": "sha256", "value": "ZxW_4vPEuRtiz5ReiuJvIcwnMS5Xks7nUrbbnfIGdos"}, "path": "flask_appbuilder/tests/test_sqlalchemy.py", "size": 671}, {"hash": {"mode": "sha256", "value": "B7nn4DicRPhoRIeVxG9XtrTDKRZ1ypm1NZBgTg6kiZU"}, "path": "flask_appbuilder/tests/test_sqlalchemy.pyc", "size": 1888}, {"hash": {"mode": "sha256", "value": "AbpHGcgLb-kRsJGnwFEktk7uzpZOCcBY74-YBdrKVGs"}, "path": "flask_appbuilder/translations/__init__.py", "size": 1}, {"hash": {"mode": "sha256", "value": "St4qhEowNsfvIaa3TNF7YLVCh5B85z71EktwkiF-ofw"}, "path": "flask_appbuilder/translations/__init__.pyc", "size": 183}, {"hash": {"mode": "sha256", "value": "zFuEEKA8WgLQi4XiCV0L5bCoRZFL7FG7EqINbXZz3PI"}, "path": "flask_appbuilder/translations/__pycache__/__init__.cpython-35.pyc", "size": 129}, {"hash": null, "path": "flask_appbuilder/translations/__pycache__/__init__.cpython-37.pyc", "size": null}, {"hash": {"mode": "sha256", "value": "RUqngT1YZr43rIfpuYYcqLpOduvS8eqSPvUoywVqwTg"}, "path": "flask_appbuilder/translations/de/LC_MESSAGES/messages.mo", "size": 8754}, {"hash": {"mode": "sha256", "value": "fytvC_yGa4oi5qKCLJpqEV07hHWRxfzdU9blhmYf93Y"}, "path": "flask_appbuilder/translations/de/LC_MESSAGES/messages.po", "size": 20068}, {"hash": {"mode": "sha256", "value": "LXr_WkihKj4Kzs8SVNTDoJnrOKZS6b3HGrsHivmuxdg"}, "path": "flask_appbuilder/translations/el/LC_MESSAGES/messages.mo", "size": 11017}, {"hash": {"mode": "sha256", "value": "Wh4wezTVlsYs7ndqUk2P1NukL0-Ci6Y-bi4rufPkssU"}, "path": "flask_appbuilder/translations/el/LC_MESSAGES/messages.po", "size": 22936}, {"hash": {"mode": "sha256", "value": "f58Vl0A6lngb_JPk-MGjwJHBMHiWc2krlZm1OcukbPk"}, "path": "flask_appbuilder/translations/es/LC_MESSAGES/messages.mo", "size": 8468}, {"hash": {"mode": "sha256", "value": "ve9Y8p1PzizY5kd3ROacELV78kRAPNsKkNGKPvvDbg4"}, "path": "flask_appbuilder/translations/es/LC_MESSAGES/messages.po", "size": 20079}, {"hash": {"mode": "sha256", "value": "vrRRu16G_9J0AUOL_UwDcNN5yCLWjDXbl3hfvhfchIQ"}, "path": "flask_appbuilder/translations/es/LC_MESSAGES/messages.po~", "size": 20508}, {"hash": {"mode": "sha256", "value": "XdsRh8eobO5pwmWw9OpMYjL0YM66hmhEVaS7x1BrnQ8"}, "path": "flask_appbuilder/translations/fr/LC_MESSAGES/messages.mo", "size": 8504}, {"hash": {"mode": "sha256", "value": "4AV4ueGdKTJIU7MA68vPea_g9ZU2aJZoLQt7Ra1BhPg"}, "path": "flask_appbuilder/translations/fr/LC_MESSAGES/messages.po", "size": 20065}, {"hash": {"mode": "sha256", "value": "Yvs2hZ8PbYhv5_I2NEQtAeYzvdGUhVngkZOwAJNji0U"}, "path": "flask_appbuilder/translations/ja_JP/LC_MESSAGES/messages.mo", "size": 9412}, {"hash": {"mode": "sha256", "value": "DLXJUwApP6cc1tPm9SVuSOBn1wIs7lDjV2sLp6PC-Ww"}, "path": "flask_appbuilder/translations/ja_JP/LC_MESSAGES/messages.po", "size": 20790}, {"hash": {"mode": "sha256", "value": "6jqC0VJIvAvYHghzZpYT9OqgRA__Ej25Mk5mwjsYDW4"}, "path": "flask_appbuilder/translations/pl/LC_MESSAGES/messages.mo", "size": 8136}, {"hash": {"mode": "sha256", "value": "A1S4jbKbP9ztqMpJfp4iCzpGyYE2rz9BXZm5V59Bw8o"}, "path": "flask_appbuilder/translations/pl/LC_MESSAGES/messages.po", "size": 20115}, {"hash": {"mode": "sha256", "value": "-gqhdBzwygGmLocm5kWwoSIprMOF5bpiYNZHcb8yz7c"}, "path": "flask_appbuilder/translations/pt/LC_MESSAGES/messages.mo", "size": 8441}, {"hash": {"mode": "sha256", "value": "qVyiB8TA1TO8vjHvCvP8QZAf7bsgMDLIuML7EubVuE8"}, "path": "flask_appbuilder/translations/pt/LC_MESSAGES/messages.po", "size": 20002}, {"hash": {"mode": "sha256", "value": "zwUQE2GP-L3VaKum4KqqFWh2Md8DSMp-Kq7f7PO5y0A"}, "path": "flask_appbuilder/translations/pt/LC_MESSAGES/messages.po~", "size": 20509}, {"hash": {"mode": "sha256", "value": "YT8fgL_bJDNf0ghQ5KyEdpgbtwh3po6tZzvct7RVlmk"}, "path": "flask_appbuilder/translations/pt_BR/LC_MESSAGES/messages.mo", "size": 8336}, {"hash": {"mode": "sha256", "value": "fTkaL5SE_rrbSYvxctB4tU8w9POFsCpQ3qDrgHSSTg8"}, "path": "flask_appbuilder/translations/pt_BR/LC_MESSAGES/messages.po", "size": 19734}, {"hash": {"mode": "sha256", "value": "wcG3qhjMmIgG4qD4ViH20Hx4dxg5CvFyJ-1GQqUIigg"}, "path": "flask_appbuilder/translations/ru/LC_MESSAGES/messages.mo", "size": 10674}, {"hash": {"mode": "sha256", "value": "o6dIJe_IbpHuvjUQKd12jYtOuRPZaWNBssUAZQhfUqY"}, "path": "flask_appbuilder/translations/ru/LC_MESSAGES/messages.po", "size": 22027}, {"hash": {"mode": "sha256", "value": "LOspp0B_RAVWHmtqzvmFHrgxds6pmZjPrRpS_D8jkME"}, "path": "flask_appbuilder/translations/zh/LC_MESSAGES/messages.mo", "size": 7528}, {"hash": {"mode": "sha256", "value": "3allp8Aa1eUVZXi-ezhmbOPNR5JO57qajtwbrWkltnM"}, "path": "flask_appbuilder/translations/zh/LC_MESSAGES/messages.po", "size": 19095}, {"hash": {"mode": "sha256", "value": "s4S4s1yNeGRmfPlpd7NuAf4UqkxeKakXFUsirvn0c14"}, "path": "flask_appbuilder/translations/zh_HK/LC_MESSAGES/messages.mo", "size": 7493}, {"hash": {"mode": "sha256", "value": "G3K0jpHUZNYQXMazLBVpUB8tDVrDWzeo6oumWTzwYxs"}, "path": "flask_appbuilder/translations/zh_HK/LC_MESSAGES/messages.po", "size": 19104}, {"hash": {"mode": "sha256", "value": "fWuqOKpxz_c4AROzfvDAYxmkV8Af8hlM4aOjKAaMCbs"}, "path": "flask_appbuilder/upload.py", "size": 8092}, {"hash": {"mode": "sha256", "value": "4tg_HgqfUDw4iZCLj39dBPz48KcVZQaJM9xJXUl5U6Q"}, "path": "flask_appbuilder/urltools.py", "size": 2465}, {"hash": {"mode": "sha256", "value": "sO64LNJWWNAfw09ZiOPNicMlohKawCk8GLoEG59u4Jg"}, "path": "flask_appbuilder/validators.py", "size": 1195}, {"hash": {"mode": "sha256", "value": "bRGueQ3sYZXD8FJWfnZPog4pW9dgfCUB3mXF_t2exPs"}, "path": "flask_appbuilder/version.py", "size": 188}, {"hash": {"mode": "sha256", "value": "-19Bh4ZadgWfryvGfbxIdrGfiw2LBH3K_09aTAy_Up4"}, "path": "flask_appbuilder/views.py", "size": 28695}, {"hash": {"mode": "sha256", "value": "0Z7JANZn-6tUHKGW7v2DnLA_vGQ2jKIF-Cj6vhOuj1k"}, "path": "flask_appbuilder/widgets.py", "size": 4988}], "metadata": {"Author": "Daniel Vaz Gaspar", "Author-email": "danielvazgaspar@gmail.com", "Classifier": ["Development Status :: 5 - Production/Stable", "Environment :: Web Environment", "Intended Audience :: Developers", "License :: OSI Approved :: BSD License", "Operating System :: OS Independent", "Programming Language :: Python", "Topic :: Software Development :: Libraries :: Python Modules"], "Description-Content-Type": "text/x-rst", "Home-page": "https://github.com/dpgaspar/flask-appbuilder/", "License": "BSD", "Metadata-Version": "2.1", "Name": "Flask-AppBuilder", "Platform": ["any"], "Requires-Dist": ["colorama (<1,>=0.3.9)", "click (<8,>=6.7)", "Flask (<2,>=0.12)", "Flask-Babel (<1,>=0.11.1)", "Flask-Login (<0.5,>=0.3)", "Flask-OpenID (<2,>=1.2.5)", "Flask-SQLAlchemy (<3,>=2.3)", "Flask-WTF (<1,>=0.14.2)", "python-dateutil (<3,>=2.3)"], "Summary": "Simple and rapid application development framework, built on top of Flask. includes detailed security, auto CRUD generation for your models, google charts and much more.", "Version": "1.12.1"}, "requires": ["colorama (<1,>=0.3.9)", "click (<8,>=6.7)", "Flask (<2,>=0.12)", "Flask-Babel (<1,>=0.11.1)", "Flask-Login (<0.5,>=0.3)", "Flask-OpenID (<2,>=1.2.5)", "Flask-SQLAlchemy (<3,>=2.3)", "Flask-WTF (<1,>=0.14.2)", "python-dateutil (<3,>=2.3)"], "version": "1.12.1"}, "index_url": "https://pypi.org/simple", "package_name": "Flask-AppBuilder", "package_version": "1.12.1", "package_version_requested": "1.12.1", "sha256": ["d1893ad2552a1e3885848dbe843e3b82343b1160b4b20abaaee25a7e75c399dc"]}], "unparsed": [], "unresolved": []}}