{"metadata": {"analyzer": "thoth-solver", "analyzer_version": "1.4.1", "arguments": {"python": {"exclude_packages": null, "index": "https://pypi.org/simple", "no_pretty": false, "no_transitive": true, "output": "/mnt/workdir/solver-fedora-31-py37-04c928d5", "requirements": "calmjs-parse===1.2.3", "virtualenv": "/home/solver/venv"}, "thoth-solver": {"verbose": false}}, "datetime": "2020-04-08T02:43:58.890961", "distribution": {"codename": "", "id": "fedora", "like": "", "version": "31", "version_parts": {"build_number": "", "major": "31", "minor": ""}}, "document_id": "solver-fedora-31-py37-04c928d5", "duration": 5, "hostname": "solver-fedora-31-py37-04c928d5-2417134338", "os_release": {"id": "fedora", "name": "Fedora", "platform_id": "platform:f31", "redhat_bugzilla_product": "Fedora", "redhat_bugzilla_product_version": "31", "redhat_support_product": "Fedora", "redhat_support_product_version": "31", "variant_id": "container", "version": "31 (Container Image)", "version_id": "31"}, "python": {"api_version": 1013, "implementation_name": "cpython", "major": 3, "micro": 5, "minor": 7, "releaselevel": "final", "serial": 0}, "thoth_deployment_name": "thoth-psi-stage", "timestamp": 1586313838}, "result": {"environment": {"implementation_name": "cpython", "implementation_version": "3.7.5", "os_name": "posix", "platform_machine": "x86_64", "platform_python_implementation": "CPython", "platform_release": "3.10.0-957.21.2.el7.x86_64", "platform_system": "Linux", "platform_version": "#1 SMP Tue May 28 09:26:43 UTC 2019", "python_full_version": "3.7.5", "python_version": "3.7", "sys_platform": "linux"}, "environment_packages": [{"package_name": "pipdeptree", "package_version": "0.13.2"}], "errors": [], "tree": [{"dependencies": [{"extra": [], "extras": [], "marker": null, "marker_evaluated": null, "marker_evaluation_error": null, "marker_evaluation_result": true, "normalized_package_name": "setuptools", "package_name": "setuptools", "resolved_versions": [{"index": "https://pypi.org/simple", "versions": ["0.7.2", "0.7.3", "0.7.4", "0.7.5", "0.7.6", "0.7.7", "0.7.8", "0.8", "0.9", "0.9.1", "0.9.2", "0.9.3", "0.9.4", "0.9.5", "0.9.6", "0.9.7", "0.9.8", "1.0", "1.1", "1.1.1", "1.1.2", "1.1.3", "1.1.4", "1.1.5", "1.1.6", "1.1.7", "1.2", "1.3", "1.3.1", "1.3.2", "1.4", "1.4.1", "1.4.2", "10.0", "10.0.1", "10.1", "10.2", "10.2.1", "11.0", "11.1", "11.2", "11.3", "11.3.1", "12.0", "12.0.1", "12.0.2", "12.0.3", "12.0.4", "12.0.5", "12.1", "12.2", "12.3", "12.4", "13.0", "13.0.1", "13.0.2", "14.0", "14.1", "14.1.1", "14.2", "14.3", "14.3.1", "15.0", "15.1", "15.2", "16.0", "17.0", "17.1", "17.1.1", "18.0", "18.0.1", "18.1", "18.2", "18.3", "18.3.1", "18.3.2", "18.4", "18.5", "18.6", "18.6.1", "18.7", "18.7.1", "18.8", "18.8.1", "19.0", "19.1", "19.1.1", "19.2", "19.3", "19.4", "19.4.1", "19.5", "19.6", "19.6.1", "19.6.2", "19.7", "2.0", "2.0.1", "2.0.2", "2.1", "2.1.1", "2.1.2", "2.2", "20.0", "20.1", "20.1.1", "20.10.1", "20.2.2", "20.3", "20.3.1", "20.4", "20.6.6", "20.6.7", "20.6.8", "20.7.0", "20.8.0", "20.8.1", "20.9.0", "21.0.0", "21.1.0", "21.2.0", "21.2.1", "21.2.2", "22.0.0", "22.0.1", "22.0.2", "22.0.4", "22.0.5", "23.0.0", "23.1.0", "23.2.0", "23.2.1", "24.0.0", "24.0.1", "24.0.2", "24.0.3", "24.1.0", "24.1.1", "24.2.0", "24.2.1", "24.3.0", "24.3.1", "25.0.0", "25.0.1", "25.0.2", "25.1.0", "25.1.1", "25.1.2", "25.1.3", "25.1.4", "25.1.5", "25.1.6", "25.2.0", "25.3.0", "25.4.0", "26.0.0", "26.1.0", "26.1.1", "27.0.0", "27.1.0", "27.1.2", "27.2.0", "27.3.0", "27.3.1", "28.0.0", "28.1.0", "28.2.0", "28.3.0", "28.4.0", "28.5.0", "28.6.0", "28.6.1", "28.7.0", "28.7.1", "28.8.0", "28.8.1", "29.0.0", "29.0.1", "3.0", "3.0.1", "3.0.2", "3.1", "3.2", "3.3", "3.4", "3.4.1", "3.4.2", "3.4.3", "3.4.4", "3.5", "3.5.1", "3.5.2", "3.6", "3.7", "3.7.1", "3.8", "3.8.1", "30.0.0", "30.1.0", "30.2.0", "30.2.1", "30.3.0", "30.4.0", "31.0.0", "31.0.1", "32.0.0", "32.1.0", "32.1.1", "32.1.2", "32.1.3", "32.2.0", "32.3.0", "32.3.1", "33.1.0", "33.1.1", "34.0.0", "34.0.1", "34.0.2", "34.0.3", "34.1.0", "34.1.1", "34.2.0", "34.3.0", "34.3.1", "34.3.2", "34.3.3", "34.4.0", "34.4.1", "35.0.0", "35.0.1", "35.0.2", "36.0.1", "36.1.0", "36.1.1", "36.2.0", "36.2.1", "36.2.2", "36.2.3", "36.2.4", "36.2.5", "36.2.6", "36.2.7", "36.3.0", "36.4.0", "36.5.0", "36.6.0", "36.6.1", "36.7.0", "36.7.1", "36.7.2", "36.8.0", "37.0.0", "38.0.0", "38.1.0", "38.2.0", "38.2.1", "38.2.3", "38.2.4", "38.2.5", "38.3.0", "38.4.0", "38.4.1", "38.5.0", "38.5.1", "38.5.2", "38.6.0", "38.6.1", "38.7.0", "39.0.0", "39.0.1", "39.1.0", "39.2.0", "4.0", "4.0.1", "40.0.0", "40.1.0", "40.1.1", "40.2.0", "40.3.0", "40.4.0", "40.4.1", "40.4.2", "40.4.3", "40.5.0", "40.6.0", "40.6.1", "40.6.2", "40.6.3", "40.7.0", "40.7.1", "40.7.2", "40.7.3", "40.8.0", "40.9.0", "41.0.0", "41.0.1", "41.1.0", "41.2.0", "41.3.0", "41.4.0", "41.5.0", "41.5.1", "41.6.0", "42.0.0", "42.0.1", "42.0.2", "43.0.0", "44.0.0", "44.1.0", "45.0.0", "45.1.0", "45.2.0", "45.3.0", "46.0.0", "46.1.0", "46.1.1", "46.1.2", "46.1.3", "5.0", "5.0.1", "5.0.2", "5.1", "5.2", "5.3", "5.4", "5.4.1", "5.4.2", "5.5", "5.5.1", "5.6", "5.7", "5.8", "6.0.1", "6.0.2", "6.1", "7.0", "8.0", "8.0.1", "8.0.2", "8.0.3", "8.0.4", "8.1", "8.2", "8.2.1", "8.3", "9.0", "9.0.1", "9.1"]}], "specifier": null}, {"extra": [], "extras": [], "marker": null, "marker_evaluated": null, "marker_evaluation_error": null, "marker_evaluation_result": true, "normalized_package_name": "ply", "package_name": "ply", "resolved_versions": [{"index": "https://pypi.org/simple", "versions": ["3.10", "3.11", "3.6", "3.8", "3.9"]}], "specifier": ">=3.6"}], "importlib_metadata": {"entry_points": [], "files": [{"hash": {"mode": "sha256", "value": "w28UWQJBWdtWiUV-zaMhWowni2UOaRCvHTf1XsoHbU4"}, "path": "calmjs.parse-1.2.3-py3.6-nspkg.pth", "size": 539}, {"hash": {"mode": "sha256", "value": "zuuue4knoyJ-UwPPXg8fezS7VCrXJQrAP7zeNuwvFQg"}, "path": "calmjs.parse-1.2.3.dist-info/INSTALLER", "size": 4}, {"hash": {"mode": "sha256", "value": "fmRKf-nVKMx-sSUm9_31MWz5ff3CtXicUv81acTMeXk"}, "path": "calmjs.parse-1.2.3.dist-info/LICENSE", "size": 1102}, {"hash": {"mode": "sha256", "value": "X5Rfv-cAdgMVWEGH5nJwAP2XgB-M9KAbTc_d8RgMDiA"}, "path": "calmjs.parse-1.2.3.dist-info/METADATA", "size": 39811}, {"hash": null, "path": "calmjs.parse-1.2.3.dist-info/RECORD", "size": null}, {"hash": {"mode": "sha256", "value": "MYFsq5fFBwF_oyJgrOoFmYYB1K6Sw7MxY-0897ZLbdM"}, "path": "calmjs.parse-1.2.3.dist-info/WHEEL", "size": 92}, {"hash": {"mode": "sha256", "value": "8UB5FRue8gbO1nslaIS5hmLfsh9iw7591XoavD2r9Dg"}, "path": "calmjs.parse-1.2.3.dist-info/namespace_packages.txt", "size": 7}, {"hash": {"mode": "sha256", "value": "8UB5FRue8gbO1nslaIS5hmLfsh9iw7591XoavD2r9Dg"}, "path": "calmjs.parse-1.2.3.dist-info/top_level.txt", "size": 7}, {"hash": {"mode": "sha256", "value": "yCptidWchkbLpd4HloUl-WCzIfHIqtxfP5xMuD98w2k"}, "path": "calmjs/parse/__init__.py", "size": 187}, {"hash": null, "path": "calmjs/parse/__pycache__/__init__.cpython-37.pyc", "size": null}, {"hash": null, "path": "calmjs/parse/__pycache__/asttypes.cpython-37.pyc", "size": null}, {"hash": null, "path": "calmjs/parse/__pycache__/exceptions.cpython-37.pyc", "size": null}, {"hash": null, "path": "calmjs/parse/__pycache__/factory.cpython-37.pyc", "size": null}, {"hash": null, "path": "calmjs/parse/__pycache__/io.cpython-37.pyc", "size": null}, {"hash": null, "path": "calmjs/parse/__pycache__/rules.cpython-37.pyc", "size": null}, {"hash": null, "path": "calmjs/parse/__pycache__/ruletypes.cpython-37.pyc", "size": null}, {"hash": null, "path": "calmjs/parse/__pycache__/sourcemap.cpython-37.pyc", "size": null}, {"hash": null, "path": "calmjs/parse/__pycache__/unicode_chars.cpython-37.pyc", "size": null}, {"hash": null, "path": "calmjs/parse/__pycache__/utils.cpython-37.pyc", "size": null}, {"hash": null, "path": "calmjs/parse/__pycache__/vlq.cpython-37.pyc", "size": null}, {"hash": null, "path": "calmjs/parse/__pycache__/walkers.cpython-37.pyc", "size": null}, {"hash": {"mode": "sha256", "value": "2eJOPYtwLgd38HhemLqX5REk-4yc4buxl5c2oxE35bY"}, "path": "calmjs/parse/asttypes.py", "size": 15759}, {"hash": {"mode": "sha256", "value": "FQy0XEagHe4sTyMc4byzDqh_98c_eze9W0mWVe8LvQg"}, "path": "calmjs/parse/exceptions.py", "size": 712}, {"hash": {"mode": "sha256", "value": "chNKMGYCcQI3RR8IzDkcDWbIx6lrQejuflTCuu9ER-o"}, "path": "calmjs/parse/factory.py", "size": 3112}, {"hash": {"mode": "sha256", "value": "47DEQpj8HBSa-_TImW-5JCeuQeRkm5NMpJWZG3hSuFU"}, "path": "calmjs/parse/handlers/__init__.py", "size": 0}, {"hash": null, "path": "calmjs/parse/handlers/__pycache__/__init__.cpython-37.pyc", "size": null}, {"hash": null, "path": "calmjs/parse/handlers/__pycache__/core.cpython-37.pyc", "size": null}, {"hash": null, "path": "calmjs/parse/handlers/__pycache__/indentation.cpython-37.pyc", "size": null}, {"hash": null, "path": "calmjs/parse/handlers/__pycache__/obfuscation.cpython-37.pyc", "size": null}, {"hash": {"mode": "sha256", "value": "-v1_u62oQRRlzAEq1uGgMaUcGHsr5YuVd99tjmrt6nA"}, "path": "calmjs/parse/handlers/core.py", "size": 7413}, {"hash": {"mode": "sha256", "value": "GMls5GKOmwAGfLoMEdQ-E8SF8ODhcM2nIgZGG_Ctsik"}, "path": "calmjs/parse/handlers/indentation.py", "size": 3044}, {"hash": {"mode": "sha256", "value": "z-mVsqkmRniq9N3knpvVMMmSYZQuJpGyg6rC0iCGfCc"}, "path": "calmjs/parse/handlers/obfuscation.py", "size": 17934}, {"hash": {"mode": "sha256", "value": "ri0sMKluz4jZuj6YY6mPSDE3GRwZ_gJe-KZ7l-lzlcw"}, "path": "calmjs/parse/io.py", "size": 5212}, {"hash": {"mode": "sha256", "value": "47DEQpj8HBSa-_TImW-5JCeuQeRkm5NMpJWZG3hSuFU"}, "path": "calmjs/parse/lexers/__init__.py", "size": 0}, {"hash": null, "path": "calmjs/parse/lexers/__pycache__/__init__.cpython-37.pyc", "size": null}, {"hash": null, "path": "calmjs/parse/lexers/__pycache__/es5.cpython-37.pyc", "size": null}, {"hash": null, "path": "calmjs/parse/lexers/__pycache__/tokens.cpython-37.pyc", "size": null}, {"hash": {"mode": "sha256", "value": "uEHehxeg6Rw4GrkqXO_klMnyUBYzaMx9Y6_o1MiPEaU"}, "path": "calmjs/parse/lexers/es5.py", "size": 24855}, {"hash": {"mode": "sha256", "value": "dQpjMWP6qgl0z04gAIrFZju7wzxpvY21mstg0Syu2KM"}, "path": "calmjs/parse/lexers/tokens.py", "size": 199}, {"hash": {"mode": "sha256", "value": "47DEQpj8HBSa-_TImW-5JCeuQeRkm5NMpJWZG3hSuFU"}, "path": "calmjs/parse/parsers/__init__.py", "size": 0}, {"hash": null, "path": "calmjs/parse/parsers/__pycache__/__init__.cpython-37.pyc", "size": null}, {"hash": null, "path": "calmjs/parse/parsers/__pycache__/es5.cpython-37.pyc", "size": null}, {"hash": null, "path": "calmjs/parse/parsers/__pycache__/lextab_es5_py3_ply3_10.cpython-37.pyc", "size": null}, {"hash": null, "path": "calmjs/parse/parsers/__pycache__/lextab_es5_py3_ply3_11.cpython-37.pyc", "size": null}, {"hash": null, "path": "calmjs/parse/parsers/__pycache__/lextab_es5_py3_ply3_6.cpython-37.pyc", "size": null}, {"hash": null, "path": "calmjs/parse/parsers/__pycache__/lextab_es5_py3_ply3_8.cpython-37.pyc", "size": null}, {"hash": null, "path": "calmjs/parse/parsers/__pycache__/lextab_es5_py3_ply3_9.cpython-37.pyc", "size": null}, {"hash": null, "path": "calmjs/parse/parsers/__pycache__/optimize.cpython-37.pyc", "size": null}, {"hash": null, "path": "calmjs/parse/parsers/__pycache__/yacctab_es5_py3_ply3_10.cpython-37.pyc", "size": null}, {"hash": null, "path": "calmjs/parse/parsers/__pycache__/yacctab_es5_py3_ply3_11.cpython-37.pyc", "size": null}, {"hash": null, "path": "calmjs/parse/parsers/__pycache__/yacctab_es5_py3_ply3_6.cpython-37.pyc", "size": null}, {"hash": null, "path": "calmjs/parse/parsers/__pycache__/yacctab_es5_py3_ply3_8.cpython-37.pyc", "size": null}, {"hash": null, "path": "calmjs/parse/parsers/__pycache__/yacctab_es5_py3_ply3_9.cpython-37.pyc", "size": null}, {"hash": {"mode": "sha256", "value": "8Bhe78rB9TeDr4qeR95REqZseN6AgT_9nL1c7N5eNfI"}, "path": "calmjs/parse/parsers/es5.py", "size": 51275}, {"hash": {"mode": "sha256", "value": "jjtu-BDAQc8n-DWoeW9ObNiffCNmU8-9sGsvnRF8pU4"}, "path": "calmjs/parse/parsers/lextab_es5_py3_ply3_10.py", "size": 18112}, {"hash": {"mode": "sha256", "value": "41vMmnDvZuQSv-eXy-ku38uLRKuNzro9zl52ipFFS24"}, "path": "calmjs/parse/parsers/lextab_es5_py3_ply3_11.py", "size": 18112}, {"hash": {"mode": "sha256", "value": "MI4ZRFo697DGLiTQPUO6EmnumFfkryqlE7PY7WmEHyc"}, "path": "calmjs/parse/parsers/lextab_es5_py3_ply3_6.py", "size": 18103}, {"hash": {"mode": "sha256", "value": "hfA7Lmzgw3ERuzHmTIJRNMP44YsivoVpohA8OYBeT-c"}, "path": "calmjs/parse/parsers/lextab_es5_py3_ply3_8.py", "size": 18103}, {"hash": {"mode": "sha256", "value": "j3bhKFnmnN1Kfv9kg7kIRmz9ltNLP5HkDZWfpNoMh7A"}, "path": "calmjs/parse/parsers/lextab_es5_py3_ply3_9.py", "size": 18108}, {"hash": {"mode": "sha256", "value": "4_gRk2em5TmPP7_7zle9cmyuizPCm7ZxbpGE5byowbg"}, "path": "calmjs/parse/parsers/optimize.py", "size": 2018}, {"hash": {"mode": "sha256", "value": "qZZtlR9-TqH-9ZL5mOjeUH0W0VSemvkXQn5hInOL0eM"}, "path": "calmjs/parse/parsers/yacctab_es5_py3_ply3_10.py", "size": 202372}, {"hash": {"mode": "sha256", "value": "6jzLBWMZCQKiBZnSDVcRtndyDysM5dV8rDTvmXq9qYw"}, "path": "calmjs/parse/parsers/yacctab_es5_py3_ply3_11.py", "size": 202396}, {"hash": {"mode": "sha256", "value": "HnnZ-VF8ToyikqL-qNEl8ZSphvz64w67mPWsdps-vLM"}, "path": "calmjs/parse/parsers/yacctab_es5_py3_ply3_6.py", "size": 183681}, {"hash": {"mode": "sha256", "value": "1sOKbjPSYWsMWeiB-ZbRREbKm3V9vfPR3_-Sye0VX6k"}, "path": "calmjs/parse/parsers/yacctab_es5_py3_ply3_8.py", "size": 183624}, {"hash": {"mode": "sha256", "value": "48TjYyeaszUVyfRjwuPeaWIgQ4oPSXyWvJRIa2hlumU"}, "path": "calmjs/parse/parsers/yacctab_es5_py3_ply3_9.py", "size": 183624}, {"hash": {"mode": "sha256", "value": "AVBQXl3T2ePFH2qEpJ3vgXRBk4w3icLRyxLjGFvXitk"}, "path": "calmjs/parse/rules.py", "size": 5979}, {"hash": {"mode": "sha256", "value": "MgizuGAuaRtZuWQ_G9qIfo0jLkitZChskJ4u_PqkBls"}, "path": "calmjs/parse/ruletypes.py", "size": 14925}, {"hash": {"mode": "sha256", "value": "_7NOugeiyNJXEXtVqCb0EvOltjSOf5s1Ecu5ai0cMpg"}, "path": "calmjs/parse/sourcemap.py", "size": 22219}, {"hash": {"mode": "sha256", "value": "47DEQpj8HBSa-_TImW-5JCeuQeRkm5NMpJWZG3hSuFU"}, "path": "calmjs/parse/testing/__init__.py", "size": 0}, {"hash": null, "path": "calmjs/parse/testing/__pycache__/__init__.cpython-37.pyc", "size": null}, {"hash": null, "path": "calmjs/parse/testing/__pycache__/util.cpython-37.pyc", "size": null}, {"hash": {"mode": "sha256", "value": "aWKS8EFCcid26x7LUrg4MUSbQju_iKq9CUXe_JpomDA"}, "path": "calmjs/parse/testing/util.py", "size": 2455}, {"hash": {"mode": "sha256", "value": "7t-9R4MxDO0_5Gc8OcnpEEwtbHwtzmm0P9v79z53W_Y"}, "path": "calmjs/parse/tests/__init__.py", "size": 2428}, {"hash": null, "path": "calmjs/parse/tests/__pycache__/__init__.cpython-37.pyc", "size": null}, {"hash": null, "path": "calmjs/parse/tests/__pycache__/lexer.cpython-37.pyc", "size": null}, {"hash": null, "path": "calmjs/parse/tests/__pycache__/parser.cpython-37.pyc", "size": null}, {"hash": null, "path": "calmjs/parse/tests/__pycache__/test_asttypes.cpython-37.pyc", "size": null}, {"hash": null, "path": "calmjs/parse/tests/__pycache__/test_es5_lexer.cpython-37.pyc", "size": null}, {"hash": null, "path": "calmjs/parse/tests/__pycache__/test_es5_parser.cpython-37.pyc", "size": null}, {"hash": null, "path": "calmjs/parse/tests/__pycache__/test_es5_unparser.cpython-37.pyc", "size": null}, {"hash": null, "path": "calmjs/parse/tests/__pycache__/test_factory.cpython-37.pyc", "size": null}, {"hash": null, "path": "calmjs/parse/tests/__pycache__/test_handlers_indentation.cpython-37.pyc", "size": null}, {"hash": null, "path": "calmjs/parse/tests/__pycache__/test_handlers_obfuscation.cpython-37.pyc", "size": null}, {"hash": null, "path": "calmjs/parse/tests/__pycache__/test_handlers_simple.cpython-37.pyc", "size": null}, {"hash": null, "path": "calmjs/parse/tests/__pycache__/test_io.cpython-37.pyc", "size": null}, {"hash": null, "path": "calmjs/parse/tests/__pycache__/test_parsers_optimize.cpython-37.pyc", "size": null}, {"hash": null, "path": "calmjs/parse/tests/__pycache__/test_pptypes.cpython-37.pyc", "size": null}, {"hash": null, "path": "calmjs/parse/tests/__pycache__/test_rules.cpython-37.pyc", "size": null}, {"hash": null, "path": "calmjs/parse/tests/__pycache__/test_ruletypes.cpython-37.pyc", "size": null}, {"hash": null, "path": "calmjs/parse/tests/__pycache__/test_sourcemap.cpython-37.pyc", "size": null}, {"hash": null, "path": "calmjs/parse/tests/__pycache__/test_testing.cpython-37.pyc", "size": null}, {"hash": null, "path": "calmjs/parse/tests/__pycache__/test_unparsers_base.cpython-37.pyc", "size": null}, {"hash": null, "path": "calmjs/parse/tests/__pycache__/test_unparsers_walker.cpython-37.pyc", "size": null}, {"hash": null, "path": "calmjs/parse/tests/__pycache__/test_utils.cpython-37.pyc", "size": null}, {"hash": null, "path": "calmjs/parse/tests/__pycache__/test_vlq.cpython-37.pyc", "size": null}, {"hash": null, "path": "calmjs/parse/tests/__pycache__/test_walkers.cpython-37.pyc", "size": null}, {"hash": {"mode": "sha256", "value": "U5TJGDQBsoU4-yak-fTKBAOgEcbKPsuhWsR5G320LVs"}, "path": "calmjs/parse/tests/lexer.py", "size": 21008}, {"hash": {"mode": "sha256", "value": "7mIRf9np7n4GZktnXn5k43rB6u1U-go4EVg6qj6Cwj0"}, "path": "calmjs/parse/tests/parser.py", "size": 93591}, {"hash": {"mode": "sha256", "value": "vzoNRCHzVRxVnTZawUqm6EWM6ztbNAnJxvstPE1WNRc"}, "path": "calmjs/parse/tests/test_asttypes.py", "size": 1011}, {"hash": {"mode": "sha256", "value": "_Koo08ok5KHArAmM4VHPynj6wIMo-miV_lMzmh23nG0"}, "path": "calmjs/parse/tests/test_es5_lexer.py", "size": 6989}, {"hash": {"mode": "sha256", "value": "O7DOPc2EBd0-bBfupFgeC0umtlOsrDyiR_HIbymePp4"}, "path": "calmjs/parse/tests/test_es5_parser.py", "size": 2182}, {"hash": {"mode": "sha256", "value": "IObXA14OmXkQEXws9qq2zY1xin21jjjel_24OeOPS_Q"}, "path": "calmjs/parse/tests/test_es5_unparser.py", "size": 67970}, {"hash": {"mode": "sha256", "value": "RZVKB9t4AQfbVDhQfte1nK3RQcfrFumDP9sDOOrZEAc"}, "path": "calmjs/parse/tests/test_factory.py", "size": 2193}, {"hash": {"mode": "sha256", "value": "IgcqX5no0OubuBxtdy597dRkTxSQMT-HoslVNhVpmb4"}, "path": "calmjs/parse/tests/test_handlers_indentation.py", "size": 1764}, {"hash": {"mode": "sha256", "value": "JwVByf3MRlBjM5hGB460XQgyIbRwKbwY7wTfxco7_4M"}, "path": "calmjs/parse/tests/test_handlers_obfuscation.py", "size": 35391}, {"hash": {"mode": "sha256", "value": "Jm95QeKL7AH0QCk-4MA9EtTZgoQXUKd5vXbAUgaaMxE"}, "path": "calmjs/parse/tests/test_handlers_simple.py", "size": 6324}, {"hash": {"mode": "sha256", "value": "SYN28seLG7b4qyTJlDINQjGuHDFBeYFGc3Zph7yI-4I"}, "path": "calmjs/parse/tests/test_io.py", "size": 12198}, {"hash": {"mode": "sha256", "value": "Rl2ijwP3oCZ1kC7sW1_8vnnGm7ilQq9aV4sgTiBMjwo"}, "path": "calmjs/parse/tests/test_parsers_optimize.py", "size": 2659}, {"hash": {"mode": "sha256", "value": "ciUAeqMoEKLca1eUh3HPsVGbf3QvuoCdzzBhXTimeoU"}, "path": "calmjs/parse/tests/test_pptypes.py", "size": 699}, {"hash": {"mode": "sha256", "value": "lVBQEijH2v3MOHtqSo5O_c74EN77v4NJbl3EZ1mT3xc"}, "path": "calmjs/parse/tests/test_rules.py", "size": 606}, {"hash": {"mode": "sha256", "value": "K_qlDNNKnhXHrGJ17TU55-D9Kvo71rP8bsA0vDiLcPQ"}, "path": "calmjs/parse/tests/test_ruletypes.py", "size": 4222}, {"hash": {"mode": "sha256", "value": "6jEuxKUVqitv-IRZAO8yb3EX868nHd0X4Skp37Lw4gU"}, "path": "calmjs/parse/tests/test_sourcemap.py", "size": 41957}, {"hash": {"mode": "sha256", "value": "Az8HUKalTgCmZ4IJSFz0qNZjqsKPQ0zxwu3jgNCkibM"}, "path": "calmjs/parse/tests/test_testing.py", "size": 2996}, {"hash": {"mode": "sha256", "value": "aTOwtCqM83nIkKdxFyKir90kwYRNBszPSxBboue41mg"}, "path": "calmjs/parse/tests/test_unparsers_base.py", "size": 5221}, {"hash": {"mode": "sha256", "value": "79ZNM1qcLZo0hUgkFF5kYl0YpnHGPEhVjceDsZnLeNk"}, "path": "calmjs/parse/tests/test_unparsers_walker.py", "size": 7891}, {"hash": {"mode": "sha256", "value": "nkKqPIWs37V9-rUJEEU_ySoRKOzBC5LPxWJkp6CCdlk"}, "path": "calmjs/parse/tests/test_utils.py", "size": 4040}, {"hash": {"mode": "sha256", "value": "87ujPqFu80Vf_tCrv9MHLOcjrAsWu48lKMrpEfEoD4w"}, "path": "calmjs/parse/tests/test_vlq.py", "size": 2896}, {"hash": {"mode": "sha256", "value": "AhkoMzF__J8d__QtY0sReMxeJa0uUrbafo4QGzVCYSs"}, "path": "calmjs/parse/tests/test_walkers.py", "size": 6591}, {"hash": {"mode": "sha256", "value": "EfmWlxtW00LYPwP2IfOBQsP6YMBMJDWzPJmhpXjd18w"}, "path": "calmjs/parse/unicode_chars.py", "size": 9785}, {"hash": {"mode": "sha256", "value": "47DEQpj8HBSa-_TImW-5JCeuQeRkm5NMpJWZG3hSuFU"}, "path": "calmjs/parse/unparsers/__init__.py", "size": 0}, {"hash": null, "path": "calmjs/parse/unparsers/__pycache__/__init__.cpython-37.pyc", "size": null}, {"hash": null, "path": "calmjs/parse/unparsers/__pycache__/base.cpython-37.pyc", "size": null}, {"hash": null, "path": "calmjs/parse/unparsers/__pycache__/es5.cpython-37.pyc", "size": null}, {"hash": null, "path": "calmjs/parse/unparsers/__pycache__/walker.cpython-37.pyc", "size": null}, {"hash": {"mode": "sha256", "value": "cefNmDth1rk6IPR30UkT-1zrHFXlnZcdMYoDx9z7HSg"}, "path": "calmjs/parse/unparsers/base.py", "size": 5349}, {"hash": {"mode": "sha256", "value": "iOL9RMl4LttZVf6Y78FkvfpXkSy5d-2qGbavy2wIjHI"}, "path": "calmjs/parse/unparsers/es5.py", "size": 13273}, {"hash": {"mode": "sha256", "value": "1hdIjEABmFzcfPiFGpk4SXF4DWwswLET4jVZufI8hW8"}, "path": "calmjs/parse/unparsers/walker.py", "size": 13462}, {"hash": {"mode": "sha256", "value": "sg5wps2g9Y0bMDV_faZhmnsXWfYX-WeI2XV0LOyHb5Y"}, "path": "calmjs/parse/utils.py", "size": 1914}, {"hash": {"mode": "sha256", "value": "2bSVu6_AD3Nz6z__r9TDxMZ4-BHzRk4_txP8wOeSB7w"}, "path": "calmjs/parse/vlq.py", "size": 3977}, {"hash": {"mode": "sha256", "value": "nHArIkpzYVm2Te4XHgyH6LpRzah-IwBm7nQ8fc3lngA"}, "path": "calmjs/parse/walkers.py", "size": 6622}], "metadata": {"Author": "Tommy Yu", "Author-email": "tommy.yu@auckland.ac.nz", "Classifier": ["Development Status :: 5 - Production/Stable", "Intended Audience :: Developers", "License :: OSI Approved :: MIT License", "Operating System :: OS Independent", "Programming Language :: JavaScript", "Programming Language :: Python :: 2.7", "Programming Language :: Python :: 3.3", "Programming Language :: Python :: 3.4", "Programming Language :: Python :: 3.5", "Programming Language :: Python :: 3.6", "Programming Language :: Python :: 3.7", "Programming Language :: Python :: 3.8"], "Home-page": "https://github.com/calmjs/calmjs.parse", "License": "mit", "Metadata-Version": "2.1", "Name": "calmjs.parse", "Platform": ["UNKNOWN"], "Requires-Dist": ["setuptools", "ply (>=3.6)"], "Summary": "Various parsers for ECMA standards.", "Version": "1.2.3"}, "requires": ["setuptools", "ply (>=3.6)"], "version": "1.2.3"}, "index_url": "https://pypi.org/simple", "package_name": "calmjs.parse", "package_version": "1.2.3", "package_version_requested": "1.2.3", "sha256": ["3e5d5f6ae1fcb818a5986ee249c9b9b62931fc1188c982f1278728dbeb3ea3c1", "5e04e8ffae075264cb953ae9465d8bb00c0149ad44452bf31a45116690779738", "1b34a7bd566451b360852fd69285ad5a82ab46e93b4cede9ac2d454a9853c1fb"]}], "unparsed": [], "unresolved": []}}