{"metadata": {"analyzer": "thoth-solver", "analyzer_version": "1.4.1", "arguments": {"python": {"exclude_packages": null, "index": "https://pypi.org/simple", "no_pretty": false, "no_transitive": true, "output": "http://result-api/api/v1/solver-result", "requirements": "django-rq==0.9.5", "virtualenv": "/home/solver/venv"}, "thoth-solver": {"verbose": false}}, "datetime": "2019-12-26T16:39:35.555255", "distribution": {"codename": "", "id": "fedora", "like": "", "version": "31", "version_parts": {"build_number": "", "major": "31", "minor": ""}}, "document_id": "solver-fedora-31-py37-04233fcd", "duration": 2, "hostname": "solver-fedora-31-py37-04233fcd-bwn22", "os_release": {"id": "fedora", "name": "Fedora", "platform_id": "platform:f31", "redhat_bugzilla_product": "Fedora", "redhat_bugzilla_product_version": "31", "redhat_support_product": "Fedora", "redhat_support_product_version": "31", "variant_id": "container", "version": "31 (Container Image)", "version_id": "31"}, "python": {"api_version": 1013, "implementation_name": "cpython", "major": 3, "micro": 5, "minor": 7, "releaselevel": "final", "serial": 0}, "thoth_deployment_name": "thoth-psi-stage", "timestamp": 1577378375}, "result": {"environment": {"implementation_name": "cpython", "implementation_version": "3.7.5", "os_name": "posix", "platform_machine": "x86_64", "platform_python_implementation": "CPython", "platform_release": "3.10.0-957.21.2.el7.x86_64", "platform_system": "Linux", "platform_version": "#1 SMP Tue May 28 09:26:43 UTC 2019", "python_full_version": "3.7.5", "python_version": "3.7", "sys_platform": "linux"}, "environment_packages": [{"package_name": "pipdeptree", "package_version": "0.13.2"}], "errors": [], "tree": [{"dependencies": [{"extra": [], "extras": [], "marker": null, "marker_evaluated": null, "marker_evaluation_error": null, "marker_evaluation_result": true, "normalized_package_name": "django", "package_name": "django", "resolved_versions": [{"index": "https://pypi.org/simple", "versions": ["1.10", "1.10.1", "1.10.2", "1.10.3", "1.10.4", "1.10.5", "1.10.6", "1.10.7", "1.10.8", "1.11", "1.11.1", "1.11.10", "1.11.11", "1.11.12", "1.11.13", "1.11.14", "1.11.15", "1.11.16", "1.11.17", "1.11.18", "1.11.2", "1.11.20", "1.11.21", "1.11.22", "1.11.23", "1.11.24", "1.11.25", "1.11.26", "1.11.27", "1.11.3", "1.11.4", "1.11.5", "1.11.6", "1.11.7", "1.11.8", "1.11.9", "1.8", "1.8.1", "1.8.10", "1.8.11", "1.8.12", "1.8.13", "1.8.14", "1.8.15", "1.8.16", "1.8.17", "1.8.18", "1.8.19", "1.8.2", "1.8.3", "1.8.4", "1.8.5", "1.8.6", "1.8.7", "1.8.8", "1.8.9", "1.9", "1.9.1", "1.9.10", "1.9.11", "1.9.12", "1.9.13", "1.9.2", "1.9.3", "1.9.4", "1.9.5", "1.9.6", "1.9.7", "1.9.8", "1.9.9", "2.0", "2.0.1", "2.0.10", "2.0.12", "2.0.13", "2.0.2", "2.0.3", "2.0.4", "2.0.5", "2.0.6", "2.0.7", "2.0.8", "2.0.9", "2.1", "2.1.1", "2.1.10", "2.1.11", "2.1.12", "2.1.13", "2.1.14", "2.1.15", "2.1.2", "2.1.3", "2.1.4", "2.1.5", "2.1.7", "2.1.8", "2.1.9", "2.2", "2.2.1", "2.2.2", "2.2.3", "2.2.4", "2.2.5", "2.2.6", "2.2.7", "2.2.8", "2.2.9", "3.0", "3.0.1"]}], "specifier": ">=1.8.0"}, {"extra": [], "extras": [], "marker": null, "marker_evaluated": null, "marker_evaluation_error": null, "marker_evaluation_result": true, "normalized_package_name": "rq", "package_name": "rq", "resolved_versions": [{"index": "https://pypi.org/simple", "versions": ["0.10.0", "0.11.0", "0.12.0", "0.13.0", "0.5.5", "0.5.6", "0.6.0", "0.7.0", "0.7.1", "0.8.0", "0.8.1", "0.8.2", "0.9.0", "0.9.1", "0.9.2", "1.0", "1.1.0"]}], "specifier": ">=0.5.5"}], "importlib_metadata": {"entry_points": [], "files": [{"hash": {"mode": "sha256", "value": "TT8Y1tXjT3gWRp61excrH8VLmBMp_eueaG8Kg2DDSwk"}, "path": "django_rq-0.9.5.dist-info/DESCRIPTION.rst", "size": 16076}, {"hash": {"mode": "sha256", "value": "zuuue4knoyJ-UwPPXg8fezS7VCrXJQrAP7zeNuwvFQg"}, "path": "django_rq-0.9.5.dist-info/INSTALLER", "size": 4}, {"hash": {"mode": "sha256", "value": "axT44sjNoqhTcfCZVPG8IGlu21HsPj5E_uQLor9-2o0"}, "path": "django_rq-0.9.5.dist-info/METADATA", "size": 17102}, {"hash": null, "path": "django_rq-0.9.5.dist-info/RECORD", "size": null}, {"hash": {"mode": "sha256", "value": "GrqQvamwgBV4nLoJe0vhYRSWzWsx7xjlt74FT0SWYfE"}, "path": "django_rq-0.9.5.dist-info/WHEEL", "size": 110}, {"hash": {"mode": "sha256", "value": "2iQ6iR6bRGpO4cO1n4rJgSt4dpmKcLKiTv8N80La8uA"}, "path": "django_rq-0.9.5.dist-info/metadata.json", "size": 1118}, {"hash": {"mode": "sha256", "value": "YTGzNtagfqYMA9StUv864qSt8WapEzaWKTjvUZGfiCw"}, "path": "django_rq-0.9.5.dist-info/pbr.json", "size": 47}, {"hash": {"mode": "sha256", "value": "VlEOtRjntzSS45AOmTvQwBRUEojTnDJT8bcxWiXMhjM"}, "path": "django_rq-0.9.5.dist-info/top_level.txt", "size": 10}, {"hash": {"mode": "sha256", "value": "ygopvbwEmlSNOqr721HZ20P2T-wXLbqoAATFrcy64Yg"}, "path": "django_rq/__init__.py", "size": 169}, {"hash": null, "path": "django_rq/__pycache__/__init__.cpython-37.pyc", "size": null}, {"hash": null, "path": "django_rq/__pycache__/admin.cpython-37.pyc", "size": null}, {"hash": null, "path": "django_rq/__pycache__/decorators.cpython-37.pyc", "size": null}, {"hash": null, "path": "django_rq/__pycache__/models.cpython-37.pyc", "size": null}, {"hash": null, "path": "django_rq/__pycache__/settings.cpython-37.pyc", "size": null}, {"hash": null, "path": "django_rq/__pycache__/test_settings.cpython-37.pyc", "size": null}, {"hash": null, "path": "django_rq/__pycache__/thread_queue.cpython-37.pyc", "size": null}, {"hash": null, "path": "django_rq/__pycache__/urls.cpython-37.pyc", "size": null}, {"hash": null, "path": "django_rq/__pycache__/views.cpython-37.pyc", "size": null}, {"hash": null, "path": "django_rq/__pycache__/workers.cpython-37.pyc", "size": null}, {"hash": {"mode": "sha256", "value": "etGqY8B68_8iHHeWx00uBvFfBZxRqibFRhU9rnrUsu8"}, "path": "django_rq/admin.py", "size": 149}, {"hash": {"mode": "sha256", "value": "rwfNG7LhvkYbYbkNMdziLPKKQhL1Yo3-FC5z7tzUiIs"}, "path": "django_rq/decorators.py", "size": 888}, {"hash": {"mode": "sha256", "value": "47DEQpj8HBSa-_TImW-5JCeuQeRkm5NMpJWZG3hSuFU"}, "path": "django_rq/management/__init__.py", "size": 0}, {"hash": null, "path": "django_rq/management/__pycache__/__init__.cpython-37.pyc", "size": null}, {"hash": {"mode": "sha256", "value": "47DEQpj8HBSa-_TImW-5JCeuQeRkm5NMpJWZG3hSuFU"}, "path": "django_rq/management/commands/__init__.py", "size": 0}, {"hash": null, "path": "django_rq/management/commands/__pycache__/__init__.cpython-37.pyc", "size": null}, {"hash": null, "path": "django_rq/management/commands/__pycache__/rqenqueue.cpython-37.pyc", "size": null}, {"hash": null, "path": "django_rq/management/commands/__pycache__/rqscheduler.cpython-37.pyc", "size": null}, {"hash": null, "path": "django_rq/management/commands/__pycache__/rqworker.cpython-37.pyc", "size": null}, {"hash": {"mode": "sha256", "value": "Ga2VIb7ICAYSreGDhZLyGbMtamFR2kqmzm6GSOW9x5g"}, "path": "django_rq/management/commands/rqenqueue.py", "size": 1223}, {"hash": {"mode": "sha256", "value": "7clSIugMSLPDlYMRpFHGFUgRq2ABSCelKDbLKqFN4zI"}, "path": "django_rq/management/commands/rqscheduler.py", "size": 1312}, {"hash": {"mode": "sha256", "value": "R7uNZZkw4figW2ahtmURjzTPdPIhheosZUjfEuhj2zg"}, "path": "django_rq/management/commands/rqworker.py", "size": 3784}, {"hash": {"mode": "sha256", "value": "qDem84KLe2yYaP0nPWwpD4m8VSxoS0TZ8kjKzIP1qJE"}, "path": "django_rq/models.py", "size": 353}, {"hash": {"mode": "sha256", "value": "Cj0YMRch9tlFMatXwoqpg9W_dzE1cOHJtpvv_keyCuU"}, "path": "django_rq/queues.py", "size": 8310}, {"hash": {"mode": "sha256", "value": "jc80eF8rVt-49OXaBJ82JMywkD-HrPfeUIdmNMi7Lsk"}, "path": "django_rq/settings.py", "size": 913}, {"hash": {"mode": "sha256", "value": "xLLEHwnxTmFMpSuRrzT38h-0wT4ohTxLWNXXtDiZiaQ"}, "path": "django_rq/templates/django_rq/clear_queue.html", "size": 1104}, {"hash": {"mode": "sha256", "value": "xn4OO7_bgl9a9HkPhnEXZL7h_zVXEh2v5PU21GWbOp4"}, "path": "django_rq/templates/django_rq/confirm_action.html", "size": 1539}, {"hash": {"mode": "sha256", "value": "FwqU2ezMx2MZ6_N1IlsfyxWW7CxT2YA14IWI6sk0Jaw"}, "path": "django_rq/templates/django_rq/delete_job.html", "size": 1266}, {"hash": {"mode": "sha256", "value": "aPi0wG43oTSfVIJjLH-WNrg9xrS1DnUgGDMy410EYvw"}, "path": "django_rq/templates/django_rq/index.html", "size": 601}, {"hash": {"mode": "sha256", "value": "M0tC5BxWXuW2j6cTAENndGwAJ7TMQZJ69QvQpgt_VZM"}, "path": "django_rq/templates/django_rq/job_detail.html", "size": 4409}, {"hash": {"mode": "sha256", "value": "CsJHnbuQuqkjT2ZNmSTOypwfL6IT7q5lzUIqRUNbYgA"}, "path": "django_rq/templates/django_rq/jobs.html", "size": 4852}, {"hash": {"mode": "sha256", "value": "3WZS0zYolyNFB0Lw0hIX8ap0r14jLwu9HHAIPyUr6f0"}, "path": "django_rq/templates/django_rq/requeue_all.html", "size": 1166}, {"hash": {"mode": "sha256", "value": "hj0n1I9tfdfDS1g4Lluk7flGc8XkAWvl1VeGhIMbcOo"}, "path": "django_rq/templates/django_rq/stats.html", "size": 2929}, {"hash": {"mode": "sha256", "value": "HL7HN_hj5JIs7mPMLrv6r80c_4t5DYz9LmpdVQtkivo"}, "path": "django_rq/templates/django_rq/test.html", "size": 3}, {"hash": {"mode": "sha256", "value": "47DEQpj8HBSa-_TImW-5JCeuQeRkm5NMpJWZG3hSuFU"}, "path": "django_rq/templatetags/__init__.py", "size": 0}, {"hash": null, "path": "django_rq/templatetags/__pycache__/__init__.cpython-37.pyc", "size": null}, {"hash": null, "path": "django_rq/templatetags/__pycache__/django_rq.cpython-37.pyc", "size": null}, {"hash": null, "path": "django_rq/templatetags/__pycache__/jquery_path.cpython-37.pyc", "size": null}, {"hash": {"mode": "sha256", "value": "tA-BPVXNu4hFCh9NGOeRhHzwjPFUQefrNqHNBdbwiFw"}, "path": "django_rq/templatetags/django_rq.py", "size": 371}, {"hash": {"mode": "sha256", "value": "Ylc25mQmV-gTI1hSn7HsmUsU4-dRT767AnsvC3rY9YI"}, "path": "django_rq/templatetags/jquery_path.py", "size": 526}, {"hash": {"mode": "sha256", "value": "Ccacu0D8-DmRA-zndBDHqQWxOn6NqsN_l5IldSPdF3g"}, "path": "django_rq/test_settings.py", "size": 4975}, {"hash": {"mode": "sha256", "value": "yIbxEwtQLCsxJK2ZkvOTljbNizt52pMIFj9wNI_IfkY"}, "path": "django_rq/tests/__init__.py", "size": 21}, {"hash": null, "path": "django_rq/tests/__pycache__/__init__.cpython-37.pyc", "size": null}, {"hash": null, "path": "django_rq/tests/__pycache__/urls.cpython-37.pyc", "size": null}, {"hash": null, "path": "django_rq/tests/__pycache__/views.cpython-37.pyc", "size": null}, {"hash": {"mode": "sha256", "value": "tu3jW_nGhhmVzVQ7fLfdRWLyvPuHXTrSwvZV1uy_wUA"}, "path": "django_rq/tests/tests.py", "size": 24201}, {"hash": {"mode": "sha256", "value": "U9fhbalONFNB7nv9JHrmBVnEOA6XaNnNXSS-cZpfAG4"}, "path": "django_rq/tests/urls.py", "size": 332}, {"hash": {"mode": "sha256", "value": "44CFkqJMnz77oMWuKleJx3FKU9lBLRv5qXW-zSnsIQE"}, "path": "django_rq/tests/views.py", "size": 334}, {"hash": {"mode": "sha256", "value": "MI4Sl3HwWxn6H4FWxXRXjH9r4PmqsWdVLzATTUVjTaE"}, "path": "django_rq/thread_queue.py", "size": 1150}, {"hash": {"mode": "sha256", "value": "I4QfpZfI8KyQFaqP9YKYEcXGcxWzf1fndBAj1n6RLCc"}, "path": "django_rq/urls.py", "size": 1201}, {"hash": {"mode": "sha256", "value": "YEKbbRu2iR5i-iYB2G-qHLAmruxuQ7ACqcvNIytcIeQ"}, "path": "django_rq/views.py", "size": 10784}, {"hash": {"mode": "sha256", "value": "BJv0O7pLvX91EDwGx5CDz_44spkC5MlieYXaERSNzfU"}, "path": "django_rq/workers.py", "size": 671}], "metadata": {"Author": "Selwin Ong", "Author-email": "selwin.ong@gmail.com", "Classifier": ["Development Status :: 4 - Beta", "Environment :: Web Environment", "Framework :: Django", "Intended Audience :: Developers", "License :: OSI Approved :: MIT License", "Operating System :: OS Independent", "Programming Language :: Python", "Programming Language :: Python :: 2", "Programming Language :: Python :: 2.6", "Programming Language :: Python :: 2.7", "Programming Language :: Python :: 3", "Programming Language :: Python :: 3.3", "Programming Language :: Python :: 3.4", "Topic :: Internet :: WWW/HTTP", "Topic :: Software Development :: Libraries :: Python Modules"], "Home-page": "https://github.com/ui/django-rq", "License": "MIT", "Metadata-Version": "2.0", "Name": "django-rq", "Platform": ["UNKNOWN"], "Requires-Dist": ["django (>=1.8.0)", "rq (>=0.5.5)"], "Summary": "An app that provides django integration for RQ (Redis Queue)", "Version": "0.9.5"}, "requires": ["django (>=1.8.0)", "rq (>=0.5.5)"], "version": "0.9.5"}, "index_url": "https://pypi.org/simple", "package_name": "django-rq", "package_version": "0.9.5", "package_version_requested": "0.9.5", "sha256": ["33f9cb5d26b6cb3d2d7f8b25494b4985e09227cb80058627443bdb6bdb99e1db", "74e5ba53d3a2ade0e652a1e2f35d7a6f3b15022433c24fbcb977198e735ed9e7"]}], "unparsed": [], "unresolved": []}}