{"metadata": {"analyzer": "thoth-solver", "analyzer_version": "1.4.1", "arguments": {"python": {"exclude_packages": null, "index": "https://pypi.org/simple", "no_pretty": false, "no_transitive": true, "output": "http://result-api/api/v1/solver-result", "requirements": "mutagen==1.13", "virtualenv": "/home/solver/venv"}, "thoth-solver": {"verbose": false}}, "datetime": "2019-12-26T16:35:37.082571", "distribution": {"codename": "", "id": "fedora", "like": "", "version": "31", "version_parts": {"build_number": "", "major": "31", "minor": ""}}, "document_id": "solver-fedora-31-py37-02678c71", "duration": 1, "hostname": "solver-fedora-31-py37-02678c71-b6pxq", "os_release": {"id": "fedora", "name": "Fedora", "platform_id": "platform:f31", "redhat_bugzilla_product": "Fedora", "redhat_bugzilla_product_version": "31", "redhat_support_product": "Fedora", "redhat_support_product_version": "31", "variant_id": "container", "version": "31 (Container Image)", "version_id": "31"}, "python": {"api_version": 1013, "implementation_name": "cpython", "major": 3, "micro": 5, "minor": 7, "releaselevel": "final", "serial": 0}, "thoth_deployment_name": "thoth-psi-stage", "timestamp": 1577378137}, "result": {"environment": {"implementation_name": "cpython", "implementation_version": "3.7.5", "os_name": "posix", "platform_machine": "x86_64", "platform_python_implementation": "CPython", "platform_release": "3.10.0-957.21.2.el7.x86_64", "platform_system": "Linux", "platform_version": "#1 SMP Tue May 28 09:26:43 UTC 2019", "python_full_version": "3.7.5", "python_version": "3.7", "sys_platform": "linux"}, "environment_packages": [{"package_name": "pipdeptree", "package_version": "0.13.2"}], "errors": [{"details": {"command": "/home/solver/venv/bin/python3 -m pip install --force-reinstall --no-cache-dir --no-deps mutagen==1.13 --index-url \"https://pypi.org/simple\"  --trusted-host pypi.org", "message": "Command exited with non-zero status code (1): ERROR: Could not find a version that satisfies the requirement mutagen==1.13 (from versions: 1.16, 1.17, 1.18, 1.19, 1.20, 1.21, 1.22, 1.23, 1.24, 1.25, 1.25.1, 1.26, 1.27, 1.28, 1.29, 1.30, 1.31, 1.32, 1.33, 1.33.1, 1.33.2, 1.34, 1.34.1, 1.35, 1.35.1, 1.36, 1.36.1, 1.36.2, 1.36.3, 1.37, 1.38, 1.39, 1.40.0, 1.41.0, 1.41.1, 1.42.0, 1.43.0)\nERROR: No matching distribution found for mutagen==1.13\n", "return_code": 1, "stderr": "ERROR: Could not find a version that satisfies the requirement mutagen==1.13 (from versions: 1.16, 1.17, 1.18, 1.19, 1.20, 1.21, 1.22, 1.23, 1.24, 1.25, 1.25.1, 1.26, 1.27, 1.28, 1.29, 1.30, 1.31, 1.32, 1.33, 1.33.1, 1.33.2, 1.34, 1.34.1, 1.35, 1.35.1, 1.36, 1.36.1, 1.36.2, 1.36.3, 1.37, 1.38, 1.39, 1.40.0, 1.41.0, 1.41.1, 1.42.0, 1.43.0)\nERROR: No matching distribution found for mutagen==1.13\n", "stdout": "", "timeout": 60}, "index_url": "https://pypi.org/simple", "is_provided_package": true, "is_provided_package_version": true, "package_name": "mutagen", "package_version": "1.13", "type": "command_error"}], "tree": [], "unparsed": [], "unresolved": []}}