{"metadata": {"analyzer": "thoth-solver", "analyzer_version": "1.4.1", "arguments": {"python": {"exclude_packages": null, "index": "https://pypi.org/simple", "no_pretty": false, "no_transitive": true, "output": "http://result-api/api/v1/solver-result", "requirements": "watchdog==0.7.0", "virtualenv": "/home/solver/venv"}, "thoth-solver": {"verbose": false}}, "datetime": "2019-12-24T17:18:37.185357", "distribution": {"codename": "", "id": "fedora", "like": "", "version": "31", "version_parts": {"build_number": "", "major": "31", "minor": ""}}, "document_id": "solver-fedora-31-py37-0614353c", "duration": 4, "hostname": "solver-fedora-31-py37-0614353c-tx9kg", "os_release": {"id": "fedora", "name": "Fedora", "platform_id": "platform:f31", "redhat_bugzilla_product": "Fedora", "redhat_bugzilla_product_version": "31", "redhat_support_product": "Fedora", "redhat_support_product_version": "31", "variant_id": "container", "version": "31 (Container Image)", "version_id": "31"}, "python": {"api_version": 1013, "implementation_name": "cpython", "major": 3, "micro": 5, "minor": 7, "releaselevel": "final", "serial": 0}, "thoth_deployment_name": "thoth-psi-stage", "timestamp": 1577207917}, "result": {"environment": {"implementation_name": "cpython", "implementation_version": "3.7.5", "os_name": "posix", "platform_machine": "x86_64", "platform_python_implementation": "CPython", "platform_release": "3.10.0-957.21.2.el7.x86_64", "platform_system": "Linux", "platform_version": "#1 SMP Tue May 28 09:26:43 UTC 2019", "python_full_version": "3.7.5", "python_version": "3.7", "sys_platform": "linux"}, "environment_packages": [{"package_name": "pipdeptree", "package_version": "0.13.2"}], "errors": [], "tree": [{"dependencies": [{"extra": [], "extras": [], "marker": null, "marker_evaluated": null, "marker_evaluation_error": null, "marker_evaluation_result": true, "normalized_package_name": "pyyaml", "package_name": "PyYAML", "resolved_versions": [{"index": "https://pypi.org/simple", "versions": ["3.09", "3.10", "3.11", "3.12", "3.13", "5.1", "5.1.1", "5.1.2", "5.2"]}], "specifier": ">=3.09"}, {"extra": [], "extras": [], "marker": null, "marker_evaluated": null, "marker_evaluation_error": null, "marker_evaluation_result": true, "normalized_package_name": "argh", "package_name": "argh", "resolved_versions": [{"index": "https://pypi.org/simple", "versions": ["0.10.0", "0.10.1", "0.10.2", "0.11.0", "0.12.0", "0.13.0", "0.14.0", "0.14.1", "0.14.2", "0.15.0", "0.15.1", "0.16.0", "0.17.0", "0.17.1", "0.17.2", "0.18.0", "0.19.0", "0.20.0", "0.21.0", "0.21.1", "0.21.2", "0.22.0", "0.23.0", "0.23.1", "0.23.2", "0.23.3", "0.24.0", "0.24.1", "0.25.0", "0.26.0", "0.26.1", "0.26.2", "0.8.1", "0.9.0"]}], "specifier": ">=0.8.1"}, {"extra": [], "extras": [], "marker": null, "marker_evaluated": null, "marker_evaluation_error": null, "marker_evaluation_result": true, "normalized_package_name": "pathtools", "package_name": "pathtools", "resolved_versions": [{"index": "https://pypi.org/simple", "versions": ["0.1.1", "0.1.2"]}], "specifier": ">=0.1.1"}], "importlib_metadata": {"entry_points": [{"group": "console_scripts", "name": "watchmedo", "value": "watchdog.watchmedo:main"}], "files": [{"hash": {"mode": "sha256", "value": "brCSZRTEnhkCBn23tBRun4ArCSsYAE3N6o52TrP5J2o"}, "path": "../../../bin/watchmedo", "size": 230}, {"hash": {"mode": "sha256", "value": "yCTm2cdhn-ZfO0KufQCVx-Lt860muk9t5D2TOJkLq0w"}, "path": "watchdog-0.7.0.dist-info/AUTHORS", "size": 2636}, {"hash": {"mode": "sha256", "value": "FOY2-vWIkTihu3qEmMy7Amau4x0txHUgGhBEjlbtPZY"}, "path": "watchdog-0.7.0.dist-info/COPYING", "size": 610}, {"hash": {"mode": "sha256", "value": "zuuue4knoyJ-UwPPXg8fezS7VCrXJQrAP7zeNuwvFQg"}, "path": "watchdog-0.7.0.dist-info/INSTALLER", "size": 4}, {"hash": {"mode": "sha256", "value": "z8d0m5b2O9McPEK1xHG_dWgUBT6EfBDz6wA0F7xSPTA"}, "path": "watchdog-0.7.0.dist-info/LICENSE", "size": 11358}, {"hash": {"mode": "sha256", "value": "rZilJ_wMHL2uATY1vh5r771YLsGM4h5r0wWX8mqmEA0"}, "path": "watchdog-0.7.0.dist-info/METADATA", "size": 9154}, {"hash": null, "path": "watchdog-0.7.0.dist-info/RECORD", "size": null}, {"hash": {"mode": "sha256", "value": "wYBY2EO50FhAcckpWmO3c3Zwk2MALACx6lPAl6gVKnE"}, "path": "watchdog-0.7.0.dist-info/WHEEL", "size": 93}, {"hash": {"mode": "sha256", "value": "zaoSE4PoT4YE8137vUiUFWQ2HH-i8RK_4hZGG95EZqo"}, "path": "watchdog-0.7.0.dist-info/entry_points.txt", "size": 55}, {"hash": {"mode": "sha256", "value": "OVdR7GkPGZako8sRtVuM0Nis-ZIElx3he3hKFPYnTGg"}, "path": "watchdog-0.7.0.dist-info/top_level.txt", "size": 9}, {"hash": {"mode": "sha256", "value": "-eu2NcfsKwZHudYM1DwZob-gagx9DhVVvJOvmIGWo8o"}, "path": "watchdog/__init__.py", "size": 684}, {"hash": null, "path": "watchdog/__pycache__/__init__.cpython-37.pyc", "size": null}, {"hash": null, "path": "watchdog/__pycache__/events.cpython-37.pyc", "size": null}, {"hash": null, "path": "watchdog/__pycache__/version.cpython-37.pyc", "size": null}, {"hash": null, "path": "watchdog/__pycache__/watchmedo.cpython-37.pyc", "size": null}, {"hash": {"mode": "sha256", "value": "aqGS_eV0QpOFHaXrGPV4d4NynN1_EEQVIqihORRx_dU"}, "path": "watchdog/events.py", "size": 19978}, {"hash": {"mode": "sha256", "value": "T3Jc3GYNqtFNbn0E5Ui7lhPaX3NG7pIqPfM9jx08cOY"}, "path": "watchdog/observers/__init__.py", "size": 2909}, {"hash": null, "path": "watchdog/observers/__pycache__/__init__.cpython-37.pyc", "size": null}, {"hash": null, "path": "watchdog/observers/__pycache__/api.cpython-37.pyc", "size": null}, {"hash": null, "path": "watchdog/observers/__pycache__/fsevents.cpython-37.pyc", "size": null}, {"hash": null, "path": "watchdog/observers/__pycache__/inotify.cpython-37.pyc", "size": null}, {"hash": null, "path": "watchdog/observers/__pycache__/inotify_c.cpython-37.pyc", "size": null}, {"hash": null, "path": "watchdog/observers/__pycache__/kqueue.cpython-37.pyc", "size": null}, {"hash": null, "path": "watchdog/observers/__pycache__/polling.cpython-37.pyc", "size": null}, {"hash": null, "path": "watchdog/observers/__pycache__/read_directory_changes.cpython-37.pyc", "size": null}, {"hash": null, "path": "watchdog/observers/__pycache__/read_directory_changes_async.cpython-37.pyc", "size": null}, {"hash": null, "path": "watchdog/observers/__pycache__/winapi.cpython-37.pyc", "size": null}, {"hash": null, "path": "watchdog/observers/__pycache__/winapi_common.cpython-37.pyc", "size": null}, {"hash": {"mode": "sha256", "value": "7QDbTNWPQG2hkXBBV_OqiSS_lzAt5o2v1cDPviT3OdQ"}, "path": "watchdog/observers/api.py", "size": 12538}, {"hash": {"mode": "sha256", "value": "ULOoPuuV8L9bC8D2jIX_mAAFILPHdNVohEODsQIoES4"}, "path": "watchdog/observers/fsevents.py", "size": 6631}, {"hash": {"mode": "sha256", "value": "fyANmmNnbloxBEw5-hnG0crg2CDuoUHWvCsnaGHDobQ"}, "path": "watchdog/observers/inotify.py", "size": 7033}, {"hash": {"mode": "sha256", "value": "xmy6IwRMj_A6FLOzcvkyPjxa4tIcsI-ZdnIucGhTTxA"}, "path": "watchdog/observers/inotify_c.py", "size": 19724}, {"hash": {"mode": "sha256", "value": "4_RcT3rlj4VXCtmo-1Ao_W1LEB9zB8FPYBO3yEWvUCM"}, "path": "watchdog/observers/kqueue.py", "size": 25378}, {"hash": {"mode": "sha256", "value": "qz7P8SFdDYb1AM0hkAkC23z8R5I8rNbIdJh6QPKsfac"}, "path": "watchdog/observers/polling.py", "size": 3724}, {"hash": {"mode": "sha256", "value": "mVyC5A1Whj7HvTYpkJiuo1dJJwbz3FS4QcfjDfNcHAs"}, "path": "watchdog/observers/read_directory_changes.py", "size": 6332}, {"hash": {"mode": "sha256", "value": "Exl77liKCqhM8X5DxS5RvUNLYbBpKhweNm2WrJ8rH7E"}, "path": "watchdog/observers/read_directory_changes_async.py", "size": 1843}, {"hash": {"mode": "sha256", "value": "JdS8st67viaHZ4x8i5AoQmLadBM9LEAA4I0k4UAzyv8"}, "path": "watchdog/observers/winapi.py", "size": 9300}, {"hash": {"mode": "sha256", "value": "0kBzO5gGt7FaNvXCCbnwmoLYolJvl5sbKVNgBFC_XOA"}, "path": "watchdog/observers/winapi_common.py", "size": 4520}, {"hash": {"mode": "sha256", "value": "lc6AJBp1W8UXAs00NcCSUxxUBIa2CHB1EAWLtUqY8go"}, "path": "watchdog/tricks/__init__.py", "size": 4874}, {"hash": null, "path": "watchdog/tricks/__pycache__/__init__.cpython-37.pyc", "size": null}, {"hash": {"mode": "sha256", "value": "oDDBzIEa5pGTvRe4dLsRqrwbHSnfjKfeHLbx23JJUzI"}, "path": "watchdog/utils/__init__.py", "size": 5144}, {"hash": null, "path": "watchdog/utils/__pycache__/__init__.cpython-37.pyc", "size": null}, {"hash": null, "path": "watchdog/utils/__pycache__/bricks.cpython-37.pyc", "size": null}, {"hash": null, "path": "watchdog/utils/__pycache__/decorators.cpython-37.pyc", "size": null}, {"hash": null, "path": "watchdog/utils/__pycache__/dirsnapshot.cpython-37.pyc", "size": null}, {"hash": null, "path": "watchdog/utils/__pycache__/echo.cpython-37.pyc", "size": null}, {"hash": null, "path": "watchdog/utils/__pycache__/importlib2.cpython-37.pyc", "size": null}, {"hash": null, "path": "watchdog/utils/__pycache__/platform.cpython-37.pyc", "size": null}, {"hash": null, "path": "watchdog/utils/__pycache__/unicode_paths.cpython-37.pyc", "size": null}, {"hash": {"mode": "sha256", "value": "XsaMuSRRzKNTUktocfXKYZ8ZsoYj77JggwNhTGd8yrA"}, "path": "watchdog/utils/bricks.py", "size": 7584}, {"hash": {"mode": "sha256", "value": "MkJQIlK9L3FD62_mzr-zlgJMQG6bey8C06xUxWkKucQ"}, "path": "watchdog/utils/decorators.py", "size": 4451}, {"hash": {"mode": "sha256", "value": "ZRp-83fjmXlAvs2OGt0J_Z3jkogTzcXDIle3IwAVvYQ"}, "path": "watchdog/utils/dirsnapshot.py", "size": 12045}, {"hash": {"mode": "sha256", "value": "Z9-1Ie3N4ew4m7IfwWUslKRYLfWRA3X1tORa4-uMUtQ"}, "path": "watchdog/utils/echo.py", "size": 4583}, {"hash": {"mode": "sha256", "value": "cJIaJ2EQsoA8eWZ3d8hvgXq3OUxoRDdD5jo9XbUMRMI"}, "path": "watchdog/utils/importlib2.py", "size": 1840}, {"hash": {"mode": "sha256", "value": "PcrrL7jM-YN98e3ZxaFCk2kt5abfrgic6BV2l0ZpC28"}, "path": "watchdog/utils/platform.py", "size": 1464}, {"hash": {"mode": "sha256", "value": "jPgQ_zBi9xYH-eRuymazzJQA40btMKT_rwkieK085PU"}, "path": "watchdog/utils/unicode_paths.py", "size": 2160}, {"hash": {"mode": "sha256", "value": "Bv7b1f4oEFLZImlQfoM-uGOP34nm6vIgCnMSxyA9KuA"}, "path": "watchdog/version.py", "size": 974}, {"hash": {"mode": "sha256", "value": "uxS-iMho7pU_nvnI26lmff8l4pFhcY0wXrqKsA0bY0s"}, "path": "watchdog/watchmedo.py", "size": 17017}], "metadata": {"Author": "Yesudeep Mangalapilly", "Author-email": "yesudeep@gmail.com", "Classifier": ["Development Status :: 3 - Alpha", "Environment :: Console", "Intended Audience :: Developers", "Intended Audience :: System Administrators", "License :: OSI Approved :: Apache Software License", "Natural Language :: English", "Operating System :: POSIX :: Linux", "Operating System :: MacOS :: MacOS X", "Operating System :: POSIX :: BSD", "Operating System :: Microsoft :: Windows :: Windows NT/2000", "Operating System :: OS Independent", "Programming Language :: Python", "Programming Language :: C", "Topic :: Software Development :: Libraries", "Topic :: System :: Monitoring", "Topic :: System :: Filesystems", "Topic :: Utilities"], "Home-page": "http://github.com/gorakhargosh/watchdog", "Keywords": "python filesystem monitoring monitor FSEvents kqueue inotify ReadDirectoryChangesW polling DirectorySnapshot", "License": "Apache License 2.0", "Metadata-Version": "2.1", "Name": "watchdog", "Platform": ["UNKNOWN"], "Requires-Dist": ["PyYAML (>=3.09)", "argh (>=0.8.1)", "pathtools (>=0.1.1)"], "Summary": "Filesystem events monitoring", "Version": "0.7.0"}, "requires": ["PyYAML (>=3.09)", "argh (>=0.8.1)", "pathtools (>=0.1.1)"], "version": "0.7.0"}, "index_url": "https://pypi.org/simple", "package_name": "watchdog", "package_version": "0.7.0", "package_version_requested": "0.7.0", "sha256": ["8d89934fede6ec0dfe4d128606e36b989ba0b27b6cf74bd042b818b554625240"]}], "unparsed": [], "unresolved": []}}