{"metadata": {"analyzer": "thoth-solver", "analyzer_version": "1.4.1", "arguments": {"python": {"exclude_packages": null, "index": "https://pypi.org/simple", "no_pretty": false, "no_transitive": true, "output": "http://result-api/api/v1/solver-result", "requirements": "azureml-pipeline-core==0.1.65", "virtualenv": "/home/solver/venv"}, "thoth-solver": {"verbose": false}}, "datetime": "2019-12-27T16:45:10.003509", "distribution": {"codename": "", "id": "fedora", "like": "", "version": "31", "version_parts": {"build_number": "", "major": "31", "minor": ""}}, "document_id": "solver-fedora-31-py37-050be2d6", "duration": 2, "hostname": "solver-fedora-31-py37-050be2d6-5w6nz", "os_release": {"id": "fedora", "name": "Fedora", "platform_id": "platform:f31", "redhat_bugzilla_product": "Fedora", "redhat_bugzilla_product_version": "31", "redhat_support_product": "Fedora", "redhat_support_product_version": "31", "variant_id": "container", "version": "31 (Container Image)", "version_id": "31"}, "python": {"api_version": 1013, "implementation_name": "cpython", "major": 3, "micro": 5, "minor": 7, "releaselevel": "final", "serial": 0}, "thoth_deployment_name": "thoth-psi-stage", "timestamp": 1577465110}, "result": {"environment": {"implementation_name": "cpython", "implementation_version": "3.7.5", "os_name": "posix", "platform_machine": "x86_64", "platform_python_implementation": "CPython", "platform_release": "3.10.0-957.21.2.el7.x86_64", "platform_system": "Linux", "platform_version": "#1 SMP Tue May 28 09:26:43 UTC 2019", "python_full_version": "3.7.5", "python_version": "3.7", "sys_platform": "linux"}, "environment_packages": [{"package_name": "pipdeptree", "package_version": "0.13.2"}], "errors": [], "tree": [{"dependencies": [{"extra": [], "extras": [], "marker": null, "marker_evaluated": null, "marker_evaluation_error": null, "marker_evaluation_result": true, "normalized_package_name": "azureml-core", "package_name": "azureml-core", "resolved_versions": [{"index": "https://pypi.org/simple", "versions": ["0.1.65"]}], "specifier": "==0.1.65"}], "importlib_metadata": {"entry_points": [], "files": [{"hash": {"mode": "sha256", "value": "n0xtZ3iWcoVg5Qognsb7InYAUVAK8s3iaVeHB5GOaNA"}, "path": "azureml/__init__.py", "size": 251}, {"hash": null, "path": "azureml/__pycache__/__init__.cpython-37.pyc", "size": null}, {"hash": {"mode": "sha256", "value": "n0xtZ3iWcoVg5Qognsb7InYAUVAK8s3iaVeHB5GOaNA"}, "path": "azureml/pipeline/__init__.py", "size": 251}, {"hash": null, "path": "azureml/pipeline/__pycache__/__init__.cpython-37.pyc", "size": null}, {"hash": {"mode": "sha256", "value": "QGpUou3lqfzbHPxbrA5sr4j4ELG9w3HTJLuGM9LkvgQ"}, "path": "azureml/pipeline/core/__init__.py", "size": 1072}, {"hash": null, "path": "azureml/pipeline/core/__pycache__/__init__.cpython-37.pyc", "size": null}, {"hash": null, "path": "azureml/pipeline/core/__pycache__/_aeva_provider.cpython-37.pyc", "size": null}, {"hash": null, "path": "azureml/pipeline/core/__pycache__/_datasource_builder.cpython-37.pyc", "size": null}, {"hash": null, "path": "azureml/pipeline/core/__pycache__/_graph_context.cpython-37.pyc", "size": null}, {"hash": null, "path": "azureml/pipeline/core/__pycache__/_module_builder.cpython-37.pyc", "size": null}, {"hash": null, "path": "azureml/pipeline/core/__pycache__/_module_parameter_provider.cpython-37.pyc", "size": null}, {"hash": null, "path": "azureml/pipeline/core/__pycache__/_workflow_provider.cpython-37.pyc", "size": null}, {"hash": null, "path": "azureml/pipeline/core/__pycache__/builder.cpython-37.pyc", "size": null}, {"hash": null, "path": "azureml/pipeline/core/__pycache__/graph.cpython-37.pyc", "size": null}, {"hash": null, "path": "azureml/pipeline/core/__pycache__/pipeline.cpython-37.pyc", "size": null}, {"hash": null, "path": "azureml/pipeline/core/__pycache__/run.cpython-37.pyc", "size": null}, {"hash": {"mode": "sha256", "value": "tnGaQ9M30w_7DbJdtVPGPFiq5Z92I_DSb3r_yJLkQuA"}, "path": "azureml/pipeline/core/_aeva_provider.py", "size": 46175}, {"hash": {"mode": "sha256", "value": "NghXCz-CzXxr4NB8Ti9hd79IQJrs0a8c47hpMZp2mBw"}, "path": "azureml/pipeline/core/_datasource_builder.py", "size": 3486}, {"hash": {"mode": "sha256", "value": "Ct3NgthdRR0hFPmpcSqfHNNqEp5z3zqn_Fx3XL_IZ8E"}, "path": "azureml/pipeline/core/_graph_context.py", "size": 3209}, {"hash": {"mode": "sha256", "value": "im1nP864hZ72JZv0mdmxUkxvFzgtsPQC6bSP53ZPLg8"}, "path": "azureml/pipeline/core/_module_builder.py", "size": 5341}, {"hash": {"mode": "sha256", "value": "k6L3Y7KeB1ZaAlAONS-A-SilUYHSaXUGq0vF-4FTE18"}, "path": "azureml/pipeline/core/_module_parameter_provider.py", "size": 9477}, {"hash": {"mode": "sha256", "value": "JlCCObuOLZyNhIZlsoL51KtFxiY4xKIIzIRDBcdeu6Y"}, "path": "azureml/pipeline/core/_restclients/__init__.py", "size": 183}, {"hash": null, "path": "azureml/pipeline/core/_restclients/__pycache__/__init__.cpython-37.pyc", "size": null}, {"hash": {"mode": "sha256", "value": "NgQYqJxK1yEUhqOAJ1FSGlN6koYdYVz2BGpXgqNrMBc"}, "path": "azureml/pipeline/core/_restclients/aeva/__init__.py", "size": 461}, {"hash": null, "path": "azureml/pipeline/core/_restclients/aeva/__pycache__/__init__.cpython-37.pyc", "size": null}, {"hash": null, "path": "azureml/pipeline/core/_restclients/aeva/__pycache__/ae3_pservice_api10.cpython-37.pyc", "size": null}, {"hash": null, "path": "azureml/pipeline/core/_restclients/aeva/__pycache__/azure_storage.cpython-37.pyc", "size": null}, {"hash": null, "path": "azureml/pipeline/core/_restclients/aeva/__pycache__/dryrun_service_caller.cpython-37.pyc", "size": null}, {"hash": null, "path": "azureml/pipeline/core/_restclients/aeva/__pycache__/service_caller.cpython-37.pyc", "size": null}, {"hash": null, "path": "azureml/pipeline/core/_restclients/aeva/__pycache__/service_caller_base.cpython-37.pyc", "size": null}, {"hash": null, "path": "azureml/pipeline/core/_restclients/aeva/__pycache__/version.cpython-37.pyc", "size": null}, {"hash": {"mode": "sha256", "value": "Jp6c40UcBdtXOvrLyaSOTELAQxkTzv8D_eqiBQAKQgA"}, "path": "azureml/pipeline/core/_restclients/aeva/ae3_pservice_api10.py", "size": 112532}, {"hash": {"mode": "sha256", "value": "gXwedST-m1xUamqNgiT4KvmR5MZgaX2aBOUejz6yt3k"}, "path": "azureml/pipeline/core/_restclients/aeva/azure_storage.py", "size": 3781}, {"hash": {"mode": "sha256", "value": "c2wd4cHMV8eZayPKbU168ts2UXpv4bosOTj_cv_cTFE"}, "path": "azureml/pipeline/core/_restclients/aeva/dryrun_service_caller.py", "size": 20358}, {"hash": {"mode": "sha256", "value": "ar977AJZIjDtIBA01PykkwETjEEPHo7l7UPPn4WqEMI"}, "path": "azureml/pipeline/core/_restclients/aeva/models/__init__.py", "size": 3750}, {"hash": null, "path": "azureml/pipeline/core/_restclients/aeva/models/__pycache__/__init__.cpython-37.pyc", "size": null}, {"hash": null, "path": "azureml/pipeline/core/_restclients/aeva/models/__pycache__/azure_blob_reference.cpython-37.pyc", "size": null}, {"hash": null, "path": "azureml/pipeline/core/_restclients/aeva/models/__pycache__/azure_data_lake_reference.cpython-37.pyc", "size": null}, {"hash": null, "path": "azureml/pipeline/core/_restclients/aeva/models/__pycache__/azure_files_reference.cpython-37.pyc", "size": null}, {"hash": null, "path": "azureml/pipeline/core/_restclients/aeva/models/__pycache__/data_location.cpython-37.pyc", "size": null}, {"hash": null, "path": "azureml/pipeline/core/_restclients/aeva/models/__pycache__/data_reference.cpython-37.pyc", "size": null}, {"hash": null, "path": "azureml/pipeline/core/_restclients/aeva/models/__pycache__/data_source_creation_info.cpython-37.pyc", "size": null}, {"hash": null, "path": "azureml/pipeline/core/_restclients/aeva/models/__pycache__/data_source_entity.cpython-37.pyc", "size": null}, {"hash": null, "path": "azureml/pipeline/core/_restclients/aeva/models/__pycache__/data_type_creation_info.cpython-37.pyc", "size": null}, {"hash": null, "path": "azureml/pipeline/core/_restclients/aeva/models/__pycache__/data_type_entity.cpython-37.pyc", "size": null}, {"hash": null, "path": "azureml/pipeline/core/_restclients/aeva/models/__pycache__/debug_info_response.cpython-37.pyc", "size": null}, {"hash": null, "path": "azureml/pipeline/core/_restclients/aeva/models/__pycache__/entity_interface.cpython-37.pyc", "size": null}, {"hash": null, "path": "azureml/pipeline/core/_restclients/aeva/models/__pycache__/enum_parameter_rule.cpython-37.pyc", "size": null}, {"hash": null, "path": "azureml/pipeline/core/_restclients/aeva/models/__pycache__/error_details.cpython-37.pyc", "size": null}, {"hash": null, "path": "azureml/pipeline/core/_restclients/aeva/models/__pycache__/error_response.cpython-37.pyc", "size": null}, {"hash": null, "path": "azureml/pipeline/core/_restclients/aeva/models/__pycache__/experiment_creation_info.cpython-37.pyc", "size": null}, {"hash": null, "path": "azureml/pipeline/core/_restclients/aeva/models/__pycache__/experiment_creation_info_with_graph.cpython-37.pyc", "size": null}, {"hash": null, "path": "azureml/pipeline/core/_restclients/aeva/models/__pycache__/experiment_entity.cpython-37.pyc", "size": null}, {"hash": null, "path": "azureml/pipeline/core/_restclients/aeva/models/__pycache__/experiment_status.cpython-37.pyc", "size": null}, {"hash": null, "path": "azureml/pipeline/core/_restclients/aeva/models/__pycache__/graph_dataset_node.cpython-37.pyc", "size": null}, {"hash": null, "path": "azureml/pipeline/core/_restclients/aeva/models/__pycache__/graph_edge.cpython-37.pyc", "size": null}, {"hash": null, "path": "azureml/pipeline/core/_restclients/aeva/models/__pycache__/graph_entity.cpython-37.pyc", "size": null}, {"hash": null, "path": "azureml/pipeline/core/_restclients/aeva/models/__pycache__/graph_module_node.cpython-37.pyc", "size": null}, {"hash": null, "path": "azureml/pipeline/core/_restclients/aeva/models/__pycache__/inner_error_response.cpython-37.pyc", "size": null}, {"hash": null, "path": "azureml/pipeline/core/_restclients/aeva/models/__pycache__/min_max_parameter_rule.cpython-37.pyc", "size": null}, {"hash": null, "path": "azureml/pipeline/core/_restclients/aeva/models/__pycache__/module.cpython-37.pyc", "size": null}, {"hash": null, "path": "azureml/pipeline/core/_restclients/aeva/models/__pycache__/module_creation_info.cpython-37.pyc", "size": null}, {"hash": null, "path": "azureml/pipeline/core/_restclients/aeva/models/__pycache__/module_entity.cpython-37.pyc", "size": null}, {"hash": null, "path": "azureml/pipeline/core/_restclients/aeva/models/__pycache__/node_input_port.cpython-37.pyc", "size": null}, {"hash": null, "path": "azureml/pipeline/core/_restclients/aeva/models/__pycache__/node_output.cpython-37.pyc", "size": null}, {"hash": null, "path": "azureml/pipeline/core/_restclients/aeva/models/__pycache__/node_output_port.cpython-37.pyc", "size": null}, {"hash": null, "path": "azureml/pipeline/core/_restclients/aeva/models/__pycache__/node_port_interface.cpython-37.pyc", "size": null}, {"hash": null, "path": "azureml/pipeline/core/_restclients/aeva/models/__pycache__/output_setting.cpython-37.pyc", "size": null}, {"hash": null, "path": "azureml/pipeline/core/_restclients/aeva/models/__pycache__/parameter.cpython-37.pyc", "size": null}, {"hash": null, "path": "azureml/pipeline/core/_restclients/aeva/models/__pycache__/parameter_assignment.cpython-37.pyc", "size": null}, {"hash": null, "path": "azureml/pipeline/core/_restclients/aeva/models/__pycache__/port_info.cpython-37.pyc", "size": null}, {"hash": null, "path": "azureml/pipeline/core/_restclients/aeva/models/__pycache__/root_error.cpython-37.pyc", "size": null}, {"hash": null, "path": "azureml/pipeline/core/_restclients/aeva/models/__pycache__/stream.cpython-37.pyc", "size": null}, {"hash": null, "path": "azureml/pipeline/core/_restclients/aeva/models/__pycache__/structured_interface.cpython-37.pyc", "size": null}, {"hash": null, "path": "azureml/pipeline/core/_restclients/aeva/models/__pycache__/structured_interface_input.cpython-37.pyc", "size": null}, {"hash": null, "path": "azureml/pipeline/core/_restclients/aeva/models/__pycache__/structured_interface_output.cpython-37.pyc", "size": null}, {"hash": null, "path": "azureml/pipeline/core/_restclients/aeva/models/__pycache__/structured_interface_parameter.cpython-37.pyc", "size": null}, {"hash": null, "path": "azureml/pipeline/core/_restclients/aeva/models/__pycache__/task_reuse_info.cpython-37.pyc", "size": null}, {"hash": null, "path": "azureml/pipeline/core/_restclients/aeva/models/__pycache__/task_status.cpython-37.pyc", "size": null}, {"hash": null, "path": "azureml/pipeline/core/_restclients/aeva/models/__pycache__/template_creation_info.cpython-37.pyc", "size": null}, {"hash": null, "path": "azureml/pipeline/core/_restclients/aeva/models/__pycache__/template_entity.cpython-37.pyc", "size": null}, {"hash": {"mode": "sha256", "value": "R1i_0l3ZXBhMNJyHTl4PiNqwobSWrtV-CILRAe_KpaE"}, "path": "azureml/pipeline/core/_restclients/aeva/models/azure_blob_reference.py", "size": 1548}, {"hash": {"mode": "sha256", "value": "DYnX_dd2wglEFJdr2_F2Uq58A5OQGclhTzwgkY9Y6rw"}, "path": "azureml/pipeline/core/_restclients/aeva/models/azure_data_lake_reference.py", "size": 1755}, {"hash": {"mode": "sha256", "value": "hN3XUsxABtHrfVgzRzSxJTwkm6kFBzMY4UefaUNkenI"}, "path": "azureml/pipeline/core/_restclients/aeva/models/azure_files_reference.py", "size": 1364}, {"hash": {"mode": "sha256", "value": "S3YYPRQSeqiIOfSaW8Yz_GaHPKTGFbtIXGFFMDhBMAA"}, "path": "azureml/pipeline/core/_restclients/aeva/models/data_location.py", "size": 1326}, {"hash": {"mode": "sha256", "value": "vfttoHWK8241JoKRw39IZEtl_JnNW3Gz-g_H759ocn8"}, "path": "azureml/pipeline/core/_restclients/aeva/models/data_reference.py", "size": 1661}, {"hash": {"mode": "sha256", "value": "89ysK0xFW-kQ3XA9neaftCR7GHlECOItm8rruYI8W80"}, "path": "azureml/pipeline/core/_restclients/aeva/models/data_source_creation_info.py", "size": 1842}, {"hash": {"mode": "sha256", "value": "Mas5ppmGgAsU7BGRstqjC1GTwCEIwLXvxdUXWR0pEbI"}, "path": "azureml/pipeline/core/_restclients/aeva/models/data_source_entity.py", "size": 2780}, {"hash": {"mode": "sha256", "value": "s-eYErn4N5qjkc_PpBRJApIHpdZyzgw6pOAJiC2t9Iw"}, "path": "azureml/pipeline/core/_restclients/aeva/models/data_type_creation_info.py", "size": 1391}, {"hash": {"mode": "sha256", "value": "HkDiN5ZYOInE7HIsmxZuUjg3Y7uZaw3vf-e8zBB9NQQ"}, "path": "azureml/pipeline/core/_restclients/aeva/models/data_type_entity.py", "size": 2194}, {"hash": {"mode": "sha256", "value": "JG7h7Hws8vyFadJBJVpuoibMEZQTXzM2mvntroY8OIw"}, "path": "azureml/pipeline/core/_restclients/aeva/models/debug_info_response.py", "size": 1307}, {"hash": {"mode": "sha256", "value": "jTObj1qJthpuhdKWpOvHGPkeAgB2468F_nhhHVPSPeQ"}, "path": "azureml/pipeline/core/_restclients/aeva/models/entity_interface.py", "size": 1186}, {"hash": {"mode": "sha256", "value": "QyI5DDAUhayjPUxmROwv4vFwSubN0-6igjrdwGPdMvk"}, "path": "azureml/pipeline/core/_restclients/aeva/models/enum_parameter_rule.py", "size": 736}, {"hash": {"mode": "sha256", "value": "lEZ5RwSzxpYnbiIhydIVUBVrZ6PSwrx-tNfznCmoFpw"}, "path": "azureml/pipeline/core/_restclients/aeva/models/error_details.py", "size": 621}, {"hash": {"mode": "sha256", "value": "k_u2ctViflHTe5xBAbGGo8Ui7-W44ET3QW-U_mrItWY"}, "path": "azureml/pipeline/core/_restclients/aeva/models/error_response.py", "size": 1001}, {"hash": {"mode": "sha256", "value": "FyH_pFwXYs6EZP09wt7N7BY_qWB6EbonD8_otdc4trQ"}, "path": "azureml/pipeline/core/_restclients/aeva/models/experiment_creation_info.py", "size": 1531}, {"hash": {"mode": "sha256", "value": "_uHwVDJGhow0MjJuY7Pzy9yEnDjzR-BcG8SHgiJu9zk"}, "path": "azureml/pipeline/core/_restclients/aeva/models/experiment_creation_info_with_graph.py", "size": 1236}, {"hash": {"mode": "sha256", "value": "ibx1UtlKQa_IgZL9g6eawdzOuB29MJLHixppijvrjk4"}, "path": "azureml/pipeline/core/_restclients/aeva/models/experiment_entity.py", "size": 3492}, {"hash": {"mode": "sha256", "value": "dBwAnYsYBlXP1EgJtVIVqgN5AgVzaLY1glbXB4I2VEU"}, "path": "azureml/pipeline/core/_restclients/aeva/models/experiment_status.py", "size": 1377}, {"hash": {"mode": "sha256", "value": "WIheDhMmiUxa-BQxFwCl3vlRAkLxDMaEMkZEr7mfzEA"}, "path": "azureml/pipeline/core/_restclients/aeva/models/graph_dataset_node.py", "size": 822}, {"hash": {"mode": "sha256", "value": "n3JrSjxFuZHtzA_RiK5xf6knkOVTSwLaaLGdT7z_DuM"}, "path": "azureml/pipeline/core/_restclients/aeva/models/graph_edge.py", "size": 1046}, {"hash": {"mode": "sha256", "value": "7yuZfs59u3YXuBgwlLEt9CExMmbCzDGDHKdlvGBxiDM"}, "path": "azureml/pipeline/core/_restclients/aeva/models/graph_entity.py", "size": 2077}, {"hash": {"mode": "sha256", "value": "gzKQN2yTkv0ZOmg0ObLG8Cnf0gBbXApb82jz8gOWkfw"}, "path": "azureml/pipeline/core/_restclients/aeva/models/graph_module_node.py", "size": 1715}, {"hash": {"mode": "sha256", "value": "4q-lNZvcHosjv4b68H4wS_ICZDpVvmu0guhNsY5FjU0"}, "path": "azureml/pipeline/core/_restclients/aeva/models/inner_error_response.py", "size": 573}, {"hash": {"mode": "sha256", "value": "3RuUm9IdzZPl3It7VtX9nHi7C1SWXA2_wwHVEvjuK8U"}, "path": "azureml/pipeline/core/_restclients/aeva/models/min_max_parameter_rule.py", "size": 798}, {"hash": {"mode": "sha256", "value": "PkdGHp29udu8QRWk7kiScHdfuidCafCI_Wleh2fk944"}, "path": "azureml/pipeline/core/_restclients/aeva/models/module.py", "size": 874}, {"hash": {"mode": "sha256", "value": "Flv_nEJosrVqhfFovbDnTtCKEnGDQgSx8FDce49urEs"}, "path": "azureml/pipeline/core/_restclients/aeva/models/module_creation_info.py", "size": 1912}, {"hash": {"mode": "sha256", "value": "4R_nY43zKMtJEE6Av7mSebVnNU3HujisKjZgSmLCyIQ"}, "path": "azureml/pipeline/core/_restclients/aeva/models/module_entity.py", "size": 3289}, {"hash": {"mode": "sha256", "value": "SMOXI9BBgNiHKsxV-9vN2v_zjSVH8j9KTDSDwi7bW-Q"}, "path": "azureml/pipeline/core/_restclients/aeva/models/node_input_port.py", "size": 1225}, {"hash": {"mode": "sha256", "value": "16L6P1VAUgajboc5yPtfSdGgTP2tr2b3EY3dHi-6JBY"}, "path": "azureml/pipeline/core/_restclients/aeva/models/node_output.py", "size": 1545}, {"hash": {"mode": "sha256", "value": "R9rSLTPaCjpxiWFhHgBd4CQkkjNBka5_wA07TpKYBVs"}, "path": "azureml/pipeline/core/_restclients/aeva/models/node_output_port.py", "size": 1286}, {"hash": {"mode": "sha256", "value": "cB8R1CWbuPQh2t4-KOG0dP-S5ZKiyHg1MKvhIhC04zU"}, "path": "azureml/pipeline/core/_restclients/aeva/models/node_port_interface.py", "size": 923}, {"hash": {"mode": "sha256", "value": "PZK_OLRxpX7K5TcW6k0zMytwT4NH_5KV3KaNrtV8QKc"}, "path": "azureml/pipeline/core/_restclients/aeva/models/output_setting.py", "size": 1762}, {"hash": {"mode": "sha256", "value": "Mr2nYATQSleyb3bObREOjklhPcrRPkhUucRIjIUQnJk"}, "path": "azureml/pipeline/core/_restclients/aeva/models/parameter.py", "size": 1886}, {"hash": {"mode": "sha256", "value": "CHIA_CZNkf3Qv9zG5b9_EEjCALhns57hnK9n--dCTK0"}, "path": "azureml/pipeline/core/_restclients/aeva/models/parameter_assignment.py", "size": 1427}, {"hash": {"mode": "sha256", "value": "LI-mF2VfbBmgWgWTx6JmyKFZW_UZ1UuztUMIK3WNwAo"}, "path": "azureml/pipeline/core/_restclients/aeva/models/port_info.py", "size": 825}, {"hash": {"mode": "sha256", "value": "dHlxPh6guZsBnEvhGMcqyKWQu_4fFw126XiX4YPvMJc"}, "path": "azureml/pipeline/core/_restclients/aeva/models/root_error.py", "size": 1229}, {"hash": {"mode": "sha256", "value": "TuEKwihNgdUtUS20nPAbxZCGCa6fal1epVP9HYuNeNY"}, "path": "azureml/pipeline/core/_restclients/aeva/models/stream.py", "size": 2070}, {"hash": {"mode": "sha256", "value": "O9kHAb0zz0fThIl4urQAkShoelgnhTwXVHVg1Q0nBM4"}, "path": "azureml/pipeline/core/_restclients/aeva/models/structured_interface.py", "size": 1758}, {"hash": {"mode": "sha256", "value": "6Ks7FEAWYTFxfYIhBw5Q6KD8l90B9js5ydaZdQMmrck"}, "path": "azureml/pipeline/core/_restclients/aeva/models/structured_interface_input.py", "size": 2489}, {"hash": {"mode": "sha256", "value": "NZ4xOKkJFknmxWk-Yga6qxJ4od-MojYHusUFc8YTLX8"}, "path": "azureml/pipeline/core/_restclients/aeva/models/structured_interface_output.py", "size": 2791}, {"hash": {"mode": "sha256", "value": "uXueN4j_UmyVirSurpX7szUS3KalaWwvl7D4MYh6kiQ"}, "path": "azureml/pipeline/core/_restclients/aeva/models/structured_interface_parameter.py", "size": 2628}, {"hash": {"mode": "sha256", "value": "qu1GB40lrdVBLEokCG_R3YiDmwmh6lvcOJI12cKVlbI"}, "path": "azureml/pipeline/core/_restclients/aeva/models/task_reuse_info.py", "size": 1578}, {"hash": {"mode": "sha256", "value": "pMIvqHuvYsWvla14tv_CThdk-6LQJPitbZ4fTURLG8M"}, "path": "azureml/pipeline/core/_restclients/aeva/models/task_status.py", "size": 2689}, {"hash": {"mode": "sha256", "value": "akZmMmS8mDk8er-9yhUl6jhGzmgWnuYUyHeyB2VUn-M"}, "path": "azureml/pipeline/core/_restclients/aeva/models/template_creation_info.py", "size": 1189}, {"hash": {"mode": "sha256", "value": "PVfJj5ioUVo5Whpf6B38t6rJdXJXVRNCWPAZT-aL1D4"}, "path": "azureml/pipeline/core/_restclients/aeva/models/template_entity.py", "size": 2103}, {"hash": {"mode": "sha256", "value": "Sh9J4WaxlKf64LfE73C4_YL1ViEdpLz7t5kNei27Nac"}, "path": "azureml/pipeline/core/_restclients/aeva/service_caller.py", "size": 23733}, {"hash": {"mode": "sha256", "value": "Sp9LMGS-56nSlqXhb0W1gF0Okl9w17dmwdJxerHa-_s"}, "path": "azureml/pipeline/core/_restclients/aeva/service_caller_base.py", "size": 10898}, {"hash": {"mode": "sha256", "value": "Dnk5ZDlRn6jJNVi99z1OfQ9FHcoPhzPSJLUQNJ1kjz0"}, "path": "azureml/pipeline/core/_restclients/aeva/version.py", "size": 341}, {"hash": {"mode": "sha256", "value": "3DELg2XD4FavKe1QRLCBevJWtCAKGR6Q5WgdPGsOKkY"}, "path": "azureml/pipeline/core/_workflow_provider.py", "size": 3416}, {"hash": {"mode": "sha256", "value": "Kdjdnh0Y5jWhKmxz0jhLRAWc_EimIoGMsaPlq3nk4Go"}, "path": "azureml/pipeline/core/builder.py", "size": 50130}, {"hash": {"mode": "sha256", "value": "Kc2hbW_NCegsAwFfrEoCfVwBBn9-FCbEyeK7O8P0s7c"}, "path": "azureml/pipeline/core/graph.py", "size": 97771}, {"hash": {"mode": "sha256", "value": "RpK_a0VCf7mdUv_7bE75zncaqn27QGYtr6XK_8MGXRM"}, "path": "azureml/pipeline/core/pipeline.py", "size": 8533}, {"hash": {"mode": "sha256", "value": "ViR7YM4hGkNCneBdOEPX0TckM_W18hpho43dYm2w0j0"}, "path": "azureml/pipeline/core/run.py", "size": 21170}, {"hash": {"mode": "sha256", "value": "1LA9h1GF1tSU4ealeG1PoyI1octl45aC0hi8Djqdmyw"}, "path": "azureml_pipeline_core-0.1.65.dist-info/DESCRIPTION.rst", "size": 106}, {"hash": {"mode": "sha256", "value": "zuuue4knoyJ-UwPPXg8fezS7VCrXJQrAP7zeNuwvFQg"}, "path": "azureml_pipeline_core-0.1.65.dist-info/INSTALLER", "size": 4}, {"hash": {"mode": "sha256", "value": "FOfkEEz4uS7g278F9Rq12rqKF3lLyBUZhVpLetuZrTg"}, "path": "azureml_pipeline_core-0.1.65.dist-info/LICENSE.txt", "size": 1021}, {"hash": {"mode": "sha256", "value": "cMTZvIszUxilc80yNqGRz3Q_uMnfhrJ54twFD2UaLFI"}, "path": "azureml_pipeline_core-0.1.65.dist-info/METADATA", "size": 842}, {"hash": null, "path": "azureml_pipeline_core-0.1.65.dist-info/RECORD", "size": null}, {"hash": {"mode": "sha256", "value": "Vlaj2XNMTTJ893zWX-JvKeZUIs7q5E7d7Gise2Vouzc"}, "path": "azureml_pipeline_core-0.1.65.dist-info/WHEEL", "size": 97}, {"hash": {"mode": "sha256", "value": "5gOjLg39KmBAZjQd2NybY1_w_TauwFUoHFA1BGGTFHs"}, "path": "azureml_pipeline_core-0.1.65.dist-info/metadata.json", "size": 903}, {"hash": {"mode": "sha256", "value": "ZOeEa0TAXo6i5wOjwBoqfIGEuxOcKuscGgNSpizqREY"}, "path": "azureml_pipeline_core-0.1.65.dist-info/top_level.txt", "size": 8}], "metadata": {"Author": "Microsoft Corp", "Classifier": ["Development Status :: 4 - Beta", "Framework :: IPython", "Intended Audience :: Developers", "Intended Audience :: Science/Research", "Topic :: Multimedia :: Graphics", "Programming Language :: Python :: 3", "Programming Language :: Python :: 3.3", "Programming Language :: Python :: 3.4", "Programming Language :: Python :: 3.5"], "Description-Content-Type": "text/x-rst", "Home-page": "UNKNOWN", "Keywords": "ipython,jupyter,widgets", "License": "Proprietary https://aka.ms/azureml-sdk-license", "Metadata-Version": "2.0", "Name": "azureml-pipeline-core", "Platform": ["UNKNOWN"], "Requires-Dist": ["azureml-core (==0.1.65)"], "Summary": "azureml pipeline core", "Version": "0.1.65"}, "requires": ["azureml-core (==0.1.65)"], "version": "0.1.65"}, "index_url": "https://pypi.org/simple", "package_name": "azureml-pipeline-core", "package_version": "0.1.65", "package_version_requested": "0.1.65", "sha256": ["fcc46ae263340902ddc23bcf6330bdd9ee61fc57fa899007cc4e45627198c38b"]}], "unparsed": [], "unresolved": []}}