{"metadata": {"analyzer": "thoth-solver", "analyzer_version": "1.5.1", "arguments": {"python": {"exclude_packages": null, "index": "https://pypi.org/simple", "no_pretty": false, "no_transitive": true, "output": "/mnt/workdir/solver-fedora-31-py37-00687a42", "requirements": "django-registration-redux===2.8", "virtualenv": "/home/solver/venv"}, "thoth-solver": {"verbose": false}}, "datetime": "2020-05-10T01:17:53.080118", "distribution": {"codename": "", "id": "fedora", "like": "", "version": "31", "version_parts": {"build_number": "", "major": "31", "minor": ""}}, "document_id": "solver-fedora-31-py37-00687a42", "duration": 5, "hostname": "solver-fedora-31-py37-00687a42-1020809887", "os_release": {"id": "fedora", "name": "Fedora", "platform_id": "platform:f31", "redhat_bugzilla_product": "Fedora", "redhat_bugzilla_product_version": "31", "redhat_support_product": "Fedora", "redhat_support_product_version": "31", "variant_id": "container", "version": "31 (Container Image)", "version_id": "31"}, "python": {"api_version": 1013, "implementation_name": "cpython", "major": 3, "micro": 6, "minor": 7, "releaselevel": "final", "serial": 0}, "thoth_deployment_name": "thoth-psi-stage", "timestamp": 1589073473}, "result": {"environment": {"implementation_name": "cpython", "implementation_version": "3.7.6", "os_name": "posix", "platform_machine": "x86_64", "platform_python_implementation": "CPython", "platform_release": "3.10.0-957.21.2.el7.x86_64", "platform_system": "Linux", "platform_version": "#1 SMP Tue May 28 09:26:43 UTC 2019", "python_full_version": "3.7.6", "python_version": "3.7", "sys_platform": "linux"}, "environment_packages": [{"package_name": "pipdeptree", "package_version": "0.13.2"}], "errors": [], "tree": [{"dependencies": [], "importlib_metadata": {"entry_points": [], "files": [{"hash": {"mode": "sha256", "value": "wuLijMYGA7SQpyl23_Ioy7dS4Vpc4xJ_yewdcf8zW40"}, "path": "django_registration_redux-2.8.dist-info/AUTHORS", "size": 1639}, {"hash": {"mode": "sha256", "value": "zuuue4knoyJ-UwPPXg8fezS7VCrXJQrAP7zeNuwvFQg"}, "path": "django_registration_redux-2.8.dist-info/INSTALLER", "size": 4}, {"hash": {"mode": "sha256", "value": "KeJ_kZKMHMTIjHN4GO0rt_xunYIfH9pE6Bj0NOGERQw"}, "path": "django_registration_redux-2.8.dist-info/LICENSE", "size": 1617}, {"hash": {"mode": "sha256", "value": "dpEfWp2LfOqeQWBN6tImQdRn6sz9yakfm9_wehW4C6c"}, "path": "django_registration_redux-2.8.dist-info/METADATA", "size": 5054}, {"hash": null, "path": "django_registration_redux-2.8.dist-info/RECORD", "size": null}, {"hash": {"mode": "sha256", "value": "HX-v9-noUkyUoxyZ1PMSuS7auUxDAR4VBdoYLqD0xws"}, "path": "django_registration_redux-2.8.dist-info/WHEEL", "size": 110}, {"hash": {"mode": "sha256", "value": "dKom1IVOJt_TuJ0GLNX4LqfDVybRMjLY8DqqUT_Emno"}, "path": "django_registration_redux-2.8.dist-info/top_level.txt", "size": 22}, {"hash": {"mode": "sha256", "value": "NUkGSz-kespEYRhj_tXp7c9nznvAT6mWQp78FQronBM"}, "path": "registration/__init__.py", "size": 651}, {"hash": null, "path": "registration/__pycache__/__init__.cpython-37.pyc", "size": null}, {"hash": null, "path": "registration/__pycache__/admin.cpython-37.pyc", "size": null}, {"hash": null, "path": "registration/__pycache__/auth_urls.cpython-37.pyc", "size": null}, {"hash": null, "path": "registration/__pycache__/forms.cpython-37.pyc", "size": null}, {"hash": null, "path": "registration/__pycache__/models.cpython-37.pyc", "size": null}, {"hash": null, "path": "registration/__pycache__/signals.cpython-37.pyc", "size": null}, {"hash": null, "path": "registration/__pycache__/users.cpython-37.pyc", "size": null}, {"hash": null, "path": "registration/__pycache__/views.cpython-37.pyc", "size": null}, {"hash": {"mode": "sha256", "value": "jwLwYXWP938nTou0ZEO1S3MAuiPdpJEjjPZpURbt03g"}, "path": "registration/admin.py", "size": 1607}, {"hash": {"mode": "sha256", "value": "x0a8EOW8pG3YbHZmFTovr9rxAh1KBKLvyNwlKyIqg2s"}, "path": "registration/auth_urls.py", "size": 2216}, {"hash": {"mode": "sha256", "value": "47DEQpj8HBSa-_TImW-5JCeuQeRkm5NMpJWZG3hSuFU"}, "path": "registration/backends/__init__.py", "size": 0}, {"hash": null, "path": "registration/backends/__pycache__/__init__.cpython-37.pyc", "size": null}, {"hash": {"mode": "sha256", "value": "47DEQpj8HBSa-_TImW-5JCeuQeRkm5NMpJWZG3hSuFU"}, "path": "registration/backends/admin_approval/__init__.py", "size": 0}, {"hash": null, "path": "registration/backends/admin_approval/__pycache__/__init__.cpython-37.pyc", "size": null}, {"hash": null, "path": "registration/backends/admin_approval/__pycache__/urls.cpython-37.pyc", "size": null}, {"hash": null, "path": "registration/backends/admin_approval/__pycache__/views.cpython-37.pyc", "size": null}, {"hash": {"mode": "sha256", "value": "8NfWHdbMN2WTbyHSsS3vkBw-qbXBVbcs0LxQsLBjM3A"}, "path": "registration/backends/admin_approval/urls.py", "size": 2671}, {"hash": {"mode": "sha256", "value": "CnSZ_mCnv4I0zPW_P4GIiNM06pW2b2ovEEz9uizpQGw"}, "path": "registration/backends/admin_approval/views.py", "size": 2270}, {"hash": {"mode": "sha256", "value": "47DEQpj8HBSa-_TImW-5JCeuQeRkm5NMpJWZG3hSuFU"}, "path": "registration/backends/default/__init__.py", "size": 0}, {"hash": null, "path": "registration/backends/default/__pycache__/__init__.cpython-37.pyc", "size": null}, {"hash": null, "path": "registration/backends/default/__pycache__/urls.cpython-37.pyc", "size": null}, {"hash": null, "path": "registration/backends/default/__pycache__/views.cpython-37.pyc", "size": null}, {"hash": {"mode": "sha256", "value": "b-RpIuOzcgD5HSRxtnwUwKrYyYUvTZ7ZnVnn7ziJr_I"}, "path": "registration/backends/default/urls.py", "size": 2122}, {"hash": {"mode": "sha256", "value": "A9_COLXn1Is7puOPsZ5gCVtjfkhvG-gVT7HIKkHG2ag"}, "path": "registration/backends/default/views.py", "size": 6941}, {"hash": {"mode": "sha256", "value": "47DEQpj8HBSa-_TImW-5JCeuQeRkm5NMpJWZG3hSuFU"}, "path": "registration/backends/simple/__init__.py", "size": 0}, {"hash": null, "path": "registration/backends/simple/__pycache__/__init__.cpython-37.pyc", "size": null}, {"hash": null, "path": "registration/backends/simple/__pycache__/urls.cpython-37.pyc", "size": null}, {"hash": null, "path": "registration/backends/simple/__pycache__/views.cpython-37.pyc", "size": null}, {"hash": {"mode": "sha256", "value": "CZVqyqTG0aYTWErcI5chMsnvL_P7tHXrAmi8qOlUs6s"}, "path": "registration/backends/simple/urls.py", "size": 1330}, {"hash": {"mode": "sha256", "value": "DmikYt3uoU3rXHEJJxKn0DSYsgL4Sx-jC8LvWqwOu98"}, "path": "registration/backends/simple/views.py", "size": 1598}, {"hash": {"mode": "sha256", "value": "EJpXhXPM_bO31AjkRRrEva8ixANn7rZWfUV18bdOeWI"}, "path": "registration/forms.py", "size": 3847}, {"hash": {"mode": "sha256", "value": "Rrr-4X2GV5wiW_CYFOK_7BHNqow10HXZvF2CJet3lhY"}, "path": "registration/locale/ar/LC_MESSAGES/django.mo", "size": 1408}, {"hash": {"mode": "sha256", "value": "aIeItKopSjX2l9b5jB1d-5_WohuLqmYGONanOZhOCiI"}, "path": "registration/locale/ar/LC_MESSAGES/django.po", "size": 11540}, {"hash": {"mode": "sha256", "value": "qhfltTJ-TTlJsKjRvJG7v0IAFw-Q8KhaFIZKcy2tK8s"}, "path": "registration/locale/bg/LC_MESSAGES/django.mo", "size": 1570}, {"hash": {"mode": "sha256", "value": "nsfjGlUin4VaOyDiwdeYZ9dJPfawUQcB97auY3NHGJ8"}, "path": "registration/locale/bg/LC_MESSAGES/django.po", "size": 11741}, {"hash": {"mode": "sha256", "value": "sLnA5TcyW-eiR9rN2FZKvRmTwuAHVF-IRNrlsAlZGXA"}, "path": "registration/locale/ca/LC_MESSAGES/django.mo", "size": 1529}, {"hash": {"mode": "sha256", "value": "uIaEf0Cjzb5yhlisI2tMMy60-csydFiK9LF3UWI8f8Q"}, "path": "registration/locale/ca/LC_MESSAGES/django.po", "size": 11223}, {"hash": {"mode": "sha256", "value": "ZbJ6utMHR02xbuYFp0YkwEOspb-n9O5C0ei67tVwI94"}, "path": "registration/locale/cs/LC_MESSAGES/django.mo", "size": 1509}, {"hash": {"mode": "sha256", "value": "klYj8egBf-pfQwdgC8SePw5X3MUQbAysIFKpc7EU3kQ"}, "path": "registration/locale/cs/LC_MESSAGES/django.po", "size": 11188}, {"hash": {"mode": "sha256", "value": "wsYfathvQnucKf0fTWKld_3sAfNJUYwZHvetEBhY_FE"}, "path": "registration/locale/da/LC_MESSAGES/django.mo", "size": 1399}, {"hash": {"mode": "sha256", "value": "jZGMNwcDfoxzo2e6J34p20mwhmzNGjJmjR8rH7Kqnww"}, "path": "registration/locale/da/LC_MESSAGES/django.po", "size": 11038}, {"hash": {"mode": "sha256", "value": "d52yrqaqvO-nSRshO8LrzSFrzHF2JSDlfyO_zXpBO4c"}, "path": "registration/locale/de/LC_MESSAGES/django.mo", "size": 7897}, {"hash": {"mode": "sha256", "value": "ubaLkNjyWGR9s2JyfEHTNbSE0lSYBChswG7pSbuRq1Q"}, "path": "registration/locale/de/LC_MESSAGES/django.po", "size": 14849}, {"hash": {"mode": "sha256", "value": "Xq6tCwv4LHeECSoTt0IZszmnq79jqNQkNQr0S6bDJS8"}, "path": "registration/locale/el/LC_MESSAGES/django.mo", "size": 11073}, {"hash": {"mode": "sha256", "value": "aPK1LQDK3bKn30x_CTKDZDLIrtxGzlnJBSMATvLrQl8"}, "path": "registration/locale/el/LC_MESSAGES/django.po", "size": 15828}, {"hash": {"mode": "sha256", "value": "3UD2tnquaMMtvhBqAxAtJZx0eo0_7_8GV3E01_96Z4s"}, "path": "registration/locale/en/LC_MESSAGES/django.mo", "size": 378}, {"hash": {"mode": "sha256", "value": "7eDhcDTPxXq4Ll8ZwNlBz47ta02QWCCqeFR1fyHFLOc"}, "path": "registration/locale/en/LC_MESSAGES/django.po", "size": 9677}, {"hash": {"mode": "sha256", "value": "gNfX9LcD1wL1eFJ75z2hcdB8R64C6CaaVBMlv9v_fg8"}, "path": "registration/locale/es/LC_MESSAGES/django.mo", "size": 8906}, {"hash": {"mode": "sha256", "value": "bRVWyzmCS9UZxOJ64p8GzS7GUlUKSD4QryvQbtWZfgY"}, "path": "registration/locale/es/LC_MESSAGES/django.po", "size": 14188}, {"hash": {"mode": "sha256", "value": "7FKLybUAUirambNgqlsYHQDj_eHBuOJW5w6M3Y9c5Ns"}, "path": "registration/locale/es_AR/LC_MESSAGES/django.mo", "size": 1247}, {"hash": {"mode": "sha256", "value": "PCYXUTHquaVoWk2jnasLzne-X5LhtwFz3IkavonrOu4"}, "path": "registration/locale/es_AR/LC_MESSAGES/django.po", "size": 11207}, {"hash": {"mode": "sha256", "value": "yeyW0P1bHuYpDYtZaGp3IfZDK4fOaSIrsF4dwkpvV6s"}, "path": "registration/locale/fa/LC_MESSAGES/django.mo", "size": 1482}, {"hash": {"mode": "sha256", "value": "Cj3oQTq16HmNeonoeOsmuOjCw0kNcKDRwJR0wr3cVLY"}, "path": "registration/locale/fa/LC_MESSAGES/django.po", "size": 11551}, {"hash": {"mode": "sha256", "value": "JCRGdcjkAt3sPftgiKT-RkDcWUpKGFd-7AeYOQ1vWVk"}, "path": "registration/locale/fr/LC_MESSAGES/django.mo", "size": 4995}, {"hash": {"mode": "sha256", "value": "yZXSTy1dnrXHOiBXUU-zrIaOe7vaF_guKCmH65vhr_s"}, "path": "registration/locale/fr/LC_MESSAGES/django.po", "size": 15037}, {"hash": {"mode": "sha256", "value": "07DQlbX-1UmFRStA2LCndpzTfvxFHkPnvVMvGkAjPgk"}, "path": "registration/locale/he/LC_MESSAGES/django.mo", "size": 1258}, {"hash": {"mode": "sha256", "value": "8AdnY8TvYZvuBKiS2yV9-4Y9hIjJHJQ1yRMqEtHoM2o"}, "path": "registration/locale/he/LC_MESSAGES/django.po", "size": 11233}, {"hash": {"mode": "sha256", "value": "Vjv86FynCGhydKduMibCDiHbL4MpYnQNqGs7y9_7IcI"}, "path": "registration/locale/hr/LC_MESSAGES/django.mo", "size": 1505}, {"hash": {"mode": "sha256", "value": "oossCfw-Q9TAmb_5JezzYfZVy-8DP1IGqaH1h0n2LEg"}, "path": "registration/locale/hr/LC_MESSAGES/django.po", "size": 11177}, {"hash": {"mode": "sha256", "value": "7h2iHLtcOj-XhIqzmeYoXjPAe0hrI2cIUO4_Y1q9jps"}, "path": "registration/locale/hu/LC_MESSAGES/django.mo", "size": 6026}, {"hash": {"mode": "sha256", "value": "UyUzMxQLUkFfj0bgo8Ww60G1XNHoAs38LYGBcQPWgDU"}, "path": "registration/locale/hu/LC_MESSAGES/django.po", "size": 13522}, {"hash": {"mode": "sha256", "value": "B0SvFG8no_VqBJskizZFsje0MTsjWMw3QtUZICioPog"}, "path": "registration/locale/is/LC_MESSAGES/django.mo", "size": 1066}, {"hash": {"mode": "sha256", "value": "Rw53uI7WLsNNd2_IrEAOgQ3r49qBmmdW7oe3wBYcSMA"}, "path": "registration/locale/is/LC_MESSAGES/django.po", "size": 10892}, {"hash": {"mode": "sha256", "value": "NirEjbXWDHbK7T8p8R-4RvjPjXo9WE417ccbodlJjRA"}, "path": "registration/locale/it/LC_MESSAGES/django.mo", "size": 1584}, {"hash": {"mode": "sha256", "value": "GJ_4HxcCmrDCt5AiIMB4evz45CFCAeFPubvuuzM7tE0"}, "path": "registration/locale/it/LC_MESSAGES/django.po", "size": 11335}, {"hash": {"mode": "sha256", "value": "4H9oKqGxMV1muhtfVVuT3l3pGN9HlBqY2_Z8_3GD7w0"}, "path": "registration/locale/ja/LC_MESSAGES/django.mo", "size": 1365}, {"hash": {"mode": "sha256", "value": "OnxjF6akmkiD1WHMIaOj1OCtIKC3iJg4bVP41v21cjg"}, "path": "registration/locale/ja/LC_MESSAGES/django.po", "size": 11478}, {"hash": {"mode": "sha256", "value": "SNU4uKSjtx0AGxOezmzaWtIqjJayVE-r8d4vRvhiWB0"}, "path": "registration/locale/ko/LC_MESSAGES/django.mo", "size": 1473}, {"hash": {"mode": "sha256", "value": "eLu4Qizv-VQrYTAohNHr5gOzngCdS2Zas9EEBykOYfg"}, "path": "registration/locale/ko/LC_MESSAGES/django.po", "size": 11176}, {"hash": {"mode": "sha256", "value": "AMQ0w0c_MJ8JXYdZXOYRCaLiUjEUoFERkwcwlZGNQ_M"}, "path": "registration/locale/nb/LC_MESSAGES/django.mo", "size": 1456}, {"hash": {"mode": "sha256", "value": "9OKQg7cwCeR4N0msS26bXH8nrA8GUsGy1zYjFX6Y4wY"}, "path": "registration/locale/nb/LC_MESSAGES/django.po", "size": 11096}, {"hash": {"mode": "sha256", "value": "8S-pJe46Bi8n5Qo4xDOH0KSGqZSjDIcBHXyM4dLZFWI"}, "path": "registration/locale/nl/LC_MESSAGES/django.mo", "size": 1280}, {"hash": {"mode": "sha256", "value": "Vzl6YQ-E9ybwwq0ZqiUi8M1Ida1sc7qQaaCu9nU4RJs"}, "path": "registration/locale/nl/LC_MESSAGES/django.po", "size": 11220}, {"hash": {"mode": "sha256", "value": "bowk8ELxu19yzHZSGgwr_jjcgPK9-L8460hJW5vqnrI"}, "path": "registration/locale/pl/LC_MESSAGES/django.mo", "size": 1192}, {"hash": {"mode": "sha256", "value": "1X7fJa7wfg0f_QYzT0WXZ1GF2r1bPbBNGsYb--cdZNs"}, "path": "registration/locale/pl/LC_MESSAGES/django.po", "size": 11121}, {"hash": {"mode": "sha256", "value": "MAvsd4EiRBzBVfsdb9Dz_8deBVnKMdqse22i8I66j80"}, "path": "registration/locale/pt/LC_MESSAGES/django.mo", "size": 1466}, {"hash": {"mode": "sha256", "value": "ZoRLdcBc5hwzX73B0YwI_TZ3S-QQvK86r8waP1JeDw8"}, "path": "registration/locale/pt/LC_MESSAGES/django.po", "size": 11105}, {"hash": {"mode": "sha256", "value": "IbRO0xd8LcvM873k9SJtrg5PHRZIFaj781TTAhgL1lo"}, "path": "registration/locale/pt_BR/LC_MESSAGES/django.mo", "size": 8385}, {"hash": {"mode": "sha256", "value": "cZNaouDMMSIscX2Rt5QQerNC-8va0t43oTv7EKzTMV0"}, "path": "registration/locale/pt_BR/LC_MESSAGES/django.po", "size": 13657}, {"hash": {"mode": "sha256", "value": "fZXsWRipFHZqEqPOjIcsH2KyJtz83s2T-6S_zD3JdmQ"}, "path": "registration/locale/ru/LC_MESSAGES/django.mo", "size": 11383}, {"hash": {"mode": "sha256", "value": "bx8GIHWTkTjnek9l9QvRzbVnVh7xucOxU-dOS34mGis"}, "path": "registration/locale/ru/LC_MESSAGES/django.po", "size": 16037}, {"hash": {"mode": "sha256", "value": "uo48ne12ynlyXKmSSIYVJU0yf8klr6CmFuMt2AQNyWc"}, "path": "registration/locale/sl/LC_MESSAGES/django.mo", "size": 1475}, {"hash": {"mode": "sha256", "value": "gN0YGkwgT7MpOUV5NAdoibWiIb06eNcCAdVCgrzV0C4"}, "path": "registration/locale/sl/LC_MESSAGES/django.po", "size": 11129}, {"hash": {"mode": "sha256", "value": "h-KCWSRmd5TXRziiDp2iCQCUoRnad4_koMiMmCsDgn0"}, "path": "registration/locale/sr/LC_MESSAGES/django.mo", "size": 1413}, {"hash": {"mode": "sha256", "value": "6WBmoeJVheG0heZ8avFCjRT76we9MjFHSn0sQ-cSUps"}, "path": "registration/locale/sr/LC_MESSAGES/django.po", "size": 11303}, {"hash": {"mode": "sha256", "value": "bAZKcPUJFEfZY0GmgKumDdxLrNs9ETutFyShFNJP6Qs"}, "path": "registration/locale/sv/LC_MESSAGES/django.mo", "size": 1131}, {"hash": {"mode": "sha256", "value": "_2l5KDdphmQ7O2pzraUDVAoEvd77e3TJ3A0nteFWYrM"}, "path": "registration/locale/sv/LC_MESSAGES/django.po", "size": 10971}, {"hash": {"mode": "sha256", "value": "WMS4jYW92NKBWrJqSSKBIm-sY4PPWkriV-VOPFf3dpA"}, "path": "registration/locale/th/LC_MESSAGES/django.po", "size": 19038}, {"hash": {"mode": "sha256", "value": "WfLI_XkCIf9Chr6h8Lq8zjgFEJdpyxpN1l-jwNJaA8c"}, "path": "registration/locale/tr_TR/LC_MESSAGES/django.mo", "size": 1492}, {"hash": {"mode": "sha256", "value": "EIc0RjkyRcB2AmvIY8UOc0WW_iUOa7YVSV9UXgQCDzM"}, "path": "registration/locale/tr_TR/LC_MESSAGES/django.po", "size": 11179}, {"hash": {"mode": "sha256", "value": "lTnCNF0nIOl7JIH6WA2UC9uAuiRnosWoop9QXmrBQsE"}, "path": "registration/locale/zh_CN/LC_MESSAGES/django.mo", "size": 1141}, {"hash": {"mode": "sha256", "value": "sSh4e0mzR-h6BNWe2n9b40VhuJSNRKvwDgtaVVUQFAc"}, "path": "registration/locale/zh_CN/LC_MESSAGES/django.po", "size": 10922}, {"hash": {"mode": "sha256", "value": "wWT481yyQa5qniCg46swXW11TAIz-WmapOeED-JKaRc"}, "path": "registration/locale/zh_TW/LC_MESSAGES/django.mo", "size": 1141}, {"hash": {"mode": "sha256", "value": "G0-GqAreyO1EzhF4GWtrz1yY1fUm5NMPJh8DoCrRUyA"}, "path": "registration/locale/zh_TW/LC_MESSAGES/django.po", "size": 10922}, {"hash": {"mode": "sha256", "value": "47DEQpj8HBSa-_TImW-5JCeuQeRkm5NMpJWZG3hSuFU"}, "path": "registration/management/__init__.py", "size": 0}, {"hash": null, "path": "registration/management/__pycache__/__init__.cpython-37.pyc", "size": null}, {"hash": {"mode": "sha256", "value": "47DEQpj8HBSa-_TImW-5JCeuQeRkm5NMpJWZG3hSuFU"}, "path": "registration/management/commands/__init__.py", "size": 0}, {"hash": null, "path": "registration/management/commands/__pycache__/__init__.cpython-37.pyc", "size": null}, {"hash": null, "path": "registration/management/commands/__pycache__/cleanupregistration.cpython-37.pyc", "size": null}, {"hash": {"mode": "sha256", "value": "oFKr_8IIhvA95zGiO50eYzC2bezrjVUYaU3HHVeKaZI"}, "path": "registration/management/commands/cleanupregistration.py", "size": 681}, {"hash": {"mode": "sha256", "value": "mMNLwU-_wtus7svR0eQ8V1Kb2Vg-sMfrjkn1ZagHQA0"}, "path": "registration/migrations/0001_initial.py", "size": 972}, {"hash": {"mode": "sha256", "value": "Ilcc6_FI4v5MdYv90aCJB7NtZHkmJQ6M9tQosw6vcf8"}, "path": "registration/migrations/0002_registrationprofile_activated.py", "size": 434}, {"hash": {"mode": "sha256", "value": "59AKcKK1a6s_TL5sNMF-WaTSQE5Xo9bPU1mmyzwGG-w"}, "path": "registration/migrations/0003_migrate_activatedstatus.py", "size": 1159}, {"hash": {"mode": "sha256", "value": "hBmCQKE90Y0-CdIDOKaPla4P7hoAIRqP4Qo5I22FYFE"}, "path": "registration/migrations/0004_supervisedregistrationprofile.py", "size": 809}, {"hash": {"mode": "sha256", "value": "bbonnD4SNz8Ebb7h1CrH9sUHHG9YQ6g7mVBYTlH4xHw"}, "path": "registration/migrations/0005_activation_key_sha256.py", "size": 491}, {"hash": {"mode": "sha256", "value": "47DEQpj8HBSa-_TImW-5JCeuQeRkm5NMpJWZG3hSuFU"}, "path": "registration/migrations/__init__.py", "size": 0}, {"hash": null, "path": "registration/migrations/__pycache__/0001_initial.cpython-37.pyc", "size": null}, {"hash": null, "path": "registration/migrations/__pycache__/0002_registrationprofile_activated.cpython-37.pyc", "size": null}, {"hash": null, "path": "registration/migrations/__pycache__/0003_migrate_activatedstatus.cpython-37.pyc", "size": null}, {"hash": null, "path": "registration/migrations/__pycache__/0004_supervisedregistrationprofile.cpython-37.pyc", "size": null}, {"hash": null, "path": "registration/migrations/__pycache__/0005_activation_key_sha256.cpython-37.pyc", "size": null}, {"hash": null, "path": "registration/migrations/__pycache__/__init__.cpython-37.pyc", "size": null}, {"hash": {"mode": "sha256", "value": "UD9sE34E6JYQpKbuswriqXl4jb8hwB8V5h-AKmYUB0w"}, "path": "registration/models.py", "size": 27704}, {"hash": {"mode": "sha256", "value": "Ogj5kMnsyPA7aEqasdaZOsnCg6j9yFf30tM04eJrVa4"}, "path": "registration/signals.py", "size": 920}, {"hash": {"mode": "sha256", "value": "YShja1b4PVB-RfCgGVLqQzHJ6lAUUq0GQw-09nUy34M"}, "path": "registration/templates/registration/activate.html", "size": 446}, {"hash": {"mode": "sha256", "value": "oad34YCn3y9EQOaAnXZJvymkFFbhHV9BAGagCQkiJnM"}, "path": "registration/templates/registration/activation_complete.html", "size": 552}, {"hash": {"mode": "sha256", "value": "aGaxz6SrlJ3m6CLLF3HQdtMEATbKt4NiZoqCnyPS0TI"}, "path": "registration/templates/registration/activation_complete_admin_pending.html", "size": 600}, {"hash": {"mode": "sha256", "value": "KVn2whFFRKekTunisOJRAK7oXd0SQXm69j6EEhORKwI"}, "path": "registration/templates/registration/activation_email.html", "size": 2069}, {"hash": {"mode": "sha256", "value": "sAIMlnqvjLNp89Ikbzu_Jno1iO-hT1omNIgWjw1yGmc"}, "path": "registration/templates/registration/activation_email.txt", "size": 1749}, {"hash": {"mode": "sha256", "value": "PxCuR-UaRcb4aZNTzlw4LhBYc7rHpmpdI1VW9c_sEcQ"}, "path": "registration/templates/registration/activation_email_subject.txt", "size": 1074}, {"hash": {"mode": "sha256", "value": "hXVWWEvdvu463LGjpGpJwJ1jbqgcTUlJ41g1w1O-s-M"}, "path": "registration/templates/registration/admin_approve.html", "size": 447}, {"hash": {"mode": "sha256", "value": "rf0pJW8jhCRnuU06y7UhB-bcWjaHFXFIj0_xBn_IDN4"}, "path": "registration/templates/registration/admin_approve_complete.html", "size": 1022}, {"hash": {"mode": "sha256", "value": "p06FlWEotsDYWPd7kp_DZQ0kgHw58eWCLyta8gCD6Wk"}, "path": "registration/templates/registration/admin_approve_complete_email.html", "size": 582}, {"hash": {"mode": "sha256", "value": "5wh2Ar_6FE4DfI-iuw5vb8CMH5LC96gKbrlxdET6RFs"}, "path": "registration/templates/registration/admin_approve_complete_email.txt", "size": 412}, {"hash": {"mode": "sha256", "value": "txZh9KcWv_qnZQt-sH2RNvm96HY71-Z_sWFa9epcFk8"}, "path": "registration/templates/registration/admin_approve_complete_email_subject.txt", "size": 935}, {"hash": {"mode": "sha256", "value": "xEpC1qT2jslWDwXICB0IOoUR1vYCaXmmHMeno3ljXmQ"}, "path": "registration/templates/registration/admin_approve_email.html", "size": 1745}, {"hash": {"mode": "sha256", "value": "0LxQf7WcUnPWG-ZX67p88Vp9HjFhYVjQaeAh4qXfPjw"}, "path": "registration/templates/registration/admin_approve_email.txt", "size": 323}, {"hash": {"mode": "sha256", "value": "a_m9T00Gm__bNjB6rHVfXhXMIxj7CwGBIxn9oRwjAUY"}, "path": "registration/templates/registration/admin_approve_email_subject.txt", "size": 65}, {"hash": {"mode": "sha256", "value": "kkr45hb89zP5nI2yoO-mS288YGEVdo3Jm_Nq0pap4nA"}, "path": "registration/templates/registration/login.html", "size": 1475}, {"hash": {"mode": "sha256", "value": "ObzrmcfzOstA3HzwbwwfjWOX0YgjiTVf2xggjAdMIqk"}, "path": "registration/templates/registration/logout.html", "size": 207}, {"hash": {"mode": "sha256", "value": "ZhNOEQmi7aP-yUWRpcmNfvB-2bmyJD8Xd3qBJ_UtQi4"}, "path": "registration/templates/registration/password_change_done.html", "size": 263}, {"hash": {"mode": "sha256", "value": "cDNVHzKiJ40I18WT1-yhZigKONjgsOMTEYgJ2To0nrw"}, "path": "registration/templates/registration/password_change_form.html", "size": 356}, {"hash": {"mode": "sha256", "value": "jr9kntj-JAsIR-9WytSHAHxLLJmUBrb_E6v9Lozv1Z0"}, "path": "registration/templates/registration/password_reset_complete.html", "size": 365}, {"hash": {"mode": "sha256", "value": "DFUWjILqMjHz8eQY-CyZbdLlcqhbhAp1ChLdnHnG2lE"}, "path": "registration/templates/registration/password_reset_confirm.html", "size": 790}, {"hash": {"mode": "sha256", "value": "QkTybw7IXx67Exb7Ns1O2ttPhU9s41HXGREHJ2kGSeM"}, "path": "registration/templates/registration/password_reset_done.html", "size": 389}, {"hash": {"mode": "sha256", "value": "zDZoIL6CmHXY4lfptwHNNKHSBmbefHfW5LfEbPTh4WE"}, "path": "registration/templates/registration/password_reset_email.html", "size": 985}, {"hash": {"mode": "sha256", "value": "wjY4eqvEsaXYXOkYzgmRHpoPCcCT4cSvDkfGVwSX0l4"}, "path": "registration/templates/registration/password_reset_form.html", "size": 525}, {"hash": {"mode": "sha256", "value": "_XmhND6O4dWjOWHfEh7mmlECcqpSTO1EFOTuGkzTp_A"}, "path": "registration/templates/registration/registration_base.html", "size": 26}, {"hash": {"mode": "sha256", "value": "oaKQcguLtPI-Z7h3PsE4TTPZvd3oPFAvfAD-bDngZOA"}, "path": "registration/templates/registration/registration_closed.html", "size": 261}, {"hash": {"mode": "sha256", "value": "jqwS2WjJtl4OGHraTEuXaff_17wPUym7wjqecRA8qRQ"}, "path": "registration/templates/registration/registration_complete.html", "size": 548}, {"hash": {"mode": "sha256", "value": "v1WabQwGErYRN4yy_WhxV8tw6f_ldugBAJKy0gTCfQo"}, "path": "registration/templates/registration/registration_form.html", "size": 742}, {"hash": {"mode": "sha256", "value": "TWuMGKV3LOER4N9JkY_tZRJZHROvCJ0eQrhwa1CtvR0"}, "path": "registration/templates/registration/resend_activation_complete.html", "size": 549}, {"hash": {"mode": "sha256", "value": "XmTCJKWjTukYl8QkrNVA4qxvms2g7Ck_R-NlYv8IZRA"}, "path": "registration/templates/registration/resend_activation_form.html", "size": 766}, {"hash": {"mode": "sha256", "value": "gURZM7xhKwg6Qx7U49e-mvmWr56GkYwnW1NxKK8TgYA"}, "path": "registration/tests/__init__.py", "size": 125}, {"hash": null, "path": "registration/tests/__pycache__/__init__.cpython-37.pyc", "size": null}, {"hash": null, "path": "registration/tests/__pycache__/admin_actions.cpython-37.pyc", "size": null}, {"hash": null, "path": "registration/tests/__pycache__/admin_approval_backend.cpython-37.pyc", "size": null}, {"hash": null, "path": "registration/tests/__pycache__/default_backend.cpython-37.pyc", "size": null}, {"hash": null, "path": "registration/tests/__pycache__/forms.cpython-37.pyc", "size": null}, {"hash": null, "path": "registration/tests/__pycache__/forms_custom_user.cpython-37.pyc", "size": null}, {"hash": null, "path": "registration/tests/__pycache__/models.cpython-37.pyc", "size": null}, {"hash": null, "path": "registration/tests/__pycache__/simple_backend.cpython-37.pyc", "size": null}, {"hash": null, "path": "registration/tests/__pycache__/urls.cpython-37.pyc", "size": null}, {"hash": {"mode": "sha256", "value": "GFVReais2eqVfCfFqGBhmOdsgMR8mtVdygsuoTmkK2s"}, "path": "registration/tests/admin_actions.py", "size": 2526}, {"hash": {"mode": "sha256", "value": "ctGAfbWOI1WKfI3bmrGFITKntbOokjc5Yajya8wkHyU"}, "path": "registration/tests/admin_approval_backend.py", "size": 4513}, {"hash": {"mode": "sha256", "value": "OLrYghob3RU0RZY3jYp3HSmD232lDPjUHaeoWs-aHgQ"}, "path": "registration/tests/default_backend.py", "size": 10032}, {"hash": {"mode": "sha256", "value": "5TkGkcgUjeqp89kBnYTG3OvRQhkXLkDJrpL-ptP12yY"}, "path": "registration/tests/forms.py", "size": 7245}, {"hash": {"mode": "sha256", "value": "dcqTDU2PswK4jjs9lS7hrdUsgy0GjsD8U-jmIGipT14"}, "path": "registration/tests/forms_custom_user.py", "size": 1327}, {"hash": {"mode": "sha256", "value": "XlDeKQ_mEUqMJel-3Loi98X5gzN49ITCOf8s1J0ghcU"}, "path": "registration/tests/models.py", "size": 47334}, {"hash": {"mode": "sha256", "value": "sutFFivawgZh16TL8Lcjbk2v9VuOGEIRiVIkwyVP-Ac"}, "path": "registration/tests/simple_backend.py", "size": 3453}, {"hash": {"mode": "sha256", "value": "kLH_cIVcgYwFr1w8X6ugb9V9Xcx8a9Dsuij5HRV7p5I"}, "path": "registration/tests/urls.py", "size": 3584}, {"hash": {"mode": "sha256", "value": "3PTYNzjC24EV6XakN3aDfmDgedD5DVHS_KEdzxCn3pA"}, "path": "registration/users.py", "size": 321}, {"hash": {"mode": "sha256", "value": "tkPiXRhl4A_Z12Rg6zgyOnKrEg6hTGIO8Ekv2ZHEK8I"}, "path": "registration/views.py", "size": 5531}, {"hash": {"mode": "sha256", "value": "Hc0g8HMsO3WRghOQdRyaLC9zjc2pRrVAB24uYcIfmH0"}, "path": "test_app/__init__.py", "size": 16}, {"hash": null, "path": "test_app/__pycache__/__init__.cpython-37.pyc", "size": null}, {"hash": null, "path": "test_app/__pycache__/models.cpython-37.pyc", "size": null}, {"hash": null, "path": "test_app/__pycache__/settings.cpython-37.pyc", "size": null}, {"hash": null, "path": "test_app/__pycache__/settings_test.cpython-37.pyc", "size": null}, {"hash": null, "path": "test_app/__pycache__/urls_admin_approval.cpython-37.pyc", "size": null}, {"hash": null, "path": "test_app/__pycache__/urls_default.cpython-37.pyc", "size": null}, {"hash": null, "path": "test_app/__pycache__/urls_simple.cpython-37.pyc", "size": null}, {"hash": {"mode": "sha256", "value": "4OKKWd0g7wJzcOIpcg4aAjPEsRt2jik9J94dM3GsQd0"}, "path": "test_app/models.py", "size": 309}, {"hash": {"mode": "sha256", "value": "Xb8uYJso0WvV9ni6PpRuxkoKQU8vVUL7w6kETpeCpiE"}, "path": "test_app/settings.py", "size": 1677}, {"hash": {"mode": "sha256", "value": "PIROTVYb2DlwYJrBjFuS9g71wuVdJ7VFhhISXygGQhI"}, "path": "test_app/settings_test.py", "size": 1734}, {"hash": {"mode": "sha256", "value": "6xCBmtcQMNJJZ0vVnVhvUzWrIkASefcCb2w9DnkHz_Y"}, "path": "test_app/urls_admin_approval.py", "size": 727}, {"hash": {"mode": "sha256", "value": "iWGzwU5-GiPPDRD4AcxulNiqeEWFw-Ke-9-sNkLncRI"}, "path": "test_app/urls_default.py", "size": 720}, {"hash": {"mode": "sha256", "value": "6auwAvDBRRnHgI0uvvAXhgdczZQzmn3wN1PoCJRd5CI"}, "path": "test_app/urls_simple.py", "size": 719}], "metadata": {"Author": "Andrew Cutler", "Author-email": "macropin@gmail.com", "Classifier": ["Development Status :: 5 - Production/Stable", "Environment :: Web Environment", "Framework :: Django", "Framework :: Django :: 1.11", "Framework :: Django :: 2.0", "Framework :: Django :: 2.1", "Framework :: Django :: 2.2", "Intended Audience :: Developers", "License :: OSI Approved :: BSD License", "Operating System :: OS Independent", "Programming Language :: Python", "Programming Language :: Python :: 2.7", "Programming Language :: Python :: 3", "Programming Language :: Python :: 3.5", "Programming Language :: Python :: 3.6", "Programming Language :: Python :: 3.7", "Programming Language :: Python :: 3.8", "Topic :: Software Development :: Libraries :: Python Modules", "Topic :: Utilities"], "Home-page": "https://github.com/macropin/django-registration", "License": "UNKNOWN", "Metadata-Version": "2.1", "Name": "django-registration-redux", "Platform": ["UNKNOWN"], "Summary": "An extensible user-registration application for Django", "Version": "2.8"}, "requires": null, "version": "2.8"}, "index_url": "https://pypi.org/simple", "package_name": "django-registration-redux", "package_version": "2.8", "package_version_requested": "2.8", "sha256": ["ed1ead5398e48bdc37064ab1e269b49301765701984e8d956a641aad2ff3a3ca", "ed525f393c452d3f5044148131cafbf50da7bdec9f78b594450bf01ad67085d4"]}], "unparsed": [], "unresolved": []}}