{"metadata": {"analyzer": "thoth-solver", "analyzer_version": "1.4.1", "arguments": {"python": {"exclude_packages": null, "index": "https://pypi.org/simple", "no_pretty": false, "no_transitive": true, "output": "http://result-api/api/v1/solver-result", "requirements": "doubles==1.5.2", "virtualenv": "/home/solver/venv"}, "thoth-solver": {"verbose": false}}, "datetime": "2019-12-26T16:42:48.418572", "distribution": {"codename": "", "id": "fedora", "like": "", "version": "31", "version_parts": {"build_number": "", "major": "31", "minor": ""}}, "document_id": "solver-fedora-31-py37-05374322", "duration": 2, "hostname": "solver-fedora-31-py37-05374322-sgf75", "os_release": {"id": "fedora", "name": "Fedora", "platform_id": "platform:f31", "redhat_bugzilla_product": "Fedora", "redhat_bugzilla_product_version": "31", "redhat_support_product": "Fedora", "redhat_support_product_version": "31", "variant_id": "container", "version": "31 (Container Image)", "version_id": "31"}, "python": {"api_version": 1013, "implementation_name": "cpython", "major": 3, "micro": 5, "minor": 7, "releaselevel": "final", "serial": 0}, "thoth_deployment_name": "thoth-psi-stage", "timestamp": 1577378568}, "result": {"environment": {"implementation_name": "cpython", "implementation_version": "3.7.5", "os_name": "posix", "platform_machine": "x86_64", "platform_python_implementation": "CPython", "platform_release": "3.10.0-957.21.2.el7.x86_64", "platform_system": "Linux", "platform_version": "#1 SMP Tue May 28 09:26:43 UTC 2019", "python_full_version": "3.7.5", "python_version": "3.7", "sys_platform": "linux"}, "environment_packages": [{"package_name": "pipdeptree", "package_version": "0.13.2"}], "errors": [{"details": {"command": "/home/solver/venv/bin/python3 -m pip install --force-reinstall --no-cache-dir --no-deps doubles==1.5.2 --index-url \"https://pypi.org/simple\"  --trusted-host pypi.org", "message": "Command exited with non-zero status code (1):     ERROR: Command errored out with exit status 1:\n     command: /home/solver/venv/bin/python3 -c 'import sys, setuptools, tokenize; sys.argv[0] = '\"'\"'/tmp/pip-install-33x3htsg/doubles/setup.py'\"'\"'; __file__='\"'\"'/tmp/pip-install-33x3htsg/doubles/setup.py'\"'\"';f=getattr(tokenize, '\"'\"'open'\"'\"', open)(__file__);code=f.read().replace('\"'\"'\\r\\n'\"'\"', '\"'\"'\\n'\"'\"');f.close();exec(compile(code, __file__, '\"'\"'exec'\"'\"'))' egg_info --egg-base /tmp/pip-install-33x3htsg/doubles/pip-egg-info\n         cwd: /tmp/pip-install-33x3htsg/doubles/\n    Complete output (17 lines):\n    Traceback (most recent call last):\n      File \"<string>\", line 1, in <module>\n      File \"/tmp/pip-install-33x3htsg/doubles/setup.py\", line 5, in <module>\n        import doubles\n      File \"/tmp/pip-install-33x3htsg/doubles/doubles/__init__.py\", line 5, in <module>\n        from doubles.lifecycle import (  # noqa\n      File \"/tmp/pip-install-33x3htsg/doubles/doubles/lifecycle.py\", line 4, in <module>\n        from doubles.space import Space\n      File \"/tmp/pip-install-33x3htsg/doubles/doubles/space.py\", line 2, in <module>\n        from doubles.proxy import Proxy\n      File \"/tmp/pip-install-33x3htsg/doubles/doubles/proxy.py\", line 1, in <module>\n        from doubles.method_double import MethodDouble\n      File \"/tmp/pip-install-33x3htsg/doubles/doubles/method_double.py\", line 1, in <module>\n        from doubles.allowance import Allowance\n      File \"/tmp/pip-install-33x3htsg/doubles/doubles/allowance.py\", line 4, in <module>\n        import six\n    ModuleNotFoundError: No module named 'six'\n    ----------------------------------------\nERROR: Command errored out with exit status 1: python setup.py egg_info Check the logs for full command output.\n", "return_code": 1, "stderr": "    ERROR: Command errored out with exit status 1:\n     command: /home/solver/venv/bin/python3 -c 'import sys, setuptools, tokenize; sys.argv[0] = '\"'\"'/tmp/pip-install-33x3htsg/doubles/setup.py'\"'\"'; __file__='\"'\"'/tmp/pip-install-33x3htsg/doubles/setup.py'\"'\"';f=getattr(tokenize, '\"'\"'open'\"'\"', open)(__file__);code=f.read().replace('\"'\"'\\r\\n'\"'\"', '\"'\"'\\n'\"'\"');f.close();exec(compile(code, __file__, '\"'\"'exec'\"'\"'))' egg_info --egg-base /tmp/pip-install-33x3htsg/doubles/pip-egg-info\n         cwd: /tmp/pip-install-33x3htsg/doubles/\n    Complete output (17 lines):\n    Traceback (most recent call last):\n      File \"<string>\", line 1, in <module>\n      File \"/tmp/pip-install-33x3htsg/doubles/setup.py\", line 5, in <module>\n        import doubles\n      File \"/tmp/pip-install-33x3htsg/doubles/doubles/__init__.py\", line 5, in <module>\n        from doubles.lifecycle import (  # noqa\n      File \"/tmp/pip-install-33x3htsg/doubles/doubles/lifecycle.py\", line 4, in <module>\n        from doubles.space import Space\n      File \"/tmp/pip-install-33x3htsg/doubles/doubles/space.py\", line 2, in <module>\n        from doubles.proxy import Proxy\n      File \"/tmp/pip-install-33x3htsg/doubles/doubles/proxy.py\", line 1, in <module>\n        from doubles.method_double import MethodDouble\n      File \"/tmp/pip-install-33x3htsg/doubles/doubles/method_double.py\", line 1, in <module>\n        from doubles.allowance import Allowance\n      File \"/tmp/pip-install-33x3htsg/doubles/doubles/allowance.py\", line 4, in <module>\n        import six\n    ModuleNotFoundError: No module named 'six'\n    ----------------------------------------\nERROR: Command errored out with exit status 1: python setup.py egg_info Check the logs for full command output.\n", "stdout": "Collecting doubles==1.5.2\n  Downloading https://files.pythonhosted.org/packages/7a/15/34b555d56fb7ce04b79fee05b50ed69955fa01811539bdeb8260e8c48d3e/doubles-1.5.2.tar.gz\n", "timeout": 60}, "index_url": "https://pypi.org/simple", "is_provided_package": true, "is_provided_package_version": true, "package_name": "doubles", "package_version": "1.5.2", "type": "command_error"}], "tree": [], "unparsed": [], "unresolved": []}}