{"metadata": {"analyzer": "thoth-solver", "analyzer_version": "1.4.1", "arguments": {"python": {"exclude_packages": null, "index": "https://pypi.org/simple", "no_pretty": false, "no_transitive": true, "output": "http://result-api/api/v1/solver-result", "requirements": "jieba==0.34", "virtualenv": "/home/solver/venv"}, "thoth-solver": {"verbose": false}}, "datetime": "2019-12-27T17:38:39.366428", "distribution": {"codename": "", "id": "fedora", "like": "", "version": "31", "version_parts": {"build_number": "", "major": "31", "minor": ""}}, "document_id": "solver-fedora-31-py37-073b3a60", "duration": 6, "hostname": "solver-fedora-31-py37-073b3a60-zn4kh", "os_release": {"id": "fedora", "name": "Fedora", "platform_id": "platform:f31", "redhat_bugzilla_product": "Fedora", "redhat_bugzilla_product_version": "31", "redhat_support_product": "Fedora", "redhat_support_product_version": "31", "variant_id": "container", "version": "31 (Container Image)", "version_id": "31"}, "python": {"api_version": 1013, "implementation_name": "cpython", "major": 3, "micro": 5, "minor": 7, "releaselevel": "final", "serial": 0}, "thoth_deployment_name": "thoth-psi-stage", "timestamp": 1577468319}, "result": {"environment": {"implementation_name": "cpython", "implementation_version": "3.7.5", "os_name": "posix", "platform_machine": "x86_64", "platform_python_implementation": "CPython", "platform_release": "3.10.0-957.21.2.el7.x86_64", "platform_system": "Linux", "platform_version": "#1 SMP Tue May 28 09:26:43 UTC 2019", "python_full_version": "3.7.5", "python_version": "3.7", "sys_platform": "linux"}, "environment_packages": [{"package_name": "pipdeptree", "package_version": "0.13.2"}], "errors": [], "tree": [{"dependencies": [], "importlib_metadata": {"entry_points": [], "files": [{"hash": {"mode": "sha256", "value": "zuuue4knoyJ-UwPPXg8fezS7VCrXJQrAP7zeNuwvFQg"}, "path": "jieba-0.34.dist-info/INSTALLER", "size": 4}, {"hash": {"mode": "sha256", "value": "ATpackGEqxGwnV04Uzha-0bvRiUvKbsBG2aW_SvETdY"}, "path": "jieba-0.34.dist-info/METADATA", "size": 227}, {"hash": null, "path": "jieba-0.34.dist-info/RECORD", "size": null}, {"hash": {"mode": "sha256", "value": "wYBY2EO50FhAcckpWmO3c3Zwk2MALACx6lPAl6gVKnE"}, "path": "jieba-0.34.dist-info/WHEEL", "size": 93}, {"hash": {"mode": "sha256", "value": "wwNWcWPIMRoDIbSyfQ57fXRuMEg6mjaCx-Mod86nCes"}, "path": "jieba-0.34.dist-info/top_level.txt", "size": 6}, {"hash": {"mode": "sha256", "value": "dxTZiEHlHQYlndR1eFrXjcpt31_Bv59JmGl64W48IuU"}, "path": "jieba/__init__.py", "size": 13438}, {"hash": {"mode": "sha256", "value": "6AJGotMVOZmxIwjAYE8DYlo3AfY3jH3aP9ipz7imQc8"}, "path": "jieba/__init__.pyc", "size": 13091}, {"hash": {"mode": "sha256", "value": "yVLMlCgMf71o6VD5E1KaByogCKaCgFm7-fTsgpZIcBg"}, "path": "jieba/__main__.py", "size": 1529}, {"hash": null, "path": "jieba/__pycache__/__main__.cpython-37.pyc", "size": null}, {"hash": {"mode": "sha256", "value": "7AV0kBZ94LqMQKUrtPAzTw_EGjS_GF_4j-KVpYNP560"}, "path": "jieba/analyse/__init__.py", "size": 2644}, {"hash": {"mode": "sha256", "value": "Go0QXL5NwVHG7H2nna-T9otPp_bIwWGSyQRQfshWKtU"}, "path": "jieba/analyse/__init__.pyc", "size": 3671}, {"hash": null, "path": "jieba/analyse/__pycache__/__init__.cpython-37.pyc", "size": null}, {"hash": {"mode": "sha256", "value": "y3fv53rawdz0iztA9LSTHuGU36S7vyYu5VHMRPLzq-o"}, "path": "jieba/analyse/analyzer.py", "size": 1387}, {"hash": {"mode": "sha256", "value": "mQwUbVoavIRc1ZbEOMANIAkd5ecHpSrxFwUDvKjZJP0"}, "path": "jieba/analyse/analyzer.pyc", "size": 2097}, {"hash": {"mode": "sha256", "value": "NivjSj72IamHzjofvdxau1I2Y7AuM5oK5xjxgliEBb8"}, "path": "jieba/analyse/idf.txt", "size": 6471088}, {"hash": {"mode": "sha256", "value": "GN_v8WLe6NpxMydxz61ZQMpVYLCyNGrM2oWhX8ydR10"}, "path": "jieba/dict.txt", "size": 5420898}, {"hash": {"mode": "sha256", "value": "MbeXsKBmm-nB3oJ_lwsUSdN_-DcPrTQGG4UkpP_rvtI"}, "path": "jieba/finalseg/__init__.py", "size": 2950}, {"hash": {"mode": "sha256", "value": "E3pQ8wLdGaYuKXHF79EGF9yzY-EqJqfrz20lc1vnwFI"}, "path": "jieba/finalseg/__init__.pyc", "size": 3334}, {"hash": null, "path": "jieba/finalseg/__pycache__/prob_emit.cpython-37.pyc", "size": null}, {"hash": null, "path": "jieba/finalseg/__pycache__/prob_start.cpython-37.pyc", "size": null}, {"hash": null, "path": "jieba/finalseg/__pycache__/prob_trans.cpython-37.pyc", "size": null}, {"hash": {"mode": "sha256", "value": "1MATTWw7V6xJBBY2QBdkxD_ji7yO9HCIz3kP9sxjuYE"}, "path": "jieba/finalseg/prob_emit.p", "size": 598842}, {"hash": {"mode": "sha256", "value": "d5baIrPjhM35izO96D9DCuA19LBKlkczT8zUzfwXlI0"}, "path": "jieba/finalseg/prob_emit.py", "size": 1392139}, {"hash": {"mode": "sha256", "value": "GnwKKx-fBhvzC3o7LjcM8IF1ANvpSBqTiX0vFP2nE7w"}, "path": "jieba/finalseg/prob_emit.pyc", "size": 513010}, {"hash": {"mode": "sha256", "value": "XhxwxI_hqklI5zEtY55ceTNip8wExoVtamxvGmhlYyY"}, "path": "jieba/finalseg/prob_start.p", "size": 62}, {"hash": {"mode": "sha256", "value": "vwWx7C5AG-Rn69oN2SHwuxsdxb8ntTV_938KASlhkjE"}, "path": "jieba/finalseg/prob_start.py", "size": 97}, {"hash": {"mode": "sha256", "value": "62CAfUeAyx3l4pPG2zOE_x7cGOC9AkM2GRdD2dcvD_w"}, "path": "jieba/finalseg/prob_start.pyc", "size": 215}, {"hash": {"mode": "sha256", "value": "11ctz-nRgbAMNYHFcfOuk7IpSS_5fn9Me7nLkqh-jlQ"}, "path": "jieba/finalseg/prob_trans.p", "size": 146}, {"hash": {"mode": "sha256", "value": "C-1KChW1U9eyRQVWRl09UeRE6mswpwQrFwEdiFD5T8Y"}, "path": "jieba/finalseg/prob_trans.py", "size": 245}, {"hash": {"mode": "sha256", "value": "V_-3XTlhWS1uO1bvMd1Oop5RjmGjp-y8Xv-hD9Jj7zo"}, "path": "jieba/finalseg/prob_trans.pyc", "size": 316}, {"hash": {"mode": "sha256", "value": "ULbIH5z7wrP0lJqAb0Lqy1vUJuBaLrxNr46Pqluiwv8"}, "path": "jieba/posseg/__init__.py", "size": 7577}, {"hash": {"mode": "sha256", "value": "k1J-q0Lep9VfVAiQdP5H6QG5AhytkyuYznyUAoNdL30"}, "path": "jieba/posseg/__init__.pyc", "size": 7768}, {"hash": null, "path": "jieba/posseg/__pycache__/char_state_tab.cpython-37.pyc", "size": null}, {"hash": null, "path": "jieba/posseg/__pycache__/prob_emit.cpython-37.pyc", "size": null}, {"hash": null, "path": "jieba/posseg/__pycache__/prob_start.cpython-37.pyc", "size": null}, {"hash": null, "path": "jieba/posseg/__pycache__/prob_trans.cpython-37.pyc", "size": null}, {"hash": null, "path": "jieba/posseg/__pycache__/viterbi.cpython-37.pyc", "size": null}, {"hash": {"mode": "sha256", "value": "rSvXy8l80YxA8KRdugxnFaXxILMO4s3UUz1H0ZC8Y7s"}, "path": "jieba/posseg/char_state_tab.p", "size": 1078947}, {"hash": {"mode": "sha256", "value": "CdZgykGdPxLAyZ8sVuY1rQI5NmS2R4XbatX2qD39540"}, "path": "jieba/posseg/char_state_tab.py", "size": 1685707}, {"hash": {"mode": "sha256", "value": "oEmzC9tvC-LpVN9zsHq13vHw7Xzq1LNxlj0lg1zJgQ0"}, "path": "jieba/posseg/char_state_tab.pyc", "size": 817914}, {"hash": {"mode": "sha256", "value": "9dyBY39-zR6G0Lodzr9XowwIkM3ZudT7GkZUHhuTyKE"}, "path": "jieba/posseg/prob_emit.p", "size": 1522393}, {"hash": {"mode": "sha256", "value": "V_Ue5M-HIDizvHzahQe8IoaW-VOD2rXxIhZ-zAEIkJk"}, "path": "jieba/posseg/prob_emit.py", "size": 4165709}, {"hash": {"mode": "sha256", "value": "UD55tGvlJoVO1BPhX9augoa7VCPQP-uZbN4dR3faz_w"}, "path": "jieba/posseg/prob_emit.pyc", "size": 1074346}, {"hash": {"mode": "sha256", "value": "aQTtXgyy0r_vPfy_93GXcDKObPKjPVdvfw0PTD95Ghs"}, "path": "jieba/posseg/prob_start.p", "size": 6321}, {"hash": {"mode": "sha256", "value": "Kk2bbunhaklIdfuBx1bWulBccuqffx1tPj4PPFZTOKQ"}, "path": "jieba/posseg/prob_start.py", "size": 7460}, {"hash": {"mode": "sha256", "value": "J7A82sNgntcp5TYGDtom3rG-uBaLbh1SZQgsvjgpFj0"}, "path": "jieba/posseg/prob_start.pyc", "size": 7701}, {"hash": {"mode": "sha256", "value": "_JzBKXLs4geoYAkPMHBLDpgsm1iaEjEbAyMYAdt76p4"}, "path": "jieba/posseg/prob_trans.p", "size": 129695}, {"hash": {"mode": "sha256", "value": "vppFrLTPe2dsSfyMt3nT-V3_z42dN99ayvLRWIAasvA"}, "path": "jieba/posseg/prob_trans.py", "size": 252619}, {"hash": {"mode": "sha256", "value": "wOjy2tBRMN--VF2CxDckKwsfamij4tuX2Jo69cjv37A"}, "path": "jieba/posseg/prob_trans.pyc", "size": 122131}, {"hash": {"mode": "sha256", "value": "t8_znxYc6ZRfp1SxVblKmRAES7SWovQXrre3GOwQqUk"}, "path": "jieba/posseg/viterbi.py", "size": 1573}, {"hash": {"mode": "sha256", "value": "Pe6ZzPd4hLBRMCGzkb3GGoBpvD1yb4djeqIIPhKDHws"}, "path": "jieba/posseg/viterbi.pyc", "size": 1853}], "metadata": {"Author": "Sun, Junyi", "Author-email": "ccnusjy@gmail.com", "Home-page": "http://github.com/fxsjy", "License": "UNKNOWN", "Metadata-Version": "2.1", "Name": "jieba", "Platform": ["UNKNOWN"], "Summary": "Chinese Words Segementation Utilities", "Version": "0.34"}, "requires": null, "version": "0.34"}, "index_url": "https://pypi.org/simple", "package_name": "jieba", "package_version": "0.34", "package_version_requested": "0.34", "sha256": ["8eaafa1a965512294c11341c18850a921162a572e063fbd31b056f5492562af9"]}], "unparsed": [], "unresolved": []}}