{"metadata": {"analyzer": "thoth-solver", "analyzer_version": "1.4.1", "arguments": {"python": {"exclude_packages": null, "index": "https://pypi.org/simple", "no_pretty": false, "no_transitive": true, "output": "http://result-api/api/v1/solver-result", "requirements": "praw==1.0.4", "virtualenv": "/home/solver/venv"}, "thoth-solver": {"verbose": false}}, "datetime": "2019-12-26T16:33:21.194890", "distribution": {"codename": "", "id": "fedora", "like": "", "version": "31", "version_parts": {"build_number": "", "major": "31", "minor": ""}}, "document_id": "solver-fedora-31-py37-01b86bde", "duration": 3, "hostname": "solver-fedora-31-py37-01b86bde-x6ncs", "os_release": {"id": "fedora", "name": "Fedora", "platform_id": "platform:f31", "redhat_bugzilla_product": "Fedora", "redhat_bugzilla_product_version": "31", "redhat_support_product": "Fedora", "redhat_support_product_version": "31", "variant_id": "container", "version": "31 (Container Image)", "version_id": "31"}, "python": {"api_version": 1013, "implementation_name": "cpython", "major": 3, "micro": 5, "minor": 7, "releaselevel": "final", "serial": 0}, "thoth_deployment_name": "thoth-psi-stage", "timestamp": 1577378001}, "result": {"environment": {"implementation_name": "cpython", "implementation_version": "3.7.5", "os_name": "posix", "platform_machine": "x86_64", "platform_python_implementation": "CPython", "platform_release": "3.10.0-957.21.2.el7.x86_64", "platform_system": "Linux", "platform_version": "#1 SMP Tue May 28 09:26:43 UTC 2019", "python_full_version": "3.7.5", "python_version": "3.7", "sys_platform": "linux"}, "environment_packages": [{"package_name": "pipdeptree", "package_version": "0.13.2"}], "errors": [], "tree": [{"dependencies": [{"extra": [], "extras": [], "marker": null, "marker_evaluated": null, "marker_evaluation_error": null, "marker_evaluation_result": true, "normalized_package_name": "six", "package_name": "six", "resolved_versions": [{"index": "https://pypi.org/simple", "versions": ["0.9.0", "0.9.1", "0.9.2", "1.0.0", "1.1.0", "1.10.0", "1.11.0", "1.12.0", "1.13.0", "1.2.0", "1.3.0", "1.4.0", "1.4.1", "1.5.0", "1.5.1", "1.5.2", "1.6.0", "1.6.1", "1.7.0", "1.7.1", "1.7.2", "1.7.3", "1.8.0", "1.9.0"]}], "specifier": null}], "importlib_metadata": {"entry_points": [], "files": [{"hash": {"mode": "sha256", "value": "jOtLnuWt7d5Hsx6XXB2QxzrSe2sWWh3NgMfFRetluQM"}, "path": "praw-1.0.4.dist-info/COPYING", "size": 35147}, {"hash": {"mode": "sha256", "value": "zuuue4knoyJ-UwPPXg8fezS7VCrXJQrAP7zeNuwvFQg"}, "path": "praw-1.0.4.dist-info/INSTALLER", "size": 4}, {"hash": {"mode": "sha256", "value": "imuINFEsFNZ3S7jA2984JQN4R4hgRPnzkE1RBAeE2q0"}, "path": "praw-1.0.4.dist-info/METADATA", "size": 3049}, {"hash": null, "path": "praw-1.0.4.dist-info/RECORD", "size": null}, {"hash": {"mode": "sha256", "value": "wYBY2EO50FhAcckpWmO3c3Zwk2MALACx6lPAl6gVKnE"}, "path": "praw-1.0.4.dist-info/WHEEL", "size": 93}, {"hash": {"mode": "sha256", "value": "t44PlsGS9Ub7_bDM1uelvaT9zBEyUuFR7_iOYvg4MpY"}, "path": "praw-1.0.4.dist-info/top_level.txt", "size": 5}, {"hash": {"mode": "sha256", "value": "plLWrrd4keU4TGkBE5bHcCNW1Rlo_xqGyf9kio_BEtY"}, "path": "praw/__init__.py", "size": 33271}, {"hash": null, "path": "praw/__pycache__/__init__.cpython-37.pyc", "size": null}, {"hash": null, "path": "praw/__pycache__/backport.cpython-37.pyc", "size": null}, {"hash": null, "path": "praw/__pycache__/decorators.cpython-37.pyc", "size": null}, {"hash": null, "path": "praw/__pycache__/errors.cpython-37.pyc", "size": null}, {"hash": null, "path": "praw/__pycache__/helpers.cpython-37.pyc", "size": null}, {"hash": null, "path": "praw/__pycache__/objects.cpython-37.pyc", "size": null}, {"hash": null, "path": "praw/__pycache__/settings.cpython-37.pyc", "size": null}, {"hash": null, "path": "praw/__pycache__/tests.cpython-37.pyc", "size": null}, {"hash": {"mode": "sha256", "value": "du6Rj5SPanQka0yxTQp4Di1CfybfpmWGKDOF9hyc8uM"}, "path": "praw/backport.py", "size": 1290}, {"hash": {"mode": "sha256", "value": "4G79q3V5dbeL3eq5UJrbJAsN-cSpz1B9JyQxU1Iuz1A"}, "path": "praw/decorators.py", "size": 8856}, {"hash": {"mode": "sha256", "value": "mlJKCTYGgIAemjthLrWQS6sUsf5Zgt68hq8Ntpb2zlE"}, "path": "praw/errors.py", "size": 3556}, {"hash": {"mode": "sha256", "value": "UuJ59kC3GykAolvXTvHaSYf7lCxJQSEu2mV_qwCrUuk"}, "path": "praw/helpers.py", "size": 3904}, {"hash": {"mode": "sha256", "value": "NIA8hZRRX7RLqJDqR6TrTaYMFsWowG3QdzqoUoKoKVI"}, "path": "praw/objects.py", "size": 30769}, {"hash": {"mode": "sha256", "value": "KmSJNhpA4wMvnlHHGL51LbX4PWsnwOCt17q5W9hgjk8"}, "path": "praw/praw.ini", "size": 1909}, {"hash": {"mode": "sha256", "value": "U4-YoYUyxBZeOJA6Nkx0ittXH7xzh2SjTg6KOoPmPY8"}, "path": "praw/settings.py", "size": 1513}, {"hash": {"mode": "sha256", "value": "eDlz-4Ks2tdgczc7qAzlMxAN--2e_zWBRL2RfwoYBhg"}, "path": "praw/tests.py", "size": 33275}], "metadata": {"Author": "Timothy Mellor", "Author-email": "timothy.mellor+pip@gmail.com", "Classifier": ["Development Status :: 5 - Production/Stable", "Environment :: Console", "Intended Audience :: Developers", "License :: OSI Approved :: GNU General Public License (GPL)", "Natural Language :: English", "Operating System :: OS Independent", "Programming Language :: Python :: 2.6", "Programming Language :: Python :: 2.7", "Programming Language :: Python :: 3.2", "Topic :: Utilities"], "Home-page": "http://python-reddit-api-wrapper.readthedocs.org/", "Keywords": "reddit api wrapper", "License": "GPLv3", "Maintainer": "Bryce Boe", "Maintainer-email": "bbzbryce@gmail.com", "Metadata-Version": "2.1", "Name": "praw", "Platform": ["UNKNOWN"], "Requires-Dist": ["six"], "Summary": "PRAW, an acronym for `Python Reddit API Wrapper`, is a python package that allows for simple access to reddit's API.", "Version": "1.0.4"}, "requires": ["six"], "version": "1.0.4"}, "index_url": "https://pypi.org/simple", "package_name": "praw", "package_version": "1.0.4", "package_version_requested": "1.0.4", "sha256": ["c0e1c337b9d0a4fec9ed7c098b6f0ef64da639806ea010b27dd80631d93d1665"]}], "unparsed": [], "unresolved": []}}