{"metadata": {"analyzer": "thoth-solver", "analyzer_version": "1.4.1", "arguments": {"python": {"exclude_packages": null, "index": "https://pypi.org/simple", "no_pretty": false, "no_transitive": true, "output": "/mnt/workdir/solver-fedora-31-py37-00abfb06", "requirements": "invenio-search===1.3.0", "virtualenv": "/home/solver/venv"}, "thoth-solver": {"verbose": false}}, "datetime": "2020-04-08T16:35:39.992692", "distribution": {"codename": "", "id": "fedora", "like": "", "version": "31", "version_parts": {"build_number": "", "major": "31", "minor": ""}}, "document_id": "solver-fedora-31-py37-00abfb06", "duration": 7, "hostname": "solver-fedora-31-py37-00abfb06-3103862394", "os_release": {"id": "fedora", "name": "Fedora", "platform_id": "platform:f31", "redhat_bugzilla_product": "Fedora", "redhat_bugzilla_product_version": "31", "redhat_support_product": "Fedora", "redhat_support_product_version": "31", "variant_id": "container", "version": "31 (Container Image)", "version_id": "31"}, "python": {"api_version": 1013, "implementation_name": "cpython", "major": 3, "micro": 5, "minor": 7, "releaselevel": "final", "serial": 0}, "thoth_deployment_name": "thoth-psi-stage", "timestamp": 1586363739}, "result": {"environment": {"implementation_name": "cpython", "implementation_version": "3.7.5", "os_name": "posix", "platform_machine": "x86_64", "platform_python_implementation": "CPython", "platform_release": "3.10.0-957.21.2.el7.x86_64", "platform_system": "Linux", "platform_version": "#1 SMP Tue May 28 09:26:43 UTC 2019", "python_full_version": "3.7.5", "python_version": "3.7", "sys_platform": "linux"}, "environment_packages": [{"package_name": "pipdeptree", "package_version": "0.13.2"}], "errors": [], "tree": [{"dependencies": [{"extra": [], "extras": [], "marker": null, "marker_evaluated": null, "marker_evaluation_error": null, "marker_evaluation_result": true, "normalized_package_name": "invenio-base", "package_name": "invenio-base", "resolved_versions": [{"index": "https://pypi.org/simple", "versions": ["1.2.2"]}], "specifier": ">=1.2.2"}, {"extra": ["all"], "extras": [], "marker": "extra == \"all\"", "marker_evaluated": "python_version >= \"0.0\"", "marker_evaluation_error": null, "marker_evaluation_result": true, "normalized_package_name": "sphinx", "package_name": "Sphinx", "resolved_versions": [{"index": "https://pypi.org/simple", "versions": ["1.5.6"]}], "specifier": "<1.6,>=1.5.6"}, {"extra": ["all"], "extras": [], "marker": "extra == \"all\"", "marker_evaluated": "python_version >= \"0.0\"", "marker_evaluation_error": null, "marker_evaluation_result": true, "normalized_package_name": "invenio-accounts", "package_name": "invenio-accounts", "resolved_versions": [{"index": "https://pypi.org/simple", "versions": ["1.0.0", "1.0.1", "1.0.2", "1.1.0", "1.1.1", "1.1.2", "1.1.3", "1.2.0"]}], "specifier": ">=1.0.0"}, {"extra": ["all"], "extras": [], "marker": "extra == \"all\"", "marker_evaluated": "python_version >= \"0.0\"", "marker_evaluation_error": null, "marker_evaluation_result": true, "normalized_package_name": "check-manifest", "package_name": "check-manifest", "resolved_versions": [{"index": "https://pypi.org/simple", "versions": ["0.35", "0.36", "0.37", "0.38", "0.39", "0.40", "0.41"]}], "specifier": ">=0.35"}, {"extra": ["all"], "extras": [], "marker": "extra == \"all\"", "marker_evaluated": "python_version >= \"0.0\"", "marker_evaluation_error": null, "marker_evaluation_result": true, "normalized_package_name": "coverage", "package_name": "coverage", "resolved_versions": [{"index": "https://pypi.org/simple", "versions": ["4.0", "4.0.1", "4.0.2", "4.0.3", "4.1", "4.2", "4.3", "4.3.1", "4.3.2", "4.3.3", "4.3.4", "4.4", "4.4.1", "4.4.2", "4.5", "4.5.1", "4.5.2", "4.5.3", "4.5.4", "5.0", "5.0.1", "5.0.2", "5.0.3", "5.0.4"]}], "specifier": ">=4.0"}, {"extra": ["all"], "extras": ["versioning"], "marker": "extra == \"all\"", "marker_evaluated": "python_version >= \"0.0\"", "marker_evaluation_error": null, "marker_evaluation_result": true, "normalized_package_name": "invenio-db", "package_name": "invenio-db", "resolved_versions": [{"index": "https://pypi.org/simple", "versions": ["1.0.0", "1.0.1", "1.0.2", "1.0.3", "1.0.4"]}], "specifier": ">=1.0.0"}, {"extra": ["all"], "extras": [], "marker": "extra == \"all\"", "marker_evaluated": "python_version >= \"0.0\"", "marker_evaluation_error": null, "marker_evaluation_result": true, "normalized_package_name": "isort", "package_name": "isort", "resolved_versions": [{"index": "https://pypi.org/simple", "versions": ["4.2.15", "4.3.0", "4.3.1", "4.3.10", "4.3.11", "4.3.12", "4.3.13", "4.3.14", "4.3.15", "4.3.16", "4.3.17", "4.3.18", "4.3.19", "4.3.2", "4.3.20", "4.3.21", "4.3.3", "4.3.4", "4.3.5", "4.3.6", "4.3.7", "4.3.8", "4.3.9"]}], "specifier": ">=4.2.15"}, {"extra": ["all"], "extras": [], "marker": "extra == \"all\"", "marker_evaluated": "python_version >= \"0.0\"", "marker_evaluation_error": null, "marker_evaluation_result": true, "normalized_package_name": "mock", "package_name": "mock", "resolved_versions": [{"index": "https://pypi.org/simple", "versions": ["1.3.0", "2.0.0", "3.0.0", "3.0.1", "3.0.2", "3.0.3", "3.0.4", "3.0.5", "4.0.0", "4.0.1", "4.0.2"]}], "specifier": ">=1.3.0"}, {"extra": ["all"], "extras": [], "marker": "extra == \"all\"", "marker_evaluated": "python_version >= \"0.0\"", "marker_evaluation_error": null, "marker_evaluation_result": true, "normalized_package_name": "pydocstyle", "package_name": "pydocstyle", "resolved_versions": [{"index": "https://pypi.org/simple", "versions": ["1.0.0", "1.1.0", "1.1.1", "2.0.0", "2.1.0", "2.1.1", "3.0.0", "4.0.0", "4.0.1", "5.0.0", "5.0.1", "5.0.2"]}], "specifier": ">=1.0.0"}, {"extra": ["all"], "extras": [], "marker": "extra == \"all\"", "marker_evaluated": "python_version >= \"0.0\"", "marker_evaluation_error": null, "marker_evaluation_result": true, "normalized_package_name": "pytest-cov", "package_name": "pytest-cov", "resolved_versions": [{"index": "https://pypi.org/simple", "versions": ["1.8.0", "1.8.1", "2.0.0", "2.1.0", "2.2.0", "2.2.1", "2.3.0", "2.3.1", "2.4.0", "2.5.0", "2.5.1", "2.6.0", "2.6.1", "2.7.0", "2.7.1", "2.8.0", "2.8.1"]}], "specifier": ">=1.8.0"}, {"extra": ["all"], "extras": [], "marker": "extra == \"all\"", "marker_evaluated": "python_version >= \"0.0\"", "marker_evaluation_error": null, "marker_evaluation_result": true, "normalized_package_name": "pytest-random-order", "package_name": "pytest-random-order", "resolved_versions": [{"index": "https://pypi.org/simple", "versions": ["0.5.4", "0.5.5", "0.5.6", "0.6.0", "0.7.0", "0.8.0", "1.0.0", "1.0.1", "1.0.2", "1.0.3", "1.0.4"]}], "specifier": ">=0.5.4"}, {"extra": ["all"], "extras": [], "marker": "extra == \"all\"", "marker_evaluated": "python_version >= \"0.0\"", "marker_evaluation_error": null, "marker_evaluation_result": true, "normalized_package_name": "pytest-pep8", "package_name": "pytest-pep8", "resolved_versions": [{"index": "https://pypi.org/simple", "versions": ["1.0.6"]}], "specifier": ">=1.0.6"}, {"extra": ["all"], "extras": [], "marker": "extra == \"all\"", "marker_evaluated": "python_version >= \"0.0\"", "marker_evaluation_error": null, "marker_evaluation_result": true, "normalized_package_name": "pytest", "package_name": "pytest", "resolved_versions": [{"index": "https://pypi.org/simple", "versions": ["3.10.0", "3.10.1", "3.8.1", "3.8.2", "3.9.1", "3.9.2", "3.9.3"]}], "specifier": "<4,>=3.8.1"}, {"extra": ["docs"], "extras": [], "marker": "extra == \"docs\"", "marker_evaluated": "python_version >= \"0.0\"", "marker_evaluation_error": null, "marker_evaluation_result": true, "normalized_package_name": "sphinx", "package_name": "Sphinx", "resolved_versions": [{"index": "https://pypi.org/simple", "versions": ["1.5.6"]}], "specifier": "<1.6,>=1.5.6"}, {"extra": ["docs"], "extras": [], "marker": "extra == \"docs\"", "marker_evaluated": "python_version >= \"0.0\"", "marker_evaluation_error": null, "marker_evaluation_result": true, "normalized_package_name": "invenio-accounts", "package_name": "invenio-accounts", "resolved_versions": [{"index": "https://pypi.org/simple", "versions": ["1.0.0", "1.0.1", "1.0.2", "1.1.0", "1.1.1", "1.1.2", "1.1.3", "1.2.0"]}], "specifier": ">=1.0.0"}, {"extra": ["elasticsearch2"], "extras": [], "marker": "extra == \"elasticsearch2\"", "marker_evaluated": "python_version >= \"0.0\"", "marker_evaluation_error": null, "marker_evaluation_result": true, "normalized_package_name": "elasticsearch", "package_name": "elasticsearch", "resolved_versions": [{"index": "https://pypi.org/simple", "versions": ["2.0.0", "2.1.0", "2.2.0", "2.3.0", "2.4.0", "2.4.1"]}], "specifier": "<3.0.0,>=2.0.0"}, {"extra": ["elasticsearch2"], "extras": [], "marker": "extra == \"elasticsearch2\"", "marker_evaluated": "python_version >= \"0.0\"", "marker_evaluation_error": null, "marker_evaluation_result": true, "normalized_package_name": "elasticsearch-dsl", "package_name": "elasticsearch-dsl", "resolved_versions": [{"index": "https://pypi.org/simple", "versions": ["2.0.0", "2.1.0", "2.2.0"]}], "specifier": "<3.0.0,>=2.0.0"}, {"extra": ["elasticsearch5"], "extras": [], "marker": "extra == \"elasticsearch5\"", "marker_evaluated": "python_version >= \"0.0\"", "marker_evaluation_error": null, "marker_evaluation_result": true, "normalized_package_name": "elasticsearch", "package_name": "elasticsearch", "resolved_versions": [{"index": "https://pypi.org/simple", "versions": ["5.0.0", "5.0.1", "5.1.0", "5.2.0", "5.3.0", "5.4.0", "5.5.0", "5.5.1", "5.5.2", "5.5.3"]}], "specifier": "<6.0.0,>=5.0.0"}, {"extra": ["elasticsearch5"], "extras": [], "marker": "extra == \"elasticsearch5\"", "marker_evaluated": "python_version >= \"0.0\"", "marker_evaluation_error": null, "marker_evaluation_result": true, "normalized_package_name": "elasticsearch-dsl", "package_name": "elasticsearch-dsl", "resolved_versions": [{"index": "https://pypi.org/simple", "versions": ["5.1.0", "5.2.0", "5.3.0", "5.4.0"]}], "specifier": "<6.0.0,>=5.1.0"}, {"extra": ["elasticsearch6"], "extras": [], "marker": "extra == \"elasticsearch6\"", "marker_evaluated": "python_version >= \"0.0\"", "marker_evaluation_error": null, "marker_evaluation_result": true, "normalized_package_name": "elasticsearch", "package_name": "elasticsearch", "resolved_versions": [{"index": "https://pypi.org/simple", "versions": ["6.0.0", "6.1.1", "6.2.0", "6.3.0", "6.3.1", "6.4.0", "6.8.0", "6.8.1"]}], "specifier": "<7.0.0,>=6.0.0"}, {"extra": ["elasticsearch6"], "extras": [], "marker": "extra == \"elasticsearch6\"", "marker_evaluated": "python_version >= \"0.0\"", "marker_evaluation_error": null, "marker_evaluation_result": true, "normalized_package_name": "elasticsearch-dsl", "package_name": "elasticsearch-dsl", "resolved_versions": [{"index": "https://pypi.org/simple", "versions": ["6.0.0", "6.0.1", "6.1.0"]}], "specifier": "<6.2.0,>=6.0.0"}, {"extra": ["elasticsearch7"], "extras": [], "marker": "extra == \"elasticsearch7\"", "marker_evaluated": "python_version >= \"0.0\"", "marker_evaluation_error": null, "marker_evaluation_result": true, "normalized_package_name": "elasticsearch", "package_name": "elasticsearch", "resolved_versions": [{"index": "https://pypi.org/simple", "versions": ["7.0.0", "7.0.1", "7.0.2", "7.0.3", "7.0.4", "7.0.5", "7.1.0", "7.5.1", "7.6.0"]}], "specifier": "<8.0.0,>=7.0.0"}, {"extra": ["elasticsearch7"], "extras": [], "marker": "extra == \"elasticsearch7\"", "marker_evaluated": "python_version >= \"0.0\"", "marker_evaluation_error": null, "marker_evaluation_result": true, "normalized_package_name": "elasticsearch-dsl", "package_name": "elasticsearch-dsl", "resolved_versions": [{"index": "https://pypi.org/simple", "versions": ["7.0.0", "7.1.0"]}], "specifier": "<8.0.0,>=7.0.0"}, {"extra": ["tests"], "extras": [], "marker": "extra == \"tests\"", "marker_evaluated": "python_version >= \"0.0\"", "marker_evaluation_error": null, "marker_evaluation_result": true, "normalized_package_name": "check-manifest", "package_name": "check-manifest", "resolved_versions": [{"index": "https://pypi.org/simple", "versions": ["0.35", "0.36", "0.37", "0.38", "0.39", "0.40", "0.41"]}], "specifier": ">=0.35"}, {"extra": ["tests"], "extras": [], "marker": "extra == \"tests\"", "marker_evaluated": "python_version >= \"0.0\"", "marker_evaluation_error": null, "marker_evaluation_result": true, "normalized_package_name": "coverage", "package_name": "coverage", "resolved_versions": [{"index": "https://pypi.org/simple", "versions": ["4.0", "4.0.1", "4.0.2", "4.0.3", "4.1", "4.2", "4.3", "4.3.1", "4.3.2", "4.3.3", "4.3.4", "4.4", "4.4.1", "4.4.2", "4.5", "4.5.1", "4.5.2", "4.5.3", "4.5.4", "5.0", "5.0.1", "5.0.2", "5.0.3", "5.0.4"]}], "specifier": ">=4.0"}, {"extra": ["tests"], "extras": ["versioning"], "marker": "extra == \"tests\"", "marker_evaluated": "python_version >= \"0.0\"", "marker_evaluation_error": null, "marker_evaluation_result": true, "normalized_package_name": "invenio-db", "package_name": "invenio-db", "resolved_versions": [{"index": "https://pypi.org/simple", "versions": ["1.0.0", "1.0.1", "1.0.2", "1.0.3", "1.0.4"]}], "specifier": ">=1.0.0"}, {"extra": ["tests"], "extras": [], "marker": "extra == \"tests\"", "marker_evaluated": "python_version >= \"0.0\"", "marker_evaluation_error": null, "marker_evaluation_result": true, "normalized_package_name": "isort", "package_name": "isort", "resolved_versions": [{"index": "https://pypi.org/simple", "versions": ["4.2.15", "4.3.0", "4.3.1", "4.3.10", "4.3.11", "4.3.12", "4.3.13", "4.3.14", "4.3.15", "4.3.16", "4.3.17", "4.3.18", "4.3.19", "4.3.2", "4.3.20", "4.3.21", "4.3.3", "4.3.4", "4.3.5", "4.3.6", "4.3.7", "4.3.8", "4.3.9"]}], "specifier": ">=4.2.15"}, {"extra": ["tests"], "extras": [], "marker": "extra == \"tests\"", "marker_evaluated": "python_version >= \"0.0\"", "marker_evaluation_error": null, "marker_evaluation_result": true, "normalized_package_name": "mock", "package_name": "mock", "resolved_versions": [{"index": "https://pypi.org/simple", "versions": ["1.3.0", "2.0.0", "3.0.0", "3.0.1", "3.0.2", "3.0.3", "3.0.4", "3.0.5", "4.0.0", "4.0.1", "4.0.2"]}], "specifier": ">=1.3.0"}, {"extra": ["tests"], "extras": [], "marker": "extra == \"tests\"", "marker_evaluated": "python_version >= \"0.0\"", "marker_evaluation_error": null, "marker_evaluation_result": true, "normalized_package_name": "pydocstyle", "package_name": "pydocstyle", "resolved_versions": [{"index": "https://pypi.org/simple", "versions": ["1.0.0", "1.1.0", "1.1.1", "2.0.0", "2.1.0", "2.1.1", "3.0.0", "4.0.0", "4.0.1", "5.0.0", "5.0.1", "5.0.2"]}], "specifier": ">=1.0.0"}, {"extra": ["tests"], "extras": [], "marker": "extra == \"tests\"", "marker_evaluated": "python_version >= \"0.0\"", "marker_evaluation_error": null, "marker_evaluation_result": true, "normalized_package_name": "pytest-cov", "package_name": "pytest-cov", "resolved_versions": [{"index": "https://pypi.org/simple", "versions": ["1.8.0", "1.8.1", "2.0.0", "2.1.0", "2.2.0", "2.2.1", "2.3.0", "2.3.1", "2.4.0", "2.5.0", "2.5.1", "2.6.0", "2.6.1", "2.7.0", "2.7.1", "2.8.0", "2.8.1"]}], "specifier": ">=1.8.0"}, {"extra": ["tests"], "extras": [], "marker": "extra == \"tests\"", "marker_evaluated": "python_version >= \"0.0\"", "marker_evaluation_error": null, "marker_evaluation_result": true, "normalized_package_name": "pytest-random-order", "package_name": "pytest-random-order", "resolved_versions": [{"index": "https://pypi.org/simple", "versions": ["0.5.4", "0.5.5", "0.5.6", "0.6.0", "0.7.0", "0.8.0", "1.0.0", "1.0.1", "1.0.2", "1.0.3", "1.0.4"]}], "specifier": ">=0.5.4"}, {"extra": ["tests"], "extras": [], "marker": "extra == \"tests\"", "marker_evaluated": "python_version >= \"0.0\"", "marker_evaluation_error": null, "marker_evaluation_result": true, "normalized_package_name": "pytest-pep8", "package_name": "pytest-pep8", "resolved_versions": [{"index": "https://pypi.org/simple", "versions": ["1.0.6"]}], "specifier": ">=1.0.6"}, {"extra": ["tests"], "extras": [], "marker": "extra == \"tests\"", "marker_evaluated": "python_version >= \"0.0\"", "marker_evaluation_error": null, "marker_evaluation_result": true, "normalized_package_name": "pytest", "package_name": "pytest", "resolved_versions": [{"index": "https://pypi.org/simple", "versions": ["3.10.0", "3.10.1", "3.8.1", "3.8.2", "3.9.1", "3.9.2", "3.9.3"]}], "specifier": "<4,>=3.8.1"}], "importlib_metadata": {"entry_points": [{"group": "invenio_base.api_apps", "name": "invenio_search", "value": "invenio_search:InvenioSearch"}, {"group": "invenio_base.apps", "name": "invenio_search", "value": "invenio_search:InvenioSearch"}], "files": [{"hash": {"mode": "sha256", "value": "702IhuBXOvIi8rMg6jmQl4PSgIWfEdsT1P2iwzjeBV0"}, "path": "invenio_search-1.3.0.dist-info/AUTHORS.rst", "size": 605}, {"hash": {"mode": "sha256", "value": "zuuue4knoyJ-UwPPXg8fezS7VCrXJQrAP7zeNuwvFQg"}, "path": "invenio_search-1.3.0.dist-info/INSTALLER", "size": 4}, {"hash": {"mode": "sha256", "value": "7NdusrwW2CBXoBZXOYFnEKLE736o9LpcXGBRdwj0lQg"}, "path": "invenio_search-1.3.0.dist-info/LICENSE", "size": 1067}, {"hash": {"mode": "sha256", "value": "Ya7t1DvGQ9L-KapDI85OmnlbxPa-1j1FufBheUIORDA"}, "path": "invenio_search-1.3.0.dist-info/METADATA", "size": 6414}, {"hash": null, "path": "invenio_search-1.3.0.dist-info/RECORD", "size": null}, {"hash": {"mode": "sha256", "value": "kGT74LWyRUZrL4VgLh6_g12IeVl_9u9ZVhadrgXZUEY"}, "path": "invenio_search-1.3.0.dist-info/WHEEL", "size": 110}, {"hash": {"mode": "sha256", "value": "9aUbcdPE14gdV8MibhNL6vvt2pJH5gT7MvmFfeeJeo4"}, "path": "invenio_search-1.3.0.dist-info/entry_points.txt", "size": 138}, {"hash": {"mode": "sha256", "value": "6R-iExBRlGif-pOS-Cz_600BaElvGV5dslgoUQSnbXw"}, "path": "invenio_search-1.3.0.dist-info/top_level.txt", "size": 15}, {"hash": {"mode": "sha256", "value": "57YSIw6jVKvE9NLQowDKG78ETRkFbPtwKglRg4tQWsQ"}, "path": "invenio_search/__init__.py", "size": 13211}, {"hash": null, "path": "invenio_search/__pycache__/__init__.cpython-37.pyc", "size": null}, {"hash": null, "path": "invenio_search/__pycache__/api.cpython-37.pyc", "size": null}, {"hash": null, "path": "invenio_search/__pycache__/cli.cpython-37.pyc", "size": null}, {"hash": null, "path": "invenio_search/__pycache__/config.cpython-37.pyc", "size": null}, {"hash": null, "path": "invenio_search/__pycache__/errors.cpython-37.pyc", "size": null}, {"hash": null, "path": "invenio_search/__pycache__/ext.cpython-37.pyc", "size": null}, {"hash": null, "path": "invenio_search/__pycache__/proxies.cpython-37.pyc", "size": null}, {"hash": null, "path": "invenio_search/__pycache__/utils.cpython-37.pyc", "size": null}, {"hash": null, "path": "invenio_search/__pycache__/version.cpython-37.pyc", "size": null}, {"hash": {"mode": "sha256", "value": "aX6xRfyMNy60n2nNNrCAQWgOg7ewQbg3x95hLY_AgEM"}, "path": "invenio_search/api.py", "size": 8443}, {"hash": {"mode": "sha256", "value": "tnx_cREL_YDDPRWIHVqHZg9cNVsRKKN0D1Qs0-c7KK0"}, "path": "invenio_search/cli.py", "size": 6549}, {"hash": {"mode": "sha256", "value": "ukFvKUKoEnPZGvYdEIvgnO5QWpWyHFKTmEDcmA8xVaU"}, "path": "invenio_search/config.py", "size": 3755}, {"hash": {"mode": "sha256", "value": "17P_lMecRehb5ErOS67VvyCN2Ni0lFqJiO9T0fVS_jw"}, "path": "invenio_search/errors.py", "size": 381}, {"hash": {"mode": "sha256", "value": "WVnhuyTW2kpLA1QIf8XVZXg-HJqSJnIC8gkNEEtMYbY"}, "path": "invenio_search/ext.py", "size": 18678}, {"hash": {"mode": "sha256", "value": "1l2JRBbozQEuw8ptUHuI52JSq8p2SMFuNIBUv6lCrlw"}, "path": "invenio_search/proxies.py", "size": 733}, {"hash": {"mode": "sha256", "value": "zx8F6tPEe6n_2tyuXLY6_-Fks6H2vHAJVebtgIAAJoc"}, "path": "invenio_search/utils.py", "size": 3492}, {"hash": {"mode": "sha256", "value": "MMQ8f8NKN2izlkBwTqSHI-GyCtNfuYNcB-MqZXXhAdo"}, "path": "invenio_search/version.py", "size": 444}], "metadata": {"Author": "CERN", "Author-email": "info@inveniosoftware.org", "Classifier": ["Environment :: Web Environment", "Intended Audience :: Developers", "License :: OSI Approved :: MIT License", "Operating System :: OS Independent", "Programming Language :: Python", "Topic :: Internet :: WWW/HTTP :: Dynamic Content", "Topic :: Software Development :: Libraries :: Python Modules", "Programming Language :: Python :: 2", "Programming Language :: Python :: 2.7", "Programming Language :: Python :: 3", "Programming Language :: Python :: 3.5", "Programming Language :: Python :: Implementation :: CPython", "Development Status :: 5 - Production/Stable"], "Home-page": "https://github.com/inveniosoftware/invenio-search", "Keywords": "invenio search", "License": "MIT", "Metadata-Version": "2.1", "Name": "invenio-search", "Platform": ["any"], "Provides-Extra": ["all", "docs", "elasticsearch2", "elasticsearch5", "elasticsearch6", "elasticsearch7", "tests"], "Requires-Dist": ["invenio-base (>=1.2.2)", "Sphinx (<1.6,>=1.5.6) ; extra == 'all'", "invenio-accounts (>=1.0.0) ; extra == 'all'", "check-manifest (>=0.35) ; extra == 'all'", "coverage (>=4.0) ; extra == 'all'", "invenio-db[versioning] (>=1.0.0) ; extra == 'all'", "isort (>=4.2.15) ; extra == 'all'", "mock (>=1.3.0) ; extra == 'all'", "pydocstyle (>=1.0.0) ; extra == 'all'", "pytest-cov (>=1.8.0) ; extra == 'all'", "pytest-random-order (>=0.5.4) ; extra == 'all'", "pytest-pep8 (>=1.0.6) ; extra == 'all'", "pytest (<4,>=3.8.1) ; extra == 'all'", "Sphinx (<1.6,>=1.5.6) ; extra == 'docs'", "invenio-accounts (>=1.0.0) ; extra == 'docs'", "elasticsearch (<3.0.0,>=2.0.0) ; extra == 'elasticsearch2'", "elasticsearch-dsl (<3.0.0,>=2.0.0) ; extra == 'elasticsearch2'", "elasticsearch (<6.0.0,>=5.0.0) ; extra == 'elasticsearch5'", "elasticsearch-dsl (<6.0.0,>=5.1.0) ; extra == 'elasticsearch5'", "elasticsearch (<7.0.0,>=6.0.0) ; extra == 'elasticsearch6'", "elasticsearch-dsl (<6.2.0,>=6.0.0) ; extra == 'elasticsearch6'", "elasticsearch (<8.0.0,>=7.0.0) ; extra == 'elasticsearch7'", "elasticsearch-dsl (<8.0.0,>=7.0.0) ; extra == 'elasticsearch7'", "check-manifest (>=0.35) ; extra == 'tests'", "coverage (>=4.0) ; extra == 'tests'", "invenio-db[versioning] (>=1.0.0) ; extra == 'tests'", "isort (>=4.2.15) ; extra == 'tests'", "mock (>=1.3.0) ; extra == 'tests'", "pydocstyle (>=1.0.0) ; extra == 'tests'", "pytest-cov (>=1.8.0) ; extra == 'tests'", "pytest-random-order (>=0.5.4) ; extra == 'tests'", "pytest-pep8 (>=1.0.6) ; extra == 'tests'", "pytest (<4,>=3.8.1) ; extra == 'tests'"], "Summary": "Invenio module for information retrieval.", "Version": "1.3.0"}, "requires": ["invenio-base (>=1.2.2)", "Sphinx (<1.6,>=1.5.6) ; extra == 'all'", "invenio-accounts (>=1.0.0) ; extra == 'all'", "check-manifest (>=0.35) ; extra == 'all'", "coverage (>=4.0) ; extra == 'all'", "invenio-db[versioning] (>=1.0.0) ; extra == 'all'", "isort (>=4.2.15) ; extra == 'all'", "mock (>=1.3.0) ; extra == 'all'", "pydocstyle (>=1.0.0) ; extra == 'all'", "pytest-cov (>=1.8.0) ; extra == 'all'", "pytest-random-order (>=0.5.4) ; extra == 'all'", "pytest-pep8 (>=1.0.6) ; extra == 'all'", "pytest (<4,>=3.8.1) ; extra == 'all'", "Sphinx (<1.6,>=1.5.6) ; extra == 'docs'", "invenio-accounts (>=1.0.0) ; extra == 'docs'", "elasticsearch (<3.0.0,>=2.0.0) ; extra == 'elasticsearch2'", "elasticsearch-dsl (<3.0.0,>=2.0.0) ; extra == 'elasticsearch2'", "elasticsearch (<6.0.0,>=5.0.0) ; extra == 'elasticsearch5'", "elasticsearch-dsl (<6.0.0,>=5.1.0) ; extra == 'elasticsearch5'", "elasticsearch (<7.0.0,>=6.0.0) ; extra == 'elasticsearch6'", "elasticsearch-dsl (<6.2.0,>=6.0.0) ; extra == 'elasticsearch6'", "elasticsearch (<8.0.0,>=7.0.0) ; extra == 'elasticsearch7'", "elasticsearch-dsl (<8.0.0,>=7.0.0) ; extra == 'elasticsearch7'", "check-manifest (>=0.35) ; extra == 'tests'", "coverage (>=4.0) ; extra == 'tests'", "invenio-db[versioning] (>=1.0.0) ; extra == 'tests'", "isort (>=4.2.15) ; extra == 'tests'", "mock (>=1.3.0) ; extra == 'tests'", "pydocstyle (>=1.0.0) ; extra == 'tests'", "pytest-cov (>=1.8.0) ; extra == 'tests'", "pytest-random-order (>=0.5.4) ; extra == 'tests'", "pytest-pep8 (>=1.0.6) ; extra == 'tests'", "pytest (<4,>=3.8.1) ; extra == 'tests'"], "version": "1.3.0"}, "index_url": "https://pypi.org/simple", "package_name": "invenio-search", "package_version": "1.3.0", "package_version_requested": "1.3.0", "sha256": ["e5306df68531e3f6a427085fdcd1dafd26d2336bbe397cd36dcd7ca2b3fd7d32", "62fc9b51ea9acfac518f17f81bb685dc910b29a06ba7778d282184191034b992"]}], "unparsed": [], "unresolved": []}}