{"metadata": {"analyzer": "thoth-solver", "analyzer_version": "1.4.1", "arguments": {"python": {"exclude_packages": null, "index": "https://pypi.org/simple", "no_pretty": false, "no_transitive": true, "output": "http://result-api/api/v1/solver-result", "requirements": "django-webtest==1.4.2", "virtualenv": "/home/solver/venv"}, "thoth-solver": {"verbose": false}}, "datetime": "2019-12-26T16:41:23.745951", "distribution": {"codename": "", "id": "fedora", "like": "", "version": "31", "version_parts": {"build_number": "", "major": "31", "minor": ""}}, "document_id": "solver-fedora-31-py37-04c02348", "duration": 2, "hostname": "solver-fedora-31-py37-04c02348-c8cnj", "os_release": {"id": "fedora", "name": "Fedora", "platform_id": "platform:f31", "redhat_bugzilla_product": "Fedora", "redhat_bugzilla_product_version": "31", "redhat_support_product": "Fedora", "redhat_support_product_version": "31", "variant_id": "container", "version": "31 (Container Image)", "version_id": "31"}, "python": {"api_version": 1013, "implementation_name": "cpython", "major": 3, "micro": 5, "minor": 7, "releaselevel": "final", "serial": 0}, "thoth_deployment_name": "thoth-psi-stage", "timestamp": 1577378483}, "result": {"environment": {"implementation_name": "cpython", "implementation_version": "3.7.5", "os_name": "posix", "platform_machine": "x86_64", "platform_python_implementation": "CPython", "platform_release": "3.10.0-957.21.2.el7.x86_64", "platform_system": "Linux", "platform_version": "#1 SMP Tue May 28 09:26:43 UTC 2019", "python_full_version": "3.7.5", "python_version": "3.7", "sys_platform": "linux"}, "environment_packages": [{"package_name": "pipdeptree", "package_version": "0.13.2"}], "errors": [], "tree": [{"dependencies": [], "importlib_metadata": {"entry_points": [], "files": [{"hash": {"mode": "sha256", "value": "P64KjOxVfGkVQei9wdT4b4YjXPhRd3C6xwuUd9G3JdA"}, "path": "django_webtest-1.4.2.dist-info/AUTHORS.txt", "size": 157}, {"hash": {"mode": "sha256", "value": "zuuue4knoyJ-UwPPXg8fezS7VCrXJQrAP7zeNuwvFQg"}, "path": "django_webtest-1.4.2.dist-info/INSTALLER", "size": 4}, {"hash": {"mode": "sha256", "value": "ejjLRG_7H2VC1x-DaBfoE5Hg1IFwvNdsWHSYypkLsrI"}, "path": "django_webtest-1.4.2.dist-info/LICENSE.txt", "size": 1064}, {"hash": {"mode": "sha256", "value": "z-ZY85xAxHJn5QuJGrYgILPx0Xcav5teoNWRL39JLgk"}, "path": "django_webtest-1.4.2.dist-info/METADATA", "size": 7696}, {"hash": null, "path": "django_webtest-1.4.2.dist-info/RECORD", "size": null}, {"hash": {"mode": "sha256", "value": "wYBY2EO50FhAcckpWmO3c3Zwk2MALACx6lPAl6gVKnE"}, "path": "django_webtest-1.4.2.dist-info/WHEEL", "size": 93}, {"hash": {"mode": "sha256", "value": "Hc8az2RzBXQOpsz6LA6m97825CVbYZbKL8vd4TEpPRg"}, "path": "django_webtest-1.4.2.dist-info/top_level.txt", "size": 15}, {"hash": {"mode": "sha256", "value": "fIPu7a3j7u4uVbKhEeZhtw79kwCYT3ZW1e1p0gMZMJs"}, "path": "django_webtest/__init__.py", "size": 5646}, {"hash": null, "path": "django_webtest/__pycache__/__init__.cpython-37.pyc", "size": null}, {"hash": null, "path": "django_webtest/__pycache__/backends.cpython-37.pyc", "size": null}, {"hash": null, "path": "django_webtest/__pycache__/middleware.cpython-37.pyc", "size": null}, {"hash": null, "path": "django_webtest/__pycache__/response.cpython-37.pyc", "size": null}, {"hash": {"mode": "sha256", "value": "TczDWeKtcElRBlyWE7tDA3HfRP5dQPg_MizQm6jBTO4"}, "path": "django_webtest/backends.py", "size": 293}, {"hash": {"mode": "sha256", "value": "Dt-qcrZgWAqpzUvhyhx944jnfypgICnWizcVlTrIFto"}, "path": "django_webtest/middleware.py", "size": 3235}, {"hash": {"mode": "sha256", "value": "YaOpKbpx-coxQs1hx-CCo8uMW_nZNloZU9oGF4QD8zI"}, "path": "django_webtest/response.py", "size": 1116}], "metadata": {"(http": "//pythonpaste.org/webtest/) with django's testing framework.", "Author": "Mikhail Korobov", "Author-email": "kmike84@gmail.com", "Classifier": ["Development Status :: 5 - Production/Stable", "Environment :: Web Environment", "Framework :: Django", "Intended Audience :: Developers", "License :: OSI Approved :: MIT License", "Programming Language :: Python", "Programming Language :: Python :: 2.5", "Programming Language :: Python :: 2.6", "Programming Language :: Python :: 2.7", "Topic :: Software Development :: Libraries :: Python Modules", "Topic :: Software Development :: Testing"], "Download-URL": "http://bitbucket.org/kmike/django-webtest/get/tip.zip", "Home-page": "http://bitbucket.org/kmike/django-webtest/", "License": "MIT license", "Metadata-Version": "2.1", "Name": "django-webtest", "Platform": ["UNKNOWN"], "Requires": "webtest", "Summary": "Instant integration of Ian Bicking's WebTest", "Version": "1.4.2"}, "requires": null, "version": "1.4.2"}, "index_url": "https://pypi.org/simple", "package_name": "django-webtest", "package_version": "1.4.2", "package_version_requested": "1.4.2", "sha256": ["d0236cd3e88a0d081932742dc55534e916400bfc61dc5c6b84d0968758cd870e"]}], "unparsed": [], "unresolved": []}}