{"metadata": {"analyzer": "thoth-solver", "analyzer_version": "1.4.1", "arguments": {"python": {"exclude_packages": null, "index": "https://pypi.org/simple", "no_pretty": false, "no_transitive": true, "output": "http://result-api/api/v1/solver-result", "requirements": "vca-cli==10rc8", "virtualenv": "/home/solver/venv"}, "thoth-solver": {"verbose": false}}, "datetime": "2019-12-26T16:40:01.928602", "distribution": {"codename": "", "id": "fedora", "like": "", "version": "31", "version_parts": {"build_number": "", "major": "31", "minor": ""}}, "document_id": "solver-fedora-31-py37-04460841", "duration": 3, "hostname": "solver-fedora-31-py37-04460841-58xtd", "os_release": {"id": "fedora", "name": "Fedora", "platform_id": "platform:f31", "redhat_bugzilla_product": "Fedora", "redhat_bugzilla_product_version": "31", "redhat_support_product": "Fedora", "redhat_support_product_version": "31", "variant_id": "container", "version": "31 (Container Image)", "version_id": "31"}, "python": {"api_version": 1013, "implementation_name": "cpython", "major": 3, "micro": 5, "minor": 7, "releaselevel": "final", "serial": 0}, "thoth_deployment_name": "thoth-psi-stage", "timestamp": 1577378401}, "result": {"environment": {"implementation_name": "cpython", "implementation_version": "3.7.5", "os_name": "posix", "platform_machine": "x86_64", "platform_python_implementation": "CPython", "platform_release": "3.10.0-957.21.2.el7.x86_64", "platform_system": "Linux", "platform_version": "#1 SMP Tue May 28 09:26:43 UTC 2019", "python_full_version": "3.7.5", "python_version": "3.7", "sys_platform": "linux"}, "environment_packages": [{"package_name": "pipdeptree", "package_version": "0.13.2"}], "errors": [], "tree": [{"dependencies": [{"extra": [], "extras": [], "marker": null, "marker_evaluated": null, "marker_evaluation_error": null, "marker_evaluation_result": true, "normalized_package_name": "click", "package_name": "click", "resolved_versions": [{"index": "https://pypi.org/simple", "versions": ["0.1", "0.2", "0.3", "0.4", "0.5", "0.5.1", "0.6", "0.7", "1.0", "1.1", "2.0", "2.1", "2.2", "2.3", "2.4", "2.5", "2.6", "3.0", "3.1", "3.2", "3.3", "4.0", "4.1", "5.0", "5.1", "6.0", "6.1", "6.2", "6.3", "6.4", "6.5", "6.6", "6.7", "7.0"]}], "specifier": null}, {"extra": [], "extras": [], "marker": null, "marker_evaluated": null, "marker_evaluation_error": null, "marker_evaluation_result": true, "normalized_package_name": "colorama", "package_name": "colorama", "resolved_versions": [{"index": "https://pypi.org/simple", "versions": ["0.1", "0.1.1", "0.1.10", "0.1.11", "0.1.12", "0.1.13", "0.1.14", "0.1.15", "0.1.16", "0.1.17", "0.1.18", "0.1.2", "0.1.3", "0.1.4", "0.1.5", "0.1.6", "0.1.7", "0.1.8", "0.1.9", "0.2.0", "0.2.1", "0.2.2", "0.2.3", "0.2.4", "0.2.5", "0.2.6", "0.2.7", "0.3.0", "0.3.1", "0.3.2", "0.3.3", "0.3.4", "0.3.5", "0.3.6", "0.3.7", "0.3.8", "0.3.9", "0.4.0", "0.4.1", "0.4.2", "0.4.3"]}], "specifier": null}, {"extra": [], "extras": [], "marker": null, "marker_evaluated": null, "marker_evaluation_error": null, "marker_evaluation_result": true, "normalized_package_name": "cryptography", "package_name": "cryptography", "resolved_versions": [{"index": "https://pypi.org/simple", "versions": ["0.1", "0.2", "0.2.1", "0.2.2", "0.3", "0.4", "0.5", "0.5.1", "0.5.2", "0.5.3", "0.5.4", "0.6", "0.6.1", "0.7", "0.7.1", "0.7.2", "0.8", "0.8.1", "0.8.2", "0.9", "0.9.1", "0.9.2", "0.9.3", "1.0", "1.0.1", "1.0.2", "1.1", "1.1.1", "1.1.2", "1.2", "1.2.1", "1.2.2", "1.2.3", "1.3", "1.3.1", "1.3.2", "1.3.3", "1.3.4", "1.4", "1.5", "1.5.1", "1.5.2", "1.5.3", "1.6", "1.7", "1.7.1", "1.7.2", "1.8", "1.8.1", "1.8.2", "1.9", "2.0", "2.0.1", "2.0.2", "2.0.3", "2.1", "2.1.1", "2.1.2", "2.1.3", "2.1.4", "2.2", "2.2.1", "2.2.2", "2.3", "2.3.1", "2.4", "2.4.1", "2.4.2", "2.5", "2.6", "2.6.1", "2.7", "2.8"]}], "specifier": null}, {"extra": [], "extras": [], "marker": null, "marker_evaluated": null, "marker_evaluation_error": null, "marker_evaluation_result": true, "normalized_package_name": "pyvcloud", "package_name": "pyvcloud", "resolved_versions": [{"index": "https://pypi.org/simple", "versions": ["12c4"]}], "specifier": "==12rc4"}], "importlib_metadata": {"entry_points": [{"group": "console_scripts", "name": "vca", "value": "vca_cli.vca_cli:cli"}], "files": [{"hash": {"mode": "sha256", "value": "Ry8qsqB_xUt2dLX0Hwui6o_wMVmfz1GjsFvbOhYyfjo"}, "path": "../../../bin/vca", "size": 225}, {"hash": {"mode": "sha256", "value": "zuuue4knoyJ-UwPPXg8fezS7VCrXJQrAP7zeNuwvFQg"}, "path": "vca_cli-10rc8.dist-info/INSTALLER", "size": 4}, {"hash": {"mode": "sha256", "value": "Py9FtrKYwTtuJmYkhP3tfhgcGFVHOtZtDA7tfbtE42A"}, "path": "vca_cli-10rc8.dist-info/METADATA", "size": 1425}, {"hash": null, "path": "vca_cli-10rc8.dist-info/RECORD", "size": null}, {"hash": {"mode": "sha256", "value": "wYBY2EO50FhAcckpWmO3c3Zwk2MALACx6lPAl6gVKnE"}, "path": "vca_cli-10rc8.dist-info/WHEEL", "size": 93}, {"hash": {"mode": "sha256", "value": "bk6fxV01RfhkpKxJLp1HhCufdvUSSXASrutrrj62UVw"}, "path": "vca_cli-10rc8.dist-info/entry_points.txt", "size": 63}, {"hash": {"mode": "sha256", "value": "oi-jAKSFChOaEQ26dCzW3D1QWOoizfXE0QoGl5imFyI"}, "path": "vca_cli-10rc8.dist-info/top_level.txt", "size": 8}, {"hash": {"mode": "sha256", "value": "AbpHGcgLb-kRsJGnwFEktk7uzpZOCcBY74-YBdrKVGs"}, "path": "vca_cli-10rc8.dist-info/zip-safe", "size": 1}, {"hash": {"mode": "sha256", "value": "47DEQpj8HBSa-_TImW-5JCeuQeRkm5NMpJWZG3hSuFU"}, "path": "vca_cli/__init__.py", "size": 0}, {"hash": null, "path": "vca_cli/__pycache__/__init__.cpython-37.pyc", "size": null}, {"hash": {"mode": "sha256", "value": "YZw9dUxKOti-YCPH0B9c5vq-hdd7_Rne2GNBwZX3BSs"}, "path": "vca_cli/vca_cli.py", "size": 94263}], "metadata": {"Author": "VMware, Inc.", "Author-email": "pgomez@vmware.com", "Classifier": ["Development Status :: 1 - Planning", "License :: OSI Approved :: Apache Software License", "Intended Audience :: Information Technology", "Intended Audience :: System Administrators", "Intended Audience :: Developers", "Environment :: Console", "Programming Language :: Python :: 2", "Programming Language :: Python :: 2.6", "Programming Language :: Python :: 2.7", "Programming Language :: Python :: 3", "Programming Language :: Python :: 3.2", "Programming Language :: Python :: 3.3", "Programming Language :: Python :: 3.4", "Topic :: Software Development :: Libraries :: Python Modules", "Topic :: System :: Distributed Computing", "Operating System :: Microsoft :: Windows", "Operating System :: POSIX", "Operating System :: Unix", "Operating System :: MacOS"], "Home-page": "https://github.com/vmware/vca-cli", "Keywords": "pyvcloud vcloud vcloudair vmware cli", "License": "License :: OSI Approved :: Apache Software License", "Metadata-Version": "2.1", "Name": "vca-cli", "Platform": ["Windows", "Linux", "Solaris", "Mac OS-X", "Unix"], "Requires-Dist": ["click", "colorama", "cryptography", "pyvcloud (==12rc4)"], "Summary": "VMware vCloud CLI", "Version": "10rc8"}, "requires": ["click", "colorama", "cryptography", "pyvcloud (==12rc4)"], "version": "10rc8"}, "index_url": "https://pypi.org/simple", "package_name": "vca-cli", "package_version": "10rc8", "package_version_requested": "10rc8", "sha256": ["05c38f6e75db506c486e4f6b782b75bc568bdb83e12b39e3c06759f5938f6414"]}], "unparsed": [], "unresolved": []}}