{"metadata": {"analyzer": "thoth-solver", "analyzer_version": "1.4.1", "arguments": {"python": {"exclude_packages": null, "index": "https://pypi.org/simple", "no_pretty": false, "no_transitive": true, "output": "http://result-api/api/v1/solver-result", "requirements": "invenio-records==1.0.0a11", "virtualenv": "/home/solver/venv"}, "thoth-solver": {"verbose": false}}, "datetime": "2019-12-26T16:38:12.941106", "distribution": {"codename": "", "id": "fedora", "like": "", "version": "31", "version_parts": {"build_number": "", "major": "31", "minor": ""}}, "document_id": "solver-fedora-31-py37-03966461", "duration": 5, "hostname": "solver-fedora-31-py37-03966461-hvpbq", "os_release": {"id": "fedora", "name": "Fedora", "platform_id": "platform:f31", "redhat_bugzilla_product": "Fedora", "redhat_bugzilla_product_version": "31", "redhat_support_product": "Fedora", "redhat_support_product_version": "31", "variant_id": "container", "version": "31 (Container Image)", "version_id": "31"}, "python": {"api_version": 1013, "implementation_name": "cpython", "major": 3, "micro": 5, "minor": 7, "releaselevel": "final", "serial": 0}, "thoth_deployment_name": "thoth-psi-stage", "timestamp": 1577378292}, "result": {"environment": {"implementation_name": "cpython", "implementation_version": "3.7.5", "os_name": "posix", "platform_machine": "x86_64", "platform_python_implementation": "CPython", "platform_release": "3.10.0-957.21.2.el7.x86_64", "platform_system": "Linux", "platform_version": "#1 SMP Tue May 28 09:26:43 UTC 2019", "python_full_version": "3.7.5", "python_version": "3.7", "sys_platform": "linux"}, "environment_packages": [{"package_name": "pipdeptree", "package_version": "0.13.2"}], "errors": [], "tree": [{"dependencies": [{"extra": [], "extras": [], "marker": null, "marker_evaluated": null, "marker_evaluation_error": null, "marker_evaluation_result": true, "normalized_package_name": "blinker", "package_name": "blinker", "resolved_versions": [{"index": "https://pypi.org/simple", "versions": ["1.4"]}], "specifier": ">=1.4"}, {"extra": [], "extras": [], "marker": null, "marker_evaluated": null, "marker_evaluation_error": null, "marker_evaluation_result": true, "normalized_package_name": "flask-celeryext", "package_name": "flask-celeryext", "resolved_versions": [{"index": "https://pypi.org/simple", "versions": ["0.1.0", "0.2.0", "0.2.1", "0.2.2", "0.3.0", "0.3.1", "0.3.2"]}], "specifier": ">=0.1.0"}, {"extra": [], "extras": [], "marker": null, "marker_evaluated": null, "marker_evaluation_error": null, "marker_evaluation_result": true, "normalized_package_name": "jsonpatch", "package_name": "jsonpatch", "resolved_versions": [{"index": "https://pypi.org/simple", "versions": ["1.11", "1.12", "1.13", "1.14", "1.15", "1.16", "1.20", "1.21", "1.22", "1.23", "1.24"]}], "specifier": ">=1.11"}, {"extra": [], "extras": [], "marker": null, "marker_evaluated": null, "marker_evaluation_error": null, "marker_evaluation_result": true, "normalized_package_name": "jsonresolver", "package_name": "jsonresolver", "resolved_versions": [{"index": "https://pypi.org/simple", "versions": ["0.1.0", "0.1.1", "0.2.0", "0.2.1"]}], "specifier": ">=0.1.0"}, {"extra": [], "extras": [], "marker": null, "marker_evaluated": null, "marker_evaluation_error": null, "marker_evaluation_result": true, "normalized_package_name": "jsonref", "package_name": "jsonref", "resolved_versions": [{"index": "https://pypi.org/simple", "versions": ["0.1", "0.2"]}], "specifier": ">=0.1"}, {"extra": [], "extras": [], "marker": null, "marker_evaluated": null, "marker_evaluation_error": null, "marker_evaluation_result": true, "normalized_package_name": "jsonschema", "package_name": "jsonschema", "resolved_versions": [{"index": "https://pypi.org/simple", "versions": ["2.5.1", "2.6.0", "3.0.0", "3.0.1", "3.0.2", "3.1.0", "3.1.1", "3.2.0"]}], "specifier": ">=2.5.1"}, {"extra": [], "extras": [], "marker": null, "marker_evaluated": null, "marker_evaluation_error": null, "marker_evaluation_result": true, "normalized_package_name": "sqlalchemy-utils", "package_name": "sqlalchemy-utils", "resolved_versions": [{"index": "https://pypi.org/simple", "versions": ["0.31.0", "0.31.1", "0.31.2", "0.31.3", "0.31.4", "0.31.5", "0.31.6", "0.32.0", "0.32.1", "0.32.11", "0.32.12", "0.32.13", "0.32.14", "0.32.15", "0.32.16", "0.32.17", "0.32.18", "0.32.19", "0.32.2", "0.32.21", "0.32.3", "0.32.4", "0.32.5", "0.32.6", "0.32.7", "0.32.8", "0.32.9", "0.33.0", "0.33.1", "0.33.10", "0.33.11", "0.33.2", "0.33.3", "0.33.4", "0.33.5", "0.33.6", "0.33.8", "0.33.9", "0.34.0", "0.34.1", "0.34.2", "0.35.0", "0.36.0", "0.36.1"]}], "specifier": ">=0.31.0"}, {"extra": ["access"], "extras": [], "marker": "extra == \"access\"", "marker_evaluated": "python_version >= \"0.0\"", "marker_evaluation_error": null, "marker_evaluation_result": true, "normalized_package_name": "invenio-access", "package_name": "invenio-access", "resolved_versions": [{"index": "https://pypi.org/simple", "versions": ["1.0.0", "1.0.0a1", "1.0.0a10", "1.0.0a11", "1.0.0a12", "1.0.0a2", "1.0.0a3", "1.0.0a4", "1.0.0a5", "1.0.0a6", "1.0.0a7", "1.0.0a8", "1.0.0a9", "1.0.0b1", "1.0.1", "1.0.2", "1.1.0", "1.2.0", "1.3.0"]}], "specifier": ">=1.0.0a1"}, {"extra": ["admin"], "extras": [], "marker": "extra == \"admin\"", "marker_evaluated": "python_version >= \"0.0\"", "marker_evaluation_error": null, "marker_evaluation_result": true, "normalized_package_name": "flask-admin", "package_name": "Flask-Admin", "resolved_versions": [{"index": "https://pypi.org/simple", "versions": ["1.3.0", "1.4.0", "1.4.1", "1.4.2", "1.5.0", "1.5.1", "1.5.2", "1.5.3", "1.5.4"]}], "specifier": ">=1.3.0"}, {"extra": ["all"], "extras": [], "marker": "extra == \"all\"", "marker_evaluated": "python_version >= \"0.0\"", "marker_evaluation_error": null, "marker_evaluation_result": true, "normalized_package_name": "invenio-access", "package_name": "invenio-access", "resolved_versions": [{"index": "https://pypi.org/simple", "versions": ["1.0.0", "1.0.0a1", "1.0.0a10", "1.0.0a11", "1.0.0a12", "1.0.0a2", "1.0.0a3", "1.0.0a4", "1.0.0a5", "1.0.0a6", "1.0.0a7", "1.0.0a8", "1.0.0a9", "1.0.0b1", "1.0.1", "1.0.2", "1.1.0", "1.2.0", "1.3.0"]}], "specifier": ">=1.0.0a1"}, {"extra": ["all"], "extras": [], "marker": "extra == \"all\"", "marker_evaluated": "python_version >= \"0.0\"", "marker_evaluation_error": null, "marker_evaluation_result": true, "normalized_package_name": "invenio-access", "package_name": "invenio-access", "resolved_versions": [{"index": "https://pypi.org/simple", "versions": ["1.0.0", "1.0.0a1", "1.0.0a10", "1.0.0a11", "1.0.0a12", "1.0.0a2", "1.0.0a3", "1.0.0a4", "1.0.0a5", "1.0.0a6", "1.0.0a7", "1.0.0a8", "1.0.0a9", "1.0.0b1", "1.0.1", "1.0.2", "1.1.0", "1.2.0", "1.3.0"]}], "specifier": ">=1.0.0a1"}, {"extra": ["all"], "extras": [], "marker": "extra == \"all\"", "marker_evaluated": "python_version >= \"0.0\"", "marker_evaluation_error": null, "marker_evaluation_result": true, "normalized_package_name": "flask-admin", "package_name": "Flask-Admin", "resolved_versions": [{"index": "https://pypi.org/simple", "versions": ["1.3.0", "1.4.0", "1.4.1", "1.4.2", "1.5.0", "1.5.1", "1.5.2", "1.5.3", "1.5.4"]}], "specifier": ">=1.3.0"}, {"extra": ["all"], "extras": [], "marker": "extra == \"all\"", "marker_evaluated": "python_version >= \"0.0\"", "marker_evaluation_error": null, "marker_evaluation_result": true, "normalized_package_name": "sphinx", "package_name": "Sphinx", "resolved_versions": [{"index": "https://pypi.org/simple", "versions": ["1.3", "1.3.1", "1.3.2", "1.3.3", "1.3.4", "1.3.5", "1.3.6", "1.4", "1.4.1", "1.4.2", "1.4.3", "1.4.4", "1.4.5", "1.4.6", "1.4.7", "1.4.8", "1.4.9", "1.5", "1.5.1", "1.5.2", "1.5.3", "1.5.4", "1.5.5", "1.5.6", "1.6.1", "1.6.2", "1.6.3", "1.6.4", "1.6.5", "1.6.6", "1.6.7", "1.7.0", "1.7.1", "1.7.2", "1.7.3", "1.7.4", "1.7.5", "1.7.6", "1.7.7", "1.7.8", "1.7.9", "1.8.0", "1.8.1", "1.8.2", "1.8.3", "1.8.4", "1.8.5", "2.0.0", "2.0.1", "2.1.0", "2.1.1", "2.1.2", "2.2.0", "2.2.1", "2.2.2", "2.3.0", "2.3.1"]}], "specifier": ">=1.3"}, {"extra": ["all"], "extras": [], "marker": "extra == \"all\"", "marker_evaluated": "python_version >= \"0.0\"", "marker_evaluation_error": null, "marker_evaluation_result": true, "normalized_package_name": "invenio-pidstore", "package_name": "invenio-pidstore", "resolved_versions": [{"index": "https://pypi.org/simple", "versions": ["1.0.0", "1.0.0a7", "1.0.0a8", "1.0.0a9", "1.0.0b1", "1.0.0b2", "1.1.0"]}], "specifier": ">=1.0.0a7"}, {"extra": ["all"], "extras": [], "marker": "extra == \"all\"", "marker_evaluated": "python_version >= \"0.0\"", "marker_evaluation_error": null, "marker_evaluation_result": true, "normalized_package_name": "check-manifest", "package_name": "check-manifest", "resolved_versions": [{"index": "https://pypi.org/simple", "versions": ["0.25", "0.26", "0.27", "0.28", "0.29", "0.30", "0.31", "0.32", "0.33", "0.34", "0.35", "0.36", "0.37", "0.38", "0.39", "0.40"]}], "specifier": ">=0.25"}, {"extra": ["all"], "extras": [], "marker": "extra == \"all\"", "marker_evaluated": "python_version >= \"0.0\"", "marker_evaluation_error": null, "marker_evaluation_result": true, "normalized_package_name": "coverage", "package_name": "coverage", "resolved_versions": [{"index": "https://pypi.org/simple", "versions": ["4.0", "4.0.1", "4.0.2", "4.0.3", "4.1", "4.2", "4.3", "4.3.1", "4.3.2", "4.3.3", "4.3.4", "4.4", "4.4.1", "4.4.2", "4.5", "4.5.1", "4.5.2", "4.5.3", "4.5.4", "5.0", "5.0.1"]}], "specifier": ">=4.0"}, {"extra": ["all"], "extras": [], "marker": "extra == \"all\"", "marker_evaluated": "python_version >= \"0.0\"", "marker_evaluation_error": null, "marker_evaluation_result": true, "normalized_package_name": "isort", "package_name": "isort", "resolved_versions": [{"index": "https://pypi.org/simple", "versions": ["4.2.11", "4.2.12", "4.2.13", "4.2.14", "4.2.15", "4.2.2", "4.2.3", "4.2.4", "4.2.5", "4.2.8", "4.2.9", "4.3.0", "4.3.1", "4.3.10", "4.3.11", "4.3.12", "4.3.13", "4.3.14", "4.3.15", "4.3.16", "4.3.17", "4.3.18", "4.3.19", "4.3.2", "4.3.20", "4.3.21", "4.3.3", "4.3.4", "4.3.5", "4.3.6", "4.3.7", "4.3.8", "4.3.9"]}], "specifier": ">=4.2.2"}, {"extra": ["all"], "extras": [], "marker": "extra == \"all\"", "marker_evaluated": "python_version >= \"0.0\"", "marker_evaluation_error": null, "marker_evaluation_result": true, "normalized_package_name": "mock", "package_name": "mock", "resolved_versions": [{"index": "https://pypi.org/simple", "versions": ["1.0.0", "1.0.1", "1.1.0", "1.1.1", "1.1.2", "1.1.3", "1.1.4", "1.2.0", "1.3.0", "2.0.0", "3.0.0", "3.0.1", "3.0.2", "3.0.3", "3.0.4", "3.0.5"]}], "specifier": ">=1.0.0"}, {"extra": ["all"], "extras": [], "marker": "extra == \"all\"", "marker_evaluated": "python_version >= \"0.0\"", "marker_evaluation_error": null, "marker_evaluation_result": true, "normalized_package_name": "pydocstyle", "package_name": "pydocstyle", "resolved_versions": [{"index": "https://pypi.org/simple", "versions": ["1.0.0", "1.1.0", "1.1.1", "2.0.0", "2.1.0", "2.1.1", "3.0.0", "4.0.0", "4.0.1", "5.0.0", "5.0.1"]}], "specifier": ">=1.0.0"}, {"extra": ["all"], "extras": [], "marker": "extra == \"all\"", "marker_evaluated": "python_version >= \"0.0\"", "marker_evaluation_error": null, "marker_evaluation_result": true, "normalized_package_name": "pytest-cache", "package_name": "pytest-cache", "resolved_versions": [{"index": "https://pypi.org/simple", "versions": ["1.0"]}], "specifier": ">=1.0"}, {"extra": ["all"], "extras": [], "marker": "extra == \"all\"", "marker_evaluated": "python_version >= \"0.0\"", "marker_evaluation_error": null, "marker_evaluation_result": true, "normalized_package_name": "pytest-cov", "package_name": "pytest-cov", "resolved_versions": [{"index": "https://pypi.org/simple", "versions": ["1.8.0", "1.8.1", "2.0.0", "2.1.0", "2.2.0", "2.2.1", "2.3.0", "2.3.1", "2.4.0", "2.5.0", "2.5.1", "2.6.0", "2.6.1", "2.7.0", "2.7.1", "2.8.0", "2.8.1"]}], "specifier": ">=1.8.0"}, {"extra": ["all"], "extras": [], "marker": "extra == \"all\"", "marker_evaluated": "python_version >= \"0.0\"", "marker_evaluation_error": null, "marker_evaluation_result": true, "normalized_package_name": "pytest-pep8", "package_name": "pytest-pep8", "resolved_versions": [{"index": "https://pypi.org/simple", "versions": ["1.0.6"]}], "specifier": ">=1.0.6"}, {"extra": ["all"], "extras": [], "marker": "extra == \"all\"", "marker_evaluated": "python_version >= \"0.0\"", "marker_evaluation_error": null, "marker_evaluation_result": true, "normalized_package_name": "pytest", "package_name": "pytest", "resolved_versions": [{"index": "https://pypi.org/simple", "versions": ["2.8.0", "2.8.1", "2.8.2", "2.8.3", "2.8.4", "2.8.5", "2.8.6", "2.8.7", "2.9.0", "2.9.1", "2.9.2", "3.0.0", "3.0.1", "3.0.2", "3.0.3", "3.0.4", "3.0.5", "3.0.6", "3.0.7", "3.1.0", "3.1.1", "3.1.2", "3.1.3", "3.10.0", "3.10.1", "3.2.0", "3.2.1", "3.2.2", "3.2.3", "3.2.4", "3.2.5", "3.3.0", "3.3.1", "3.3.2", "3.4.0", "3.4.1", "3.4.2", "3.5.0", "3.5.1", "3.6.0", "3.6.1", "3.6.2", "3.6.3", "3.6.4", "3.7.0", "3.7.1", "3.7.2", "3.7.3", "3.7.4", "3.8.0", "3.8.1", "3.8.2", "3.9.1", "3.9.2", "3.9.3", "4.0.0", "4.0.1", "4.0.2", "4.1.0", "4.1.1", "4.2.0", "4.2.1", "4.3.0", "4.3.1", "4.4.0", "4.4.1", "4.4.2", "4.5.0", "4.6.0", "4.6.1", "4.6.2", "4.6.3", "4.6.4", "4.6.5", "4.6.6", "4.6.7", "4.6.8", "5.0.0", "5.0.1", "5.1.0", "5.1.1", "5.1.2", "5.1.3", "5.2.0", "5.2.1", "5.2.2", "5.2.3", "5.2.4", "5.3.0", "5.3.1", "5.3.2"]}], "specifier": ">=2.8.0"}, {"extra": ["docs"], "extras": [], "marker": "extra == \"docs\"", "marker_evaluated": "python_version >= \"0.0\"", "marker_evaluation_error": null, "marker_evaluation_result": true, "normalized_package_name": "sphinx", "package_name": "Sphinx", "resolved_versions": [{"index": "https://pypi.org/simple", "versions": ["1.3", "1.3.1", "1.3.2", "1.3.3", "1.3.4", "1.3.5", "1.3.6", "1.4", "1.4.1", "1.4.2", "1.4.3", "1.4.4", "1.4.5", "1.4.6", "1.4.7", "1.4.8", "1.4.9", "1.5", "1.5.1", "1.5.2", "1.5.3", "1.5.4", "1.5.5", "1.5.6", "1.6.1", "1.6.2", "1.6.3", "1.6.4", "1.6.5", "1.6.6", "1.6.7", "1.7.0", "1.7.1", "1.7.2", "1.7.3", "1.7.4", "1.7.5", "1.7.6", "1.7.7", "1.7.8", "1.7.9", "1.8.0", "1.8.1", "1.8.2", "1.8.3", "1.8.4", "1.8.5", "2.0.0", "2.0.1", "2.1.0", "2.1.1", "2.1.2", "2.2.0", "2.2.1", "2.2.2", "2.3.0", "2.3.1"]}], "specifier": ">=1.3"}, {"extra": ["mysql"], "extras": ["versioning", "mysql"], "marker": "extra == \"mysql\"", "marker_evaluated": "python_version >= \"0.0\"", "marker_evaluation_error": null, "marker_evaluation_result": true, "normalized_package_name": "invenio-db", "package_name": "invenio-db", "resolved_versions": [{"index": "https://pypi.org/simple", "versions": ["1.0.0", "1.0.0a10", "1.0.0a8", "1.0.0a9", "1.0.0b1", "1.0.0b2", "1.0.0b3", "1.0.0b5", "1.0.0b6", "1.0.0b7", "1.0.0b8", "1.0.0b9", "1.0.1", "1.0.2", "1.0.3", "1.0.4"]}], "specifier": ">=1.0.0a8"}, {"extra": ["pidstore"], "extras": [], "marker": "extra == \"pidstore\"", "marker_evaluated": "python_version >= \"0.0\"", "marker_evaluation_error": null, "marker_evaluation_result": true, "normalized_package_name": "invenio-pidstore", "package_name": "invenio-pidstore", "resolved_versions": [{"index": "https://pypi.org/simple", "versions": ["1.0.0", "1.0.0a7", "1.0.0a8", "1.0.0a9", "1.0.0b1", "1.0.0b2", "1.1.0"]}], "specifier": ">=1.0.0a7"}, {"extra": ["postgresql"], "extras": ["postgresql", "versioning"], "marker": "extra == \"postgresql\"", "marker_evaluated": "python_version >= \"0.0\"", "marker_evaluation_error": null, "marker_evaluation_result": true, "normalized_package_name": "invenio-db", "package_name": "invenio-db", "resolved_versions": [{"index": "https://pypi.org/simple", "versions": ["1.0.0", "1.0.0a10", "1.0.0a8", "1.0.0a9", "1.0.0b1", "1.0.0b2", "1.0.0b3", "1.0.0b5", "1.0.0b6", "1.0.0b7", "1.0.0b8", "1.0.0b9", "1.0.1", "1.0.2", "1.0.3", "1.0.4"]}], "specifier": ">=1.0.0a8"}, {"extra": ["sqlite"], "extras": ["versioning"], "marker": "extra == \"sqlite\"", "marker_evaluated": "python_version >= \"0.0\"", "marker_evaluation_error": null, "marker_evaluation_result": true, "normalized_package_name": "invenio-db", "package_name": "invenio-db", "resolved_versions": [{"index": "https://pypi.org/simple", "versions": ["1.0.0", "1.0.0a10", "1.0.0a8", "1.0.0a9", "1.0.0b1", "1.0.0b2", "1.0.0b3", "1.0.0b5", "1.0.0b6", "1.0.0b7", "1.0.0b8", "1.0.0b9", "1.0.1", "1.0.2", "1.0.3", "1.0.4"]}], "specifier": ">=1.0.0a8"}, {"extra": ["tests"], "extras": [], "marker": "extra == \"tests\"", "marker_evaluated": "python_version >= \"0.0\"", "marker_evaluation_error": null, "marker_evaluation_result": true, "normalized_package_name": "check-manifest", "package_name": "check-manifest", "resolved_versions": [{"index": "https://pypi.org/simple", "versions": ["0.25", "0.26", "0.27", "0.28", "0.29", "0.30", "0.31", "0.32", "0.33", "0.34", "0.35", "0.36", "0.37", "0.38", "0.39", "0.40"]}], "specifier": ">=0.25"}, {"extra": ["tests"], "extras": [], "marker": "extra == \"tests\"", "marker_evaluated": "python_version >= \"0.0\"", "marker_evaluation_error": null, "marker_evaluation_result": true, "normalized_package_name": "coverage", "package_name": "coverage", "resolved_versions": [{"index": "https://pypi.org/simple", "versions": ["4.0", "4.0.1", "4.0.2", "4.0.3", "4.1", "4.2", "4.3", "4.3.1", "4.3.2", "4.3.3", "4.3.4", "4.4", "4.4.1", "4.4.2", "4.5", "4.5.1", "4.5.2", "4.5.3", "4.5.4", "5.0", "5.0.1"]}], "specifier": ">=4.0"}, {"extra": ["tests"], "extras": [], "marker": "extra == \"tests\"", "marker_evaluated": "python_version >= \"0.0\"", "marker_evaluation_error": null, "marker_evaluation_result": true, "normalized_package_name": "isort", "package_name": "isort", "resolved_versions": [{"index": "https://pypi.org/simple", "versions": ["4.2.11", "4.2.12", "4.2.13", "4.2.14", "4.2.15", "4.2.2", "4.2.3", "4.2.4", "4.2.5", "4.2.8", "4.2.9", "4.3.0", "4.3.1", "4.3.10", "4.3.11", "4.3.12", "4.3.13", "4.3.14", "4.3.15", "4.3.16", "4.3.17", "4.3.18", "4.3.19", "4.3.2", "4.3.20", "4.3.21", "4.3.3", "4.3.4", "4.3.5", "4.3.6", "4.3.7", "4.3.8", "4.3.9"]}], "specifier": ">=4.2.2"}, {"extra": ["tests"], "extras": [], "marker": "extra == \"tests\"", "marker_evaluated": "python_version >= \"0.0\"", "marker_evaluation_error": null, "marker_evaluation_result": true, "normalized_package_name": "mock", "package_name": "mock", "resolved_versions": [{"index": "https://pypi.org/simple", "versions": ["1.0.0", "1.0.1", "1.1.0", "1.1.1", "1.1.2", "1.1.3", "1.1.4", "1.2.0", "1.3.0", "2.0.0", "3.0.0", "3.0.1", "3.0.2", "3.0.3", "3.0.4", "3.0.5"]}], "specifier": ">=1.0.0"}, {"extra": ["tests"], "extras": [], "marker": "extra == \"tests\"", "marker_evaluated": "python_version >= \"0.0\"", "marker_evaluation_error": null, "marker_evaluation_result": true, "normalized_package_name": "pydocstyle", "package_name": "pydocstyle", "resolved_versions": [{"index": "https://pypi.org/simple", "versions": ["1.0.0", "1.1.0", "1.1.1", "2.0.0", "2.1.0", "2.1.1", "3.0.0", "4.0.0", "4.0.1", "5.0.0", "5.0.1"]}], "specifier": ">=1.0.0"}, {"extra": ["tests"], "extras": [], "marker": "extra == \"tests\"", "marker_evaluated": "python_version >= \"0.0\"", "marker_evaluation_error": null, "marker_evaluation_result": true, "normalized_package_name": "pytest-cache", "package_name": "pytest-cache", "resolved_versions": [{"index": "https://pypi.org/simple", "versions": ["1.0"]}], "specifier": ">=1.0"}, {"extra": ["tests"], "extras": [], "marker": "extra == \"tests\"", "marker_evaluated": "python_version >= \"0.0\"", "marker_evaluation_error": null, "marker_evaluation_result": true, "normalized_package_name": "pytest-cov", "package_name": "pytest-cov", "resolved_versions": [{"index": "https://pypi.org/simple", "versions": ["1.8.0", "1.8.1", "2.0.0", "2.1.0", "2.2.0", "2.2.1", "2.3.0", "2.3.1", "2.4.0", "2.5.0", "2.5.1", "2.6.0", "2.6.1", "2.7.0", "2.7.1", "2.8.0", "2.8.1"]}], "specifier": ">=1.8.0"}, {"extra": ["tests"], "extras": [], "marker": "extra == \"tests\"", "marker_evaluated": "python_version >= \"0.0\"", "marker_evaluation_error": null, "marker_evaluation_result": true, "normalized_package_name": "pytest-pep8", "package_name": "pytest-pep8", "resolved_versions": [{"index": "https://pypi.org/simple", "versions": ["1.0.6"]}], "specifier": ">=1.0.6"}, {"extra": ["tests"], "extras": [], "marker": "extra == \"tests\"", "marker_evaluated": "python_version >= \"0.0\"", "marker_evaluation_error": null, "marker_evaluation_result": true, "normalized_package_name": "pytest", "package_name": "pytest", "resolved_versions": [{"index": "https://pypi.org/simple", "versions": ["2.8.0", "2.8.1", "2.8.2", "2.8.3", "2.8.4", "2.8.5", "2.8.6", "2.8.7", "2.9.0", "2.9.1", "2.9.2", "3.0.0", "3.0.1", "3.0.2", "3.0.3", "3.0.4", "3.0.5", "3.0.6", "3.0.7", "3.1.0", "3.1.1", "3.1.2", "3.1.3", "3.10.0", "3.10.1", "3.2.0", "3.2.1", "3.2.2", "3.2.3", "3.2.4", "3.2.5", "3.3.0", "3.3.1", "3.3.2", "3.4.0", "3.4.1", "3.4.2", "3.5.0", "3.5.1", "3.6.0", "3.6.1", "3.6.2", "3.6.3", "3.6.4", "3.7.0", "3.7.1", "3.7.2", "3.7.3", "3.7.4", "3.8.0", "3.8.1", "3.8.2", "3.9.1", "3.9.2", "3.9.3", "4.0.0", "4.0.1", "4.0.2", "4.1.0", "4.1.1", "4.2.0", "4.2.1", "4.3.0", "4.3.1", "4.4.0", "4.4.1", "4.4.2", "4.5.0", "4.6.0", "4.6.1", "4.6.2", "4.6.3", "4.6.4", "4.6.5", "4.6.6", "4.6.7", "4.6.8", "5.0.0", "5.0.1", "5.1.0", "5.1.1", "5.1.2", "5.1.3", "5.2.0", "5.2.1", "5.2.2", "5.2.3", "5.2.4", "5.3.0", "5.3.1", "5.3.2"]}], "specifier": ">=2.8.0"}], "importlib_metadata": {"entry_points": [{"group": "invenio_access.actions", "name": "records_create_all", "value": "invenio_records.permissions:records_create_all"}, {"group": "invenio_access.actions", "name": "records_delete_all", "value": "invenio_records.permissions:records_delete_all"}, {"group": "invenio_access.actions", "name": "records_read_all", "value": "invenio_records.permissions:records_read_all"}, {"group": "invenio_access.actions", "name": "records_update_all", "value": "invenio_records.permissions:records_update_all"}, {"group": "invenio_admin.views", "name": "invenio_records", "value": "invenio_records.admin:record_adminview"}, {"group": "invenio_base.apps", "name": "invenio_records", "value": "invenio_records:InvenioRecords"}, {"group": "invenio_celery.tasks", "name": "invenio_records", "value": "invenio_records.tasks.api"}, {"group": "invenio_db.models", "name": "invenio_records", "value": "invenio_records.models"}, {"group": "invenio_i18n.translations", "name": "messages", "value": "invenio_records"}], "files": [{"hash": {"mode": "sha256", "value": "us7RZM6J9rVgNbwmfbz6WNoqpsEnciA2XGLJ080bFAE"}, "path": "invenio_records-1.0.0a11.dist-info/DESCRIPTION.rst", "size": 7088}, {"hash": {"mode": "sha256", "value": "zuuue4knoyJ-UwPPXg8fezS7VCrXJQrAP7zeNuwvFQg"}, "path": "invenio_records-1.0.0a11.dist-info/INSTALLER", "size": 4}, {"hash": {"mode": "sha256", "value": "thQ1LA6JZ8KGSr_pisbuHkYeEiJQmrTxEEPRPVEAnrI"}, "path": "invenio_records-1.0.0a11.dist-info/METADATA", "size": 10218}, {"hash": null, "path": "invenio_records-1.0.0a11.dist-info/RECORD", "size": null}, {"hash": {"mode": "sha256", "value": "AvR0WeTpDaxT645bl5FQxUK6NPsTls2ttpcGJg3j1Xg"}, "path": "invenio_records-1.0.0a11.dist-info/WHEEL", "size": 110}, {"hash": {"mode": "sha256", "value": "Gn04rc2zTVuqsjAM_0GMqshqn69iUchcHG9xXBwIyjk"}, "path": "invenio_records-1.0.0a11.dist-info/entry_points.txt", "size": 630}, {"hash": {"mode": "sha256", "value": "WOFfn-UU_JhJqmz-q5uoZCIL4Buv97W8abZsUEd1J0I"}, "path": "invenio_records-1.0.0a11.dist-info/metadata.json", "size": 3451}, {"hash": {"mode": "sha256", "value": "PbLNPgN0kz6F_uXz0ilsJwQ1a0krV4uSmVlSoJQ6P6c"}, "path": "invenio_records-1.0.0a11.dist-info/top_level.txt", "size": 16}, {"hash": {"mode": "sha256", "value": "SdIAnie4Olyeqg-i7iFw8Ad17PxjzNC7FvBP9-M0i38"}, "path": "invenio_records/__init__.py", "size": 1240}, {"hash": null, "path": "invenio_records/__pycache__/__init__.cpython-37.pyc", "size": null}, {"hash": null, "path": "invenio_records/__pycache__/admin.cpython-37.pyc", "size": null}, {"hash": null, "path": "invenio_records/__pycache__/api.cpython-37.pyc", "size": null}, {"hash": null, "path": "invenio_records/__pycache__/cli.cpython-37.pyc", "size": null}, {"hash": null, "path": "invenio_records/__pycache__/config.cpython-37.pyc", "size": null}, {"hash": null, "path": "invenio_records/__pycache__/errors.cpython-37.pyc", "size": null}, {"hash": null, "path": "invenio_records/__pycache__/ext.cpython-37.pyc", "size": null}, {"hash": null, "path": "invenio_records/__pycache__/models.cpython-37.pyc", "size": null}, {"hash": null, "path": "invenio_records/__pycache__/permissions.cpython-37.pyc", "size": null}, {"hash": null, "path": "invenio_records/__pycache__/signals.cpython-37.pyc", "size": null}, {"hash": null, "path": "invenio_records/__pycache__/version.cpython-37.pyc", "size": null}, {"hash": {"mode": "sha256", "value": "bMvU9RRhWBwe6L_yhaSToCPmialn-g-MTEQ_lP6MBGg"}, "path": "invenio_records/admin.py", "size": 2490}, {"hash": {"mode": "sha256", "value": "IjGNs33Xy68VuiVRGyJPLju1jI3H1sLMFCHtdwH9Zlk"}, "path": "invenio_records/api.py", "size": 8619}, {"hash": {"mode": "sha256", "value": "PZ8rIlfNaMj6Hx0kqf9deY4CxmcrKduIac8ukXEJN0I"}, "path": "invenio_records/cli.py", "size": 4870}, {"hash": {"mode": "sha256", "value": "sT1uVNXdQYyjdINnZuNuM1As0Y3pMQHBLsz9goS6fWs"}, "path": "invenio_records/config.py", "size": 1596}, {"hash": {"mode": "sha256", "value": "tuPhluHWN_fBB345m6dEsFkWnIYrTf63yUZ_jo6YJvc"}, "path": "invenio_records/data/marc21/authority.xml", "size": 70336}, {"hash": {"mode": "sha256", "value": "tVZ4vnSZ2Fp0TCAgwXAo9CyVabHlBCTEkCCZSFC6GF4"}, "path": "invenio_records/data/marc21/bibliographic.xml", "size": 278669}, {"hash": {"mode": "sha256", "value": "2ZMw7lcKl-2pmcR4HyqkfcSw3re3sF-kJ3bv27v9vxA"}, "path": "invenio_records/errors.py", "size": 1235}, {"hash": {"mode": "sha256", "value": "AGcWoZqe_7pBzNTnys7osz_OZvXXljo3gyU2C6k46d0"}, "path": "invenio_records/ext.py", "size": 3221}, {"hash": {"mode": "sha256", "value": "ZQh4IBk860pCG-ueC2fccaj7oiGOH6TVbT3pc9VpN1Y"}, "path": "invenio_records/models.py", "size": 2167}, {"hash": {"mode": "sha256", "value": "jrX4_mhllj4lhgbm3OrQ4V5EgP6aip50_RvTnXP2nCk"}, "path": "invenio_records/permissions.py", "size": 2813}, {"hash": {"mode": "sha256", "value": "ifrTy-KYlr4jOK3Iz7D0dZ1Nx6UslwhGTAGaXP-8ZhU"}, "path": "invenio_records/signals.py", "size": 2223}, {"hash": {"mode": "sha256", "value": "ZFpD-NIIGgV0stiqWSjRs7DdM1BVQvLAWMOBWGFo8wk"}, "path": "invenio_records/tasks/__init__.py", "size": 806}, {"hash": null, "path": "invenio_records/tasks/__pycache__/__init__.cpython-37.pyc", "size": null}, {"hash": null, "path": "invenio_records/tasks/__pycache__/api.cpython-37.pyc", "size": null}, {"hash": {"mode": "sha256", "value": "vOand8vHpf_YpKaXsiKftgVqjKSeU0DzpfGqdJsZtZU"}, "path": "invenio_records/tasks/api.py", "size": 1550}, {"hash": {"mode": "sha256", "value": "scc1WrRv0NSt0FwbZ_D5NHlFGEgi1htH1Rimgu4rAeY"}, "path": "invenio_records/translations/de/LC_MESSAGES/messages.mo", "size": 585}, {"hash": {"mode": "sha256", "value": "ddpU1FWVHN_9Ruf4gklPc8hKDiOW_KzsysHh_gfTiB8"}, "path": "invenio_records/translations/de/LC_MESSAGES/messages.po", "size": 1132}, {"hash": {"mode": "sha256", "value": "KULPgOmNJBkmGD8PgvCqJsPNz6pvh-924VKKeQUTnNg"}, "path": "invenio_records/translations/es/LC_MESSAGES/messages.mo", "size": 585}, {"hash": {"mode": "sha256", "value": "fklbMHhx7uRUkG1PETBzplQK0JWxjdheHfHe0s0RHUg"}, "path": "invenio_records/translations/es/LC_MESSAGES/messages.po", "size": 1133}, {"hash": {"mode": "sha256", "value": "WD5cEN4MMCeke4XXh7zNNxI1Iqhd8qa5C8IWrADgQtQ"}, "path": "invenio_records/translations/fr/LC_MESSAGES/messages.mo", "size": 584}, {"hash": {"mode": "sha256", "value": "TTuNoLgJkrwyG8eHLfgbnJ8Js9bIHZrPmvvKa7sm5Es"}, "path": "invenio_records/translations/fr/LC_MESSAGES/messages.po", "size": 1131}, {"hash": {"mode": "sha256", "value": "TzuX1FJ5Ju9HF0PkN78bJLrQPwvbY65W4S48GEMYfcQ"}, "path": "invenio_records/translations/it/LC_MESSAGES/messages.mo", "size": 585}, {"hash": {"mode": "sha256", "value": "Cm0yOjS87FDnXtuVPfv7Ma_xQNN4NLCX22DLayFDV9E"}, "path": "invenio_records/translations/it/LC_MESSAGES/messages.po", "size": 1133}, {"hash": {"mode": "sha256", "value": "1PxgbNSC8P9RMoudVgusKAQ1DPOazSzjzFI8UrcG-7o"}, "path": "invenio_records/translations/messages.pot", "size": 642}, {"hash": {"mode": "sha256", "value": "Na1Wp0eBl-FS56T_eESWFkHcubQHQnYZt7VGvzbDeBc"}, "path": "invenio_records/upgrades/__init__.py", "size": 812}, {"hash": null, "path": "invenio_records/upgrades/__pycache__/__init__.cpython-37.pyc", "size": null}, {"hash": null, "path": "invenio_records/upgrades/__pycache__/records_2014_04_14_json_type_fix.cpython-37.pyc", "size": null}, {"hash": null, "path": "invenio_records/upgrades/__pycache__/records_2014_08_22_create_record_json.cpython-37.pyc", "size": null}, {"hash": {"mode": "sha256", "value": "RAdVg_bcq48IUM601YviyZoPo6gAogT15DXygrDa99k"}, "path": "invenio_records/upgrades/records_2014_04_14_json_type_fix.py", "size": 1653}, {"hash": {"mode": "sha256", "value": "NB0UsRda4nS9g8Ic6kxO89tNjGmHd1WiApxdPQGK1vY"}, "path": "invenio_records/upgrades/records_2014_08_22_create_record_json.py", "size": 2090}, {"hash": {"mode": "sha256", "value": "ZteDk6Y4kh7fZprHMJvmjjo0a6UD5LFd0CCeOTq3WAs"}, "path": "invenio_records/version.py", "size": 1192}], "metadata": {"Author": "CERN", "Author-email": "info@invenio-software.org", "Classifier": ["Environment :: Web Environment", "Intended Audience :: Developers", "License :: OSI Approved :: GNU General Public License v2 (GPLv2)", "Operating System :: OS Independent", "Programming Language :: Python", "Topic :: Internet :: WWW/HTTP :: Dynamic Content", "Topic :: Software Development :: Libraries :: Python Modules", "Programming Language :: Python :: 2", "Programming Language :: Python :: 2.7", "Programming Language :: Python :: 3", "Programming Language :: Python :: 3.3", "Programming Language :: Python :: 3.4", "Programming Language :: Python :: 3.5", "Development Status :: 3 - Alpha"], "Home-page": "https://github.com/inveniosoftware/invenio-records", "Keywords": "invenio metadata", "License": "GPLv2", "Metadata-Version": "2.0", "Name": "invenio-records", "Platform": ["any"], "Provides-Extra": ["access", "admin", "all", "docs", "mysql", "pidstore", "postgresql", "sqlite", "tests"], "Requires-Dist": ["blinker (>=1.4)", "flask-celeryext (>=0.1.0)", "jsonpatch (>=1.11)", "jsonresolver (>=0.1.0)", "jsonref (>=0.1)", "jsonschema (>=2.5.1)", "sqlalchemy-utils (>=0.31.0)", "invenio-access (>=1.0.0a1); extra == 'access'", "Flask-Admin (>=1.3.0); extra == 'admin'", "invenio-access (>=1.0.0a1); extra == 'all'", "invenio-access (>=1.0.0a1); extra == 'all'", "Flask-Admin (>=1.3.0); extra == 'all'", "Sphinx (>=1.3); extra == 'all'", "invenio-pidstore (>=1.0.0a7); extra == 'all'", "check-manifest (>=0.25); extra == 'all'", "coverage (>=4.0); extra == 'all'", "isort (>=4.2.2); extra == 'all'", "mock (>=1.0.0); extra == 'all'", "pydocstyle (>=1.0.0); extra == 'all'", "pytest-cache (>=1.0); extra == 'all'", "pytest-cov (>=1.8.0); extra == 'all'", "pytest-pep8 (>=1.0.6); extra == 'all'", "pytest (>=2.8.0); extra == 'all'", "Sphinx (>=1.3); extra == 'docs'", "invenio-db[versioning,mysql] (>=1.0.0a8); extra == 'mysql'", "invenio-pidstore (>=1.0.0a7); extra == 'pidstore'", "invenio-db[postgresql,versioning] (>=1.0.0a8); extra == 'postgresql'", "invenio-db[versioning] (>=1.0.0a8); extra == 'sqlite'", "check-manifest (>=0.25); extra == 'tests'", "coverage (>=4.0); extra == 'tests'", "isort (>=4.2.2); extra == 'tests'", "mock (>=1.0.0); extra == 'tests'", "pydocstyle (>=1.0.0); extra == 'tests'", "pytest-cache (>=1.0); extra == 'tests'", "pytest-cov (>=1.8.0); extra == 'tests'", "pytest-pep8 (>=1.0.6); extra == 'tests'", "pytest (>=2.8.0); extra == 'tests'"], "Summary": "Invenio-Records is a metadata storage module.", "Version": "1.0.0a11"}, "requires": ["blinker (>=1.4)", "flask-celeryext (>=0.1.0)", "jsonpatch (>=1.11)", "jsonresolver (>=0.1.0)", "jsonref (>=0.1)", "jsonschema (>=2.5.1)", "sqlalchemy-utils (>=0.31.0)", "invenio-access (>=1.0.0a1); extra == 'access'", "Flask-Admin (>=1.3.0); extra == 'admin'", "invenio-access (>=1.0.0a1); extra == 'all'", "invenio-access (>=1.0.0a1); extra == 'all'", "Flask-Admin (>=1.3.0); extra == 'all'", "Sphinx (>=1.3); extra == 'all'", "invenio-pidstore (>=1.0.0a7); extra == 'all'", "check-manifest (>=0.25); extra == 'all'", "coverage (>=4.0); extra == 'all'", "isort (>=4.2.2); extra == 'all'", "mock (>=1.0.0); extra == 'all'", "pydocstyle (>=1.0.0); extra == 'all'", "pytest-cache (>=1.0); extra == 'all'", "pytest-cov (>=1.8.0); extra == 'all'", "pytest-pep8 (>=1.0.6); extra == 'all'", "pytest (>=2.8.0); extra == 'all'", "Sphinx (>=1.3); extra == 'docs'", "invenio-db[versioning,mysql] (>=1.0.0a8); extra == 'mysql'", "invenio-pidstore (>=1.0.0a7); extra == 'pidstore'", "invenio-db[postgresql,versioning] (>=1.0.0a8); extra == 'postgresql'", "invenio-db[versioning] (>=1.0.0a8); extra == 'sqlite'", "check-manifest (>=0.25); extra == 'tests'", "coverage (>=4.0); extra == 'tests'", "isort (>=4.2.2); extra == 'tests'", "mock (>=1.0.0); extra == 'tests'", "pydocstyle (>=1.0.0); extra == 'tests'", "pytest-cache (>=1.0); extra == 'tests'", "pytest-cov (>=1.8.0); extra == 'tests'", "pytest-pep8 (>=1.0.6); extra == 'tests'", "pytest (>=2.8.0); extra == 'tests'"], "version": "1.0.0a11"}, "index_url": "https://pypi.org/simple", "package_name": "invenio-records", "package_version": "1.0.0a11", "package_version_requested": "1.0.0a11", "sha256": ["4c062d0efff275365883a4f467d76c1fad838d8746d01da3b743405eea8cc9a0", "fec4ba7e3dad396575af40ee6266fdb7d6999d363ddc3c1520746cc958209e28"]}], "unparsed": [], "unresolved": []}}