{"metadata": {"analyzer": "thoth-solver", "analyzer_version": "1.4.1", "arguments": {"python": {"exclude_packages": null, "index": "https://pypi.org/simple", "no_pretty": false, "no_transitive": true, "output": "http://result-api/api/v1/solver-result", "requirements": "pylast==0.3.194", "virtualenv": "/home/solver/venv"}, "thoth-solver": {"verbose": false}}, "datetime": "2019-12-27T16:47:44.944307", "distribution": {"codename": "", "id": "fedora", "like": "", "version": "31", "version_parts": {"build_number": "", "major": "31", "minor": ""}}, "document_id": "solver-fedora-31-py37-062480e9", "duration": 2, "hostname": "solver-fedora-31-py37-062480e9-xx5x6", "os_release": {"id": "fedora", "name": "Fedora", "platform_id": "platform:f31", "redhat_bugzilla_product": "Fedora", "redhat_bugzilla_product_version": "31", "redhat_support_product": "Fedora", "redhat_support_product_version": "31", "variant_id": "container", "version": "31 (Container Image)", "version_id": "31"}, "python": {"api_version": 1013, "implementation_name": "cpython", "major": 3, "micro": 5, "minor": 7, "releaselevel": "final", "serial": 0}, "thoth_deployment_name": "thoth-psi-stage", "timestamp": 1577465264}, "result": {"environment": {"implementation_name": "cpython", "implementation_version": "3.7.5", "os_name": "posix", "platform_machine": "x86_64", "platform_python_implementation": "CPython", "platform_release": "3.10.0-957.21.2.el7.x86_64", "platform_system": "Linux", "platform_version": "#1 SMP Tue May 28 09:26:43 UTC 2019", "python_full_version": "3.7.5", "python_version": "3.7", "sys_platform": "linux"}, "environment_packages": [{"package_name": "pipdeptree", "package_version": "0.13.2"}], "errors": [{"details": {"command": "/home/solver/venv/bin/python3 -m pip install --force-reinstall --no-cache-dir --no-deps pylast==0.3.194 --index-url \"https://pypi.org/simple\"  --trusted-host pypi.org", "message": "Command exited with non-zero status code (1):     ERROR: Command errored out with exit status 1:\n     command: /home/solver/venv/bin/python3 -c 'import sys, setuptools, tokenize; sys.argv[0] = '\"'\"'/tmp/pip-install-t93nnscp/pylast/setup.py'\"'\"'; __file__='\"'\"'/tmp/pip-install-t93nnscp/pylast/setup.py'\"'\"';f=getattr(tokenize, '\"'\"'open'\"'\"', open)(__file__);code=f.read().replace('\"'\"'\\r\\n'\"'\"', '\"'\"'\\n'\"'\"');f.close();exec(compile(code, __file__, '\"'\"'exec'\"'\"'))' egg_info --egg-base /tmp/pip-install-t93nnscp/pylast/pip-egg-info\n         cwd: /tmp/pip-install-t93nnscp/pylast/\n    Complete output (7 lines):\n    Traceback (most recent call last):\n      File \"<string>\", line 1, in <module>\n      File \"/tmp/pip-install-t93nnscp/pylast/setup.py\", line 5, in <module>\n        import pylast\n      File \"/tmp/pip-install-t93nnscp/pylast/pylast.py\", line 47, in <module>\n        import httplib\n    ModuleNotFoundError: No module named 'httplib'\n    ----------------------------------------\nERROR: Command errored out with exit status 1: python setup.py egg_info Check the logs for full command output.\n", "return_code": 1, "stderr": "    ERROR: Command errored out with exit status 1:\n     command: /home/solver/venv/bin/python3 -c 'import sys, setuptools, tokenize; sys.argv[0] = '\"'\"'/tmp/pip-install-t93nnscp/pylast/setup.py'\"'\"'; __file__='\"'\"'/tmp/pip-install-t93nnscp/pylast/setup.py'\"'\"';f=getattr(tokenize, '\"'\"'open'\"'\"', open)(__file__);code=f.read().replace('\"'\"'\\r\\n'\"'\"', '\"'\"'\\n'\"'\"');f.close();exec(compile(code, __file__, '\"'\"'exec'\"'\"'))' egg_info --egg-base /tmp/pip-install-t93nnscp/pylast/pip-egg-info\n         cwd: /tmp/pip-install-t93nnscp/pylast/\n    Complete output (7 lines):\n    Traceback (most recent call last):\n      File \"<string>\", line 1, in <module>\n      File \"/tmp/pip-install-t93nnscp/pylast/setup.py\", line 5, in <module>\n        import pylast\n      File \"/tmp/pip-install-t93nnscp/pylast/pylast.py\", line 47, in <module>\n        import httplib\n    ModuleNotFoundError: No module named 'httplib'\n    ----------------------------------------\nERROR: Command errored out with exit status 1: python setup.py egg_info Check the logs for full command output.\n", "stdout": "Collecting pylast==0.3.194\n  Downloading https://files.pythonhosted.org/packages/fa/70/57373e3ea95cd23ff663f61e903668f017effc0de6d4e4d79eb386fd9963/pylast-0.3.194.tar.gz\n", "timeout": 60}, "index_url": "https://pypi.org/simple", "is_provided_package": true, "is_provided_package_version": true, "package_name": "pylast", "package_version": "0.3.194", "type": "command_error"}], "tree": [], "unparsed": [], "unresolved": []}}