{"metadata": {"analyzer": "thoth-solver", "analyzer_version": "1.4.1", "arguments": {"python": {"exclude_packages": null, "index": "https://pypi.org/simple", "no_pretty": false, "no_transitive": true, "output": "http://result-api/api/v1/solver-result", "requirements": "colander==1.6.0", "virtualenv": "/home/solver/venv"}, "thoth-solver": {"verbose": false}}, "datetime": "2019-12-24T17:16:28.430433", "distribution": {"codename": "", "id": "fedora", "like": "", "version": "31", "version_parts": {"build_number": "", "major": "31", "minor": ""}}, "document_id": "solver-fedora-31-py37-059ea66b", "duration": 3, "hostname": "solver-fedora-31-py37-059ea66b-7ffvw", "os_release": {"id": "fedora", "name": "Fedora", "platform_id": "platform:f31", "redhat_bugzilla_product": "Fedora", "redhat_bugzilla_product_version": "31", "redhat_support_product": "Fedora", "redhat_support_product_version": "31", "variant_id": "container", "version": "31 (Container Image)", "version_id": "31"}, "python": {"api_version": 1013, "implementation_name": "cpython", "major": 3, "micro": 5, "minor": 7, "releaselevel": "final", "serial": 0}, "thoth_deployment_name": "thoth-psi-stage", "timestamp": 1577207788}, "result": {"environment": {"implementation_name": "cpython", "implementation_version": "3.7.5", "os_name": "posix", "platform_machine": "x86_64", "platform_python_implementation": "CPython", "platform_release": "3.10.0-957.21.2.el7.x86_64", "platform_system": "Linux", "platform_version": "#1 SMP Tue May 28 09:26:43 UTC 2019", "python_full_version": "3.7.5", "python_version": "3.7", "sys_platform": "linux"}, "environment_packages": [{"package_name": "pipdeptree", "package_version": "0.13.2"}], "errors": [], "tree": [{"dependencies": [{"extra": [], "extras": [], "marker": null, "marker_evaluated": null, "marker_evaluation_error": null, "marker_evaluation_result": true, "normalized_package_name": "translationstring", "package_name": "translationstring", "resolved_versions": [{"index": "https://pypi.org/simple", "versions": ["0.1", "0.2", "0.3", "0.4", "1.0", "1.1", "1.2", "1.3"]}], "specifier": null}, {"extra": [], "extras": [], "marker": null, "marker_evaluated": null, "marker_evaluation_error": null, "marker_evaluation_result": true, "normalized_package_name": "iso8601", "package_name": "iso8601", "resolved_versions": [{"index": "https://pypi.org/simple", "versions": ["0.1", "0.1.1", "0.1.10", "0.1.11", "0.1.12", "0.1.2", "0.1.3", "0.1.4", "0.1.5", "0.1.6", "0.1.7", "0.1.8", "0.1.9"]}], "specifier": null}, {"extra": [], "extras": [], "marker": "python_version in \"2.7,3.3\"", "marker_evaluated": "python_version in \"2.7,3.3\"", "marker_evaluation_error": null, "marker_evaluation_result": false, "normalized_package_name": "enum34", "package_name": "enum34", "resolved_versions": [{"index": "https://pypi.org/simple", "versions": ["0.9", "0.9.1", "0.9.11", "0.9.12", "0.9.13", "0.9.14", "0.9.15", "0.9.16", "0.9.17", "0.9.18", "0.9.19", "0.9.20", "0.9.21", "0.9.22", "0.9.23", "1.0", "1.0.1", "1.0.2", "1.0.3", "1.0.4", "1.1.0", "1.1.1", "1.1.2", "1.1.3", "1.1.4", "1.1.5", "1.1.6"]}], "specifier": null}, {"extra": ["docs"], "extras": [], "marker": "extra == \"docs\"", "marker_evaluated": "python_version >= \"0.0\"", "marker_evaluation_error": null, "marker_evaluation_result": true, "normalized_package_name": "sphinx", "package_name": "Sphinx", "resolved_versions": [{"index": "https://pypi.org/simple", "versions": ["1.7.4", "1.7.5", "1.7.6", "1.7.7", "1.7.8", "1.7.9", "1.8.0", "1.8.1", "1.8.2", "1.8.3", "1.8.4", "1.8.5", "2.0.0", "2.0.1", "2.1.0", "2.1.1", "2.1.2", "2.2.0", "2.2.1", "2.2.2", "2.3.0", "2.3.1"]}], "specifier": ">=1.7.4"}, {"extra": ["docs"], "extras": [], "marker": "extra == \"docs\"", "marker_evaluated": "python_version >= \"0.0\"", "marker_evaluation_error": null, "marker_evaluation_result": true, "normalized_package_name": "docutils", "package_name": "docutils", "resolved_versions": [{"index": "https://pypi.org/simple", "versions": ["0.10", "0.11", "0.12", "0.13.1", "0.14", "0.15", "0.15.1", "0.15.2", "0.3", "0.3.5", "0.3.7", "0.3.9", "0.4", "0.5", "0.6", "0.7", "0.8", "0.8.1", "0.9", "0.9.1"]}], "specifier": null}, {"extra": ["docs"], "extras": [], "marker": "extra == \"docs\"", "marker_evaluated": "python_version >= \"0.0\"", "marker_evaluation_error": null, "marker_evaluation_result": true, "normalized_package_name": "pylons-sphinx-themes", "package_name": "pylons-sphinx-themes", "resolved_versions": [{"index": "https://pypi.org/simple", "versions": ["0.1", "0.2", "0.2.1", "0.2.2", "0.3", "0.3.1", "1.0", "1.0.1", "1.0.10", "1.0.2", "1.0.3", "1.0.4", "1.0.6", "1.0.7", "1.0.8", "1.0.9"]}], "specifier": null}, {"extra": ["testing"], "extras": [], "marker": "extra == \"testing\"", "marker_evaluated": "python_version >= \"0.0\"", "marker_evaluation_error": null, "marker_evaluation_result": true, "normalized_package_name": "nose", "package_name": "nose", "resolved_versions": [{"index": "https://pypi.org/simple", "versions": ["1.0.0", "1.1.0", "1.1.1", "1.1.2", "1.2.0", "1.2.1", "1.3.0", "1.3.1", "1.3.2", "1.3.3", "1.3.4", "1.3.5", "1.3.6", "1.3.7"]}], "specifier": null}, {"extra": ["testing"], "extras": [], "marker": "extra == \"testing\"", "marker_evaluated": "python_version >= \"0.0\"", "marker_evaluation_error": null, "marker_evaluation_result": true, "normalized_package_name": "coverage", "package_name": "coverage", "resolved_versions": [{"index": "https://pypi.org/simple", "versions": ["2.5", "2.6", "2.75", "2.76", "2.77", "2.78", "2.8", "2.80", "2.85", "3.0", "3.0.1", "3.1", "3.2", "3.3", "3.3.1", "3.4", "3.5", "3.5.1", "3.5.2", "3.5.3", "3.6", "3.7", "3.7.1", "4.0", "4.0.1", "4.0.2", "4.0.3", "4.1", "4.2", "4.3", "4.3.1", "4.3.2", "4.3.3", "4.3.4", "4.4", "4.4.1", "4.4.2", "4.5", "4.5.1", "4.5.2", "4.5.3", "4.5.4", "5.0", "5.0.1"]}], "specifier": null}], "importlib_metadata": {"entry_points": [], "files": [{"hash": {"mode": "sha256", "value": "zuuue4knoyJ-UwPPXg8fezS7VCrXJQrAP7zeNuwvFQg"}, "path": "colander-1.6.0.dist-info/INSTALLER", "size": 4}, {"hash": {"mode": "sha256", "value": "QU48zYp1hpbDpHCKMeNlB_HEd1f901odVpvkMIUUgzg"}, "path": "colander-1.6.0.dist-info/LICENSE.txt", "size": 1791}, {"hash": {"mode": "sha256", "value": "g-Rn9C-5irfiTVMLyvNHP5rfE5LUczBcA8fD3ubtwOI"}, "path": "colander-1.6.0.dist-info/METADATA", "size": 42998}, {"hash": null, "path": "colander-1.6.0.dist-info/RECORD", "size": null}, {"hash": {"mode": "sha256", "value": "_wJFdOYk7i3xxT8ElOkUJvOdOvfNGbR9g-bf6UQT6sU"}, "path": "colander-1.6.0.dist-info/WHEEL", "size": 110}, {"hash": {"mode": "sha256", "value": "sr5K5WknfAR9Fy9I95XdLcAUwMyckVB4vQxl0_8u2fc"}, "path": "colander-1.6.0.dist-info/top_level.txt", "size": 9}, {"hash": {"mode": "sha256", "value": "e7_D-Kl71Toz0IJLRna3oGGHmeUoaaWDAu3_pv-OR5U"}, "path": "colander/__init__.py", "size": 91318}, {"hash": null, "path": "colander/__pycache__/__init__.cpython-37.pyc", "size": null}, {"hash": null, "path": "colander/__pycache__/compat.cpython-37.pyc", "size": null}, {"hash": null, "path": "colander/__pycache__/interfaces.cpython-37.pyc", "size": null}, {"hash": {"mode": "sha256", "value": "-TPRXXInCm0PGm3_gV9cbVX-HHyUClrizddeCMg1NKQ"}, "path": "colander/compat.py", "size": 893}, {"hash": {"mode": "sha256", "value": "CghQzeL8NPoTKvc3Mkb5jw5zN3xjGWDZYx2aafEqO3E"}, "path": "colander/interfaces.py", "size": 1984}, {"hash": {"mode": "sha256", "value": "XGGsKVNwDGqp8qPRWtGLDZMwPGIkm7vAQxtz1LTTbn8"}, "path": "colander/locale/colander.pot", "size": 3605}, {"hash": {"mode": "sha256", "value": "vhAjGWsuiTOrmXEZXxVMQWX7M4J1cpDEGujTbOWpJ9g"}, "path": "colander/locale/cs/LC_MESSAGES/colander.mo", "size": 2948}, {"hash": {"mode": "sha256", "value": "ea427bGhihc5Z2cgVG9JlvtwHlkKwDXjGpIV0luez2g"}, "path": "colander/locale/cs/LC_MESSAGES/colander.po", "size": 4356}, {"hash": {"mode": "sha256", "value": "-8FYiQA2TJpV79Z0Ekk2gmazo4TZbT-BlZwXZX-nQEY"}, "path": "colander/locale/de/LC_MESSAGES/colander.mo", "size": 3490}, {"hash": {"mode": "sha256", "value": "7S2ZoSyESTG-2ke29f012DG1aAJsYwMEAwCyGyWlvSI"}, "path": "colander/locale/de/LC_MESSAGES/colander.po", "size": 5085}, {"hash": {"mode": "sha256", "value": "NEGpXOysKYEUZZx2DuZPvkkoN1KEAn_cTbs_O9ZxH9g"}, "path": "colander/locale/el/LC_MESSAGES/colander.mo", "size": 3688}, {"hash": {"mode": "sha256", "value": "egq5pPDwYl8xcAFceNNnoe-yYGrsNp9rvlpIcxzAggQ"}, "path": "colander/locale/el/LC_MESSAGES/colander.po", "size": 5092}, {"hash": {"mode": "sha256", "value": "dQFY7Nqxr93ead2OgCnNSe65cyPE58bEHUxgZfNntUs"}, "path": "colander/locale/es/LC_MESSAGES/colander.mo", "size": 2926}, {"hash": {"mode": "sha256", "value": "dkjGazCH1io0AwwWZx4ic0ywNVjQzNdIPKEfbW5xh9Y"}, "path": "colander/locale/es/LC_MESSAGES/colander.po", "size": 4335}, {"hash": {"mode": "sha256", "value": "7N1bdfYYIJ5wHSvKIcshD8jY2FfRC7_s0P_gmOC96wk"}, "path": "colander/locale/fi/LC_MESSAGES/colander.mo", "size": 3266}, {"hash": {"mode": "sha256", "value": "BYKJ9n3ARFFzOuSZQeAeGaKuCbJ3YgJQl1_V1t__MkI"}, "path": "colander/locale/fi/LC_MESSAGES/colander.po", "size": 4826}, {"hash": {"mode": "sha256", "value": "x6hzFIdLeFZ-dwQTw5rtSsfE4f0wiVVOpbcE3CmgENs"}, "path": "colander/locale/fr/LC_MESSAGES/colander.mo", "size": 3294}, {"hash": {"mode": "sha256", "value": "XimBZYI-F5faUBGkWk-6012BFSwn-2JNF8RVUWyNjfw"}, "path": "colander/locale/fr/LC_MESSAGES/colander.po", "size": 4730}, {"hash": {"mode": "sha256", "value": "uNtFioniy1H46xbM87KXpwS3q6br5ymtYipdDrtAkzQ"}, "path": "colander/locale/it/LC_MESSAGES/colander.mo", "size": 3090}, {"hash": {"mode": "sha256", "value": "6qtYtHcTnqMG9VWdOmMyxM-VwsSt6x5WqbwNS4GyjjY"}, "path": "colander/locale/it/LC_MESSAGES/colander.po", "size": 4413}, {"hash": {"mode": "sha256", "value": "TK7n29eAJY3dLilUCsjygSw6TWKM3zsK-lc7cimijH0"}, "path": "colander/locale/ja/LC_MESSAGES/colander.mo", "size": 3679}, {"hash": {"mode": "sha256", "value": "ZdyDMdjep-81s_JpX6S-PeKDI871Vyn0QIqUp3ugjCE"}, "path": "colander/locale/ja/LC_MESSAGES/colander.po", "size": 5190}, {"hash": {"mode": "sha256", "value": "_HDUIrq4CVk27VgmaM7rPAXAmX9zJnb77WLrPAAPi08"}, "path": "colander/locale/nl/LC_MESSAGES/colander.mo", "size": 2928}, {"hash": {"mode": "sha256", "value": "VvyxpaPcW7U001WSglqwwRtllzEFkIGFMq3oG26u09I"}, "path": "colander/locale/nl/LC_MESSAGES/colander.po", "size": 4791}, {"hash": {"mode": "sha256", "value": "S6e_R2PI-yHXD8N2jACm59s6_Se37uQArQ4UqWupw1g"}, "path": "colander/locale/pl/LC_MESSAGES/colander.mo", "size": 2949}, {"hash": {"mode": "sha256", "value": "9olE-4l5cGbhpLRTg6aiXHc4_G2fdPRKT_YlK9rktUE"}, "path": "colander/locale/pl/LC_MESSAGES/colander.po", "size": 4246}, {"hash": {"mode": "sha256", "value": "j3scIviW1JLM_gKqN3VuCcZ-pP2viTC_F73jq3LXzu8"}, "path": "colander/locale/pt/LC_MESSAGES/colander.mo", "size": 3047}, {"hash": {"mode": "sha256", "value": "2xDg2N-fCqYlFMvIw9xZecblhD939Poi7p636vXXcxQ"}, "path": "colander/locale/pt/LC_MESSAGES/colander.po", "size": 4235}, {"hash": {"mode": "sha256", "value": "vv_OLIIGsrsqGSoUVZBgS2lMQctF0TcTPPAstdeNxH8"}, "path": "colander/locale/pt_BR/LC_MESSAGES/colander.mo", "size": 3065}, {"hash": {"mode": "sha256", "value": "oLNqq5kRzApj8Lx0PwBREggF-ohui1MwVG9G7OR1Rig"}, "path": "colander/locale/pt_BR/LC_MESSAGES/colander.po", "size": 4322}, {"hash": {"mode": "sha256", "value": "EEtiu2bd61V7KYs4PueresXEcUGNNm6B-XGhPrGkENs"}, "path": "colander/locale/ro/LC_MESSAGES/colander.mo", "size": 3324}, {"hash": {"mode": "sha256", "value": "EtbsSwQDc5oBpG5Tjoe-JvggnIr5SlNGP7uaKTpV3lo"}, "path": "colander/locale/ro/LC_MESSAGES/colander.po", "size": 4853}, {"hash": {"mode": "sha256", "value": "fE0sLAf2C7Kg_6XvR6HFk6FTc0jUBYN8bu6eulrJNcQ"}, "path": "colander/locale/ru/LC_MESSAGES/colander.mo", "size": 3352}, {"hash": {"mode": "sha256", "value": "jpV_SYwI-P8M1hbbOqSE50JhcK6DDBhBnbiPTXG98n0"}, "path": "colander/locale/ru/LC_MESSAGES/colander.po", "size": 4802}, {"hash": {"mode": "sha256", "value": "Gp2cF-83Vszgy0gsjhUEG8Z_WSH-G5qxIf_cAGSSMH4"}, "path": "colander/locale/sv/LC_MESSAGES/colander.mo", "size": 2829}, {"hash": {"mode": "sha256", "value": "o4Wa1MhtrAQuD9ug9x24NmAyAhchkxf0ahA46cznjyc"}, "path": "colander/locale/sv/LC_MESSAGES/colander.po", "size": 4246}, {"hash": {"mode": "sha256", "value": "LCa_z0szvxDR959ckCv3yrbKuIRrMTWBQQ4ulJ3x9_s"}, "path": "colander/locale/zh_Hans/LC_MESSAGES/colander.mo", "size": 2719}, {"hash": {"mode": "sha256", "value": "uBEXRaTiIb8vtzl5gkDbVCBJV6P3VJtKtk_9LwnWEKM"}, "path": "colander/locale/zh_Hans/LC_MESSAGES/colander.po", "size": 4058}, {"hash": {"mode": "sha256", "value": "kHdwGkMgNzsmvCPeKinssTtw5wO9IoZyWCFTm1SM6ww"}, "path": "colander/locale/zh_Hant/LC_MESSAGES/colander.mo", "size": 3105}, {"hash": {"mode": "sha256", "value": "e2KyMSVImzQiPZ5aIjTM-TiokXVnMZtgppPJbkO1HlA"}, "path": "colander/locale/zh_Hant/LC_MESSAGES/colander.po", "size": 4690}, {"hash": {"mode": "sha256", "value": "12Lmxjlzb5bD5GIjweofy1QM8anEieEtJ05_g4Eqq6c"}, "path": "colander/tests/__init__.py", "size": 22}, {"hash": null, "path": "colander/tests/__pycache__/__init__.cpython-37.pyc", "size": null}, {"hash": null, "path": "colander/tests/__pycache__/test_colander.cpython-37.pyc", "size": null}, {"hash": null, "path": "colander/tests/__pycache__/test_interfaces.cpython-37.pyc", "size": null}, {"hash": {"mode": "sha256", "value": "zNDibnbggKmFIMIgcaFCu1da52iywpwctQHc5AAz7Dk"}, "path": "colander/tests/test_colander.py", "size": 147249}, {"hash": {"mode": "sha256", "value": "5DJM7HZ5rYFGes1ifa04aqb0Zkac8czV9-o298s__FA"}, "path": "colander/tests/test_interfaces.py", "size": 121}], "metadata": {"Author": "Agendaless Consulting", "Author-email": "pylons-discuss@googlegroups.com", "Classifier": ["Intended Audience :: Developers", "Programming Language :: Python", "Programming Language :: Python :: 2", "Programming Language :: Python :: 2.7", "Programming Language :: Python :: 3", "Programming Language :: Python :: 3.4", "Programming Language :: Python :: 3.5", "Programming Language :: Python :: 3.6", "Programming Language :: Python :: 3.7", "Programming Language :: Python :: Implementation :: CPython", "Programming Language :: Python :: Implementation :: PyPy"], "Home-page": "https://docs.pylonsproject.org/projects/colander/en/latest/", "Keywords": "serialize deserialize validate schema validation", "License": "BSD-derived (http://www.repoze.org/LICENSE.txt)", "Metadata-Version": "2.1", "Name": "colander", "Platform": ["UNKNOWN"], "Provides-Extra": ["docs", "testing"], "Requires-Dist": ["translationstring", "iso8601", "enum34 ; python_version in \"2.7,3.3\"", "Sphinx (>=1.7.4) ; extra == 'docs'", "docutils ; extra == 'docs'", "pylons-sphinx-themes ; extra == 'docs'", "nose ; extra == 'testing'", "coverage ; extra == 'testing'"], "Summary": "A simple schema-based serialization and deserialization library", "Version": "1.6.0"}, "requires": ["translationstring", "iso8601", "enum34 ; python_version in \"2.7,3.3\"", "Sphinx (>=1.7.4) ; extra == 'docs'", "docutils ; extra == 'docs'", "pylons-sphinx-themes ; extra == 'docs'", "nose ; extra == 'testing'", "coverage ; extra == 'testing'"], "version": "1.6.0"}, "index_url": "https://pypi.org/simple", "package_name": "colander", "package_version": "1.6.0", "package_version_requested": "1.6.0", "sha256": ["481d6f68409d83b65637b7e7d7c5482c3559b2e64ef6c8c743d14ec9d66eecbf", "121d57ccaa17a3f035aeba74488305837ae758ec5b66b4d6a48fa140f262f974"]}], "unparsed": [], "unresolved": []}}